absolute_log_scale_ratio,calibration_time_ms,ce95,coverage95,detected_count,estimated_scale,exact_trace_sum,failure_reason,fit_budget,fit_min_depth_m,fit_rms_px,holdout_min_depth_m,holdout_nll,holdout_positive_depth,holdout_rms_px,holdout_scale,jacobian_rank,k16_vs_exact_scale_relative_error,method,pair_id,projection_basis_time_ms,provenance,random_gain_median_relative_error,random_gain_p95_relative_error,random_trace_mae,random_trace_median_relative_error,random_trace_p95_relative_error,random_trace_raw_negative_count,random_trace_raw_upper_count,sequence,solver_nfev,solver_reason,solver_success,start_index,start_timestamp_ns,stationarity_eta,target_timestamp_ns,tracked_count,valid,valid_disparity_count
5.81555072883859,0.00635,0.2833333333333333,0.6666666666666666,285,8.597724842355096e-05,6.0,,16,1.7628664217275385,0.009272391731562626,0.3802260613128038,327.95255321673045,True,0.1698331897297882,0.028843312333794235,6,0.04590164256533269,Raw,V1_03_difficult:1403715891584058112:1403715891784058112,0.061689,formal_public_module_evidence,0.020920051547435592,0.052424223598709324,0.07690824011422058,0.21650336464838324,0.7340724519584753,0,0,V1_03_difficult,4,OK,True,100,1403715891584058112,3.2182131052974852e-12,1403715891784058112,122,True,122
5.607911364060346,0.002223,0.24166666666666659,0.7083333333333334,285,0.00010581815190590887,6.0,,16,1.7628664217275385,0.009272391731562626,0.3802260613128038,265.25842308146247,True,0.1698331897297882,0.028843312333794235,6,0.04590164256533269,Global-DoF,V1_03_difficult:1403715891584058112:1403715891784058112,0.061689,formal_public_module_evidence,0.020920051547435592,0.052424223598709324,0.07690824011422058,0.21650336464838324,0.7340724519584753,0,0,V1_03_difficult,4,OK,True,100,1403715891584058112,3.2182131052974852e-12,1403715891784058112,122,True,122
5.511217013320139,0.509912,0.24166666666666659,0.7083333333333334,285,0.00011656119610640523,6.0,,16,1.7628664217275385,0.009272391731562626,0.3802260613128038,240.23287931804165,True,0.1698331897297882,0.028843312333794235,6,0.04590164256533269,DPR-Exact-Block,V1_03_difficult:1403715891584058112:1403715891784058112,0.061689,formal_public_module_evidence,0.020920051547435592,0.052424223598709324,0.07690824011422058,0.21650336464838324,0.7340724519584753,0,0,V1_03_difficult,4,OK,True,100,1403715891584058112,3.2182131052974852e-12,1403715891784058112,122,True,122
5.466337684062999,0.239057,0.24166666666666659,0.7083333333333334,285,0.00012191154646706908,6.0,,16,1.7628664217275385,0.009272391731562626,0.3802260613128038,229.4177913061109,True,0.1698331897297882,0.028843312333794235,6,0.04590164256533269,DUC-K16,V1_03_difficult:1403715891584058112:1403715891784058112,0.061689,formal_public_module_evidence,0.020920051547435592,0.052424223598709324,0.07690824011422058,0.21650336464838324,0.7340724519584753,0,0,V1_03_difficult,4,OK,True,100,1403715891584058112,3.2182131052974852e-12,1403715891784058112,122,True,122
5.48842287405054,0.075029,0.24166666666666659,0.7083333333333334,285,0.00011924862065016883,6.0,,16,1.7628664217275385,0.009272391731562626,0.3802260613128038,234.67901492987642,True,0.1698331897297882,0.028843312333794235,6,0.04590164256533269,Permuted-K16,V1_03_difficult:1403715891584058112:1403715891784058112,0.061689,formal_public_module_evidence,0.020920051547435592,0.052424223598709324,0.07690824011422058,0.21650336464838324,0.7340724519584753,0,0,V1_03_difficult,4,OK,True,100,1403715891584058112,3.2182131052974852e-12,1403715891784058112,122,True,122
0.2910116123291476,0.006079,0.07499999999999996,0.875,285,0.00029143091250792184,6.0,,48,0.3781019102279381,0.017071347706256873,0.3797933711354901,-4.965050402085924,True,0.019745138153464507,0.0003898704806993998,6,0.00566869836510997,Raw,V1_03_difficult:1403715891584058112:1403715891784058112,0.041896,formal_public_module_evidence,0.01838726224767795,0.044011392315339834,0.06836631437453768,0.7722217006635319,1.8041431598296862,4,0,V1_03_difficult,4,OK,True,100,1403715891584058112,2.5832376684258598e-12,1403715891784058112,122,True,122
0.22647309119157616,0.002071,0.07499999999999996,0.875,285,0.00031085964000845,6.0,,48,0.3781019102279381,0.017071347706256873,0.3797933711354901,-4.984123138361034,True,0.019745138153464507,0.0003898704806993998,6,0.00566869836510997,Global-DoF,V1_03_difficult:1403715891584058112:1403715891784058112,0.041896,formal_public_module_evidence,0.01838726224767795,0.044011392315339834,0.06836631437453768,0.7722217006635319,1.8041431598296862,4,0,V1_03_difficult,4,OK,True,100,1403715891584058112,2.5832376684258598e-12,1403715891784058112,122,True,122
0.23342730292801406,1.303312,0.07499999999999996,0.875,285,0.0003087053556083972,6.0,,48,0.3781019102279381,0.017071347706256873,0.3797933711354901,-4.982325197393904,True,0.019745138153464507,0.0003898704806993998,6,0.00566869836510997,DPR-Exact-Block,V1_03_difficult:1403715891584058112:1403715891784058112,0.041896,formal_public_module_evidence,0.01838726224767795,0.044011392315339834,0.06836631437453768,0.7722217006635319,1.8041431598296862,4,0,V1_03_difficult,4,OK,True,100,1403715891584058112,2.5832376684258598e-12,1403715891784058112,122,True,122
0.22777461117088266,0.320503,0.07499999999999996,0.875,285,0.0003104553131530352,6.0,,48,0.3781019102279381,0.017071347706256873,0.3797933711354901,-4.983791269796741,True,0.019745138153464507,0.0003898704806993998,6,0.00566869836510997,DUC-K16,V1_03_difficult:1403715891584058112:1403715891784058112,0.041896,formal_public_module_evidence,0.01838726224767795,0.044011392315339834,0.06836631437453768,0.7722217006635319,1.8041431598296862,4,0,V1_03_difficult,4,OK,True,100,1403715891584058112,2.5832376684258598e-12,1403715891784058112,122,True,122
0.19779466745783872,0.106275,0.07499999999999996,0.875,285,0.00031990366888438073,6.0,,48,0.3781019102279381,0.017071347706256873,0.3797933711354901,-4.990901448948144,True,0.019745138153464507,0.0003898704806993998,6,0.00566869836510997,Permuted-K16,V1_03_difficult:1403715891584058112:1403715891784058112,0.041896,formal_public_module_evidence,0.01838726224767795,0.044011392315339834,0.06836631437453768,0.7722217006635319,1.8041431598296862,4,0,V1_03_difficult,4,OK,True,100,1403715891584058112,2.5832376684258598e-12,1403715891784058112,122,True,122
1.6744660761004733,0.006112,0.19999999999999996,0.75,296,0.000533377823364821,6.0,,16,0.5283531186796815,0.023094973984934927,1.779158812213403,-0.3624580570744949,True,0.053348617065742794,0.0028460749428272634,6,0.028360673245944046,Raw,V1_03_difficult:1403715892084058112:1403715892284058112,0.038932,formal_public_module_evidence,0.01966786437877288,0.1329805087416878,0.06559713452355401,0.3083548461103347,0.913557647073947,0,0,V1_03_difficult,4,OK,True,110,1403715892084058112,8.050845167820964e-12,1403715892284058112,126,True,126
1.4668267113222289,0.002011,0.19999999999999996,0.75,296,0.0006564650133720872,6.0,,16,0.5283531186796815,0.023094973984934927,1.779158812213403,-1.155308454719522,True,0.053348617065742794,0.0028460749428272634,6,0.028360673245944046,Global-DoF,V1_03_difficult:1403715892084058112:1403715892284058112,0.038932,formal_public_module_evidence,0.01966786437877288,0.1329805087416878,0.06559713452355401,0.3083548461103347,0.913557647073947,0,0,V1_03_difficult,4,OK,True,110,1403715892084058112,8.050845167820964e-12,1403715892284058112,126,True,126
1.1992852589902556,0.493079,0.19999999999999996,0.75,296,0.00085783420967501,6.0,,16,0.5283531186796815,0.023094973984934927,1.779158812213403,-1.905477892693666,True,0.053348617065742794,0.0028460749428272634,6,0.028360673245944046,DPR-Exact-Block,V1_03_difficult:1403715892084058112:1403715892284058112,0.038932,formal_public_module_evidence,0.01966786437877288,0.1329805087416878,0.06559713452355401,0.3083548461103347,0.913557647073947,0,0,V1_03_difficult,4,OK,True,110,1403715892084058112,8.050845167820964e-12,1403715892284058112,126,True,126
1.2280558653830977,0.179729,0.19999999999999996,0.75,296,0.0008335054539552244,6.0,,16,0.5283531186796815,0.023094973984934927,1.779158812213403,-1.8374085790788233,True,0.053348617065742794,0.0028460749428272634,6,0.028360673245944046,DUC-K16,V1_03_difficult:1403715892084058112:1403715892284058112,0.038932,formal_public_module_evidence,0.01966786437877288,0.1329805087416878,0.06559713452355401,0.3083548461103347,0.913557647073947,0,0,V1_03_difficult,4,OK,True,110,1403715892084058112,8.050845167820964e-12,1403715892284058112,126,True,126
1.4707919830889586,0.069063,0.19999999999999996,0.75,296,0.0006538671052984759,6.0,,16,0.5283531186796815,0.023094973984934927,1.779158812213403,-1.1420483375481745,True,0.053348617065742794,0.0028460749428272634,6,0.028360673245944046,Permuted-K16,V1_03_difficult:1403715892084058112:1403715892284058112,0.038932,formal_public_module_evidence,0.01966786437877288,0.1329805087416878,0.06559713452355401,0.3083548461103347,0.913557647073947,0,0,V1_03_difficult,4,OK,True,110,1403715892084058112,8.050845167820964e-12,1403715892284058112,126,True,126
1.7489885160061693,0.006247,0.050000000000000044,1.0,296,0.026678508925342185,6.0,,48,0.37682141673131064,0.16333557152482794,1.7771022634427056,-1.6120700785062965,True,0.06812284010178175,0.004640721343532925,6,0.05567476224256085,Raw,V1_03_difficult:1403715892084058112:1403715892284058112,0.043785,formal_public_module_evidence,0.013465041125576671,0.04160182925702342,0.05869366500534573,0.7973941046977049,1.594213139595504,6,0,V1_03_difficult,4,OK,True,110,1403715892084058112,8.077600494718481e-11,1403715892284058112,126,True,126
1.8135270371437404,0.00194,0.050000000000000044,1.0,296,0.028457076187031666,6.0,,48,0.37682141673131064,0.16333557152482794,1.7771022634427056,-1.5584034199897763,True,0.06812284010178175,0.004640721343532925,6,0.05567476224256085,Global-DoF,V1_03_difficult:1403715892084058112:1403715892284058112,0.043785,formal_public_module_evidence,0.013465041125576671,0.04160182925702342,0.05869366500534573,0.7973941046977049,1.594213139595504,6,0,V1_03_difficult,4,OK,True,110,1403715892084058112,8.077600494718481e-11,1403715892284058112,126,True,126
1.909280878361713,1.298526,0.050000000000000044,1.0,296,0.03131667472425361,6.0,,48,0.37682141673131064,0.16333557152482794,1.7771022634427056,-1.4775406053838782,True,0.06812284010178175,0.004640721343532925,6,0.05567476224256085,DPR-Exact-Block,V1_03_difficult:1403715892084058112:1403715892284058112,0.043785,formal_public_module_evidence,0.013465041125576671,0.04160182925702342,0.05869366500534573,0.7973941046977049,1.594213139595504,6,0,V1_03_difficult,4,OK,True,110,1403715892084058112,8.077600494718481e-11,1403715892284058112,126,True,126
1.963461025906424,0.31703,0.050000000000000044,1.0,296,0.03306022314375404,6.0,,48,0.37682141673131064,0.16333557152482794,1.7771022634427056,-1.431175621587812,True,0.06812284010178175,0.004640721343532925,6,0.05567476224256085,DUC-K16,V1_03_difficult:1403715892084058112:1403715892284058112,0.043785,formal_public_module_evidence,0.013465041125576671,0.04160182925702342,0.05869366500534573,0.7973941046977049,1.594213139595504,6,0,V1_03_difficult,4,OK,True,110,1403715892084058112,8.077600494718481e-11,1403715892284058112,126,True,126
1.8086442021197469,0.106128,0.050000000000000044,1.0,296,0.02831846366518416,6.0,,48,0.37682141673131064,0.16333557152482794,1.7771022634427056,-1.5624880251135356,True,0.06812284010178175,0.004640721343532925,6,0.05567476224256085,Permuted-K16,V1_03_difficult:1403715892084058112:1403715892284058112,0.043785,formal_public_module_evidence,0.013465041125576671,0.04160182925702342,0.05869366500534573,0.7973941046977049,1.594213139595504,6,0,V1_03_difficult,4,OK,True,110,1403715892084058112,8.077600494718481e-11,1403715892284058112,126,True,126
1.4966184255973052,0.006033,0.19999999999999996,0.75,294,0.00012685843985453315,5.999999999999999,,16,1.7662974253893984,0.011263145202585872,1.4041346130787307,-2.6680021729946843,True,0.023803797381157364,0.0005666207697631942,6,0.00748017974659132,Raw,V1_03_difficult:1403715892584058112:1403715892784058112,0.037952,formal_public_module_evidence,0.015928819711399533,0.04927478083557538,0.06880310771210757,0.19287181307943285,0.8993378807148298,1,0,V1_03_difficult,5,OK,True,120,1403715892584058112,2.8773460089674616e-10,1403715892784058112,123,True,125
1.2889790608190606,0.001981,0.19999999999999996,0.75,294,0.0001561334644363485,5.999999999999999,,16,1.7662974253893984,0.011263145202585872,1.4041346130787307,-3.2978427145784006,True,0.023803797381157364,0.0005666207697631942,6,0.00748017974659132,Global-DoF,V1_03_difficult:1403715892584058112:1403715892784058112,0.037952,formal_public_module_evidence,0.015928819711399533,0.04927478083557538,0.06880310771210757,0.19287181307943285,0.8993378807148298,1,0,V1_03_difficult,5,OK,True,120,1403715892584058112,2.8773460089674616e-10,1403715892784058112,123,True,125
1.1833191822994145,0.451257,0.19999999999999996,0.75,294,0.00017353356888220024,5.999999999999999,,16,1.7662974253893984,0.011263145202585872,1.4041346130787307,-3.5560684196305807,True,0.023803797381157364,0.0005666207697631942,6,0.00748017974659132,DPR-Exact-Block,V1_03_difficult:1403715892584058112:1403715892784058112,0.037952,formal_public_module_evidence,0.015928819711399533,0.04927478083557538,0.06880310771210757,0.19287181307943285,0.8993378807148298,1,0,V1_03_difficult,5,OK,True,120,1403715892584058112,2.8773460089674616e-10,1403715892784058112,123,True,125
1.190827478890981,0.17872,0.19999999999999996,0.75,294,0.0001722355065948939,5.999999999999999,,16,1.7662974253893984,0.011263145202585872,1.4041346130787307,-3.538968403512564,True,0.023803797381157364,0.0005666207697631942,6,0.00748017974659132,DUC-K16,V1_03_difficult:1403715892584058112:1403715892784058112,0.037952,formal_public_module_evidence,0.015928819711399533,0.04927478083557538,0.06880310771210757,0.19287181307943285,0.8993378807148298,1,0,V1_03_difficult,5,OK,True,120,1403715892584058112,2.8773460089674616e-10,1403715892784058112,123,True,125
1.1577153829186948,0.076383,0.19999999999999996,0.75,294,0.00017803405649981314,5.999999999999999,,16,1.7662974253893984,0.011263145202585872,1.4041346130787307,-3.6130048122951366,True,0.023803797381157364,0.0005666207697631942,6,0.00748017974659132,Permuted-K16,V1_03_difficult:1403715892584058112:1403715892784058112,0.037952,formal_public_module_evidence,0.015928819711399533,0.04927478083557538,0.06880310771210757,0.19287181307943285,0.8993378807148298,1,0,V1_03_difficult,5,OK,True,120,1403715892584058112,2.8773460089674616e-10,1403715892784058112,123,True,125
0.7385575518315572,0.005975,0.008333333333333415,0.9583333333333334,294,0.004737300315236327,5.999999999999999,,48,0.4850817638379063,0.06882804889895054,1.4044780056613506,-3.0366081686622697,True,0.0475761970136711,0.002263494522283647,6,0.14851679657165362,Raw,V1_03_difficult:1403715892584058112:1403715892784058112,0.039161,formal_public_module_evidence,0.011388006000073392,0.0410210474127287,0.051524770660372844,0.5954684375481882,1.266416062758237,6,0,V1_03_difficult,4,OK,True,120,1403715892584058112,3.154254861037067e-11,1403715892784058112,123,True,125
0.8030960729691282,0.001979,0.008333333333333415,0.9583333333333334,294,0.005053120336252082,5.999999999999999,,48,0.4850817638379063,0.06882804889895054,1.4044780056613506,-3.0019323115377303,True,0.0475761970136711,0.002263494522283647,6,0.14851679657165362,Global-DoF,V1_03_difficult:1403715892584058112:1403715892784058112,0.039161,formal_public_module_evidence,0.011388006000073392,0.0410210474127287,0.051524770660372844,0.5954684375481882,1.266416062758237,6,0,V1_03_difficult,4,OK,True,120,1403715892584058112,3.154254861037067e-11,1403715892784058112,123,True,125
0.9704096121836687,1.313735,0.008333333333333415,0.9583333333333334,294,0.005973419118037418,5.999999999999999,,48,0.4850817638379063,0.06882804889895054,1.4044780056613506,-2.9036309396489437,True,0.0475761970136711,0.002263494522283647,6,0.14851679657165362,DPR-Exact-Block,V1_03_difficult:1403715892584058112:1403715892784058112,0.039161,formal_public_module_evidence,0.011388006000073392,0.0410210474127287,0.051524770660372844,0.5954684375481882,1.266416062758237,6,0,V1_03_difficult,4,OK,True,120,1403715892584058112,3.154254861037067e-11,1403715892784058112,123,True,125
1.1088809800140382,0.318333,0.050000000000000044,1.0,294,0.006860572190028208,5.999999999999999,,48,0.4850817638379063,0.06882804889895054,1.4044780056613506,-2.8141594141343025,True,0.0475761970136711,0.002263494522283647,6,0.14851679657165362,DUC-K16,V1_03_difficult:1403715892584058112:1403715892784058112,0.039161,formal_public_module_evidence,0.011388006000073392,0.0410210474127287,0.051524770660372844,0.5954684375481882,1.266416062758237,6,0,V1_03_difficult,4,OK,True,120,1403715892584058112,3.154254861037067e-11,1403715892784058112,123,True,125
0.8440828914251679,0.104639,0.008333333333333415,0.9583333333333334,294,0.005264534666746407,5.999999999999999,,48,0.4850817638379063,0.06882804889895054,1.4044780056613506,-2.9789339636267815,True,0.0475761970136711,0.002263494522283647,6,0.14851679657165362,Permuted-K16,V1_03_difficult:1403715892584058112:1403715892784058112,0.039161,formal_public_module_evidence,0.011388006000073392,0.0410210474127287,0.051524770660372844,0.5954684375481882,1.266416062758237,6,0,V1_03_difficult,4,OK,True,120,1403715892584058112,3.154254861037067e-11,1403715892784058112,123,True,125
1.5334498235086929,0.006344,0.15833333333333333,0.7916666666666666,289,0.03617685177726848,6.000000000000001,,16,0.48970640496068374,0.19020213399767227,0.49124656886177887,3.15267747806511,True,0.40944897057967944,0.1676484595087592,6,0.4288976134759126,Raw,V1_03_difficult:1403715893084058112:1403715893284058112,0.038408,formal_public_module_evidence,0.02465628102133871,0.12178648760054098,0.09421516146829512,0.1904812735580375,0.7455704429748808,0,0,V1_03_difficult,4,OK,True,130,1403715893084058112,1.2483395777920112e-09,1403715893284058112,129,True,129
1.3258104587304484,0.002014,0.11666666666666659,0.8333333333333334,289,0.0445253560335612,6.000000000000001,,16,0.48970640496068374,0.19020213399767227,0.49124656886177887,2.491416299716389,True,0.40944897057967944,0.1676484595087592,6,0.4288976134759126,Global-DoF,V1_03_difficult:1403715893084058112:1403715893284058112,0.038408,formal_public_module_evidence,0.02465628102133871,0.12178648760054098,0.09421516146829512,0.1904812735580375,0.7455704429748808,0,0,V1_03_difficult,4,OK,True,130,1403715893084058112,1.2483395777920112e-09,1403715893284058112,129,True,129
1.1286015135236547,0.455359,0.07499999999999996,0.875,289,0.0542318172647046,6.000000000000001,,16,0.48970640496068374,0.19020213399767227,0.49124656886177887,2.014719850190296,True,0.40944897057967944,0.1676484595087592,6,0.4288976134759126,DPR-Exact-Block,V1_03_difficult:1403715893084058112:1403715893284058112,0.038408,formal_public_module_evidence,0.02465628102133871,0.12178648760054098,0.09421516146829512,0.1904812735580375,0.7455704429748808,0,0,V1_03_difficult,4,OK,True,130,1403715893084058112,1.2483395777920112e-09,1403715893284058112,129,True,129
0.7716982662149813,0.186873,0.07499999999999996,0.875,289,0.0774917142639982,6.000000000000001,,16,0.48970640496068374,0.19020213399767227,0.49124656886177887,1.4437300334578531,True,0.40944897057967944,0.1676484595087592,6,0.4288976134759126,DUC-K16,V1_03_difficult:1403715893084058112:1403715893284058112,0.038408,formal_public_module_evidence,0.02465628102133871,0.12178648760054098,0.09421516146829512,0.1904812735580375,0.7455704429748808,0,0,V1_03_difficult,4,OK,True,130,1403715893084058112,1.2483395777920112e-09,1403715893284058112,129,True,129
1.406470073890989,0.071287,0.11666666666666659,0.8333333333333334,289,0.04107498136517156,6.000000000000001,,16,0.48970640496068374,0.19020213399767227,0.49124656886177887,2.727043470398564,True,0.40944897057967944,0.1676484595087592,6,0.4288976134759126,Permuted-K16,V1_03_difficult:1403715893084058112:1403715893284058112,0.038408,formal_public_module_evidence,0.02465628102133871,0.12178648760054098,0.09421516146829512,0.1904812735580375,0.7455704429748808,0,0,V1_03_difficult,4,OK,True,130,1403715893084058112,1.2483395777920112e-09,1403715893284058112,129,True,129
0.14180655440022194,0.005811,0.033333333333333326,0.9166666666666666,289,0.20609210663048536,6.000000000000002,,48,0.3790091713161853,0.45397368495374857,0.4868960322519353,1.1262340860891011,True,0.422900089665785,0.178844485839329,6,0.05672711716461332,Raw,V1_03_difficult:1403715893084058112:1403715893284058112,0.038071,formal_public_module_evidence,0.010940804906732216,0.029848573575666493,0.047118435699006735,0.6307885816071591,1.6633198618684082,4,0,V1_03_difficult,4,OK,True,130,1403715893084058112,5.638660780518683e-09,1403715893284058112,129,True,129
0.20634507553779316,0.002062,0.033333333333333326,0.9166666666666666,289,0.21983158040585107,6.000000000000002,,48,0.3790091713161853,0.45397368495374857,0.4868960322519353,1.1365357878369837,True,0.422900089665785,0.178844485839329,6,0.05672711716461332,Global-DoF,V1_03_difficult:1403715893084058112:1403715893284058112,0.038071,formal_public_module_evidence,0.010940804906732216,0.029848573575666493,0.047118435699006735,0.6307885816071591,1.6633198618684082,4,0,V1_03_difficult,4,OK,True,130,1403715893084058112,5.638660780518683e-09,1403715893284058112,129,True,129
0.3677811233820229,1.299995,0.033333333333333326,0.9166666666666666,289,0.25834547960575877,6.000000000000002,,48,0.3790091713161853,0.45397368495374857,0.4868960322519353,1.1766882313724174,True,0.422900089665785,0.178844485839329,6,0.05672711716461332,DPR-Exact-Block,V1_03_difficult:1403715893084058112:1403715893284058112,0.038071,formal_public_module_evidence,0.010940804906732216,0.029848573575666493,0.047118435699006735,0.6307885816071591,1.6633198618684082,4,0,V1_03_difficult,4,OK,True,130,1403715893084058112,5.638660780518683e-09,1403715893284058112,129,True,129
0.42295762963988415,0.314089,0.033333333333333326,0.9166666666666666,289,0.27300067389630284,6.000000000000002,,48,0.3790091713161853,0.45397368495374857,0.4868960322519353,1.1947024407111648,True,0.422900089665785,0.178844485839329,6,0.05672711716461332,DUC-K16,V1_03_difficult:1403715893084058112:1403715893284058112,0.038071,formal_public_module_evidence,0.010940804906732216,0.029848573575666493,0.047118435699006735,0.6307885816071591,1.6633198618684082,4,0,V1_03_difficult,4,OK,True,130,1403715893084058112,5.638660780518683e-09,1403715893284058112,129,True,129
0.3746209020933847,0.114682,0.033333333333333326,0.9166666666666666,289,0.2601185623517101,6.000000000000002,,48,0.3790091713161853,0.45397368495374857,0.4868960322519353,1.1788092016582559,True,0.422900089665785,0.178844485839329,6,0.05672711716461332,Permuted-K16,V1_03_difficult:1403715893084058112:1403715893284058112,0.038071,formal_public_module_evidence,0.010940804906732216,0.029848573575666493,0.047118435699006735,0.6307885816071591,1.6633198618684082,4,0,V1_03_difficult,4,OK,True,130,1403715893084058112,5.638660780518683e-09,1403715893284058112,129,True,129
4.6197555121351845,0.005811,0.19999999999999996,0.75,257,0.012448007116395144,6.0,,16,1.5957543840859565,0.11157063733973713,1.7967996876963725,98.92090343001264,True,1.12387258458908,1.263089586390939,6,0.03332617140797833,Raw,V1_03_difficult:1403715893584058112:1403715893784058112,0.037532,formal_public_module_evidence,0.03337348863057482,0.08718974695163773,0.117689832799109,0.2725825544361135,0.6134371713377839,0,0,V1_03_difficult,4,OK,True,140,1403715893584058112,8.694877622603109e-12,1403715893784058112,166,True,167
4.41211614735694,0.002079,0.11666666666666659,0.8333333333333334,257,0.015320624143255562,6.0,,16,1.5957543840859565,0.11157063733973713,1.7967996876963725,80.1030638378922,True,1.12387258458908,1.263089586390939,6,0.03332617140797833,Global-DoF,V1_03_difficult:1403715893584058112:1403715893784058112,0.037532,formal_public_module_evidence,0.03337348863057482,0.08718974695163773,0.117689832799109,0.2725825544361135,0.6134371713377839,0,0,V1_03_difficult,4,OK,True,140,1403715893584058112,8.694877622603109e-12,1403715893784058112,166,True,167
4.467020351924454,0.494869,0.11666666666666659,0.8333333333333334,257,0.014502132380473112,6.0,,16,1.5957543840859565,0.11157063733973713,1.7967996876963725,84.7012356134323,True,1.12387258458908,1.263089586390939,6,0.03332617140797833,DPR-Exact-Block,V1_03_difficult:1403715893584058112:1403715893784058112,0.037532,formal_public_module_evidence,0.03337348863057482,0.08718974695163773,0.117689832799109,0.2725825544361135,0.6134371713377839,0,0,V1_03_difficult,4,OK,True,140,1403715893584058112,8.694877622603109e-12,1403715893784058112,166,True,167
4.500914494739282,0.180657,0.15833333333333333,0.7916666666666666,257,0.014018831830980273,6.0,,16,1.5957543840859565,0.11157063733973713,1.7967996876963725,87.67001248965867,True,1.12387258458908,1.263089586390939,6,0.03332617140797833,DUC-K16,V1_03_difficult:1403715893584058112:1403715893784058112,0.037532,formal_public_module_evidence,0.03337348863057482,0.08718974695163773,0.117689832799109,0.2725825544361135,0.6134371713377839,0,0,V1_03_difficult,4,OK,True,140,1403715893584058112,8.694877622603109e-12,1403715893784058112,166,True,167
4.498732706896989,0.069683,0.15833333333333333,0.7916666666666666,257,0.014049451338320437,6.0,,16,1.5957543840859565,0.11157063733973713,1.7967996876963725,87.47583059732528,True,1.12387258458908,1.263089586390939,6,0.03332617140797833,Permuted-K16,V1_03_difficult:1403715893584058112:1403715893784058112,0.037532,formal_public_module_evidence,0.03337348863057482,0.08718974695163773,0.117689832799109,0.2725825544361135,0.6134371713377839,0,0,V1_03_difficult,4,OK,True,140,1403715893584058112,8.694877622603109e-12,1403715893784058112,166,True,167
0.7808022941261713,0.007019,0.008333333333333415,0.9583333333333334,257,0.12965865757896194,6.0,,48,0.39694088092330987,0.36008145964345617,1.7978458576972045,1.9782502238782127,True,0.5320467863298871,0.28307378284396056,6,0.004480283422312992,Raw,V1_03_difficult:1403715893584058112:1403715893784058112,0.041643,formal_public_module_evidence,0.012832127076856048,0.034124748288968956,0.05644563066840402,0.690936091420618,1.8570288443556076,8,0,V1_03_difficult,6,OK,True,140,1403715893584058112,1.219631649938896e-08,1403715893784058112,166,True,167
0.7162637729886002,0.002059,0.008333333333333415,0.9583333333333334,257,0.13830256808422606,6.0,,48,0.39694088092330987,0.36008145964345617,1.7978458576972045,1.906337298131313,True,0.5320467863298871,0.28307378284396056,6,0.004480283422312992,Global-DoF,V1_03_difficult:1403715893584058112:1403715893784058112,0.041643,formal_public_module_evidence,0.012832127076856048,0.034124748288968956,0.05644563066840402,0.690936091420618,1.8570288443556076,8,0,V1_03_difficult,6,OK,True,140,1403715893584058112,1.219631649938896e-08,1403715893784058112,166,True,167
0.3725413971423888,1.285524,0.008333333333333415,0.9583333333333334,257,0.1950324945274239,6.0,,48,0.39694088092330987,0.36008145964345617,1.7978458576972045,1.6547065331908615,True,0.5320467863298871,0.28307378284396056,6,0.004480283422312992,DPR-Exact-Block,V1_03_difficult:1403715893584058112:1403715893784058112,0.041643,formal_public_module_evidence,0.012832127076856048,0.034124748288968956,0.05644563066840402,0.690936091420618,1.8570288443556076,8,0,V1_03_difficult,6,OK,True,140,1403715893584058112,1.219631649938896e-08,1403715893784058112,166,True,167
0.3680711203127331,0.317649,0.008333333333333415,0.9583333333333334,257,0.19590629537946747,6.0,,48,0.39694088092330987,0.36008145964345617,1.7978458576972045,1.6527030477858198,True,0.5320467863298871,0.28307378284396056,6,0.004480283422312992,DUC-K16,V1_03_difficult:1403715893584058112:1403715893784058112,0.041643,formal_public_module_evidence,0.012832127076856048,0.034124748288968956,0.05644563066840402,0.690936091420618,1.8570288443556076,8,0,V1_03_difficult,6,OK,True,140,1403715893584058112,1.219631649938896e-08,1403715893784058112,166,True,167
0.3773682186957321,0.106302,0.008333333333333415,0.9583333333333334,257,0.19409337578185226,6.0,,48,0.39694088092330987,0.36008145964345617,1.7978458576972045,1.6569023849987567,True,0.5320467863298871,0.28307378284396056,6,0.004480283422312992,Permuted-K16,V1_03_difficult:1403715893584058112:1403715893784058112,0.041643,formal_public_module_evidence,0.012832127076856048,0.034124748288968956,0.05644563066840402,0.690936091420618,1.8570288443556076,8,0,V1_03_difficult,6,OK,True,140,1403715893584058112,1.219631649938896e-08,1403715893784058112,166,True,167
0.44196118199437084,0.006329,0.008333333333333415,0.9583333333333334,282,0.02836831467955127,6.000000000000001,,16,1.3703798886278524,0.1684289603350661,1.3502511508561508,-1.0818307843389199,True,0.13503492781241785,0.0182344317293049,6,0.06688109162729905,Raw,V1_03_difficult:1403715894084058112:1403715894284058112,0.037933,formal_public_module_evidence,0.025415090956141195,0.06194532929600108,0.10267817596340144,0.18255897388275572,0.8378147989042263,1,0,V1_03_difficult,5,OK,True,150,1403715894084058112,9.289958573569403e-09,1403715894284058112,225,True,240
0.6496005467726155,0.002036,0.050000000000000044,1.0,282,0.0349148488363708,6.000000000000001,,16,1.3703798886278524,0.1684289603350661,1.3502511508561508,-0.9947116544729436,True,0.13503492781241785,0.0182344317293049,6,0.06688109162729905,Global-DoF,V1_03_difficult:1403715894084058112:1403715894284058112,0.037933,formal_public_module_evidence,0.025415090956141195,0.06194532929600108,0.10267817596340144,0.18255897388275572,0.8378147989042263,1,0,V1_03_difficult,5,OK,True,150,1403715894084058112,9.289958573569403e-09,1403715894284058112,225,True,240
0.6312552177825306,0.453609,0.050000000000000044,1.0,282,0.034280163999123925,6.000000000000001,,16,1.3703798886278524,0.1684289603350661,1.3502511508561508,-1.0033876330492961,True,0.13503492781241785,0.0182344317293049,6,0.06688109162729905,DPR-Exact-Block,V1_03_difficult:1403715894084058112:1403715894284058112,0.037933,formal_public_module_evidence,0.025415090956141195,0.06194532929600108,0.10267817596340144,0.18255897388275572,0.8378147989042263,1,0,V1_03_difficult,5,OK,True,150,1403715894084058112,9.289958573569403e-09,1403715894284058112,225,True,240
0.5620325788718172,0.180872,0.050000000000000044,1.0,282,0.03198746920969968,6.000000000000001,,16,1.3703798886278524,0.1684289603350661,1.3502511508561508,-1.0344847581450696,True,0.13503492781241785,0.0182344317293049,6,0.06688109162729905,DUC-K16,V1_03_difficult:1403715894084058112:1403715894284058112,0.037933,formal_public_module_evidence,0.025415090956141195,0.06194532929600108,0.10267817596340144,0.18255897388275572,0.8378147989042263,1,0,V1_03_difficult,5,OK,True,150,1403715894084058112,9.289958573569403e-09,1403715894284058112,225,True,240
0.7108411658045918,0.069569,0.050000000000000044,1.0,282,0.03711988559363875,6.000000000000001,,16,1.3703798886278524,0.1684289603350661,1.3502511508561508,-0.9644945696683248,True,0.13503492781241785,0.0182344317293049,6,0.06688109162729905,Permuted-K16,V1_03_difficult:1403715894084058112:1403715894284058112,0.037933,formal_public_module_evidence,0.025415090956141195,0.06194532929600108,0.10267817596340144,0.18255897388275572,0.8378147989042263,1,0,V1_03_difficult,5,OK,True,150,1403715894084058112,9.289958573569403e-09,1403715894284058112,225,True,240
0.2571562944612321,0.006359,0.033333333333333326,0.9166666666666666,282,0.3998986920535472,6.0,,48,0.40359511391652086,0.6323754359979104,1.3465825930112512,2.214580270935668,True,0.7191438514761583,0.517167879115963,6,0.4483202314945445,Raw,V1_03_difficult:1403715894084058112:1403715894284058112,0.037794,formal_public_module_evidence,0.014579855365591143,0.0772324087833202,0.07501371042721172,0.864392304846083,1.8710339451254938,8,0,V1_03_difficult,5,OK,True,150,1403715894084058112,1.9658464401522683e-09,1403715894284058112,225,True,240
0.19261777332366092,0.001951,0.008333333333333415,0.9583333333333334,282,0.42655860485711705,6.0,,48,0.40359511391652086,0.6323754359979104,1.3465825930112512,2.198290839676687,True,0.7191438514761583,0.517167879115963,6,0.4483202314945445,Global-DoF,V1_03_difficult:1403715894084058112:1403715894284058112,0.037794,formal_public_module_evidence,0.014579855365591143,0.0772324087833202,0.07501371042721172,0.864392304846083,1.8710339451254938,8,0,V1_03_difficult,5,OK,True,150,1403715894084058112,1.9658464401522683e-09,1403715894284058112,225,True,240
0.3946023376769383,1.305808,0.050000000000000044,1.0,282,0.7673706087506657,6.0,,48,0.40359511391652086,0.6323754359979104,1.3465825930112512,2.247039654420642,True,0.7191438514761583,0.517167879115963,6,0.4483202314945445,DPR-Exact-Block,V1_03_difficult:1403715894084058112:1403715894284058112,0.037794,formal_public_module_evidence,0.014579855365591143,0.0772324087833202,0.07501371042721172,0.864392304846083,1.8710339451254938,8,0,V1_03_difficult,5,OK,True,150,1403715894084058112,1.9658464401522683e-09,1403715894284058112,225,True,240
0.7650067615365063,0.311826,0.050000000000000044,1.0,282,1.1113983777078735,6.0,,48,0.40359511391652086,0.6323754359979104,1.3465825930112512,2.4088268732011566,True,0.7191438514761583,0.517167879115963,6,0.4483202314945445,DUC-K16,V1_03_difficult:1403715894084058112:1403715894284058112,0.037794,formal_public_module_evidence,0.014579855365591143,0.0772324087833202,0.07501371042721172,0.864392304846083,1.8710339451254938,8,0,V1_03_difficult,5,OK,True,150,1403715894084058112,1.9658464401522683e-09,1403715894284058112,225,True,240
0.12903213306153033,0.104799,0.008333333333333415,0.9583333333333334,282,0.4545624948400626,6.0,,48,0.40359511391652086,0.6323754359979104,1.3465825930112512,2.187183876210383,True,0.7191438514761583,0.517167879115963,6,0.4483202314945445,Permuted-K16,V1_03_difficult:1403715894084058112:1403715894284058112,0.037794,formal_public_module_evidence,0.014579855365591143,0.0772324087833202,0.07501371042721172,0.864392304846083,1.8710339451254938,8,0,V1_03_difficult,5,OK,True,150,1403715894084058112,1.9658464401522683e-09,1403715894284058112,225,True,240
0.5156597498054022,0.006069,0.07499999999999996,0.875,254,0.08357941560580195,5.999999999999998,,16,1.4787609145175695,0.2891010473965841,1.4795312142724555,1.03066210118425,True,0.3741310536539588,0.1399740453082214,6,0.1100940793398093,Raw,V1_03_difficult:1403715894584058112:1403715894784058112,0.037817,formal_public_module_evidence,0.06306205616508359,0.1510343507102778,0.21424918253594483,0.5409496003000331,1.1876913483790807,0,0,V1_03_difficult,4,OK,True,160,1403715894584058112,3.533717382920011e-11,1403715894784058112,225,True,244
0.3080203850271577,0.001977,0.07499999999999996,0.875,254,0.10286697305329472,5.999999999999998,,16,1.4787609145175695,0.2891010473965841,1.4795312142724555,0.9242871443133059,True,0.3741310536539588,0.1399740453082214,6,0.1100940793398093,Global-DoF,V1_03_difficult:1403715894584058112:1403715894784058112,0.037817,formal_public_module_evidence,0.06306205616508359,0.1510343507102778,0.21424918253594483,0.5409496003000331,1.1876913483790807,0,0,V1_03_difficult,4,OK,True,160,1403715894584058112,3.533717382920011e-11,1403715894784058112,225,True,244
0.3061385880391805,0.492066,0.07499999999999996,0.875,254,0.10306073006184924,5.999999999999998,,16,1.4787609145175695,0.2891010473965841,1.4795312142724555,0.9236107338495421,True,0.3741310536539588,0.1399740453082214,6,0.1100940793398093,DPR-Exact-Block,V1_03_difficult:1403715894584058112:1403715894784058112,0.037817,formal_public_module_evidence,0.06306205616508359,0.1510343507102778,0.21424918253594483,0.5409496003000331,1.1876913483790807,0,0,V1_03_difficult,4,OK,True,160,1403715894584058112,3.533717382920011e-11,1403715894784058112,225,True,244
0.20169382014454806,0.180869,0.033333333333333326,0.9166666666666666,254,0.11440710625409713,5.999999999999998,,16,1.4787609145175695,0.2891010473965841,1.4795312142724555,0.8933583299142077,True,0.3741310536539588,0.1399740453082214,6,0.1100940793398093,DUC-K16,V1_03_difficult:1403715894584058112:1403715894784058112,0.037817,formal_public_module_evidence,0.06306205616508359,0.1510343507102778,0.21424918253594483,0.5409496003000331,1.1876913483790807,0,0,V1_03_difficult,4,OK,True,160,1403715894584058112,3.533717382920011e-11,1403715894784058112,225,True,244
0.11633062067721246,0.071052,0.033333333333333326,0.9166666666666666,254,0.12460221637164332,5.999999999999998,,16,1.4787609145175695,0.2891010473965841,1.4795312142724555,0.8786154006898954,True,0.3741310536539588,0.1399740453082214,6,0.1100940793398093,Permuted-K16,V1_03_difficult:1403715894584058112:1403715894784058112,0.037817,formal_public_module_evidence,0.06306205616508359,0.1510343507102778,0.21424918253594483,0.5409496003000331,1.1876913483790807,0,0,V1_03_difficult,4,OK,True,160,1403715894584058112,3.533717382920011e-11,1403715894784058112,225,True,244
0.46483225425370345,0.006457,0.07499999999999996,0.875,254,0.0721285808853425,6.0,,48,1.4776157661158598,0.2685676467583959,1.4783261717349547,0.8003193170228471,True,0.3388369277564945,0.11481046361145986,6,0.002894610733638392,Raw,V1_03_difficult:1403715894584058112:1403715894784058112,0.03839,formal_public_module_evidence,0.01634762558431041,0.044855665075911405,0.06895557068669188,0.5070123209734142,1.6286297309444093,6,0,V1_03_difficult,4,OK,True,160,1403715894584058112,1.5888368129812212e-10,1403715894784058112,225,True,244
0.40029373311613253,0.001991,0.07499999999999996,0.875,254,0.07693715294436533,6.0,,48,1.4776157661158598,0.2685676467583959,1.4783261717349547,0.7653736408056576,True,0.3388369277564945,0.11481046361145986,6,0.002894610733638392,Global-DoF,V1_03_difficult:1403715894584058112:1403715894784058112,0.03839,formal_public_module_evidence,0.01634762558431041,0.044855665075911405,0.06895557068669188,0.5070123209734142,1.6286297309444093,6,0,V1_03_difficult,4,OK,True,160,1403715894584058112,1.5888368129812212e-10,1403715894784058112,225,True,244
0.39279481377824604,1.296204,0.07499999999999996,0.875,254,0.0775162670997382,6.0,,48,1.4776157661158598,0.2685676467583959,1.4783261717349547,0.7617240536920038,True,0.3388369277564945,0.11481046361145986,6,0.002894610733638392,DPR-Exact-Block,V1_03_difficult:1403715894584058112:1403715894784058112,0.03839,formal_public_module_evidence,0.01634762558431041,0.044855665075911405,0.06895557068669188,0.5070123209734142,1.6286297309444093,6,0,V1_03_difficult,4,OK,True,160,1403715894584058112,1.5888368129812212e-10,1403715894784058112,225,True,244
0.3956936219995529,0.319556,0.07499999999999996,0.875,254,0.07729188768095972,6.0,,48,1.4776157661158598,0.2685676467583959,1.4783261717349547,0.7631249412120596,True,0.3388369277564945,0.11481046361145986,6,0.002894610733638392,DUC-K16,V1_03_difficult:1403715894584058112:1403715894784058112,0.03839,formal_public_module_evidence,0.01634762558431041,0.044855665075911405,0.06895557068669188,0.5070123209734142,1.6286297309444093,6,0,V1_03_difficult,4,OK,True,160,1403715894584058112,1.5888368129812212e-10,1403715894784058112,225,True,244
0.3977679718440605,0.107014,0.07499999999999996,0.875,254,0.07713172344153085,6.0,,48,1.4776157661158598,0.2685676467583959,1.4783261717349547,0.7641350580032511,True,0.3388369277564945,0.11481046361145986,6,0.002894610733638392,Permuted-K16,V1_03_difficult:1403715894584058112:1403715894784058112,0.03839,formal_public_module_evidence,0.01634762558431041,0.044855665075911405,0.06895557068669188,0.5070123209734142,1.6286297309444093,6,0,V1_03_difficult,4,OK,True,160,1403715894584058112,1.5888368129812212e-10,1403715894784058112,225,True,244
,,,,249,,,INSUFFICIENT_TRACKS,16,,,,,,,,,,Raw,V1_03_difficult:1403715895084058112:1403715895284058112,,formal_public_module_evidence,,,,,,,,V1_03_difficult,,,,170,1403715895084058112,,1403715895284058112,33,False,222
,,,,249,,,INSUFFICIENT_TRACKS,16,,,,,,,,,,Global-DoF,V1_03_difficult:1403715895084058112:1403715895284058112,,formal_public_module_evidence,,,,,,,,V1_03_difficult,,,,170,1403715895084058112,,1403715895284058112,33,False,222
,,,,249,,,INSUFFICIENT_TRACKS,16,,,,,,,,,,DPR-Exact-Block,V1_03_difficult:1403715895084058112:1403715895284058112,,formal_public_module_evidence,,,,,,,,V1_03_difficult,,,,170,1403715895084058112,,1403715895284058112,33,False,222
,,,,249,,,INSUFFICIENT_TRACKS,16,,,,,,,,,,DUC-K16,V1_03_difficult:1403715895084058112:1403715895284058112,,formal_public_module_evidence,,,,,,,,V1_03_difficult,,,,170,1403715895084058112,,1403715895284058112,33,False,222
,,,,249,,,INSUFFICIENT_TRACKS,16,,,,,,,,,,Permuted-K16,V1_03_difficult:1403715895084058112:1403715895284058112,,formal_public_module_evidence,,,,,,,,V1_03_difficult,,,,170,1403715895084058112,,1403715895284058112,33,False,222
,,,,249,,,INSUFFICIENT_TRACKS,48,,,,,,,,,,Raw,V1_03_difficult:1403715895084058112:1403715895284058112,,formal_public_module_evidence,,,,,,,,V1_03_difficult,,,,170,1403715895084058112,,1403715895284058112,33,False,222
,,,,249,,,INSUFFICIENT_TRACKS,48,,,,,,,,,,Global-DoF,V1_03_difficult:1403715895084058112:1403715895284058112,,formal_public_module_evidence,,,,,,,,V1_03_difficult,,,,170,1403715895084058112,,1403715895284058112,33,False,222
,,,,249,,,INSUFFICIENT_TRACKS,48,,,,,,,,,,DPR-Exact-Block,V1_03_difficult:1403715895084058112:1403715895284058112,,formal_public_module_evidence,,,,,,,,V1_03_difficult,,,,170,1403715895084058112,,1403715895284058112,33,False,222
,,,,249,,,INSUFFICIENT_TRACKS,48,,,,,,,,,,DUC-K16,V1_03_difficult:1403715895084058112:1403715895284058112,,formal_public_module_evidence,,,,,,,,V1_03_difficult,,,,170,1403715895084058112,,1403715895284058112,33,False,222
,,,,249,,,INSUFFICIENT_TRACKS,48,,,,,,,,,,Permuted-K16,V1_03_difficult:1403715895084058112:1403715895284058112,,formal_public_module_evidence,,,,,,,,V1_03_difficult,,,,170,1403715895084058112,,1403715895284058112,33,False,222
4.173400787574307,0.007064,0.44999999999999996,0.5,130,0.00854942472441391,5.999999999999999,,16,1.9487540445837779,0.09246309925810356,1.8471787371714983,62.0118960504237,True,0.7450937368751079,0.5551646767305126,6,0.01972696899395121,Raw,V1_03_difficult:1403715895584058112:1403715895784058112,0.042742,formal_public_module_evidence,0.02806929183807083,0.08142105214670409,0.10721469884387848,0.27845057725817357,0.7237504384332217,0,0,V1_03_difficult,5,OK,True,180,1403715895584058112,1.944123932680267e-09,1403715895784058112,126,True,130
3.9657614227960627,0.002131,0.4083333333333333,0.5416666666666666,130,0.010522368891586352,5.999999999999999,,16,1.9487540445837779,0.09246309925810356,1.8471787371714983,50.04405224032587,True,0.7450937368751079,0.5551646767305126,6,0.01972696899395121,Global-DoF,V1_03_difficult:1403715895584058112:1403715895784058112,0.042742,formal_public_module_evidence,0.02806929183807083,0.08142105214670409,0.10721469884387848,0.27845057725817357,0.7237504384332217,0,0,V1_03_difficult,5,OK,True,180,1403715895584058112,1.944123932680267e-09,1403715895784058112,126,True,130
3.879084724874251,0.480953,0.3666666666666666,0.5833333333333334,130,0.011475106760961189,5.999999999999999,,16,1.9487540445837779,0.09246309925810356,1.8471787371714983,45.75021571591154,True,0.7450937368751079,0.5551646767305126,6,0.01972696899395121,DPR-Exact-Block,V1_03_difficult:1403715895584058112:1403715895784058112,0.042742,formal_public_module_evidence,0.02806929183807083,0.08142105214670409,0.10721469884387848,0.27845057725817357,0.7237504384332217,0,0,V1_03_difficult,5,OK,True,180,1403715895584058112,1.944123932680267e-09,1403715895784058112,126,True,130
3.8990088679270016,0.181269,0.3666666666666666,0.5833333333333334,130,0.011248737685685427,5.999999999999999,,16,1.9487540445837779,0.09246309925810356,1.8471787371714983,46.70388671485738,True,0.7450937368751079,0.5551646767305126,6,0.01972696899395121,DUC-K16,V1_03_difficult:1403715895584058112:1403715895784058112,0.042742,formal_public_module_evidence,0.02806929183807083,0.08142105214670409,0.10721469884387848,0.27845057725817357,0.7237504384332217,0,0,V1_03_difficult,5,OK,True,180,1403715895584058112,1.944123932680267e-09,1403715895784058112,126,True,130
3.9595092624214994,0.069476,0.3666666666666666,0.5833333333333334,130,0.010588362515806634,5.999999999999999,,16,1.9487540445837779,0.09246309925810356,1.8471787371714983,49.721466793000864,True,0.7450937368751079,0.5551646767305126,6,0.01972696899395121,Permuted-K16,V1_03_difficult:1403715895584058112:1403715895784058112,0.042742,formal_public_module_evidence,0.02806929183807083,0.08142105214670409,0.10721469884387848,0.27845057725817357,0.7237504384332217,0,0,V1_03_difficult,5,OK,True,180,1403715895584058112,1.944123932680267e-09,1403715895784058112,126,True,130
3.326611115099164,0.00657,0.19999999999999996,0.75,130,0.01949297197952368,6.0,,48,1.948583503886342,0.13961723381991092,1.846982657393152,25.743997904051984,True,0.7367216872950014,0.5427588445307938,6,0.0467455827066825,Raw,V1_03_difficult:1403715895584058112:1403715895784058112,0.03921,formal_public_module_evidence,0.010085945768915305,0.04084201580100128,0.05212885606287026,0.3642658447896512,1.0,5,0,V1_03_difficult,4,OK,True,180,1403715895584058112,1.6734272716272255e-10,1403715895784058112,126,True,130
3.262072593961593,0.002065,0.19999999999999996,0.75,130,0.020792503444825253,6.0,,48,1.948583503886342,0.13961723381991092,1.846982657393152,24.068297542231733,True,0.7367216872950014,0.5427588445307938,6,0.0467455827066825,Global-DoF,V1_03_difficult:1403715895584058112:1403715895784058112,0.03921,formal_public_module_evidence,0.010085945768915305,0.04084201580100128,0.05212885606287026,0.3642658447896512,1.0,5,0,V1_03_difficult,4,OK,True,180,1403715895584058112,1.6734272716272255e-10,1403715895784058112,126,True,130
3.237422921339385,1.297013,0.19999999999999996,0.75,130,0.02131140090042202,6.0,,48,1.948583503886342,0.13961723381991092,1.846982657393152,23.457368024600314,True,0.7367216872950014,0.5427588445307938,6,0.0467455827066825,DPR-Exact-Block,V1_03_difficult:1403715895584058112:1403715895784058112,0.03921,formal_public_module_evidence,0.010085945768915305,0.04084201580100128,0.05212885606287026,0.3642658447896512,1.0,5,0,V1_03_difficult,4,OK,True,180,1403715895584058112,1.6734272716272255e-10,1403715895784058112,126,True,130
3.191737015439119,0.317874,0.19999999999999996,0.75,130,0.022307614753807964,6.0,,48,1.948583503886342,0.13961723381991092,1.846982657393152,22.36570335596339,True,0.7367216872950014,0.5427588445307938,6,0.0467455827066825,DUC-K16,V1_03_difficult:1403715895584058112:1403715895784058112,0.03921,formal_public_module_evidence,0.010085945768915305,0.04084201580100128,0.05212885606287026,0.3642658447896512,1.0,5,0,V1_03_difficult,4,OK,True,180,1403715895584058112,1.6734272716272255e-10,1403715895784058112,126,True,130
3.22328706574074,0.104916,0.19999999999999996,0.75,130,0.021614795102406246,6.0,,48,1.948583503886342,0.13961723381991092,1.846982657393152,23.114024444029393,True,0.7367216872950014,0.5427588445307938,6,0.0467455827066825,Permuted-K16,V1_03_difficult:1403715895584058112:1403715895784058112,0.03921,formal_public_module_evidence,0.010085945768915305,0.04084201580100128,0.05212885606287026,0.3642658447896512,1.0,5,0,V1_03_difficult,4,OK,True,180,1403715895584058112,1.6734272716272255e-10,1403715895784058112,126,True,130
4.460843444002334,0.006862,0.32499999999999996,0.625,101,0.01706913803599747,6.000000000000001,,16,2.186380936473006,0.13064891134639228,1.995617294808903,84.32788106643346,True,1.2155298865725501,1.4775129051510765,6,0.014116257375773156,Raw,V1_03_difficult:1403715896084058112:1403715896284058112,0.039557,formal_public_module_evidence,0.023518029730685175,0.07125068657019601,0.09616311215460853,0.3535127858294878,1.0058883933126248,2,0,V1_03_difficult,4,OK,True,190,1403715896084058112,6.697377220663902e-11,1403715896284058112,92,True,101
4.25320407922409,0.001947,0.32499999999999996,0.625,101,0.02100816989045842,6.000000000000001,,16,2.186380936473006,0.13064891134639228,1.995617294808903,68.30542907384003,True,1.2155298865725501,1.4775129051510765,6,0.014116257375773156,Global-DoF,V1_03_difficult:1403715896084058112:1403715896284058112,0.039557,formal_public_module_evidence,0.023518029730685175,0.07125068657019601,0.09616311215460853,0.3535127858294878,1.0058883933126248,2,0,V1_03_difficult,4,OK,True,190,1403715896084058112,6.697377220663902e-11,1403715896284058112,92,True,101
4.032929090944613,0.447554,0.32499999999999996,0.625,101,0.026184991228467885,6.000000000000001,,16,2.186380936473006,0.13064891134639228,1.995617294808903,54.62125433610736,True,1.2155298865725501,1.4775129051510765,6,0.014116257375773156,DPR-Exact-Block,V1_03_difficult:1403715896084058112:1403715896284058112,0.039557,formal_public_module_evidence,0.023518029730685175,0.07125068657019601,0.09616311215460853,0.3535127858294878,1.0058883933126248,2,0,V1_03_difficult,4,OK,True,190,1403715896084058112,6.697377220663902e-11,1403715896284058112,92,True,101
4.047145930364839,0.187347,0.32499999999999996,0.625,101,0.02581535715290447,6.000000000000001,,16,2.186380936473006,0.13064891134639228,1.995617294808903,55.414965596290905,True,1.2155298865725501,1.4775129051510765,6,0.014116257375773156,DUC-K16,V1_03_difficult:1403715896084058112:1403715896284058112,0.039557,formal_public_module_evidence,0.023518029730685175,0.07125068657019601,0.09616311215460853,0.3535127858294878,1.0058883933126248,2,0,V1_03_difficult,4,OK,True,190,1403715896084058112,6.697377220663902e-11,1403715896284058112,92,True,101
4.033452167730607,0.072258,0.32499999999999996,0.625,101,0.02617129804901918,6.000000000000001,,16,2.186380936473006,0.13064891134639228,1.995617294808903,54.65025408256188,True,1.2155298865725501,1.4775129051510765,6,0.014116257375773156,Permuted-K16,V1_03_difficult:1403715896084058112:1403715896284058112,0.039557,formal_public_module_evidence,0.023518029730685175,0.07125068657019601,0.09616311215460853,0.3535127858294878,1.0058883933126248,2,0,V1_03_difficult,4,OK,True,190,1403715896084058112,6.697377220663902e-11,1403715896284058112,92,True,101
1.2015629314313683,0.006116,0.07499999999999996,0.875,101,0.4782265055983988,5.999999999999999,,48,1.9915086659924208,0.6915392292548549,1.998004620732927,4.42551636382637,True,1.2610517145587548,1.590251426791575,6,0.011682713150455992,Raw,V1_03_difficult:1403715896084058112:1403715896284058112,0.038895,formal_public_module_evidence,0.013632726895525416,0.05051727013222887,0.06718777754280825,0.50908247979693,1.2620643320312086,6,0,V1_03_difficult,4,OK,True,190,1403715896084058112,5.286099049656911e-09,1403715896284058112,92,True,101
1.1370244102937972,0.00204,0.07499999999999996,0.875,101,0.5101082726382921,5.999999999999999,,48,1.9915086659924208,0.6915392292548549,1.998004620732927,4.282223004022698,True,1.2610517145587548,1.590251426791575,6,0.011682713150455992,Global-DoF,V1_03_difficult:1403715896084058112:1403715896284058112,0.038895,formal_public_module_evidence,0.013632726895525416,0.05051727013222887,0.06718777754280825,0.50908247979693,1.2620643320312086,6,0,V1_03_difficult,4,OK,True,190,1403715896084058112,5.286099049656911e-09,1403715896284058112,92,True,101
1.085619917345325,1.293231,0.07499999999999996,0.875,101,0.5370157885242269,5.999999999999999,,48,1.9915086659924208,0.6915392292548549,1.998004620732927,4.177424278438296,True,1.2610517145587548,1.590251426791575,6,0.011682713150455992,DPR-Exact-Block,V1_03_difficult:1403715896084058112:1403715896284058112,0.038895,formal_public_module_evidence,0.013632726895525416,0.05051727013222887,0.06718777754280825,0.50908247979693,1.2620643320312086,6,0,V1_03_difficult,4,OK,True,190,1403715896084058112,5.286099049656911e-09,1403715896284058112,92,True,101
1.0740049201940352,0.316731,0.07499999999999996,0.875,101,0.5432895899388214,5.999999999999999,,48,1.9915086659924208,0.6915392292548549,1.998004620732927,4.1548430539053065,True,1.2610517145587548,1.590251426791575,6,0.011682713150455992,DUC-K16,V1_03_difficult:1403715896084058112:1403715896284058112,0.038895,formal_public_module_evidence,0.013632726895525416,0.05051727013222887,0.06718777754280825,0.50908247979693,1.2620643320312086,6,0,V1_03_difficult,4,OK,True,190,1403715896084058112,5.286099049656911e-09,1403715896284058112,92,True,101
1.1545282745672214,0.104286,0.07499999999999996,0.875,101,0.5012570975410431,5.999999999999999,,48,1.9915086659924208,0.6915392292548549,1.998004620732927,4.319767428682009,True,1.2610517145587548,1.590251426791575,6,0.011682713150455992,Permuted-K16,V1_03_difficult:1403715896084058112:1403715896284058112,0.038895,formal_public_module_evidence,0.013632726895525416,0.05051727013222887,0.06718777754280825,0.50908247979693,1.2620643320312086,6,0,V1_03_difficult,4,OK,True,190,1403715896084058112,5.286099049656911e-09,1403715896284058112,92,True,101
1.9457332055035155,0.006187,0.15833333333333333,0.7916666666666666,98,0.017219919846298826,6.0,,16,2.565354596688413,0.13122469221262753,2.1831858841304213,4.774950136442005,True,0.3471571864941174,0.12051811213451143,6,0.04151022621163136,Raw,V1_03_difficult:1403715896584058112:1403715896784058112,0.038083,formal_public_module_evidence,0.01588718571070913,0.036997066166841786,0.058212124647551676,0.15968923987011646,0.5413017637567876,0,0,V1_03_difficult,4,OK,True,200,1403715896584058112,1.6272456238853596e-09,1403715896784058112,79,True,91
1.7380938407252708,0.002001,0.11666666666666659,0.8333333333333334,98,0.021193747503137017,6.0,,16,2.565354596688413,0.13122469221262753,2.1831858841304213,3.670321719086651,True,0.3471571864941174,0.12051811213451143,6,0.04151022621163136,Global-DoF,V1_03_difficult:1403715896584058112:1403715896784058112,0.038083,formal_public_module_evidence,0.01588718571070913,0.036997066166841786,0.058212124647551676,0.15968923987011646,0.5413017637567876,0,0,V1_03_difficult,4,OK,True,200,1403715896584058112,1.6272456238853596e-09,1403715896784058112,79,True,91
1.5235929328105327,0.486548,0.11666666666666659,0.8333333333333334,98,0.02626420845283641,6.0,,16,2.565354596688413,0.13122469221262753,2.1831858841304213,2.787011344669241,True,0.3471571864941174,0.12051811213451143,6,0.04151022621163136,DPR-Exact-Block,V1_03_difficult:1403715896584058112:1403715896784058112,0.038083,formal_public_module_evidence,0.01588718571070913,0.036997066166841786,0.058212124647551676,0.15968923987011646,0.5413017637567876,0,0,V1_03_difficult,4,OK,True,200,1403715896584058112,1.6272456238853596e-09,1403715896784058112,79,True,91
1.565989318337939,0.179121,0.11666666666666659,0.8333333333333334,98,0.02517397521868973,6.0,,16,2.565354596688413,0.13122469221262753,2.1831858841304213,2.943341384104238,True,0.3471571864941174,0.12051811213451143,6,0.04151022621163136,DUC-K16,V1_03_difficult:1403715896584058112:1403715896784058112,0.038083,formal_public_module_evidence,0.01588718571070913,0.036997066166841786,0.058212124647551676,0.15968923987011646,0.5413017637567876,0,0,V1_03_difficult,4,OK,True,200,1403715896584058112,1.6272456238853596e-09,1403715896784058112,79,True,91
1.7401872108718195,0.069589,0.11666666666666659,0.8333333333333334,98,0.021149427550038718,6.0,,16,2.565354596688413,0.13122469221262753,2.1831858841304213,3.6801447535086034,True,0.3471571864941174,0.12051811213451143,6,0.04151022621163136,Permuted-K16,V1_03_difficult:1403715896584058112:1403715896784058112,0.038083,formal_public_module_evidence,0.01588718571070913,0.036997066166841786,0.058212124647551676,0.15968923987011646,0.5413017637567876,0,0,V1_03_difficult,4,OK,True,200,1403715896584058112,1.6272456238853596e-09,1403715896784058112,79,True,91
1.412243138298157,0.00644,0.008333333333333415,0.9583333333333334,98,7.529019571764354,6.0,,48,0.6655893400108659,2.7439058970315204,2.1835991614734422,4.100238146560965,True,1.3542676737358696,1.8340409321259639,6,215102.78638756633,Raw,V1_03_difficult:1403715896584058112:1403715896784058112,0.038888,formal_public_module_evidence,0.008763049681763946,0.031054323096988648,0.040977924168111655,0.5156556242917917,1.264060435632567,5,1,V1_03_difficult,5,OK,True,200,1403715896584058112,6.01853544606927e-10,1403715896784058112,79,True,91
1.4767816594357284,0.002075,0.050000000000000044,1.0,98,8.030954209881978,6.0,,48,0.6655893400108659,2.7439058970315204,2.1835991614734422,4.149551902087917,True,1.3542676737358696,1.8340409321259639,6,215102.78638756633,Global-DoF,V1_03_difficult:1403715896584058112:1403715896784058112,0.038888,formal_public_module_evidence,0.008763049681763946,0.031054323096988648,0.040977924168111655,0.5156556242917917,1.264060435632567,5,1,V1_03_difficult,5,OK,True,200,1403715896584058112,6.01853544606927e-10,1403715896784058112,79,True,91
1.6035469765438917,1.298859,0.050000000000000044,1.0,98,9.116342378265816,6.0,,48,0.6655893400108659,2.7439058970315204,2.1835991614734422,4.249127399351919,True,1.3542676737358696,1.8340409321259639,6,215102.78638756633,DPR-Exact-Block,V1_03_difficult:1403715896584058112:1403715896784058112,0.038888,formal_public_module_evidence,0.008763049681763946,0.031054323096988648,0.040977924168111655,0.5156556242917917,1.264060435632567,5,1,V1_03_difficult,5,OK,True,200,1403715896584058112,6.01853544606927e-10,1403715896784058112,79,True,91
13.882422894562339,0.321263,0.050000000000000044,1.0,98,1960959.7635704086,6.0,,48,0.6655893400108659,2.7439058970315204,2.1835991614734422,16.326822588332433,True,1.3542676737358696,1.8340409321259639,6,215102.78638756633,DUC-K16,V1_03_difficult:1403715896584058112:1403715896784058112,0.038888,formal_public_module_evidence,0.008763049681763946,0.031054323096988648,0.040977924168111655,0.5156556242917917,1.264060435632567,5,1,V1_03_difficult,5,OK,True,200,1403715896584058112,6.01853544606927e-10,1403715896784058112,79,True,91
15.191041236751749,0.104826,0.050000000000000044,1.0,98,7257623.044367033,6.0,,48,0.6655893400108659,2.7439058970315204,2.1835991614734422,17.63544024795011,True,1.3542676737358696,1.8340409321259639,6,215102.78638756633,Permuted-K16,V1_03_difficult:1403715896584058112:1403715896784058112,0.038888,formal_public_module_evidence,0.008763049681763946,0.031054323096988648,0.040977924168111655,0.5156556242917917,1.264060435632567,5,1,V1_03_difficult,5,OK,True,200,1403715896584058112,6.01853544606927e-10,1403715896784058112,79,True,91
1.5993294767438808,0.006152,0.07499999999999996,0.875,77,0.026903194117252675,5.999999999999999,,16,2.3739426585591805,0.1640219318178294,2.172517736493161,3.172079221566902,True,0.36491515986978906,0.13316307390279372,6,0.1937357927785155,Raw,V1_03_difficult:1403715897084058112:1403715897284058112,0.038029,formal_public_module_evidence,0.028465022699133202,0.14670669586237878,0.10814485058045317,0.32584998858791964,0.6672419227459172,0,0,V1_03_difficult,5,OK,True,210,1403715897084058112,4.309978211225096e-09,1403715897284058112,73,True,77
1.3916901119656362,0.002053,0.07499999999999996,0.875,77,0.033111623528926375,5.999999999999999,,16,2.3739426585591805,0.1640219318178294,2.172517736493161,2.451647508689645,True,0.36491515986978906,0.13316307390279372,6,0.1937357927785155,Global-DoF,V1_03_difficult:1403715897084058112:1403715897284058112,0.038029,formal_public_module_evidence,0.028465022699133202,0.14670669586237878,0.10814485058045317,0.32584998858791964,0.6672419227459172,0,0,V1_03_difficult,5,OK,True,210,1403715897084058112,4.309978211225096e-09,1403715897284058112,73,True,77
1.1627343865176865,0.45263,0.07499999999999996,0.875,77,0.04163079301727042,5.999999999999999,,16,2.3739426585591805,0.1640219318178294,2.172517736493161,1.8576296205237022,True,0.36491515986978906,0.13316307390279372,6,0.1937357927785155,DPR-Exact-Block,V1_03_difficult:1403715897084058112:1403715897284058112,0.038029,formal_public_module_evidence,0.028465022699133202,0.14670669586237878,0.10814485058045317,0.32584998858791964,0.6672419227459172,0,0,V1_03_difficult,5,OK,True,210,1403715897084058112,4.309978211225096e-09,1403715897284058112,73,True,77
0.9856466751130744,0.179751,0.07499999999999996,0.875,77,0.04969616770646959,5.999999999999999,,16,2.3739426585591805,0.1640219318178294,2.172517736493161,1.5155937277952882,True,0.36491515986978906,0.13316307390279372,6,0.1937357927785155,DUC-K16,V1_03_difficult:1403715897084058112:1403715897284058112,0.038029,formal_public_module_evidence,0.028465022699133202,0.14670669586237878,0.10814485058045317,0.32584998858791964,0.6672419227459172,0,0,V1_03_difficult,5,OK,True,210,1403715897084058112,4.309978211225096e-09,1403715897284058112,73,True,77
1.4214363366060507,0.07015,0.07499999999999996,0.875,77,0.03214118276751101,5.999999999999999,,16,2.3739426585591805,0.1640219318178294,2.172517736493161,2.543326954939118,True,0.36491515986978906,0.13316307390279372,6,0.1937357927785155,Permuted-K16,V1_03_difficult:1403715897084058112:1403715897284058112,0.038029,formal_public_module_evidence,0.028465022699133202,0.14670669586237878,0.10814485058045317,0.32584998858791964,0.6672419227459172,0,0,V1_03_difficult,5,OK,True,210,1403715897084058112,4.309978211225096e-09,1403715897284058112,73,True,77
0.9735568109777193,0.006102,0.07499999999999996,0.875,77,0.04866034374161565,5.999999999999998,,48,2.3775027413021568,0.22059089677866503,2.1763644056983944,1.4623300240673132,True,0.3589159525864522,0.12882066102104042,6,0.014108327388562603,Raw,V1_03_difficult:1403715897084058112:1403715897284058112,0.038747,formal_public_module_evidence,0.012327507676759442,0.04332990037215947,0.05579793745460968,0.5383815604660322,1.1269544401855585,2,0,V1_03_difficult,5,OK,True,210,1403715897084058112,6.15690049915968e-11,1403715897284058112,73,True,77
0.909018289840148,0.002038,0.07499999999999996,0.875,77,0.05190436665772337,5.999999999999998,,48,2.3775027413021568,0.22059089677866503,2.1763644056983944,1.361409555507503,True,0.3589159525864522,0.12882066102104042,6,0.014108327388562603,Global-DoF,V1_03_difficult:1403715897084058112:1403715897284058112,0.038747,formal_public_module_evidence,0.012327507676759442,0.04332990037215947,0.05579793745460968,0.5383815604660322,1.1269544401855585,2,0,V1_03_difficult,5,OK,True,210,1403715897084058112,6.15690049915968e-11,1403715897284058112,73,True,77
0.840306766426102,1.290777,0.07499999999999996,0.875,77,0.05559617734102112,5.999999999999998,,48,2.3775027413021568,0.22059089677866503,2.1763644056983944,1.2653139028636708,True,0.3589159525864522,0.12882066102104042,6,0.014108327388562603,DPR-Exact-Block,V1_03_difficult:1403715897084058112:1403715897284058112,0.038747,formal_public_module_evidence,0.012327507676759442,0.04332990037215947,0.05579793745460968,0.5383815604660322,1.1269544401855585,2,0,V1_03_difficult,5,OK,True,210,1403715897084058112,6.15690049915968e-11,1403715897284058112,73,True,77
0.854515562346902,0.316049,0.07499999999999996,0.875,77,0.05481180826954141,5.999999999999998,,48,2.3775027413021568,0.22059089677866503,2.1763644056983944,1.2842629996939805,True,0.3589159525864522,0.12882066102104042,6,0.014108327388562603,DUC-K16,V1_03_difficult:1403715897084058112:1403715897284058112,0.038747,formal_public_module_evidence,0.012327507676759442,0.04332990037215947,0.05579793745460968,0.5383815604660322,1.1269544401855585,2,0,V1_03_difficult,5,OK,True,210,1403715897084058112,6.15690049915968e-11,1403715897284058112,73,True,77
0.8973946804408158,0.105021,0.07499999999999996,0.875,77,0.052511202722197094,5.999999999999998,,48,2.3775027413021568,0.22059089677866503,2.1763644056983944,1.3443517187768699,True,0.3589159525864522,0.12882066102104042,6,0.014108327388562603,Permuted-K16,V1_03_difficult:1403715897084058112:1403715897284058112,0.038747,formal_public_module_evidence,0.012327507676759442,0.04332990037215947,0.05579793745460968,0.5383815604660322,1.1269544401855585,2,0,V1_03_difficult,5,OK,True,210,1403715897084058112,6.15690049915968e-11,1403715897284058112,73,True,77
5.8457447995146605,0.005944,0.07499999999999996,0.875,82,0.26450462366096433,6.0,,16,2.5686351423308538,0.5143001299445338,2.31371109785903,346.2679482793178,True,9.563216516914279,91.45511014938207,6,0.05778556228012677,Raw,V1_03_difficult:1403715897584058112:1403715897784058112,0.039597,formal_public_module_evidence,0.02077189760053144,0.07501357267728906,0.09042198649427727,0.19947775185585137,1.030293769297867,1,0,V1_03_difficult,6,OK,True,220,1403715897584058112,2.0778826764462594e-09,1403715897784058112,73,True,81
5.638105434736415,0.001969,0.07499999999999996,0.875,82,0.32554415219811,6.0,,16,2.5686351423308538,0.5143001299445338,2.31371109785903,281.6455936890988,True,9.563216516914279,91.45511014938207,6,0.05778556228012677,Global-DoF,V1_03_difficult:1403715897584058112:1403715897784058112,0.039597,formal_public_module_evidence,0.02077189760053144,0.07501357267728906,0.09042198649427727,0.19947775185585137,1.030293769297867,1,0,V1_03_difficult,6,OK,True,220,1403715897584058112,2.0778826764462594e-09,1403715897784058112,73,True,81
5.553705474192256,0.453933,0.07499999999999996,0.875,82,0.3542128689853276,6.0,,16,2.5686351423308538,0.5143001299445338,2.31371109785903,258.99253106358066,True,9.563216516914279,91.45511014938207,6,0.05778556228012677,DPR-Exact-Block,V1_03_difficult:1403715897584058112:1403715897784058112,0.039597,formal_public_module_evidence,0.02077189760053144,0.07501357267728906,0.09042198649427727,0.19947775185585137,1.030293769297867,1,0,V1_03_difficult,6,OK,True,220,1403715897584058112,2.0778826764462594e-09,1403715897784058112,73,True,81
5.613227863612701,0.177658,0.07499999999999996,0.875,82,0.33374447918415356,6.0,,16,2.5686351423308538,0.5143001299445338,2.31371109785903,274.7678322981847,True,9.563216516914279,91.45511014938207,6,0.05778556228012677,DUC-K16,V1_03_difficult:1403715897584058112:1403715897784058112,0.039597,formal_public_module_evidence,0.02077189760053144,0.07501357267728906,0.09042198649427727,0.19947775185585137,1.030293769297867,1,0,V1_03_difficult,6,OK,True,220,1403715897584058112,2.0778826764462594e-09,1403715897784058112,73,True,81
5.546117733907109,0.069978,0.07499999999999996,0.875,82,0.35691076677069355,6.0,,16,2.5686351423308538,0.5143001299445338,2.31371109785903,257.0484348843299,True,9.563216516914279,91.45511014938207,6,0.05778556228012677,Permuted-K16,V1_03_difficult:1403715897584058112:1403715897784058112,0.039597,formal_public_module_evidence,0.02077189760053144,0.07501357267728906,0.09042198649427727,0.19947775185585137,1.030293769297867,1,0,V1_03_difficult,6,OK,True,220,1403715897584058112,2.0778826764462594e-09,1403715897784058112,73,True,81
6.4802701801455225,0.006252,0.07499999999999996,0.875,82,0.14011834120231842,5.999999999999999,,48,2.4140723733439557,0.37432384535628827,2.3014283321928484,652.019728821797,True,9.559172172770158,91.37777262866335,6,0.006849187453555894,Raw,V1_03_difficult:1403715897584058112:1403715897784058112,0.038449,formal_public_module_evidence,0.006828143154998634,0.045976631095522885,0.04929525683920075,0.34415655016572977,1.0,4,0,V1_03_difficult,4,OK,True,220,1403715897584058112,6.093043154531369e-09,1403715897784058112,73,True,81
6.415731659007951,0.002052,0.07499999999999996,0.875,82,0.14945956394913965,5.999999999999999,,48,2.4140723733439557,0.37432384535628827,2.3014283321928484,611.3250723632772,True,9.559172172770158,91.37777262866335,6,0.006849187453555894,Global-DoF,V1_03_difficult:1403715897584058112:1403715897784058112,0.038449,formal_public_module_evidence,0.006828143154998634,0.045976631095522885,0.04929525683920075,0.34415655016572977,1.0,4,0,V1_03_difficult,4,OK,True,220,1403715897584058112,6.093043154531369e-09,1403715897784058112,73,True,81
6.350122532634517,1.297975,0.07499999999999996,0.875,82,0.15959430594813254,5.999999999999999,,48,2.4140723733439557,0.37432384535628827,2.3014283321928484,572.5656191462868,True,9.559172172770158,91.37777262866335,6,0.006849187453555894,DPR-Exact-Block,V1_03_difficult:1403715897584058112:1403715897784058112,0.038449,formal_public_module_evidence,0.006828143154998634,0.045976631095522885,0.04929525683920075,0.34415655016572977,1.0,4,0,V1_03_difficult,4,OK,True,220,1403715897584058112,6.093043154531369e-09,1403715897784058112,73,True,81
6.343296694310934,0.3221,0.07499999999999996,0.875,82,0.16068739726609144,5.999999999999999,,48,2.4140723733439557,0.37432384535628827,2.3014283321928484,568.6775316032847,True,9.559172172770158,91.37777262866335,6,0.006849187453555894,DUC-K16,V1_03_difficult:1403715897584058112:1403715897784058112,0.038449,formal_public_module_evidence,0.006828143154998634,0.045976631095522885,0.04929525683920075,0.34415655016572977,1.0,4,0,V1_03_difficult,4,OK,True,220,1403715897584058112,6.093043154531369e-09,1403715897784058112,73,True,81
6.446170195412741,0.105872,0.07499999999999996,0.875,82,0.14497877386751268,5.999999999999999,,48,2.4140723733439557,0.37432384535628827,2.3014283321928484,630.190509932865,True,9.559172172770158,91.37777262866335,6,0.006849187453555894,Permuted-K16,V1_03_difficult:1403715897584058112:1403715897784058112,0.038449,formal_public_module_evidence,0.006828143154998634,0.045976631095522885,0.04929525683920075,0.34415655016572977,1.0,4,0,V1_03_difficult,4,OK,True,220,1403715897584058112,6.093043154531369e-09,1403715897784058112,73,True,81
,,,,94,,,INSUFFICIENT_TRACKS,16,,,,,,,,,,Raw,V1_03_difficult:1403715898084058112:1403715898284058112,,formal_public_module_evidence,,,,,,,,V1_03_difficult,,,,230,1403715898084058112,,1403715898284058112,64,False,83
,,,,94,,,INSUFFICIENT_TRACKS,16,,,,,,,,,,Global-DoF,V1_03_difficult:1403715898084058112:1403715898284058112,,formal_public_module_evidence,,,,,,,,V1_03_difficult,,,,230,1403715898084058112,,1403715898284058112,64,False,83
,,,,94,,,INSUFFICIENT_TRACKS,16,,,,,,,,,,DPR-Exact-Block,V1_03_difficult:1403715898084058112:1403715898284058112,,formal_public_module_evidence,,,,,,,,V1_03_difficult,,,,230,1403715898084058112,,1403715898284058112,64,False,83
,,,,94,,,INSUFFICIENT_TRACKS,16,,,,,,,,,,DUC-K16,V1_03_difficult:1403715898084058112:1403715898284058112,,formal_public_module_evidence,,,,,,,,V1_03_difficult,,,,230,1403715898084058112,,1403715898284058112,64,False,83
,,,,94,,,INSUFFICIENT_TRACKS,16,,,,,,,,,,Permuted-K16,V1_03_difficult:1403715898084058112:1403715898284058112,,formal_public_module_evidence,,,,,,,,V1_03_difficult,,,,230,1403715898084058112,,1403715898284058112,64,False,83
,,,,94,,,INSUFFICIENT_TRACKS,48,,,,,,,,,,Raw,V1_03_difficult:1403715898084058112:1403715898284058112,,formal_public_module_evidence,,,,,,,,V1_03_difficult,,,,230,1403715898084058112,,1403715898284058112,64,False,83
,,,,94,,,INSUFFICIENT_TRACKS,48,,,,,,,,,,Global-DoF,V1_03_difficult:1403715898084058112:1403715898284058112,,formal_public_module_evidence,,,,,,,,V1_03_difficult,,,,230,1403715898084058112,,1403715898284058112,64,False,83
,,,,94,,,INSUFFICIENT_TRACKS,48,,,,,,,,,,DPR-Exact-Block,V1_03_difficult:1403715898084058112:1403715898284058112,,formal_public_module_evidence,,,,,,,,V1_03_difficult,,,,230,1403715898084058112,,1403715898284058112,64,False,83
,,,,94,,,INSUFFICIENT_TRACKS,48,,,,,,,,,,DUC-K16,V1_03_difficult:1403715898084058112:1403715898284058112,,formal_public_module_evidence,,,,,,,,V1_03_difficult,,,,230,1403715898084058112,,1403715898284058112,64,False,83
,,,,94,,,INSUFFICIENT_TRACKS,48,,,,,,,,,,Permuted-K16,V1_03_difficult:1403715898084058112:1403715898284058112,,formal_public_module_evidence,,,,,,,,V1_03_difficult,,,,230,1403715898084058112,,1403715898284058112,64,False,83
,,,,126,,,INSUFFICIENT_TRACKS,16,,,,,,,,,,Raw,V1_03_difficult:1403715898584058112:1403715898784058112,,formal_public_module_evidence,,,,,,,,V1_03_difficult,,,,240,1403715898584058112,,1403715898784058112,0,False,113
,,,,126,,,INSUFFICIENT_TRACKS,16,,,,,,,,,,Global-DoF,V1_03_difficult:1403715898584058112:1403715898784058112,,formal_public_module_evidence,,,,,,,,V1_03_difficult,,,,240,1403715898584058112,,1403715898784058112,0,False,113
,,,,126,,,INSUFFICIENT_TRACKS,16,,,,,,,,,,DPR-Exact-Block,V1_03_difficult:1403715898584058112:1403715898784058112,,formal_public_module_evidence,,,,,,,,V1_03_difficult,,,,240,1403715898584058112,,1403715898784058112,0,False,113
,,,,126,,,INSUFFICIENT_TRACKS,16,,,,,,,,,,DUC-K16,V1_03_difficult:1403715898584058112:1403715898784058112,,formal_public_module_evidence,,,,,,,,V1_03_difficult,,,,240,1403715898584058112,,1403715898784058112,0,False,113
,,,,126,,,INSUFFICIENT_TRACKS,16,,,,,,,,,,Permuted-K16,V1_03_difficult:1403715898584058112:1403715898784058112,,formal_public_module_evidence,,,,,,,,V1_03_difficult,,,,240,1403715898584058112,,1403715898784058112,0,False,113
,,,,126,,,INSUFFICIENT_TRACKS,48,,,,,,,,,,Raw,V1_03_difficult:1403715898584058112:1403715898784058112,,formal_public_module_evidence,,,,,,,,V1_03_difficult,,,,240,1403715898584058112,,1403715898784058112,0,False,113
,,,,126,,,INSUFFICIENT_TRACKS,48,,,,,,,,,,Global-DoF,V1_03_difficult:1403715898584058112:1403715898784058112,,formal_public_module_evidence,,,,,,,,V1_03_difficult,,,,240,1403715898584058112,,1403715898784058112,0,False,113
,,,,126,,,INSUFFICIENT_TRACKS,48,,,,,,,,,,DPR-Exact-Block,V1_03_difficult:1403715898584058112:1403715898784058112,,formal_public_module_evidence,,,,,,,,V1_03_difficult,,,,240,1403715898584058112,,1403715898784058112,0,False,113
,,,,126,,,INSUFFICIENT_TRACKS,48,,,,,,,,,,DUC-K16,V1_03_difficult:1403715898584058112:1403715898784058112,,formal_public_module_evidence,,,,,,,,V1_03_difficult,,,,240,1403715898584058112,,1403715898784058112,0,False,113
,,,,126,,,INSUFFICIENT_TRACKS,48,,,,,,,,,,Permuted-K16,V1_03_difficult:1403715898584058112:1403715898784058112,,formal_public_module_evidence,,,,,,,,V1_03_difficult,,,,240,1403715898584058112,,1403715898784058112,0,False,113
0.23054467917723398,0.006074,0.033333333333333326,0.9166666666666666,326,14.238903483299726,5.999999999999998,,16,2.176686350301796,3.773447161853433,2.1401708987472237,5.753140696730147,True,4.23448319935798,17.930847965644997,6,0.04681398692998706,Raw,V1_03_difficult:1403715899084058112:1403715899284058112,0.039307,formal_public_module_evidence,0.02733399403651182,0.07960413485535978,0.11773657244517108,0.1665109824952249,1.0202254208244215,0,0,V1_03_difficult,5,OK,True,250,1403715899084058112,1.295479758316901e-08,1403715899284058112,245,True,307
0.022905314398989653,0.002057,0.033333333333333326,0.9166666666666666,326,17.52480428713812,5.999999999999998,,16,2.176686350301796,3.773447161853433,2.1401708987472237,5.724663987156062,True,4.23448319935798,17.930847965644997,6,0.04681398692998706,Global-DoF,V1_03_difficult:1403715899084058112:1403715899284058112,0.039307,formal_public_module_evidence,0.02733399403651182,0.07960413485535978,0.11773657244517108,0.1665109824952249,1.0202254208244215,0,0,V1_03_difficult,5,OK,True,250,1403715899084058112,1.295479758316901e-08,1403715899284058112,245,True,307
0.010213053210663174,0.485698,0.033333333333333326,0.9166666666666666,326,18.1149150133611,5.999999999999998,,16,2.176686350301796,3.773447161853433,2.1401708987472237,5.724451622160738,True,4.23448319935798,17.930847965644997,6,0.04681398692998706,DPR-Exact-Block,V1_03_difficult:1403715899084058112:1403715899284058112,0.039307,formal_public_module_evidence,0.02733399403651182,0.07960413485535978,0.11773657244517108,0.1665109824952249,1.0202254208244215,0,0,V1_03_difficult,5,OK,True,250,1403715899084058112,1.295479758316901e-08,1403715899284058112,245,True,307
0.03773215431168732,0.179887,0.033333333333333326,0.9166666666666666,326,17.266883618687785,5.999999999999998,,16,2.176686350301796,3.773447161853433,2.1401708987472237,5.725120542169705,True,4.23448319935798,17.930847965644997,6,0.04681398692998706,DUC-K16,V1_03_difficult:1403715899084058112:1403715899284058112,0.039307,formal_public_module_evidence,0.02733399403651182,0.07960413485535978,0.11773657244517108,0.1665109824952249,1.0202254208244215,0,0,V1_03_difficult,5,OK,True,250,1403715899084058112,1.295479758316901e-08,1403715899284058112,245,True,307
0.051722845186522454,0.070881,0.033333333333333326,0.9166666666666666,326,17.026990039104344,5.999999999999998,,16,2.176686350301796,3.773447161853433,2.1401708987472237,5.725760635651379,True,4.23448319935798,17.930847965644997,6,0.04681398692998706,Permuted-K16,V1_03_difficult:1403715899084058112:1403715899284058112,0.039307,formal_public_module_evidence,0.02733399403651182,0.07960413485535978,0.11773657244517108,0.1665109824952249,1.0202254208244215,0,0,V1_03_difficult,5,OK,True,250,1403715899084058112,1.295479758316901e-08,1403715899284058112,245,True,307
0.8770015082236762,0.00623,0.033333333333333326,0.9166666666666666,326,5.939171474038833,6.000000000000002,,48,2.1982326635656007,2.4370415413034783,2.1631217950168797,6.023128178362559,True,3.7783430791823656,14.275876424005281,6,0.013903757657267812,Raw,V1_03_difficult:1403715899084058112:1403715899284058112,0.039211,formal_public_module_evidence,0.015647807105394096,0.03998565711978523,0.06709364946181677,0.4934959395937141,1.655869214477314,4,0,V1_03_difficult,5,OK,True,250,1403715899084058112,1.302478604101716e-10,1403715899284058112,245,True,307
0.8124629870861051,0.001914,0.033333333333333326,0.9166666666666666,326,6.335116238974755,6.000000000000002,,48,2.1982326635656007,2.4370415413034783,2.1631217950168797,5.937436607575612,True,3.7783430791823656,14.275876424005281,6,0.013903757657267812,Global-DoF,V1_03_difficult:1403715899084058112:1403715899284058112,0.039211,formal_public_module_evidence,0.015647807105394096,0.03998565711978523,0.06709364946181677,0.4934959395937141,1.655869214477314,4,0,V1_03_difficult,5,OK,True,250,1403715899084058112,1.302478604101716e-10,1403715899284058112,245,True,307
0.8014889519279974,1.249323,0.033333333333333326,0.9166666666666666,326,6.4050208938352,6.000000000000002,,48,2.1982326635656007,2.4370415413034783,2.1631217950168797,5.9238163840270595,True,3.7783430791823656,14.275876424005281,6,0.013903757657267812,DPR-Exact-Block,V1_03_difficult:1403715899084058112:1403715899284058112,0.039211,formal_public_module_evidence,0.015647807105394096,0.03998565711978523,0.06709364946181677,0.4934959395937141,1.655869214477314,4,0,V1_03_difficult,5,OK,True,250,1403715899084058112,1.302478604101716e-10,1403715899284058112,245,True,307
0.8154902722040662,0.312013,0.033333333333333326,0.9166666666666666,326,6.315967035537579,6.000000000000002,,48,2.1982326635656007,2.4370415413034783,2.1631217950168797,5.941241498535665,True,3.7783430791823656,14.275876424005281,6,0.013903757657267812,DUC-K16,V1_03_difficult:1403715899084058112:1403715899284058112,0.039211,formal_public_module_evidence,0.015647807105394096,0.03998565711978523,0.06709364946181677,0.4934959395937141,1.655869214477314,4,0,V1_03_difficult,5,OK,True,250,1403715899084058112,1.302478604101716e-10,1403715899284058112,245,True,307
0.8533403522249647,0.110989,0.033333333333333326,0.9166666666666666,326,6.081374850605688,6.000000000000002,,48,2.1982326635656007,2.4370415413034783,2.1631217950168797,5.990583027443056,True,3.7783430791823656,14.275876424005281,6,0.013903757657267812,Permuted-K16,V1_03_difficult:1403715899084058112:1403715899284058112,0.039211,formal_public_module_evidence,0.015647807105394096,0.03998565711978523,0.06709364946181677,0.4934959395937141,1.655869214477314,4,0,V1_03_difficult,5,OK,True,250,1403715899084058112,1.302478604101716e-10,1403715899284058112,245,True,307
0.8228801552641183,0.011595,0.050000000000000044,1.0,490,4.48970940767875,6.000000000000002,,16,1.8766032619055368,2.118893439434544,1.9083808057860299,3.77883001413609,True,1.4041805753444423,1.971723088174649,6,0.0017873322507983014,Raw,V1_03_difficult:1403715899584058112:1403715899784058112,0.039583,formal_public_module_evidence,0.018836339481729525,0.05064583530318986,0.07590205199455295,0.22096682024156614,0.8106268056617226,0,0,V1_03_difficult,5,OK,True,260,1403715899584058112,2.7262789250959334e-09,1403715899784058112,383,True,466
1.0305195200423627,0.002069,0.050000000000000044,1.0,490,5.525796194066154,6.000000000000002,,16,1.8766032619055368,2.118893439434544,1.9083808057860299,3.9041259474217633,True,1.4041805753444423,1.971723088174649,6,0.0017873322507983014,Global-DoF,V1_03_difficult:1403715899584058112:1403715899784058112,0.039583,formal_public_module_evidence,0.018836339481729525,0.05064583530318986,0.07590205199455295,0.22096682024156614,0.8106268056617226,0,0,V1_03_difficult,5,OK,True,260,1403715899584058112,2.7262789250959334e-09,1403715899784058112,383,True,466
1.2366872194571006,0.484634,0.050000000000000044,1.0,490,6.790978525721824,6.000000000000002,,16,1.8766032619055368,2.118893439434544,1.9083808057860299,4.0438165843950005,True,1.4041805753444423,1.971723088174649,6,0.0017873322507983014,DPR-Exact-Block,V1_03_difficult:1403715899584058112:1403715899784058112,0.039583,formal_public_module_evidence,0.018836339481729525,0.05064583530318986,0.07590205199455295,0.22096682024156614,0.8106268056617226,0,0,V1_03_difficult,5,OK,True,260,1403715899584058112,2.7262789250959334e-09,1403715899784058112,383,True,466
1.2348982880222155,0.178118,0.050000000000000044,1.0,490,6.778840790788323,6.000000000000002,,16,1.8766032619055368,2.118893439434544,1.9083808057860299,4.04254752418499,True,1.4041805753444423,1.971723088174649,6,0.0017873322507983014,DUC-K16,V1_03_difficult:1403715899584058112:1403715899784058112,0.039583,formal_public_module_evidence,0.018836339481729525,0.05064583530318986,0.07590205199455295,0.22096682024156614,0.8106268056617226,0,0,V1_03_difficult,5,OK,True,260,1403715899584058112,2.7262789250959334e-09,1403715899784058112,383,True,466
1.0614301015828356,0.06994,0.050000000000000044,1.0,490,5.699269028968164,6.000000000000002,,16,1.8766032619055368,2.118893439434544,1.9083808057860299,3.9241756899369964,True,1.4041805753444423,1.971723088174649,6,0.0017873322507983014,Permuted-K16,V1_03_difficult:1403715899584058112:1403715899784058112,0.039583,formal_public_module_evidence,0.018836339481729525,0.05064583530318986,0.07590205199455295,0.22096682024156614,0.8106268056617226,0,0,V1_03_difficult,5,OK,True,260,1403715899584058112,2.7262789250959334e-09,1403715899784058112,383,True,466
0.6968177861246325,0.006752,0.008333333333333415,0.9583333333333334,490,1.8937490984560121,6.0,,48,1.8521954583934284,1.376135566888674,1.8791748083574886,2.9746036420584026,True,0.97129054212675,0.9434053172248761,6,0.031706854201306145,Raw,V1_03_difficult:1403715899584058112:1403715899784058112,0.03871,formal_public_module_evidence,0.008490988504306962,0.03656082596957459,0.05171674943973298,0.366655706744956,1.0,9,0,V1_03_difficult,4,OK,True,260,1403715899584058112,9.256216982967546e-09,1403715899784058112,383,True,466
0.7613563072622037,0.001985,0.008333333333333415,0.9583333333333334,490,2.0199990383530797,6.0,,48,1.8521954583934284,1.376135566888674,1.8791748083574886,3.008006659356195,True,0.97129054212675,0.9434053172248761,6,0.031706854201306145,Global-DoF,V1_03_difficult:1403715899584058112:1403715899784058112,0.03871,formal_public_module_evidence,0.008490988504306962,0.03656082596957459,0.05171674943973298,0.366655706744956,1.0,9,0,V1_03_difficult,4,OK,True,260,1403715899584058112,9.256216982967546e-09,1403715899784058112,383,True,466
0.8524837100252072,1.311256,0.008333333333333415,0.9583333333333334,490,2.2127242265831515,6.0,,48,1.8521954583934284,1.376135566888674,1.8791748083574886,3.058456178951,True,0.97129054212675,0.9434053172248761,6,0.031706854201306145,DPR-Exact-Block,V1_03_difficult:1403715899584058112:1403715899784058112,0.03871,formal_public_module_evidence,0.008490988504306962,0.03656082596957459,0.05171674943973298,0.366655706744956,1.0,9,0,V1_03_difficult,4,OK,True,260,1403715899584058112,9.256216982967546e-09,1403715899784058112,383,True,466
0.8202633090428078,0.314958,0.008333333333333415,0.9583333333333334,490,2.1425657021431816,6.0,,48,1.8521954583934284,1.376135566888674,1.8791748083574886,3.0401968036753337,True,0.97129054212675,0.9434053172248761,6,0.031706854201306145,DUC-K16,V1_03_difficult:1403715899584058112:1403715899784058112,0.03871,formal_public_module_evidence,0.008490988504306962,0.03656082596957459,0.05171674943973298,0.366655706744956,1.0,9,0,V1_03_difficult,4,OK,True,260,1403715899584058112,9.256216982967546e-09,1403715899784058112,383,True,466
0.7335122381712746,0.105863,0.008333333333333415,0.9583333333333334,490,1.9645298728912286,6.0,,48,1.8521954583934284,1.376135566888674,1.8791748083574886,2.9933494125024236,True,0.97129054212675,0.9434053172248761,6,0.031706854201306145,Permuted-K16,V1_03_difficult:1403715899584058112:1403715899784058112,0.03871,formal_public_module_evidence,0.008490988504306962,0.03656082596957459,0.05171674943973298,0.366655706744956,1.0,9,0,V1_03_difficult,4,OK,True,260,1403715899584058112,9.256216982967546e-09,1403715899784058112,383,True,466
1.837355678197481,0.006649,0.008333333333333415,0.9583333333333334,648,2.5020823153913176,6.0,,16,1.5528551571260671,1.5817971789680616,1.5427103514796967,9.034910560056941,True,3.9639440219807884,15.712852209397228,6,0.05812939984591081,Raw,V1_03_difficult:1403715900084058112:1403715900284058112,0.039834,formal_public_module_evidence,0.021929861681572516,0.08660155631179173,0.1035640198688688,0.23038555612341266,0.7386034004671682,0,0,V1_03_difficult,5,OK,True,270,1403715900084058112,6.419691733595583e-10,1403715900284058112,378,True,629
1.6297163134192365,0.002057,0.008333333333333415,0.9583333333333334,648,3.079485926635468,6.0,,16,1.5528551571260671,1.5817971789680616,1.5427103514796967,8.065066765652547,True,3.9639440219807884,15.712852209397228,6,0.05812939984591081,Global-DoF,V1_03_difficult:1403715900084058112:1403715900284058112,0.039834,formal_public_module_evidence,0.021929861681572516,0.08660155631179173,0.1035640198688688,0.23038555612341266,0.7386034004671682,0,0,V1_03_difficult,5,OK,True,270,1403715900084058112,6.419691733595583e-10,1403715900284058112,378,True,629
1.571561600323225,0.457179,0.008333333333333415,0.9583333333333334,648,3.2638823418161538,6.0,,16,1.5528551571260671,1.5817971789680616,1.5427103514796967,7.83495457655939,True,3.9639440219807884,15.712852209397228,6,0.05812939984591081,DPR-Exact-Block,V1_03_difficult:1403715900084058112:1403715900284058112,0.039834,formal_public_module_evidence,0.021929861681572516,0.08660155631179173,0.1035640198688688,0.23038555612341266,0.7386034004671682,0,0,V1_03_difficult,5,OK,True,270,1403715900084058112,6.419691733595583e-10,1403715900284058112,378,True,629
1.6314489813047612,0.17821,0.008333333333333415,0.9583333333333334,648,3.0741548201187148,6.0,,16,1.5528551571260671,1.5817971789680616,1.5427103514796967,8.07218257272873,True,3.9639440219807884,15.712852209397228,6,0.05812939984591081,DUC-K16,V1_03_difficult:1403715900084058112:1403715900284058112,0.039834,formal_public_module_evidence,0.021929861681572516,0.08660155631179173,0.1035640198688688,0.23038555612341266,0.7386034004671682,0,0,V1_03_difficult,5,OK,True,270,1403715900084058112,6.419691733595583e-10,1403715900284058112,378,True,629
1.3561901104465508,0.071194,0.008333333333333415,0.9583333333333334,648,4.048266962687517,6.0,,16,1.5528551571260671,1.5817971789680616,1.5427103514796967,7.117543422386515,True,3.9639440219807884,15.712852209397228,6,0.05812939984591081,Permuted-K16,V1_03_difficult:1403715900084058112:1403715900284058112,0.039834,formal_public_module_evidence,0.021929861681572516,0.08660155631179173,0.1035640198688688,0.23038555612341266,0.7386034004671682,0,0,V1_03_difficult,5,OK,True,270,1403715900084058112,6.419691733595583e-10,1403715900284058112,378,True,629
0.07388451250083726,0.005939,0.008333333333333415,0.9583333333333334,648,12.661604145875648,6.0,,48,1.4988028897044012,3.5583147901605963,1.5311067257702475,5.305230134889181,True,3.4292610580120724,11.759831403998078,6,0.0058290212103776495,Raw,V1_03_difficult:1403715900084058112:1403715900284058112,0.038014,formal_public_module_evidence,0.010342135862726365,0.037321035364408756,0.05114603094639556,0.36348513151121675,1.080817393546843,1,0,V1_03_difficult,4,OK,True,270,1403715900084058112,1.2674517396849442e-09,1403715900284058112,378,True,629
0.13842303363840833,0.001962,0.008333333333333415,0.9583333333333334,648,13.505711088934024,6.0,,48,1.4988028897044012,3.5583147901605963,1.5311067257702475,5.311719971651377,True,3.4292610580120724,11.759831403998078,6,0.0058290212103776495,Global-DoF,V1_03_difficult:1403715900084058112:1403715900284058112,0.038014,formal_public_module_evidence,0.010342135862726365,0.037321035364408756,0.05114603094639556,0.36348513151121675,1.080817393546843,1,0,V1_03_difficult,4,OK,True,270,1403715900084058112,1.2674517396849442e-09,1403715900284058112,378,True,629
0.18869178970797587,1.301914,0.008333333333333415,0.9583333333333334,648,14.201980059284985,6.0,,48,1.4988028897044012,3.5583147901605963,1.5311067257702475,5.319300140427253,True,3.4292610580120724,11.759831403998078,6,0.0058290212103776495,DPR-Exact-Block,V1_03_difficult:1403715900084058112:1403715900284058112,0.038014,formal_public_module_evidence,0.010342135862726365,0.037321035364408756,0.05114603094639556,0.36348513151121675,1.080817393546843,1,0,V1_03_difficult,4,OK,True,270,1403715900084058112,1.2674517396849442e-09,1403715900284058112,378,True,629
0.18284571344499287,0.313892,0.008333333333333415,0.9583333333333334,648,14.119196416290052,6.0,,48,1.4988028897044012,3.5583147901605963,1.5311067257702475,5.318309036406549,True,3.4292610580120724,11.759831403998078,6,0.0058290212103776495,DUC-K16,V1_03_difficult:1403715900084058112:1403715900284058112,0.038014,formal_public_module_evidence,0.010342135862726365,0.037321035364408756,0.05114603094639556,0.36348513151121675,1.080817393546843,1,0,V1_03_difficult,4,OK,True,270,1403715900084058112,1.2674517396849442e-09,1403715900284058112,378,True,629
0.10332201944606213,0.104523,0.008333333333333415,0.9583333333333334,648,13.039870499366984,6.0,,48,1.4988028897044012,3.5583147901605963,1.5311067257702475,5.307725209650333,True,3.4292610580120724,11.759831403998078,6,0.0058290212103776495,Permuted-K16,V1_03_difficult:1403715900084058112:1403715900284058112,0.038014,formal_public_module_evidence,0.010342135862726365,0.037321035364408756,0.05114603094639556,0.36348513151121675,1.080817393546843,1,0,V1_03_difficult,4,OK,True,270,1403715900084058112,1.2674517396849442e-09,1403715900284058112,378,True,629
,,,,227,,,INSUFFICIENT_TRACKS,16,,,,,,,,,,Raw,V1_03_difficult:1403715900584058112:1403715900784058112,,formal_public_module_evidence,,,,,,,,V1_03_difficult,,,,280,1403715900584058112,,1403715900784058112,34,False,185
,,,,227,,,INSUFFICIENT_TRACKS,16,,,,,,,,,,Global-DoF,V1_03_difficult:1403715900584058112:1403715900784058112,,formal_public_module_evidence,,,,,,,,V1_03_difficult,,,,280,1403715900584058112,,1403715900784058112,34,False,185
,,,,227,,,INSUFFICIENT_TRACKS,16,,,,,,,,,,DPR-Exact-Block,V1_03_difficult:1403715900584058112:1403715900784058112,,formal_public_module_evidence,,,,,,,,V1_03_difficult,,,,280,1403715900584058112,,1403715900784058112,34,False,185
,,,,227,,,INSUFFICIENT_TRACKS,16,,,,,,,,,,DUC-K16,V1_03_difficult:1403715900584058112:1403715900784058112,,formal_public_module_evidence,,,,,,,,V1_03_difficult,,,,280,1403715900584058112,,1403715900784058112,34,False,185
,,,,227,,,INSUFFICIENT_TRACKS,16,,,,,,,,,,Permuted-K16,V1_03_difficult:1403715900584058112:1403715900784058112,,formal_public_module_evidence,,,,,,,,V1_03_difficult,,,,280,1403715900584058112,,1403715900784058112,34,False,185
,,,,227,,,INSUFFICIENT_TRACKS,48,,,,,,,,,,Raw,V1_03_difficult:1403715900584058112:1403715900784058112,,formal_public_module_evidence,,,,,,,,V1_03_difficult,,,,280,1403715900584058112,,1403715900784058112,34,False,185
,,,,227,,,INSUFFICIENT_TRACKS,48,,,,,,,,,,Global-DoF,V1_03_difficult:1403715900584058112:1403715900784058112,,formal_public_module_evidence,,,,,,,,V1_03_difficult,,,,280,1403715900584058112,,1403715900784058112,34,False,185
,,,,227,,,INSUFFICIENT_TRACKS,48,,,,,,,,,,DPR-Exact-Block,V1_03_difficult:1403715900584058112:1403715900784058112,,formal_public_module_evidence,,,,,,,,V1_03_difficult,,,,280,1403715900584058112,,1403715900784058112,34,False,185
,,,,227,,,INSUFFICIENT_TRACKS,48,,,,,,,,,,DUC-K16,V1_03_difficult:1403715900584058112:1403715900784058112,,formal_public_module_evidence,,,,,,,,V1_03_difficult,,,,280,1403715900584058112,,1403715900784058112,34,False,185
,,,,227,,,INSUFFICIENT_TRACKS,48,,,,,,,,,,Permuted-K16,V1_03_difficult:1403715900584058112:1403715900784058112,,formal_public_module_evidence,,,,,,,,V1_03_difficult,,,,280,1403715900584058112,,1403715900784058112,34,False,185
,,,,201,,,INSUFFICIENT_TRACKS,16,,,,,,,,,,Raw,V1_03_difficult:1403715901084058112:1403715901284058112,,formal_public_module_evidence,,,,,,,,V1_03_difficult,,,,290,1403715901084058112,,1403715901284058112,54,False,153
,,,,201,,,INSUFFICIENT_TRACKS,16,,,,,,,,,,Global-DoF,V1_03_difficult:1403715901084058112:1403715901284058112,,formal_public_module_evidence,,,,,,,,V1_03_difficult,,,,290,1403715901084058112,,1403715901284058112,54,False,153
,,,,201,,,INSUFFICIENT_TRACKS,16,,,,,,,,,,DPR-Exact-Block,V1_03_difficult:1403715901084058112:1403715901284058112,,formal_public_module_evidence,,,,,,,,V1_03_difficult,,,,290,1403715901084058112,,1403715901284058112,54,False,153
,,,,201,,,INSUFFICIENT_TRACKS,16,,,,,,,,,,DUC-K16,V1_03_difficult:1403715901084058112:1403715901284058112,,formal_public_module_evidence,,,,,,,,V1_03_difficult,,,,290,1403715901084058112,,1403715901284058112,54,False,153
,,,,201,,,INSUFFICIENT_TRACKS,16,,,,,,,,,,Permuted-K16,V1_03_difficult:1403715901084058112:1403715901284058112,,formal_public_module_evidence,,,,,,,,V1_03_difficult,,,,290,1403715901084058112,,1403715901284058112,54,False,153
,,,,201,,,INSUFFICIENT_TRACKS,48,,,,,,,,,,Raw,V1_03_difficult:1403715901084058112:1403715901284058112,,formal_public_module_evidence,,,,,,,,V1_03_difficult,,,,290,1403715901084058112,,1403715901284058112,54,False,153
,,,,201,,,INSUFFICIENT_TRACKS,48,,,,,,,,,,Global-DoF,V1_03_difficult:1403715901084058112:1403715901284058112,,formal_public_module_evidence,,,,,,,,V1_03_difficult,,,,290,1403715901084058112,,1403715901284058112,54,False,153
,,,,201,,,INSUFFICIENT_TRACKS,48,,,,,,,,,,DPR-Exact-Block,V1_03_difficult:1403715901084058112:1403715901284058112,,formal_public_module_evidence,,,,,,,,V1_03_difficult,,,,290,1403715901084058112,,1403715901284058112,54,False,153
,,,,201,,,INSUFFICIENT_TRACKS,48,,,,,,,,,,DUC-K16,V1_03_difficult:1403715901084058112:1403715901284058112,,formal_public_module_evidence,,,,,,,,V1_03_difficult,,,,290,1403715901084058112,,1403715901284058112,54,False,153
,,,,201,,,INSUFFICIENT_TRACKS,48,,,,,,,,,,Permuted-K16,V1_03_difficult:1403715901084058112:1403715901284058112,,formal_public_module_evidence,,,,,,,,V1_03_difficult,,,,290,1403715901084058112,,1403715901284058112,54,False,153
1.688050042872469,0.00602,0.3666666666666666,0.5833333333333334,410,0.2107898835557097,5.999999999999999,,16,2.0252209551250098,0.45911859421690787,2.000189248953031,5.689906858963968,True,1.0677763348861273,1.140146301342851,6,0.05103593728999034,Raw,V1_03_difficult:1403715901584058112:1403715901784058112,0.038583,formal_public_module_evidence,0.020587193999792586,0.05296472471810118,0.07921570516719303,0.17531663634274702,0.772370657259201,0,0,V1_03_difficult,5,OK,True,300,1403715901584058112,5.026619492979696e-09,1403715901784058112,156,True,282
1.4804106780942246,0.002037,0.2833333333333333,0.6666666666666666,410,0.25943370283779654,5.999999999999999,,16,2.0252209551250098,0.45911859421690787,2.000189248953031,4.883373114977791,True,1.0677763348861273,1.140146301342851,6,0.05103593728999034,Global-DoF,V1_03_difficult:1403715901584058112:1403715901784058112,0.038583,formal_public_module_evidence,0.020587193999792586,0.05296472471810118,0.07921570516719303,0.17531663634274702,0.772370657259201,0,0,V1_03_difficult,5,OK,True,300,1403715901584058112,5.026619492979696e-09,1403715901784058112,156,True,282
1.4135728021719074,0.452174,0.2833333333333333,0.6666666666666666,410,0.2773663139273479,5.999999999999999,,16,2.0252209551250098,0.45911859421690787,2.000189248953031,4.666076468779388,True,1.0677763348861273,1.140146301342851,6,0.05103593728999034,DPR-Exact-Block,V1_03_difficult:1403715901584058112:1403715901784058112,0.038583,formal_public_module_evidence,0.020587193999792586,0.05296472471810118,0.07921570516719303,0.17531663634274702,0.772370657259201,0,0,V1_03_difficult,5,OK,True,300,1403715901584058112,5.026619492979696e-09,1403715901784058112,156,True,282
1.4659571518491268,0.185409,0.2833333333333333,0.6666666666666666,410,0.263210664123396,5.999999999999999,,16,2.0252209551250098,0.45911859421690787,2.000189248953031,4.834763842508743,True,1.0677763348861273,1.140146301342851,6,0.05103593728999034,DUC-K16,V1_03_difficult:1403715901584058112:1403715901784058112,0.038583,formal_public_module_evidence,0.020587193999792586,0.05296472471810118,0.07921570516719303,0.17531663634274702,0.772370657259201,0,0,V1_03_difficult,5,OK,True,300,1403715901584058112,5.026619492979696e-09,1403715901784058112,156,True,282
1.3781985986470002,0.073688,0.2833333333333333,0.6666666666666666,410,0.2873535298477278,5.999999999999999,,16,2.0252209551250098,0.45911859421690787,2.000189248953031,4.558582736270872,True,1.0677763348861273,1.140146301342851,6,0.05103593728999034,Permuted-K16,V1_03_difficult:1403715901584058112:1403715901784058112,0.038583,formal_public_module_evidence,0.020587193999792586,0.05296472471810118,0.07921570516719303,0.17531663634274702,0.772370657259201,0,0,V1_03_difficult,5,OK,True,300,1403715901584058112,5.026619492979696e-09,1403715901784058112,156,True,282
0.5657608870585431,0.006257,0.033333333333333326,0.9166666666666666,410,0.5668545311028904,6.0,,48,2.007738469648152,0.752897424024608,1.9924216123544667,3.0310115325511084,True,0.9990546071585986,0.9981101080848217,6,0.010685870317605373,Raw,V1_03_difficult:1403715901584058112:1403715901784058112,0.038984,formal_public_module_evidence,0.012899610979457854,0.05263131073394972,0.05961769560855834,0.47145499963400983,1.0491967049409008,11,0,V1_03_difficult,5,OK,True,300,1403715901584058112,2.083322659393387e-09,1403715901784058112,156,True,282
0.5012223659209721,0.001916,0.033333333333333326,0.9166666666666666,410,0.6046448331764164,6.0,,48,2.007738469648152,0.752897424024608,1.9924216123544667,2.985500864112778,True,0.9990546071585986,0.9981101080848217,6,0.010685870317605373,Global-DoF,V1_03_difficult:1403715901584058112:1403715901784058112,0.038984,formal_public_module_evidence,0.012899610979457854,0.05263131073394972,0.05961769560855834,0.47145499963400983,1.0491967049409008,11,0,V1_03_difficult,5,OK,True,300,1403715901584058112,2.083322659393387e-09,1403715901784058112,156,True,282
0.5061244323388912,1.269461,0.033333333333333326,0.9166666666666666,410,0.6016880770732981,6.0,,48,2.007738469648152,0.752897424024608,1.9924216123544667,2.9887106905174115,True,0.9990546071585986,0.9981101080848217,6,0.010685870317605373,DPR-Exact-Block,V1_03_difficult:1403715901584058112:1403715901784058112,0.038984,formal_public_module_evidence,0.012899610979457854,0.05263131073394972,0.05961769560855834,0.47145499963400983,1.0491967049409008,11,0,V1_03_difficult,5,OK,True,300,1403715901584058112,2.083322659393387e-09,1403715901784058112,156,True,282
0.495495252433508,0.315925,0.033333333333333326,0.9166666666666666,410,0.6081176378365527,6.0,,48,2.007738469648152,0.752897424024608,1.9924216123544667,2.9818010349836026,True,0.9990546071585986,0.9981101080848217,6,0.010685870317605373,DUC-K16,V1_03_difficult:1403715901584058112:1403715901784058112,0.038984,formal_public_module_evidence,0.012899610979457854,0.05263131073394972,0.05961769560855834,0.47145499963400983,1.0491967049409008,11,0,V1_03_difficult,5,OK,True,300,1403715901584058112,2.083322659393387e-09,1403715901784058112,156,True,282
0.487008639908189,0.106116,0.033333333333333326,0.9166666666666666,410,0.6133004577843867,6.0,,48,2.007738469648152,0.752897424024608,1.9924216123544667,2.9764174167428386,True,0.9990546071585986,0.9981101080848217,6,0.010685870317605373,Permuted-K16,V1_03_difficult:1403715901584058112:1403715901784058112,0.038984,formal_public_module_evidence,0.012899610979457854,0.05263131073394972,0.05961769560855834,0.47145499963400983,1.0491967049409008,11,0,V1_03_difficult,5,OK,True,300,1403715901584058112,2.083322659393387e-09,1403715901784058112,156,True,282
1.5792345667573318,0.006422,0.11666666666666659,0.8333333333333334,343,0.5749597217789932,5.999999999999999,,16,2.178538121524695,0.7582609852676011,2.012024265683675,6.135662865226311,True,1.6701102438303543,2.7892682265470854,6,0.05893756265105399,Raw,V1_03_difficult:1403715902084058112:1403715902284058112,0.044804,formal_public_module_evidence,0.026545237772174435,0.07417702111594326,0.0945147795719796,0.2617906493247455,0.7225972506077218,0,0,V1_03_difficult,4,OK,True,310,1403715902084058112,1.506626479365194e-08,1403715902284058112,167,True,314
1.371595201979087,0.001995,0.11666666666666659,0.8333333333333334,343,0.7076427344972225,5.999999999999999,,16,2.178538121524695,0.7582609852676011,2.012024265683675,5.433694525904184,True,1.6701102438303543,2.7892682265470854,6,0.05893756265105399,Global-DoF,V1_03_difficult:1403715902084058112:1403715902284058112,0.044804,formal_public_module_evidence,0.026545237772174435,0.07417702111594326,0.0945147795719796,0.2617906493247455,0.7225972506077218,0,0,V1_03_difficult,4,OK,True,310,1403715902084058112,1.506626479365194e-08,1403715902284058112,167,True,314
1.2830362585764148,0.456829,0.11666666666666659,0.8333333333333334,343,0.7731694979471158,5.999999999999999,,16,2.178538121524695,0.7582609852676011,2.012024265683675,5.188196733915909,True,1.6701102438303543,2.7892682265470854,6,0.05893756265105399,DPR-Exact-Block,V1_03_difficult:1403715902084058112:1403715902284058112,0.044804,formal_public_module_evidence,0.026545237772174435,0.07417702111594326,0.0945147795719796,0.2617906493247455,0.7225972506077218,0,0,V1_03_difficult,4,OK,True,310,1403715902084058112,1.506626479365194e-08,1403715902284058112,167,True,314
1.2257701524761568,0.179115,0.11666666666666659,0.8333333333333334,343,0.8187382236722579,5.999999999999999,,16,2.178538121524695,0.7582609852676011,2.012024265683675,5.04467501052487,True,1.6701102438303543,2.7892682265470854,6,0.05893756265105399,DUC-K16,V1_03_difficult:1403715902084058112:1403715902284058112,0.044804,formal_public_module_evidence,0.026545237772174435,0.07417702111594326,0.0945147795719796,0.2617906493247455,0.7225972506077218,0,0,V1_03_difficult,4,OK,True,310,1403715902084058112,1.506626479365194e-08,1403715902284058112,167,True,314
1.2767723554376764,0.070292,0.11666666666666659,0.8333333333333334,343,0.7780277567382569,5.999999999999999,,16,2.178538121524695,0.7582609852676011,2.012024265683675,5.171933753125197,True,1.6701102438303543,2.7892682265470854,6,0.05893756265105399,Permuted-K16,V1_03_difficult:1403715902084058112:1403715902284058112,0.044804,formal_public_module_evidence,0.026545237772174435,0.07417702111594326,0.0945147795719796,0.2617906493247455,0.7225972506077218,0,0,V1_03_difficult,4,OK,True,310,1403715902084058112,1.506626479365194e-08,1403715902284058112,167,True,314
0.23229354639332309,0.006278,0.07499999999999996,0.875,343,2.3828649053448263,5.999999999999998,,48,1.9659885105271653,1.5436531039533545,1.990846418753287,3.9676705522346545,True,1.7337705161123802,3.005960202540589,6,0.00038875848136199487,Raw,V1_03_difficult:1403715902084058112:1403715902284058112,0.038757,formal_public_module_evidence,0.013780343988084531,0.04503729586413838,0.06433229388373636,0.5223628839547225,1.4458659811749401,5,0,V1_03_difficult,6,OK,True,310,1403715902084058112,1.6640381204349148e-08,1403715902284058112,167,True,314
0.16775502525575198,0.001882,0.07499999999999996,0.875,343,2.541722565701148,5.999999999999998,,48,1.9659885105271653,1.5436531039533545,1.990846418753287,3.9533659496024374,True,1.7337705161123802,3.005960202540589,6,0.00038875848136199487,Global-DoF,V1_03_difficult:1403715902084058112:1403715902284058112,0.038757,formal_public_module_evidence,0.013780343988084531,0.04503729586413838,0.06433229388373636,0.5223628839547225,1.4458659811749401,5,0,V1_03_difficult,6,OK,True,310,1403715902084058112,1.6640381204349148e-08,1403715902284058112,167,True,314
0.14822241537270955,1.290222,0.07499999999999996,0.875,343,2.5918570759784125,5.999999999999998,,48,1.9659885105271653,1.5436531039533545,1.990846418753287,3.9500225214765017,True,1.7337705161123802,3.005960202540589,6,0.00038875848136199487,DPR-Exact-Block,V1_03_difficult:1403715902084058112:1403715902284058112,0.038757,formal_public_module_evidence,0.013780343988084531,0.04503729586413838,0.06433229388373636,0.5223628839547225,1.4458659811749401,5,0,V1_03_difficult,6,OK,True,310,1403715902084058112,1.6640381204349148e-08,1403715902284058112,167,True,314
0.14783373243834685,0.31931,0.07499999999999996,0.875,343,2.5928646823991772,5.999999999999998,,48,1.9659885105271653,1.5436531039533545,1.990846418753287,3.9499605088804315,True,1.7337705161123802,3.005960202540589,6,0.00038875848136199487,DUC-K16,V1_03_difficult:1403715902084058112:1403715902284058112,0.038757,formal_public_module_evidence,0.013780343988084531,0.04503729586413838,0.06433229388373636,0.5223628839547225,1.4458659811749401,5,0,V1_03_difficult,6,OK,True,310,1403715902084058112,1.6640381204349148e-08,1403715902284058112,167,True,314
0.17533291316717217,0.105739,0.07499999999999996,0.875,343,2.522534471432095,5.999999999999998,,48,1.9659885105271653,1.5436531039533545,1.990846418753287,3.9547840693283427,True,1.7337705161123802,3.005960202540589,6,0.00038875848136199487,Permuted-K16,V1_03_difficult:1403715902084058112:1403715902284058112,0.038757,formal_public_module_evidence,0.013780343988084531,0.04503729586413838,0.06433229388373636,0.5223628839547225,1.4458659811749401,5,0,V1_03_difficult,6,OK,True,310,1403715902084058112,1.6640381204349148e-08,1403715902284058112,167,True,314
,,,,103,,,INSUFFICIENT_TRACKS,16,,,,,,,,,,Raw,V1_03_difficult:1403715902584058112:1403715902784058112,,formal_public_module_evidence,,,,,,,,V1_03_difficult,,,,320,1403715902584058112,,1403715902784058112,47,False,90
,,,,103,,,INSUFFICIENT_TRACKS,16,,,,,,,,,,Global-DoF,V1_03_difficult:1403715902584058112:1403715902784058112,,formal_public_module_evidence,,,,,,,,V1_03_difficult,,,,320,1403715902584058112,,1403715902784058112,47,False,90
,,,,103,,,INSUFFICIENT_TRACKS,16,,,,,,,,,,DPR-Exact-Block,V1_03_difficult:1403715902584058112:1403715902784058112,,formal_public_module_evidence,,,,,,,,V1_03_difficult,,,,320,1403715902584058112,,1403715902784058112,47,False,90
,,,,103,,,INSUFFICIENT_TRACKS,16,,,,,,,,,,DUC-K16,V1_03_difficult:1403715902584058112:1403715902784058112,,formal_public_module_evidence,,,,,,,,V1_03_difficult,,,,320,1403715902584058112,,1403715902784058112,47,False,90
,,,,103,,,INSUFFICIENT_TRACKS,16,,,,,,,,,,Permuted-K16,V1_03_difficult:1403715902584058112:1403715902784058112,,formal_public_module_evidence,,,,,,,,V1_03_difficult,,,,320,1403715902584058112,,1403715902784058112,47,False,90
,,,,103,,,INSUFFICIENT_TRACKS,48,,,,,,,,,,Raw,V1_03_difficult:1403715902584058112:1403715902784058112,,formal_public_module_evidence,,,,,,,,V1_03_difficult,,,,320,1403715902584058112,,1403715902784058112,47,False,90
,,,,103,,,INSUFFICIENT_TRACKS,48,,,,,,,,,,Global-DoF,V1_03_difficult:1403715902584058112:1403715902784058112,,formal_public_module_evidence,,,,,,,,V1_03_difficult,,,,320,1403715902584058112,,1403715902784058112,47,False,90
,,,,103,,,INSUFFICIENT_TRACKS,48,,,,,,,,,,DPR-Exact-Block,V1_03_difficult:1403715902584058112:1403715902784058112,,formal_public_module_evidence,,,,,,,,V1_03_difficult,,,,320,1403715902584058112,,1403715902784058112,47,False,90
,,,,103,,,INSUFFICIENT_TRACKS,48,,,,,,,,,,DUC-K16,V1_03_difficult:1403715902584058112:1403715902784058112,,formal_public_module_evidence,,,,,,,,V1_03_difficult,,,,320,1403715902584058112,,1403715902784058112,47,False,90
,,,,103,,,INSUFFICIENT_TRACKS,48,,,,,,,,,,Permuted-K16,V1_03_difficult:1403715902584058112:1403715902784058112,,formal_public_module_evidence,,,,,,,,V1_03_difficult,,,,320,1403715902584058112,,1403715902784058112,47,False,90
1.667868578095628,0.006513,0.11666666666666659,0.8333333333333334,253,0.7305251242879167,6.000000000000001,,16,1.9811016304279658,0.8547076250320438,1.654005604958641,6.824742795593593,True,1.9678438707102637,3.8724094994919533,6,0.0057359771479710275,Raw,V1_03_difficult:1403715903084058112:1403715903284058112,0.039341,formal_public_module_evidence,0.022521987928621312,0.05299345227960711,0.0861302358501195,0.20933335328528183,0.9227999590222808,0,0,V1_03_difficult,5,OK,True,330,1403715903084058112,1.022086367837299e-10,1403715903284058112,157,True,222
1.4602292133173838,0.002087,0.11666666666666659,0.8333333333333334,253,0.8991078452774358,6.000000000000001,,16,1.9811016304279658,0.8547076250320438,1.654005604958641,6.038471400817212,True,1.9678438707102637,3.8724094994919533,6,0.0057359771479710275,Global-DoF,V1_03_difficult:1403715903084058112:1403715903284058112,0.039341,formal_public_module_evidence,0.022521987928621312,0.05299345227960711,0.0861302358501195,0.20933335328528183,0.9227999590222808,0,0,V1_03_difficult,5,OK,True,330,1403715903084058112,1.022086367837299e-10,1403715903284058112,157,True,222
1.3745555167346233,0.484074,0.11666666666666659,0.8333333333333334,253,0.9795337422516687,6.000000000000001,,16,1.9811016304279658,0.8547076250320438,1.654005604958641,5.770517620802438,True,1.9678438707102637,3.8724094994919533,6,0.0057359771479710275,DPR-Exact-Block,V1_03_difficult:1403715903084058112:1403715903284058112,0.039341,formal_public_module_evidence,0.022521987928621312,0.05299345227960711,0.0861302358501195,0.20933335328528183,0.9227999590222808,0,0,V1_03_difficult,5,OK,True,330,1403715903084058112,1.022086367837299e-10,1403715903284058112,157,True,222
1.3688359276656725,0.178307,0.11666666666666659,0.8333333333333334,253,0.9851523254128909,6.000000000000001,,16,1.9811016304279658,0.8547076250320438,1.654005604958641,5.753690389624722,True,1.9678438707102637,3.8724094994919533,6,0.0057359771479710275,DUC-K16,V1_03_difficult:1403715903084058112:1403715903284058112,0.039341,formal_public_module_evidence,0.022521987928621312,0.05299345227960711,0.0861302358501195,0.20933335328528183,0.9227999590222808,0,0,V1_03_difficult,5,OK,True,330,1403715903084058112,1.022086367837299e-10,1403715903284058112,157,True,222
1.4695194218610192,0.069733,0.11666666666666659,0.8333333333333334,253,0.8907936261051159,6.000000000000001,,16,1.9811016304279658,0.8547076250320438,1.654005604958641,6.069380063428631,True,1.9678438707102637,3.8724094994919533,6,0.0057359771479710275,Permuted-K16,V1_03_difficult:1403715903084058112:1403715903284058112,0.039341,formal_public_module_evidence,0.022521987928621312,0.05299345227960711,0.0861302358501195,0.20933335328528183,0.9227999590222808,0,0,V1_03_difficult,5,OK,True,330,1403715903084058112,1.022086367837299e-10,1403715903284058112,157,True,222
1.6397826214939388,0.006383,0.11666666666666659,0.8333333333333334,253,0.6972732443549946,6.0,,48,1.9547007025296617,0.835028888335604,1.6570742879090823,6.631348161546559,True,1.8957268989624043,3.593780475449614,6,0.012421825403317044,Raw,V1_03_difficult:1403715903084058112:1403715903284058112,0.04378,formal_public_module_evidence,0.013088036535744696,0.040123004060830955,0.05969552721562452,0.46629844575752954,1.2503340858946026,3,0,V1_03_difficult,4,OK,True,330,1403715903084058112,1.8804298088460087e-09,1403715903284058112,157,True,222
1.5752441003563677,0.002104,0.11666666666666659,0.8333333333333334,253,0.7437581273119943,6.0,,48,1.9547007025296617,0.835028888335604,1.6570742879090823,6.373758619497977,True,1.8957268989624043,3.593780475449614,6,0.012421825403317044,Global-DoF,V1_03_difficult:1403715903084058112:1403715903284058112,0.04378,formal_public_module_evidence,0.013088036535744696,0.040123004060830955,0.05969552721562452,0.46629844575752954,1.2503340858946026,3,0,V1_03_difficult,4,OK,True,330,1403715903084058112,1.8804298088460087e-09,1403715903284058112,157,True,222
1.5311328453583233,1.276899,0.11666666666666659,0.8333333333333334,253,0.7773005931114648,6.0,,48,1.9547007025296617,0.835028888335604,1.6570742879090823,6.209360393642161,True,1.8957268989624043,3.593780475449614,6,0.012421825403317044,DPR-Exact-Block,V1_03_difficult:1403715903084058112:1403715903284058112,0.04378,formal_public_module_evidence,0.013088036535744696,0.040123004060830955,0.05969552721562452,0.46629844575752954,1.2503340858946026,3,0,V1_03_difficult,4,OK,True,330,1403715903084058112,1.8804298088460087e-09,1403715903284058112,157,True,222
1.5187875378187767,0.314016,0.11666666666666659,0.8333333333333334,253,0.7869560853649903,6.0,,48,1.9547007025296617,0.835028888335604,1.6570742879090823,6.1649791386274835,True,1.8957268989624043,3.593780475449614,6,0.012421825403317044,DUC-K16,V1_03_difficult:1403715903084058112:1403715903284058112,0.04378,formal_public_module_evidence,0.013088036535744696,0.040123004060830955,0.05969552721562452,0.46629844575752954,1.2503340858946026,3,0,V1_03_difficult,4,OK,True,330,1403715903084058112,1.8804298088460087e-09,1403715903284058112,157,True,222
1.5722907959906385,0.103781,0.11666666666666659,0.8333333333333334,253,0.745957918163512,6.0,,48,1.9547007025296617,0.835028888335604,1.6570742879090823,6.36246284192839,True,1.8957268989624043,3.593780475449614,6,0.012421825403317044,Permuted-K16,V1_03_difficult:1403715903084058112:1403715903284058112,0.04378,formal_public_module_evidence,0.013088036535744696,0.040123004060830955,0.05969552721562452,0.46629844575752954,1.2503340858946026,3,0,V1_03_difficult,4,OK,True,330,1403715903084058112,1.8804298088460087e-09,1403715903284058112,157,True,222
1.1639462742922013,0.006358,0.07499999999999996,0.875,369,0.11172345504178977,6.0,,16,2.100233966882726,0.33425058719737466,2.077865215933282,2.8486949529755186,True,0.5981634891946846,0.35779955980555966,6,0.0966420597793275,Raw,V1_03_difficult:1403715903584058112:1403715903784058112,0.038505,formal_public_module_evidence,0.03351592698294631,0.08867986849910692,0.11635921990559239,0.29061153365473635,0.6780019054167793,0,0,V1_03_difficult,5,OK,True,340,1403715903584058112,1.525000528498066e-10,1403715903784058112,78,True,277
0.9563069095139568,0.00204,0.07499999999999996,0.875,369,0.13750579082066433,6.0,,16,2.100233966882726,0.33425058719737466,2.077865215933282,2.4558568491823816,True,0.5981634891946846,0.35779955980555966,6,0.0966420597793275,Global-DoF,V1_03_difficult:1403715903584058112:1403715903784058112,0.038505,formal_public_module_evidence,0.03351592698294631,0.08867986849910692,0.11635921990559239,0.29061153365473635,0.6780019054167793,0,0,V1_03_difficult,5,OK,True,340,1403715903584058112,1.525000528498066e-10,1403715903784058112,78,True,277
0.8263601554516765,0.450685,0.07499999999999996,0.875,369,0.1565871596059463,6.0,,16,2.100233966882726,0.33425058719737466,2.077865215933282,2.2687211623841157,True,0.5981634891946846,0.35779955980555966,6,0.0966420597793275,DPR-Exact-Block,V1_03_difficult:1403715903584058112:1403715903784058112,0.038505,formal_public_module_evidence,0.03351592698294631,0.08867986849910692,0.11635921990559239,0.29061153365473635,0.6780019054167793,0,0,V1_03_difficult,5,OK,True,340,1403715903584058112,1.525000528498066e-10,1403715903784058112,78,True,277
0.927996569502496,0.178612,0.07499999999999996,0.875,369,0.14145425396663333,6.0,,16,2.100233966882726,0.33425058719737466,2.077865215933282,2.4115347063805284,True,0.5981634891946846,0.35779955980555966,6,0.0966420597793275,DUC-K16,V1_03_difficult:1403715903584058112:1403715903784058112,0.038505,formal_public_module_evidence,0.03351592698294631,0.08867986849910692,0.11635921990559239,0.29061153365473635,0.6780019054167793,0,0,V1_03_difficult,5,OK,True,340,1403715903584058112,1.525000528498066e-10,1403715903784058112,78,True,277
0.9659150099469231,0.069883,0.07499999999999996,0.875,369,0.13619094805802873,6.0,,16,2.100233966882726,0.33425058719737466,2.077865215933282,2.4713701806902653,True,0.5981634891946846,0.35779955980555966,6,0.0966420597793275,Permuted-K16,V1_03_difficult:1403715903584058112:1403715903784058112,0.038505,formal_public_module_evidence,0.03351592698294631,0.08867986849910692,0.11635921990559239,0.29061153365473635,0.6780019054167793,0,0,V1_03_difficult,5,OK,True,340,1403715903584058112,1.525000528498066e-10,1403715903784058112,78,True,277
0.6112121105376576,0.00612,0.07499999999999996,0.875,369,0.1776392680698499,6.0,,48,2.055189810590637,0.4214727370422076,2.0760712995125292,1.9525402551545585,True,0.572127088742727,0.32732940567322827,6,0.006608827107058124,Raw,V1_03_difficult:1403715903584058112:1403715903784058112,0.039113,formal_public_module_evidence,0.014660012458564187,0.04035699184047029,0.05999041082496551,0.4546457921191959,1.093568206893226,3,0,V1_03_difficult,4,OK,True,340,1403715903584058112,1.1173834859507492e-09,1403715903784058112,78,True,277
0.5466735894000861,0.001958,0.07499999999999996,0.875,369,0.18948188594117327,6.0,,48,2.055189810590637,0.4214727370422076,2.0760712995125292,1.901912303941363,True,0.572127088742727,0.32732940567322827,6,0.006608827107058124,Global-DoF,V1_03_difficult:1403715903584058112:1403715903784058112,0.039113,formal_public_module_evidence,0.014660012458564187,0.04035699184047029,0.05999041082496551,0.4546457921191959,1.093568206893226,3,0,V1_03_difficult,4,OK,True,340,1403715903584058112,1.1173834859507492e-09,1403715903784058112,78,True,277
0.542152367154606,1.284879,0.07499999999999996,0.875,369,0.1903405152232763,6.0,,48,2.055189810590637,0.4214727370422076,2.0760712995125292,1.8986407576298536,True,0.572127088742727,0.32732940567322827,6,0.006608827107058124,DPR-Exact-Block,V1_03_difficult:1403715903584058112:1403715903784058112,0.039113,formal_public_module_evidence,0.014660012458564187,0.04035699184047029,0.05999041082496551,0.4546457921191959,1.093568206893226,3,0,V1_03_difficult,4,OK,True,340,1403715903584058112,1.1173834859507492e-09,1403715903784058112,78,True,277
0.5355652826027938,0.311925,0.07499999999999996,0.875,369,0.1915984427798553,6.0,,48,2.055189810590637,0.4214727370422076,2.0760712995125292,1.8939372313720781,True,0.572127088742727,0.32732940567322827,6,0.006608827107058124,DUC-K16,V1_03_difficult:1403715903584058112:1403715903784058112,0.039113,formal_public_module_evidence,0.014660012458564187,0.04035699184047029,0.05999041082496551,0.4546457921191959,1.093568206893226,3,0,V1_03_difficult,4,OK,True,340,1403715903584058112,1.1173834859507492e-09,1403715903784058112,78,True,277
0.5295190709656287,0.10808,0.07499999999999996,0.875,369,0.19276039668410028,6.0,,48,2.055189810590637,0.4214727370422076,2.0760712995125292,1.8896851763020865,True,0.572127088742727,0.32732940567322827,6,0.006608827107058124,Permuted-K16,V1_03_difficult:1403715903584058112:1403715903784058112,0.039113,formal_public_module_evidence,0.014660012458564187,0.04035699184047029,0.05999041082496551,0.4546457921191959,1.093568206893226,3,0,V1_03_difficult,4,OK,True,340,1403715903584058112,1.1173834859507492e-09,1403715903784058112,78,True,277
,,,,236,,,INSUFFICIENT_TRACKS,16,,,,,,,,,,Raw,V1_03_difficult:1403715904084058112:1403715904284058112,,formal_public_module_evidence,,,,,,,,V1_03_difficult,,,,350,1403715904084058112,,1403715904284058112,64,False,168
,,,,236,,,INSUFFICIENT_TRACKS,16,,,,,,,,,,Global-DoF,V1_03_difficult:1403715904084058112:1403715904284058112,,formal_public_module_evidence,,,,,,,,V1_03_difficult,,,,350,1403715904084058112,,1403715904284058112,64,False,168
,,,,236,,,INSUFFICIENT_TRACKS,16,,,,,,,,,,DPR-Exact-Block,V1_03_difficult:1403715904084058112:1403715904284058112,,formal_public_module_evidence,,,,,,,,V1_03_difficult,,,,350,1403715904084058112,,1403715904284058112,64,False,168
,,,,236,,,INSUFFICIENT_TRACKS,16,,,,,,,,,,DUC-K16,V1_03_difficult:1403715904084058112:1403715904284058112,,formal_public_module_evidence,,,,,,,,V1_03_difficult,,,,350,1403715904084058112,,1403715904284058112,64,False,168
,,,,236,,,INSUFFICIENT_TRACKS,16,,,,,,,,,,Permuted-K16,V1_03_difficult:1403715904084058112:1403715904284058112,,formal_public_module_evidence,,,,,,,,V1_03_difficult,,,,350,1403715904084058112,,1403715904284058112,64,False,168
,,,,236,,,INSUFFICIENT_TRACKS,48,,,,,,,,,,Raw,V1_03_difficult:1403715904084058112:1403715904284058112,,formal_public_module_evidence,,,,,,,,V1_03_difficult,,,,350,1403715904084058112,,1403715904284058112,64,False,168
,,,,236,,,INSUFFICIENT_TRACKS,48,,,,,,,,,,Global-DoF,V1_03_difficult:1403715904084058112:1403715904284058112,,formal_public_module_evidence,,,,,,,,V1_03_difficult,,,,350,1403715904084058112,,1403715904284058112,64,False,168
,,,,236,,,INSUFFICIENT_TRACKS,48,,,,,,,,,,DPR-Exact-Block,V1_03_difficult:1403715904084058112:1403715904284058112,,formal_public_module_evidence,,,,,,,,V1_03_difficult,,,,350,1403715904084058112,,1403715904284058112,64,False,168
,,,,236,,,INSUFFICIENT_TRACKS,48,,,,,,,,,,DUC-K16,V1_03_difficult:1403715904084058112:1403715904284058112,,formal_public_module_evidence,,,,,,,,V1_03_difficult,,,,350,1403715904084058112,,1403715904284058112,64,False,168
,,,,236,,,INSUFFICIENT_TRACKS,48,,,,,,,,,,Permuted-K16,V1_03_difficult:1403715904084058112:1403715904284058112,,formal_public_module_evidence,,,,,,,,V1_03_difficult,,,,350,1403715904084058112,,1403715904284058112,64,False,168
,,,,182,,,INSUFFICIENT_TRACKS,16,,,,,,,,,,Raw,V1_03_difficult:1403715904584058112:1403715904784058112,,formal_public_module_evidence,,,,,,,,V1_03_difficult,,,,360,1403715904584058112,,1403715904784058112,17,False,146
,,,,182,,,INSUFFICIENT_TRACKS,16,,,,,,,,,,Global-DoF,V1_03_difficult:1403715904584058112:1403715904784058112,,formal_public_module_evidence,,,,,,,,V1_03_difficult,,,,360,1403715904584058112,,1403715904784058112,17,False,146
,,,,182,,,INSUFFICIENT_TRACKS,16,,,,,,,,,,DPR-Exact-Block,V1_03_difficult:1403715904584058112:1403715904784058112,,formal_public_module_evidence,,,,,,,,V1_03_difficult,,,,360,1403715904584058112,,1403715904784058112,17,False,146
,,,,182,,,INSUFFICIENT_TRACKS,16,,,,,,,,,,DUC-K16,V1_03_difficult:1403715904584058112:1403715904784058112,,formal_public_module_evidence,,,,,,,,V1_03_difficult,,,,360,1403715904584058112,,1403715904784058112,17,False,146
,,,,182,,,INSUFFICIENT_TRACKS,16,,,,,,,,,,Permuted-K16,V1_03_difficult:1403715904584058112:1403715904784058112,,formal_public_module_evidence,,,,,,,,V1_03_difficult,,,,360,1403715904584058112,,1403715904784058112,17,False,146
,,,,182,,,INSUFFICIENT_TRACKS,48,,,,,,,,,,Raw,V1_03_difficult:1403715904584058112:1403715904784058112,,formal_public_module_evidence,,,,,,,,V1_03_difficult,,,,360,1403715904584058112,,1403715904784058112,17,False,146
,,,,182,,,INSUFFICIENT_TRACKS,48,,,,,,,,,,Global-DoF,V1_03_difficult:1403715904584058112:1403715904784058112,,formal_public_module_evidence,,,,,,,,V1_03_difficult,,,,360,1403715904584058112,,1403715904784058112,17,False,146
,,,,182,,,INSUFFICIENT_TRACKS,48,,,,,,,,,,DPR-Exact-Block,V1_03_difficult:1403715904584058112:1403715904784058112,,formal_public_module_evidence,,,,,,,,V1_03_difficult,,,,360,1403715904584058112,,1403715904784058112,17,False,146
,,,,182,,,INSUFFICIENT_TRACKS,48,,,,,,,,,,DUC-K16,V1_03_difficult:1403715904584058112:1403715904784058112,,formal_public_module_evidence,,,,,,,,V1_03_difficult,,,,360,1403715904584058112,,1403715904784058112,17,False,146
,,,,182,,,INSUFFICIENT_TRACKS,48,,,,,,,,,,Permuted-K16,V1_03_difficult:1403715904584058112:1403715904784058112,,formal_public_module_evidence,,,,,,,,V1_03_difficult,,,,360,1403715904584058112,,1403715904784058112,17,False,146
,,,,209,,,INSUFFICIENT_TRACKS,16,,,,,,,,,,Raw,V1_03_difficult:1403715905084058112:1403715905284058112,,formal_public_module_evidence,,,,,,,,V1_03_difficult,,,,370,1403715905084058112,,1403715905284058112,21,False,165
,,,,209,,,INSUFFICIENT_TRACKS,16,,,,,,,,,,Global-DoF,V1_03_difficult:1403715905084058112:1403715905284058112,,formal_public_module_evidence,,,,,,,,V1_03_difficult,,,,370,1403715905084058112,,1403715905284058112,21,False,165
,,,,209,,,INSUFFICIENT_TRACKS,16,,,,,,,,,,DPR-Exact-Block,V1_03_difficult:1403715905084058112:1403715905284058112,,formal_public_module_evidence,,,,,,,,V1_03_difficult,,,,370,1403715905084058112,,1403715905284058112,21,False,165
,,,,209,,,INSUFFICIENT_TRACKS,16,,,,,,,,,,DUC-K16,V1_03_difficult:1403715905084058112:1403715905284058112,,formal_public_module_evidence,,,,,,,,V1_03_difficult,,,,370,1403715905084058112,,1403715905284058112,21,False,165
,,,,209,,,INSUFFICIENT_TRACKS,16,,,,,,,,,,Permuted-K16,V1_03_difficult:1403715905084058112:1403715905284058112,,formal_public_module_evidence,,,,,,,,V1_03_difficult,,,,370,1403715905084058112,,1403715905284058112,21,False,165
,,,,209,,,INSUFFICIENT_TRACKS,48,,,,,,,,,,Raw,V1_03_difficult:1403715905084058112:1403715905284058112,,formal_public_module_evidence,,,,,,,,V1_03_difficult,,,,370,1403715905084058112,,1403715905284058112,21,False,165
,,,,209,,,INSUFFICIENT_TRACKS,48,,,,,,,,,,Global-DoF,V1_03_difficult:1403715905084058112:1403715905284058112,,formal_public_module_evidence,,,,,,,,V1_03_difficult,,,,370,1403715905084058112,,1403715905284058112,21,False,165
,,,,209,,,INSUFFICIENT_TRACKS,48,,,,,,,,,,DPR-Exact-Block,V1_03_difficult:1403715905084058112:1403715905284058112,,formal_public_module_evidence,,,,,,,,V1_03_difficult,,,,370,1403715905084058112,,1403715905284058112,21,False,165
,,,,209,,,INSUFFICIENT_TRACKS,48,,,,,,,,,,DUC-K16,V1_03_difficult:1403715905084058112:1403715905284058112,,formal_public_module_evidence,,,,,,,,V1_03_difficult,,,,370,1403715905084058112,,1403715905284058112,21,False,165
,,,,209,,,INSUFFICIENT_TRACKS,48,,,,,,,,,,Permuted-K16,V1_03_difficult:1403715905084058112:1403715905284058112,,formal_public_module_evidence,,,,,,,,V1_03_difficult,,,,370,1403715905084058112,,1403715905284058112,21,False,165
,,,,163,,,INSUFFICIENT_TRACKS,16,,,,,,,,,,Raw,V1_03_difficult:1403715905584058112:1403715905784058112,,formal_public_module_evidence,,,,,,,,V1_03_difficult,,,,380,1403715905584058112,,1403715905784058112,21,False,123
,,,,163,,,INSUFFICIENT_TRACKS,16,,,,,,,,,,Global-DoF,V1_03_difficult:1403715905584058112:1403715905784058112,,formal_public_module_evidence,,,,,,,,V1_03_difficult,,,,380,1403715905584058112,,1403715905784058112,21,False,123
,,,,163,,,INSUFFICIENT_TRACKS,16,,,,,,,,,,DPR-Exact-Block,V1_03_difficult:1403715905584058112:1403715905784058112,,formal_public_module_evidence,,,,,,,,V1_03_difficult,,,,380,1403715905584058112,,1403715905784058112,21,False,123
,,,,163,,,INSUFFICIENT_TRACKS,16,,,,,,,,,,DUC-K16,V1_03_difficult:1403715905584058112:1403715905784058112,,formal_public_module_evidence,,,,,,,,V1_03_difficult,,,,380,1403715905584058112,,1403715905784058112,21,False,123
,,,,163,,,INSUFFICIENT_TRACKS,16,,,,,,,,,,Permuted-K16,V1_03_difficult:1403715905584058112:1403715905784058112,,formal_public_module_evidence,,,,,,,,V1_03_difficult,,,,380,1403715905584058112,,1403715905784058112,21,False,123
,,,,163,,,INSUFFICIENT_TRACKS,48,,,,,,,,,,Raw,V1_03_difficult:1403715905584058112:1403715905784058112,,formal_public_module_evidence,,,,,,,,V1_03_difficult,,,,380,1403715905584058112,,1403715905784058112,21,False,123
,,,,163,,,INSUFFICIENT_TRACKS,48,,,,,,,,,,Global-DoF,V1_03_difficult:1403715905584058112:1403715905784058112,,formal_public_module_evidence,,,,,,,,V1_03_difficult,,,,380,1403715905584058112,,1403715905784058112,21,False,123
,,,,163,,,INSUFFICIENT_TRACKS,48,,,,,,,,,,DPR-Exact-Block,V1_03_difficult:1403715905584058112:1403715905784058112,,formal_public_module_evidence,,,,,,,,V1_03_difficult,,,,380,1403715905584058112,,1403715905784058112,21,False,123
,,,,163,,,INSUFFICIENT_TRACKS,48,,,,,,,,,,DUC-K16,V1_03_difficult:1403715905584058112:1403715905784058112,,formal_public_module_evidence,,,,,,,,V1_03_difficult,,,,380,1403715905584058112,,1403715905784058112,21,False,123
,,,,163,,,INSUFFICIENT_TRACKS,48,,,,,,,,,,Permuted-K16,V1_03_difficult:1403715905584058112:1403715905784058112,,formal_public_module_evidence,,,,,,,,V1_03_difficult,,,,380,1403715905584058112,,1403715905784058112,21,False,123
,,,,163,,,INSUFFICIENT_TRACKS,16,,,,,,,,,,Raw,V1_03_difficult:1403715906084058112:1403715906284058112,,formal_public_module_evidence,,,,,,,,V1_03_difficult,,,,390,1403715906084058112,,1403715906284058112,28,False,140
,,,,163,,,INSUFFICIENT_TRACKS,16,,,,,,,,,,Global-DoF,V1_03_difficult:1403715906084058112:1403715906284058112,,formal_public_module_evidence,,,,,,,,V1_03_difficult,,,,390,1403715906084058112,,1403715906284058112,28,False,140
,,,,163,,,INSUFFICIENT_TRACKS,16,,,,,,,,,,DPR-Exact-Block,V1_03_difficult:1403715906084058112:1403715906284058112,,formal_public_module_evidence,,,,,,,,V1_03_difficult,,,,390,1403715906084058112,,1403715906284058112,28,False,140
,,,,163,,,INSUFFICIENT_TRACKS,16,,,,,,,,,,DUC-K16,V1_03_difficult:1403715906084058112:1403715906284058112,,formal_public_module_evidence,,,,,,,,V1_03_difficult,,,,390,1403715906084058112,,1403715906284058112,28,False,140
,,,,163,,,INSUFFICIENT_TRACKS,16,,,,,,,,,,Permuted-K16,V1_03_difficult:1403715906084058112:1403715906284058112,,formal_public_module_evidence,,,,,,,,V1_03_difficult,,,,390,1403715906084058112,,1403715906284058112,28,False,140
,,,,163,,,INSUFFICIENT_TRACKS,48,,,,,,,,,,Raw,V1_03_difficult:1403715906084058112:1403715906284058112,,formal_public_module_evidence,,,,,,,,V1_03_difficult,,,,390,1403715906084058112,,1403715906284058112,28,False,140
,,,,163,,,INSUFFICIENT_TRACKS,48,,,,,,,,,,Global-DoF,V1_03_difficult:1403715906084058112:1403715906284058112,,formal_public_module_evidence,,,,,,,,V1_03_difficult,,,,390,1403715906084058112,,1403715906284058112,28,False,140
,,,,163,,,INSUFFICIENT_TRACKS,48,,,,,,,,,,DPR-Exact-Block,V1_03_difficult:1403715906084058112:1403715906284058112,,formal_public_module_evidence,,,,,,,,V1_03_difficult,,,,390,1403715906084058112,,1403715906284058112,28,False,140
,,,,163,,,INSUFFICIENT_TRACKS,48,,,,,,,,,,DUC-K16,V1_03_difficult:1403715906084058112:1403715906284058112,,formal_public_module_evidence,,,,,,,,V1_03_difficult,,,,390,1403715906084058112,,1403715906284058112,28,False,140
,,,,163,,,INSUFFICIENT_TRACKS,48,,,,,,,,,,Permuted-K16,V1_03_difficult:1403715906084058112:1403715906284058112,,formal_public_module_evidence,,,,,,,,V1_03_difficult,,,,390,1403715906084058112,,1403715906284058112,28,False,140
0.7655584089423753,0.006595,0.15833333333333333,0.7916666666666666,275,0.13433871057217897,5.999999999999998,,16,2.47897758656013,0.3665224557543221,2.333386088812317,1.9806808164217486,True,0.5374517533359623,0.28885438716390005,6,0.046152901324653106,Raw,V1_03_difficult:1403715906584058112:1403715906784058112,0.040559,formal_public_module_evidence,0.02806488445903088,0.07774564124167493,0.09291345571118287,0.3531941049543284,1.0104470450884344,1,0,V1_03_difficult,4,OK,True,400,1403715906584058112,2.578798170160637e-10,1403715906784058112,138,True,210
0.5579190441641307,0.00206,0.15833333333333333,0.7916666666666666,275,0.16533995147345104,5.999999999999998,,16,2.47897758656013,0.3665224557543221,2.333386088812317,1.7851586698042776,True,0.5374517533359623,0.28885438716390005,6,0.046152901324653106,Global-DoF,V1_03_difficult:1403715906584058112:1403715906784058112,0.040559,formal_public_module_evidence,0.02806488445903088,0.07774564124167493,0.09291345571118287,0.3531941049543284,1.0104470450884344,1,0,V1_03_difficult,4,OK,True,400,1403715906584058112,2.578798170160637e-10,1403715906784058112,138,True,210
0.42422059258363143,0.45497,0.15833333333333333,0.7916666666666666,275,0.1889915146291029,5.999999999999998,,16,2.47897758656013,0.3665224557543221,2.333386088812317,1.7002226153569577,True,0.5374517533359623,0.28885438716390005,6,0.046152901324653106,DPR-Exact-Block,V1_03_difficult:1403715906584058112:1403715906784058112,0.040559,formal_public_module_evidence,0.02806488445903088,0.07774564124167493,0.09291345571118287,0.3531941049543284,1.0104470450884344,1,0,V1_03_difficult,4,OK,True,400,1403715906584058112,2.578798170160637e-10,1403715906784058112,138,True,210
0.3791010604491219,0.187666,0.15833333333333333,0.7916666666666666,275,0.19771402135497662,5.999999999999998,,16,2.47897758656013,0.3665224557543221,2.333386088812317,1.677914112106798,True,0.5374517533359623,0.28885438716390005,6,0.046152901324653106,DUC-K16,V1_03_difficult:1403715906584058112:1403715906784058112,0.040559,formal_public_module_evidence,0.02806488445903088,0.07774564124167493,0.09291345571118287,0.3531941049543284,1.0104470450884344,1,0,V1_03_difficult,4,OK,True,400,1403715906584058112,2.578798170160637e-10,1403715906784058112,138,True,210
0.13463422101280095,0.071073,0.07499999999999996,0.875,275,0.33048356537541174,5.999999999999998,,16,2.47897758656013,0.3665224557543221,2.333386088812317,1.6047142759986375,True,0.5374517533359623,0.28885438716390005,6,0.046152901324653106,Permuted-K16,V1_03_difficult:1403715906584058112:1403715906784058112,0.040559,formal_public_module_evidence,0.02806488445903088,0.07774564124167493,0.09291345571118287,0.3531941049543284,1.0104470450884344,1,0,V1_03_difficult,4,OK,True,400,1403715906584058112,2.578798170160637e-10,1403715906784058112,138,True,210
0.27403444063568494,0.006562,0.033333333333333326,0.9166666666666666,275,0.2776889415573671,6.000000000000001,,48,2.3030868621564013,0.5269619925168865,2.3385502754962104,1.3169292487953628,True,0.45948725519326905,0.21112853768504436,6,0.006879658017814094,Raw,V1_03_difficult:1403715906584058112:1403715906784058112,0.039862,formal_public_module_evidence,0.015532616828105472,0.04182091138896961,0.06679809914758415,0.5738243151180074,1.4502445652378688,5,0,V1_03_difficult,4,OK,True,400,1403715906584058112,3.0159360298697783e-11,1403715906784058112,138,True,210
0.33857296177325613,0.002037,0.033333333333333326,0.9166666666666666,275,0.2962015376611916,6.000000000000001,,48,2.3030868621564013,0.5269619925168865,2.3385502754962104,1.3339486518459462,True,0.45948725519326905,0.21112853768504436,6,0.006879658017814094,Global-DoF,V1_03_difficult:1403715906584058112:1403715906784058112,0.039862,formal_public_module_evidence,0.015532616828105472,0.04182091138896961,0.06679809914758415,0.5738243151180074,1.4502445652378688,5,0,V1_03_difficult,4,OK,True,400,1403715906584058112,3.0159360298697783e-11,1403715906784058112,138,True,210
0.3522715505299548,1.288326,0.033333333333333326,0.9166666666666666,275,0.30028699935788455,6.000000000000001,,48,2.3030868621564013,0.5269619925168865,2.3385502754962104,1.3379496411118168,True,0.45948725519326905,0.21112853768504436,6,0.006879658017814094,DPR-Exact-Block,V1_03_difficult:1403715906584058112:1403715906784058112,0.039862,formal_public_module_evidence,0.015532616828105472,0.04182091138896961,0.06679809914758415,0.5738243151180074,1.4502445652378688,5,0,V1_03_difficult,4,OK,True,400,1403715906584058112,3.0159360298697783e-11,1403715906784058112,138,True,210
0.359127651680958,0.315787,0.033333333333333326,0.9166666666666666,275,0.30235287122066234,6.000000000000001,,48,2.3030868621564013,0.5269619925168865,2.3385502754962104,1.3400017788302574,True,0.45948725519326905,0.21112853768504436,6,0.006879658017814094,DUC-K16,V1_03_difficult:1403715906584058112:1403715906784058112,0.039862,formal_public_module_evidence,0.015532616828105472,0.04182091138896961,0.06679809914758415,0.5738243151180074,1.4502445652378688,5,0,V1_03_difficult,4,OK,True,400,1403715906584058112,3.0159360298697783e-11,1403715906784058112,138,True,210
0.33092070868663465,0.105598,0.033333333333333326,0.9166666666666666,275,0.2939435787850114,6.000000000000001,,48,2.3030868621564013,0.5269619925168865,2.3385502754962104,1.33177174618397,True,0.45948725519326905,0.21112853768504436,6,0.006879658017814094,Permuted-K16,V1_03_difficult:1403715906584058112:1403715906784058112,0.039862,formal_public_module_evidence,0.015532616828105472,0.04182091138896961,0.06679809914758415,0.5738243151180074,1.4502445652378688,5,0,V1_03_difficult,4,OK,True,400,1403715906584058112,3.0159360298697783e-11,1403715906784058112,138,True,210
1.4954600769548434,0.005932,0.19999999999999996,0.75,283,0.22027468055406624,6.000000000000001,,16,1.17860241290346,0.46933429509685975,1.0473880586291402,4.786385765822492,True,0.9913278784229377,0.9827309625385228,6,10767.929524204019,Raw,V1_03_difficult:1403715907084058112:1403715907284058112,0.038203,formal_public_module_evidence,0.02945339824979415,561.2263274130369,0.09494020415906859,0.40258136831893787,0.7655356472630044,0,1,V1_03_difficult,4,OK,True,410,1403715907084058112,2.0469607921192785e-10,1403715907284058112,156,True,244
1.287820712176599,0.002085,0.19999999999999996,0.75,283,0.27110729914346615,6.000000000000001,,16,1.17860241290346,0.46933429509685975,1.0473880586291402,4.157514756314909,True,0.9913278784229377,0.9827309625385228,6,10767.929524204019,Global-DoF,V1_03_difficult:1403715907084058112:1403715907284058112,0.038203,formal_public_module_evidence,0.02945339824979415,561.2263274130369,0.09494020415906859,0.40258136831893787,0.7655356472630044,0,1,V1_03_difficult,4,OK,True,410,1403715907084058112,2.0469607921192785e-10,1403715907284058112,156,True,244
1.3299503664661172,0.489444,0.19999999999999996,0.75,283,0.2599228941383484,6.000000000000001,,16,1.17860241290346,0.46933429509685975,1.0473880586291402,4.271362539134363,True,0.9913278784229377,0.9827309625385228,6,10767.929524204019,DPR-Exact-Block,V1_03_difficult:1403715907084058112:1403715907284058112,0.038203,formal_public_module_evidence,0.02945339824979415,561.2263274130369,0.09494020415906859,0.40258136831893787,0.7655356472630044,0,1,V1_03_difficult,4,OK,True,410,1403715907084058112,2.0469607921192785e-10,1403715907284058112,156,True,244
7.954470004520059,0.176987,0.050000000000000044,1.0,283,2799.0913287030157,6.000000000000001,,16,1.17860241290346,0.46933429509685975,1.0473880586291402,9.775278273720822,True,0.9913278784229377,0.9827309625385228,6,10767.929524204019,DUC-K16,V1_03_difficult:1403715907084058112:1403715907284058112,0.038203,formal_public_module_evidence,0.02945339824979415,561.2263274130369,0.09494020415906859,0.40258136831893787,0.7655356472630044,0,1,V1_03_difficult,4,OK,True,410,1403715907084058112,2.0469607921192785e-10,1403715907284058112,156,True,244
15.036974285720037,0.070045,0.050000000000000044,1.0,283,3333570.131544181,6.000000000000001,,16,1.17860241290346,0.46933429509685975,1.0473880586291402,16.857431760437972,True,0.9913278784229377,0.9827309625385228,6,10767.929524204019,Permuted-K16,V1_03_difficult:1403715907084058112:1403715907284058112,0.038203,formal_public_module_evidence,0.02945339824979415,561.2263274130369,0.09494020415906859,0.40258136831893787,0.7655356472630044,0,1,V1_03_difficult,4,OK,True,410,1403715907084058112,2.0469607921192785e-10,1403715907284058112,156,True,244
0.5107529626992534,0.005913,0.033333333333333326,0.9166666666666666,283,0.5194742458330429,5.999999999999998,,48,1.0757144569920838,0.7207456179769968,1.0572014847630302,2.849484591113637,True,0.9304447875894992,0.8657275027524683,6,0.03602213707134627,Raw,V1_03_difficult:1403715907084058112:1403715907284058112,0.038546,formal_public_module_evidence,0.011630873461082825,0.04824910694685395,0.06319040581668546,0.4982715485661954,1.2200535083794248,6,0,V1_03_difficult,4,OK,True,410,1403715907084058112,2.6759961620118e-09,1403715907284058112,156,True,244
0.4462144415616822,0.00211,0.033333333333333326,0.9166666666666666,283,0.5541058622219125,5.999999999999998,,48,1.0757144569920838,0.7207456179769968,1.0572014847630302,2.8098640141706865,True,0.9304447875894992,0.8657275027524683,6,0.03602213707134627,Global-DoF,V1_03_difficult:1403715907084058112:1403715907284058112,0.038546,formal_public_module_evidence,0.011630873461082825,0.04824910694685395,0.06319040581668546,0.4982715485661954,1.2200535083794248,6,0,V1_03_difficult,4,OK,True,410,1403715907084058112,2.6759961620118e-09,1403715907284058112,156,True,244
0.4455702437987278,1.27814,0.033333333333333326,0.9166666666666666,283,0.5544629309778943,5.999999999999998,,48,1.0757144569920838,0.7207456179769968,1.0572014847630302,2.809502050182388,True,0.9304447875894992,0.8657275027524683,6,0.03602213707134627,DPR-Exact-Block,V1_03_difficult:1403715907084058112:1403715907284058112,0.038546,formal_public_module_evidence,0.011630873461082825,0.04824910694685395,0.06319040581668546,0.4982715485661954,1.2200535083794248,6,0,V1_03_difficult,4,OK,True,410,1403715907084058112,2.6759961620118e-09,1403715907284058112,156,True,244
0.41018173236024025,0.318685,0.033333333333333326,0.9166666666666666,283,0.5744358706785605,5.999999999999998,,48,1.0757144569920838,0.7207456179769968,1.0572014847630302,2.7906018997137676,True,0.9304447875894992,0.8657275027524683,6,0.03602213707134627,DUC-K16,V1_03_difficult:1403715907084058112:1403715907284058112,0.038546,formal_public_module_evidence,0.011630873461082825,0.04824910694685395,0.06319040581668546,0.4982715485661954,1.2200535083794248,6,0,V1_03_difficult,4,OK,True,410,1403715907084058112,2.6759961620118e-09,1403715907284058112,156,True,244
0.42593990000804854,0.106773,0.033333333333333326,0.9166666666666666,283,0.5654547626764516,5.999999999999998,,48,1.0757144569920838,0.7207456179769968,1.0572014847630302,2.7987808420686258,True,0.9304447875894992,0.8657275027524683,6,0.03602213707134627,Permuted-K16,V1_03_difficult:1403715907084058112:1403715907284058112,0.038546,formal_public_module_evidence,0.011630873461082825,0.04824910694685395,0.06319040581668546,0.4982715485661954,1.2200535083794248,6,0,V1_03_difficult,4,OK,True,410,1403715907084058112,2.6759961620118e-09,1403715907284058112,156,True,244
0.8947854995204203,0.00626,0.033333333333333326,0.9166666666666666,265,0.37969212344768727,6.000000000000001,,16,1.0039771482518005,0.616191628836101,1.0132548886611992,3.3162934013628704,True,0.9638645251803919,0.9290348229012224,6,0.04647414315626586,Raw,V1_03_difficult:1403715907584058112:1403715907784058112,0.038629,formal_public_module_evidence,0.022649157469068704,0.09193468932852095,0.07076985769580497,0.2987617034562461,0.5824333364282827,0,0,V1_03_difficult,4,OK,True,420,1403715907584058112,7.652216176285944e-09,1403715907784058112,156,True,222
0.6871461347421759,0.001995,0.008333333333333415,0.9583333333333334,265,0.46731338270484585,6.000000000000001,,16,1.0039771482518005,0.616191628836101,1.0132548886611992,3.0651557240675023,True,0.9638645251803919,0.9290348229012224,6,0.04647414315626586,Global-DoF,V1_03_difficult:1403715907584058112:1403715907784058112,0.038629,formal_public_module_evidence,0.022649157469068704,0.09193468932852095,0.07076985769580497,0.2987617034562461,0.5824333364282827,0,0,V1_03_difficult,4,OK,True,420,1403715907584058112,7.652216176285944e-09,1403715907784058112,156,True,222
0.5775125233642859,0.447034,0.008333333333333415,0.9583333333333334,265,0.5214605889138445,6.000000000000001,,16,1.0039771482518005,0.616191628836101,1.0132548886611992,2.9683567093562115,True,0.9638645251803919,0.9290348229012224,6,0.04647414315626586,DPR-Exact-Block,V1_03_difficult:1403715907584058112:1403715907784058112,0.038629,formal_public_module_evidence,0.022649157469068704,0.09193468932852095,0.07076985769580497,0.2987617034562461,0.5824333364282827,0,0,V1_03_difficult,4,OK,True,420,1403715907584058112,7.652216176285944e-09,1403715907784058112,156,True,222
0.5320859686908261,0.183323,0.008333333333333415,0.9583333333333334,265,0.5456950229733772,6.000000000000001,,16,1.0039771482518005,0.616191628836101,1.0132548886611992,2.9346619681794546,True,0.9638645251803919,0.9290348229012224,6,0.04647414315626586,DUC-K16,V1_03_difficult:1403715907584058112:1403715907784058112,0.038629,formal_public_module_evidence,0.022649157469068704,0.09193468932852095,0.07076985769580497,0.2987617034562461,0.5824333364282827,0,0,V1_03_difficult,4,OK,True,420,1403715907584058112,7.652216176285944e-09,1403715907784058112,156,True,222
0.06693133247663516,0.069137,0.008333333333333415,0.9583333333333334,265,0.8688885706297531,6.000000000000001,,16,1.0039771482518005,0.616191628836101,1.0132548886611992,2.7665587321706826,True,0.9638645251803919,0.9290348229012224,6,0.04647414315626586,Permuted-K16,V1_03_difficult:1403715907584058112:1403715907784058112,0.038629,formal_public_module_evidence,0.022649157469068704,0.09193468932852095,0.07076985769580497,0.2987617034562461,0.5824333364282827,0,0,V1_03_difficult,4,OK,True,420,1403715907584058112,7.652216176285944e-09,1403715907784058112,156,True,222
0.563670091969126,0.006201,0.008333333333333415,0.9583333333333334,265,0.47566527587490653,6.000000000000001,,48,1.0066706528909832,0.6896849105750441,1.0159382794962029,2.8519456265772347,True,0.9142187614421482,0.8357959437728154,6,0.002597824831206297,Raw,V1_03_difficult:1403715907584058112:1403715907784058112,0.038437,formal_public_module_evidence,0.011129267963982392,0.04709188973619727,0.05989541574887742,0.47784642727337723,1.640131783533236,4,0,V1_03_difficult,4,OK,True,420,1403715907584058112,8.208667237010201e-10,1403715907784058112,156,True,222
0.49913157083155496,0.002055,0.008333333333333415,0.9583333333333334,265,0.5073762942665669,6.000000000000001,,48,1.0066706528909832,0.6896849105750441,1.0159382794962029,2.8066648080757717,True,0.9142187614421482,0.8357959437728154,6,0.002597824831206297,Global-DoF,V1_03_difficult:1403715907584058112:1403715907784058112,0.038437,formal_public_module_evidence,0.011129267963982392,0.04709188973619727,0.05989541574887742,0.47784642727337723,1.640131783533236,4,0,V1_03_difficult,4,OK,True,420,1403715907584058112,8.208667237010201e-10,1403715907784058112,156,True,222
0.48330755001179254,1.27766,0.008333333333333415,0.9583333333333334,265,0.5154688871249468,6.000000000000001,,48,1.0066706528909832,0.6896849105750441,1.0159382794962029,2.7966272330008217,True,0.9142187614421482,0.8357959437728154,6,0.002597824831206297,DPR-Exact-Block,V1_03_difficult:1403715907584058112:1403715907784058112,0.038437,formal_public_module_evidence,0.011129267963982392,0.04709188973619727,0.05989541574887742,0.47784642727337723,1.640131783533236,4,0,V1_03_difficult,4,OK,True,420,1403715907584058112,8.208667237010201e-10,1403715907784058112,156,True,222
0.4859087550453103,0.313739,0.008333333333333415,0.9583333333333334,265,0.5141297892502593,6.000000000000001,,48,1.0066706528909832,0.6896849105750441,1.0159382794962029,2.7982491862085737,True,0.9142187614421482,0.8357959437728154,6,0.002597824831206297,DUC-K16,V1_03_difficult:1403715907584058112:1403715907784058112,0.038437,formal_public_module_evidence,0.011129267963982392,0.04709188973619727,0.05989541574887742,0.47784642727337723,1.640131783533236,4,0,V1_03_difficult,4,OK,True,420,1403715907584058112,8.208667237010201e-10,1403715907784058112,156,True,222
0.5117667434057149,0.109118,0.008333333333333415,0.9583333333333334,265,0.5010058378884343,6.000000000000001,,48,1.0066706528909832,0.6896849105750441,1.0159382794962029,2.8149754786357266,True,0.9142187614421482,0.8357959437728154,6,0.002597824831206297,Permuted-K16,V1_03_difficult:1403715907584058112:1403715907784058112,0.038437,formal_public_module_evidence,0.011129267963982392,0.04709188973619727,0.05989541574887742,0.47784642727337723,1.640131783533236,4,0,V1_03_difficult,4,OK,True,420,1403715907584058112,8.208667237010201e-10,1403715907784058112,156,True,222
0.5724123701677186,0.006385,0.07499999999999996,0.875,254,0.16616221675201692,6.0,,16,2.1531549798805556,0.4076299998184836,2.1850675438812632,1.8156242234735274,True,0.5427051034551181,0.2945288293162304,6,0.07879114662595299,Raw,V1_03_difficult:1403715908084058112:1403715908284058112,0.037842,formal_public_module_evidence,0.03669621201533946,0.06865977694195957,0.1206402237366833,0.2795917084185359,0.8233730218836114,1,0,V1_03_difficult,4,OK,True,430,1403715908084058112,1.8298101318057432e-09,1403715908284058112,172,True,243
0.36477300538947455,0.002004,0.07499999999999996,0.875,254,0.20450734369479,6.0,,16,2.1531549798805556,0.4076299998184836,2.1850675438812632,1.6909127290958026,True,0.5427051034551181,0.2945288293162304,6,0.07879114662595299,Global-DoF,V1_03_difficult:1403715908084058112:1403715908284058112,0.037842,formal_public_module_evidence,0.03669621201533946,0.06865977694195957,0.1206402237366833,0.2795917084185359,0.8233730218836114,1,0,V1_03_difficult,4,OK,True,430,1403715908084058112,1.8298101318057432e-09,1403715908284058112,172,True,243
0.36346149777767,0.490186,0.07499999999999996,0.875,254,0.20477573259128573,6.0,,16,2.1531549798805556,0.4076299998184836,2.1850675438812632,1.6903366584779607,True,0.5427051034551181,0.2945288293162304,6,0.07879114662595299,DPR-Exact-Block,V1_03_difficult:1403715908084058112:1403715908284058112,0.037842,formal_public_module_evidence,0.03669621201533946,0.06865977694195957,0.1206402237366833,0.2795917084185359,0.8233730218836114,1,0,V1_03_difficult,4,OK,True,430,1403715908084058112,1.8298101318057432e-09,1403715908284058112,172,True,243
0.28762039221501057,0.178336,0.07499999999999996,0.875,254,0.22091024736332265,6.0,,16,2.1531549798805556,0.4076299998184836,2.1850675438812632,1.6611293814816215,True,0.5427051034551181,0.2945288293162304,6,0.07879114662595299,DUC-K16,V1_03_difficult:1403715908084058112:1403715908284058112,0.037842,formal_public_module_evidence,0.03669621201533946,0.06865977694195957,0.1206402237366833,0.2795917084185359,0.8233730218836114,1,0,V1_03_difficult,4,OK,True,430,1403715908084058112,1.8298101318057432e-09,1403715908284058112,172,True,243
0.36378990723743304,0.069569,0.07499999999999996,0.875,254,0.20470849334517943,6.0,,16,2.1531549798805556,0.4076299998184836,2.1850675438812632,1.6904806777435677,True,0.5427051034551181,0.2945288293162304,6,0.07879114662595299,Permuted-K16,V1_03_difficult:1403715908084058112:1403715908284058112,0.037842,formal_public_module_evidence,0.03669621201533946,0.06865977694195957,0.1206402237366833,0.2795917084185359,0.8233730218836114,1,0,V1_03_difficult,4,OK,True,430,1403715908084058112,1.8298101318057432e-09,1403715908284058112,172,True,243
0.11364594885883592,0.006182,0.033333333333333326,0.9166666666666666,254,0.20938815466712077,6.0,,48,2.1527178905474194,0.4575895045421396,2.184540342003575,1.3946669078452671,True,0.4843440388900443,0.23458914800832073,6,0.005164243205157293,Raw,V1_03_difficult:1403715908084058112:1403715908284058112,0.038546,formal_public_module_evidence,0.014043807343354031,0.03312050957731121,0.05940957699015061,0.42549900290891535,1.0,5,0,V1_03_difficult,4,OK,True,430,1403715908084058112,3.554578010692133e-11,1403715908284058112,172,True,243
0.049107427721264675,0.001988,0.033333333333333326,0.9166666666666666,254,0.2233473649782622,6.0,,48,2.1527178905474194,0.4575895045421396,2.184540342003575,1.3891832170108713,True,0.4843440388900443,0.23458914800832073,6,0.005164243205157293,Global-DoF,V1_03_difficult:1403715908084058112:1403715908284058112,0.038546,formal_public_module_evidence,0.014043807343354031,0.03312050957731121,0.05940957699015061,0.42549900290891535,1.0,5,0,V1_03_difficult,4,OK,True,430,1403715908084058112,3.554578010692133e-11,1403715908284058112,172,True,243
0.0461009494294985,1.297127,0.033333333333333326,0.9166666666666666,254,0.22401986440349894,6.0,,48,2.1527178905474194,0.4575895045421396,2.184540342003575,1.3890366335799413,True,0.4843440388900443,0.23458914800832073,6,0.005164243205157293,DPR-Exact-Block,V1_03_difficult:1403715908084058112:1403715908284058112,0.038546,formal_public_module_evidence,0.014043807343354031,0.03312050957731121,0.05940957699015061,0.42549900290891535,1.0,5,0,V1_03_difficult,4,OK,True,430,1403715908084058112,3.554578010692133e-11,1403715908284058112,172,True,243
0.05127857342625171,0.319106,0.033333333333333326,0.9166666666666666,254,0.2228629713409329,6.0,,48,2.1527178905474194,0.4575895045421396,2.184540342003575,1.3892949750390748,True,0.4843440388900443,0.23458914800832073,6,0.005164243205157293,DUC-K16,V1_03_difficult:1403715908084058112:1403715908284058112,0.038546,formal_public_module_evidence,0.014043807343354031,0.03312050957731121,0.05940957699015061,0.42549900290891535,1.0,5,0,V1_03_difficult,4,OK,True,430,1403715908084058112,3.554578010692133e-11,1403715908284058112,172,True,243
0.07322132323870599,0.10608,0.033333333333333326,0.9166666666666666,254,0.21802600714127152,6.0,,48,2.1527178905474194,0.4575895045421396,2.184540342003575,1.3907047893437638,True,0.4843440388900443,0.23458914800832073,6,0.005164243205157293,Permuted-K16,V1_03_difficult:1403715908084058112:1403715908284058112,0.038546,formal_public_module_evidence,0.014043807343354031,0.03312050957731121,0.05940957699015061,0.42549900290891535,1.0,5,0,V1_03_difficult,4,OK,True,430,1403715908084058112,3.554578010692133e-11,1403715908284058112,172,True,243
,,,,356,,,INSUFFICIENT_TRACKS,16,,,,,,,,,,Raw,V1_03_difficult:1403715908584058112:1403715908784058112,,formal_public_module_evidence,,,,,,,,V1_03_difficult,,,,440,1403715908584058112,,1403715908784058112,56,False,287
,,,,356,,,INSUFFICIENT_TRACKS,16,,,,,,,,,,Global-DoF,V1_03_difficult:1403715908584058112:1403715908784058112,,formal_public_module_evidence,,,,,,,,V1_03_difficult,,,,440,1403715908584058112,,1403715908784058112,56,False,287
,,,,356,,,INSUFFICIENT_TRACKS,16,,,,,,,,,,DPR-Exact-Block,V1_03_difficult:1403715908584058112:1403715908784058112,,formal_public_module_evidence,,,,,,,,V1_03_difficult,,,,440,1403715908584058112,,1403715908784058112,56,False,287
,,,,356,,,INSUFFICIENT_TRACKS,16,,,,,,,,,,DUC-K16,V1_03_difficult:1403715908584058112:1403715908784058112,,formal_public_module_evidence,,,,,,,,V1_03_difficult,,,,440,1403715908584058112,,1403715908784058112,56,False,287
,,,,356,,,INSUFFICIENT_TRACKS,16,,,,,,,,,,Permuted-K16,V1_03_difficult:1403715908584058112:1403715908784058112,,formal_public_module_evidence,,,,,,,,V1_03_difficult,,,,440,1403715908584058112,,1403715908784058112,56,False,287
,,,,356,,,INSUFFICIENT_TRACKS,48,,,,,,,,,,Raw,V1_03_difficult:1403715908584058112:1403715908784058112,,formal_public_module_evidence,,,,,,,,V1_03_difficult,,,,440,1403715908584058112,,1403715908784058112,56,False,287
,,,,356,,,INSUFFICIENT_TRACKS,48,,,,,,,,,,Global-DoF,V1_03_difficult:1403715908584058112:1403715908784058112,,formal_public_module_evidence,,,,,,,,V1_03_difficult,,,,440,1403715908584058112,,1403715908784058112,56,False,287
,,,,356,,,INSUFFICIENT_TRACKS,48,,,,,,,,,,DPR-Exact-Block,V1_03_difficult:1403715908584058112:1403715908784058112,,formal_public_module_evidence,,,,,,,,V1_03_difficult,,,,440,1403715908584058112,,1403715908784058112,56,False,287
,,,,356,,,INSUFFICIENT_TRACKS,48,,,,,,,,,,DUC-K16,V1_03_difficult:1403715908584058112:1403715908784058112,,formal_public_module_evidence,,,,,,,,V1_03_difficult,,,,440,1403715908584058112,,1403715908784058112,56,False,287
,,,,356,,,INSUFFICIENT_TRACKS,48,,,,,,,,,,Permuted-K16,V1_03_difficult:1403715908584058112:1403715908784058112,,formal_public_module_evidence,,,,,,,,V1_03_difficult,,,,440,1403715908584058112,,1403715908784058112,56,False,287
1.0658648928185634,0.006683,0.15833333333333333,0.7916666666666666,1048,0.24485759741790109,6.0,,16,2.3746574196971677,0.49483087759142624,2.546784796539842,3.334147578109215,True,0.8431530446629384,0.710907056724383,6,0.06586101493427643,Raw,V1_03_difficult:1403715909084058112:1403715909284058112,0.040038,formal_public_module_evidence,0.03199594842700271,0.07882694575952773,0.13074076433465442,0.3490338208473164,0.9423544706620093,0,0,V1_03_difficult,5,OK,True,450,1403715909084058112,1.709077318205923e-09,1403715909284058112,734,True,958
0.8582255280403188,0.00205,0.11666666666666659,0.8333333333333334,1048,0.3013631968220321,6.0,,16,2.3746574196971677,0.49483087759142624,2.546784796539842,2.997409008359556,True,0.8431530446629384,0.710907056724383,6,0.06586101493427643,Global-DoF,V1_03_difficult:1403715909084058112:1403715909284058112,0.040038,formal_public_module_evidence,0.03199594842700271,0.07882694575952773,0.13074076433465442,0.3490338208473164,0.9423544706620093,0,0,V1_03_difficult,5,OK,True,450,1403715909084058112,1.709077318205923e-09,1403715909284058112,734,True,958
0.8323258927619317,0.44619,0.11666666666666659,0.8333333333333334,1048,0.30927034787124164,6.0,,16,2.3746574196971677,0.49483087759142624,2.546784796539842,2.962996555723746,True,0.8431530446629384,0.710907056724383,6,0.06586101493427643,DPR-Exact-Block,V1_03_difficult:1403715909084058112:1403715909284058112,0.040038,formal_public_module_evidence,0.03199594842700271,0.07882694575952773,0.13074076433465442,0.3490338208473164,0.9423544706620093,0,0,V1_03_difficult,5,OK,True,450,1403715909084058112,1.709077318205923e-09,1403715909284058112,734,True,958
0.9004559383055646,0.177547,0.11666666666666659,0.8333333333333334,1048,0.2889014888713649,6.0,,16,2.3746574196971677,0.49483087759142624,2.546784796539842,3.056932342594893,True,0.8431530446629384,0.710907056724383,6,0.06586101493427643,DUC-K16,V1_03_difficult:1403715909084058112:1403715909284058112,0.040038,formal_public_module_evidence,0.03199594842700271,0.07882694575952773,0.13074076433465442,0.3490338208473164,0.9423544706620093,0,0,V1_03_difficult,5,OK,True,450,1403715909084058112,1.709077318205923e-09,1403715909284058112,734,True,958
0.9515726773101022,0.076657,0.11666666666666659,0.8333333333333334,1048,0.27450487546306873,6.0,,16,2.3746574196971677,0.49483087759142624,2.546784796539842,3.134870155009215,True,0.8431530446629384,0.710907056724383,6,0.06586101493427643,Permuted-K16,V1_03_difficult:1403715909084058112:1403715909284058112,0.040038,formal_public_module_evidence,0.03199594842700271,0.07882694575952773,0.13074076433465442,0.3490338208473164,0.9423544706620093,0,0,V1_03_difficult,5,OK,True,450,1403715909084058112,1.709077318205923e-09,1403715909284058112,734,True,958
0.895169517212643,0.006448,0.11666666666666659,0.8333333333333334,1048,0.25476599518441206,6.0,,48,2.3753026760589337,0.5047434944448637,2.5480631941198073,2.918217935498145,True,0.7896857859581088,0.6236036405442761,6,0.017410627739237183,Raw,V1_03_difficult:1403715909084058112:1403715909284058112,0.039228,formal_public_module_evidence,0.01304189293751229,0.043862462978598714,0.06447525556575634,0.52816710138725,1.83329145285373,3,0,V1_03_difficult,5,OK,True,450,1403715909084058112,4.782770438470117e-10,1403715909284058112,734,True,958
0.830630996075072,0.001971,0.11666666666666659,0.8333333333333334,1048,0.2717503948633728,6.0,,48,2.3753026760589337,0.5047434944448637,2.5480631941198073,2.829772038500144,True,0.7896857859581088,0.6236036405442761,6,0.017410627739237183,Global-DoF,V1_03_difficult:1403715909084058112:1403715909284058112,0.039228,formal_public_module_evidence,0.01304189293751229,0.043862462978598714,0.06447525556575634,0.52816710138725,1.83329145285373,3,0,V1_03_difficult,5,OK,True,450,1403715909084058112,4.782770438470117e-10,1403715909284058112,734,True,958
0.7982553338130651,1.291928,0.11666666666666659,0.8333333333333334,1048,0.2806924655330609,6.0,,48,2.3753026760589337,0.5047434944448637,2.5480631941198073,2.7890429163641386,True,0.7896857859581088,0.6236036405442761,6,0.017410627739237183,DPR-Exact-Block,V1_03_difficult:1403715909084058112:1403715909284058112,0.039228,formal_public_module_evidence,0.01304189293751229,0.043862462978598714,0.06447525556575634,0.52816710138725,1.83329145285373,3,0,V1_03_difficult,5,OK,True,450,1403715909084058112,4.782770438470117e-10,1403715909284058112,734,True,958
0.7809945344818973,0.322456,0.11666666666666659,0.8333333333333334,1048,0.28557949755966566,6.0,,48,2.3753026760589337,0.5047434944448637,2.5480631941198073,2.7682851221508558,True,0.7896857859581088,0.6236036405442761,6,0.017410627739237183,DUC-K16,V1_03_difficult:1403715909084058112:1403715909284058112,0.039228,formal_public_module_evidence,0.01304189293751229,0.043862462978598714,0.06447525556575634,0.52816710138725,1.83329145285373,3,0,V1_03_difficult,5,OK,True,450,1403715909084058112,4.782770438470117e-10,1403715909284058112,734,True,958
0.7937441173313114,0.107288,0.11666666666666659,0.8333333333333334,1048,0.2819615905062887,6.0,,48,2.3753026760589337,0.5047434944448637,2.5480631941198073,2.7835543095687076,True,0.7896857859581088,0.6236036405442761,6,0.017410627739237183,Permuted-K16,V1_03_difficult:1403715909084058112:1403715909284058112,0.039228,formal_public_module_evidence,0.01304189293751229,0.043862462978598714,0.06447525556575634,0.52816710138725,1.83329145285373,3,0,V1_03_difficult,5,OK,True,450,1403715909084058112,4.782770438470117e-10,1403715909284058112,734,True,958
0.4426124448400825,0.006646,0.033333333333333326,0.9166666666666666,593,0.4613618915004851,6.000000000000001,,16,2.7811570898353355,0.6792362560261967,2.2960889434187624,2.621073420162752,True,0.8474867767505351,0.7182338367670114,6,0.019620846684889504,Raw,V1_03_difficult:1403715909584058112:1403715909784058112,0.042931,formal_public_module_evidence,0.02108462044787901,0.06257174607336996,0.07157368226790639,0.18007919960488222,0.3827145558093597,0,0,V1_03_difficult,6,OK,True,460,1403715909584058112,4.116568501291672e-09,1403715909784058112,335,True,591
0.23497308006183812,0.002117,0.033333333333333326,0.9166666666666666,593,0.5678300203082893,6.000000000000001,,16,2.7811570898353355,0.6792362560261967,2.2960889434187624,2.5368186192659086,True,0.8474867767505351,0.7182338367670114,6,0.019620846684889504,Global-DoF,V1_03_difficult:1403715909584058112:1403715909784058112,0.042931,formal_public_module_evidence,0.02108462044787901,0.06257174607336996,0.07157368226790639,0.18007919960488222,0.3827145558093597,0,0,V1_03_difficult,6,OK,True,460,1403715909584058112,4.116568501291672e-09,1403715909784058112,335,True,591
0.20213635107849318,0.473365,0.033333333333333326,0.9166666666666666,593,0.5867852108475836,6.000000000000001,,16,2.7811570898353355,0.6792362560261967,2.2960889434187624,2.528795522808221,True,0.8474867767505351,0.7182338367670114,6,0.019620846684889504,DPR-Exact-Block,V1_03_difficult:1403715909584058112:1403715909784058112,0.042931,formal_public_module_evidence,0.02108462044787901,0.06257174607336996,0.07157368226790639,0.18007919960488222,0.3827145558093597,0,0,V1_03_difficult,6,OK,True,460,1403715909584058112,4.116568501291672e-09,1403715909784058112,335,True,591
0.18270551182330563,0.180511,0.033333333333333326,0.9166666666666666,593,0.5982984335065846,6.000000000000001,,16,2.7811570898353355,0.6792362560261967,2.2960889434187624,2.524672304078481,True,0.8474867767505351,0.7182338367670114,6,0.019620846684889504,DUC-K16,V1_03_difficult:1403715909584058112:1403715909784058112,0.042931,formal_public_module_evidence,0.02108462044787901,0.06257174607336996,0.07157368226790639,0.18007919960488222,0.3827145558093597,0,0,V1_03_difficult,6,OK,True,460,1403715909584058112,4.116568501291672e-09,1403715909784058112,335,True,591
0.1676679640303669,0.070637,0.033333333333333326,0.9166666666666666,593,0.6073633611172387,6.000000000000001,,16,2.7811570898353355,0.6792362560261967,2.2960889434187624,2.521792915716191,True,0.8474867767505351,0.7182338367670114,6,0.019620846684889504,Permuted-K16,V1_03_difficult:1403715909584058112:1403715909784058112,0.042931,formal_public_module_evidence,0.02108462044787901,0.06257174607336996,0.07157368226790639,0.18007919960488222,0.3827145558093597,0,0,V1_03_difficult,6,OK,True,460,1403715909584058112,4.116568501291672e-09,1403715909784058112,335,True,591
0.403660164698055,0.006049,0.033333333333333326,0.9166666666666666,593,0.5318658882872778,6.0,,48,2.5740330020307995,0.7292913603541987,2.2954092189452466,2.703808182084328,True,0.8923901329838839,0.796360149446994,6,0.011249845447360074,Raw,V1_03_difficult:1403715909584058112:1403715909784058112,0.038129,formal_public_module_evidence,0.012605645041382618,0.035766199106783275,0.057815986648864344,0.5083473994175417,1.0,5,0,V1_03_difficult,4,OK,True,460,1403715909584058112,1.1896132308869813e-10,1403715909784058112,335,True,591
0.3391216435604839,0.002045,0.033333333333333326,0.9166666666666666,593,0.5673236141730962,6.0,,48,2.5740330020307995,0.7292913603541987,2.2954092189452466,2.6747657640480873,True,0.8923901329838839,0.796360149446994,6,0.011249845447360074,Global-DoF,V1_03_difficult:1403715909584058112:1403715909784058112,0.038129,formal_public_module_evidence,0.012605645041382618,0.035766199106783275,0.057815986648864344,0.5083473994175417,1.0,5,0,V1_03_difficult,4,OK,True,460,1403715909584058112,1.1896132308869813e-10,1403715909784058112,335,True,591
0.33391828739944407,1.265094,0.033333333333333326,0.9166666666666666,593,0.570283294453764,6.0,,48,2.5740330020307995,0.7292913603541987,2.2954092189452466,2.6726840656666018,True,0.8923901329838839,0.796360149446994,6,0.011249845447360074,DPR-Exact-Block,V1_03_difficult:1403715909584058112:1403715909784058112,0.038129,formal_public_module_evidence,0.012605645041382618,0.035766199106783275,0.057815986648864344,0.5083473994175417,1.0,5,0,V1_03_difficult,4,OK,True,460,1403715909584058112,1.1896132308869813e-10,1403715909784058112,335,True,591
0.3452318909885895,0.319574,0.033333333333333326,0.9166666666666666,593,0.5638676955299479,6.0,,48,2.5740330020307995,0.7292913603541987,2.2954092189452466,2.677258814385519,True,0.8923901329838839,0.796360149446994,6,0.011249845447360074,DUC-K16,V1_03_difficult:1403715909584058112:1403715909784058112,0.038129,formal_public_module_evidence,0.012605645041382618,0.035766199106783275,0.057815986648864344,0.5083473994175417,1.0,5,0,V1_03_difficult,4,OK,True,460,1403715909584058112,1.1896132308869813e-10,1403715909784058112,335,True,591
0.3623986961294462,0.106598,0.033333333333333326,0.9166666666666666,593,0.5542705009494971,6.0,,48,2.5740330020307995,0.7292913603541987,2.2954092189452466,2.6845462869548347,True,0.8923901329838839,0.796360149446994,6,0.011249845447360074,Permuted-K16,V1_03_difficult:1403715909584058112:1403715909784058112,0.038129,formal_public_module_evidence,0.012605645041382618,0.035766199106783275,0.057815986648864344,0.5083473994175417,1.0,5,0,V1_03_difficult,4,OK,True,460,1403715909584058112,1.1896132308869813e-10,1403715909784058112,335,True,591
0.18941713684240283,0.00581,0.033333333333333326,0.9166666666666666,1200,3.6934434511229783,6.0,,16,1.439687287330979,1.9218333567515624,1.3543029112233824,4.352981249889304,True,2.1127452584133777,4.4636925269482095,6,0.0072861234223799975,Raw,V1_03_difficult:1403715910084058112:1403715910284058112,0.037641,formal_public_module_evidence,0.040054562658316084,0.07719191651984278,0.1142565233421354,0.3968300749750028,0.6149243307557665,0,0,V1_03_difficult,4,OK,True,470,1403715910084058112,4.400429269859145e-09,1403715910284058112,115,True,777
0.018222227935841752,0.002115,0.050000000000000044,1.0,1200,4.545776555228281,6.0,,16,1.439687287330979,1.9218333567515624,1.3543029112233824,4.334018431669912,True,2.1127452584133777,4.4636925269482095,6,0.0072861234223799975,Global-DoF,V1_03_difficult:1403715910084058112:1403715910284058112,0.037641,formal_public_module_evidence,0.040054562658316084,0.07719191651984278,0.1142565233421354,0.3968300749750028,0.6149243307557665,0,0,V1_03_difficult,4,OK,True,470,1403715910084058112,4.400429269859145e-09,1403715910284058112,115,True,777
0.040258582868460915,0.481009,0.050000000000000044,1.0,1200,4.64706076968378,6.0,,16,1.439687287330979,1.9218333567515624,1.3543029112233824,4.334653021194808,True,2.1127452584133777,4.4636925269482095,6,0.0072861234223799975,DPR-Exact-Block,V1_03_difficult:1403715910084058112:1403715910284058112,0.037641,formal_public_module_evidence,0.040054562658316084,0.07719191651984278,0.1142565233421354,0.3968300749750028,0.6149243307557665,0,0,V1_03_difficult,4,OK,True,470,1403715910084058112,4.400429269859145e-09,1403715910284058112,115,True,777
0.047518290727341844,0.183434,0.050000000000000044,1.0,1200,4.680919828002995,6.0,,16,1.439687287330979,1.9218333567515624,1.3543029112233824,4.334964732534642,True,2.1127452584133777,4.4636925269482095,6,0.0072861234223799975,DUC-K16,V1_03_difficult:1403715910084058112:1403715910284058112,0.037641,formal_public_module_evidence,0.040054562658316084,0.07719191651984278,0.1142565233421354,0.3968300749750028,0.6149243307557665,0,0,V1_03_difficult,4,OK,True,470,1403715910084058112,4.400429269859145e-09,1403715910284058112,115,True,777
0.02374925013231812,0.077378,0.050000000000000044,1.0,1200,4.5709707233766705,6.0,,16,1.439687287330979,1.9218333567515624,1.3543029112233824,4.334133204841874,True,2.1127452584133777,4.4636925269482095,6,0.0072861234223799975,Permuted-K16,V1_03_difficult:1403715910084058112:1403715910284058112,0.037641,formal_public_module_evidence,0.040054562658316084,0.07719191651984278,0.1142565233421354,0.3968300749750028,0.6149243307557665,0,0,V1_03_difficult,4,OK,True,470,1403715910084058112,4.400429269859145e-09,1403715910284058112,115,True,777
0.0635505296680924,0.005766,0.050000000000000044,1.0,1200,4.221123054773327,5.999999999999999,,48,1.3787960186335277,2.0545371874885414,1.3629403393059796,4.216404985488328,True,1.9902800248641455,3.961214577373223,6,0.01711674746413716,Raw,V1_03_difficult:1403715910084058112:1403715910284058112,0.038725,formal_public_module_evidence,0.01407348735275804,0.029237704084581085,0.05397484390014327,0.48304076018402015,1.1265709584609742,6,0,V1_03_difficult,5,OK,True,470,1403715910084058112,4.4178025147398144e-10,1403715910284058112,115,True,777
0.12808905080566368,0.001972,0.050000000000000044,1.0,1200,4.502531258424882,5.999999999999999,,48,1.3787960186335277,2.0545371874885414,1.3629403393059796,4.222291837893839,True,1.9902800248641455,3.961214577373223,6,0.01711674746413716,Global-DoF,V1_03_difficult:1403715910084058112:1403715910284058112,0.038725,formal_public_module_evidence,0.01407348735275804,0.029237704084581085,0.05397484390014327,0.48304076018402015,1.1265709584609742,6,0,V1_03_difficult,5,OK,True,470,1403715910084058112,4.4178025147398144e-10,1403715910284058112,115,True,777
0.1443121659389661,1.278729,0.050000000000000044,1.0,1200,4.576172067970803,5.999999999999999,,48,1.3787960186335277,2.0545371874885414,1.3629403393059796,4.224357411628475,True,1.9902800248641455,3.961214577373223,6,0.01711674746413716,DPR-Exact-Block,V1_03_difficult:1403715910084058112:1403715910284058112,0.038725,formal_public_module_evidence,0.01407348735275804,0.029237704084581085,0.05397484390014327,0.48304076018402015,1.1265709584609742,6,0,V1_03_difficult,5,OK,True,470,1403715910084058112,4.4178025147398144e-10,1403715910284058112,115,True,777
0.12704723355615266,0.318555,0.050000000000000044,1.0,1200,4.497842886330909,5.999999999999999,,48,1.3787960186335277,2.0545371874885414,1.3629403393059796,4.2221670630596515,True,1.9902800248641455,3.961214577373223,6,0.01711674746413716,DUC-K16,V1_03_difficult:1403715910084058112:1403715910284058112,0.038725,formal_public_module_evidence,0.01407348735275804,0.029237704084581085,0.05397484390014327,0.48304076018402015,1.1265709584609742,6,0,V1_03_difficult,5,OK,True,470,1403715910084058112,4.4178025147398144e-10,1403715910284058112,115,True,777
0.1111124194297839,0.106697,0.050000000000000044,1.0,1200,4.4267386171738226,5.999999999999999,,48,1.3787960186335277,2.0545371874885414,1.3629403393059796,4.220378321617208,True,1.9902800248641455,3.961214577373223,6,0.01711674746413716,Permuted-K16,V1_03_difficult:1403715910084058112:1403715910284058112,0.038725,formal_public_module_evidence,0.01407348735275804,0.029237704084581085,0.05397484390014327,0.48304076018402015,1.1265709584609742,6,0,V1_03_difficult,5,OK,True,470,1403715910084058112,4.4178025147398144e-10,1403715910284058112,115,True,777
,,,,185,,,INSUFFICIENT_TRACKS,16,,,,,,,,,,Raw,V1_03_difficult:1403715910584058112:1403715910784058112,,formal_public_module_evidence,,,,,,,,V1_03_difficult,,,,480,1403715910584058112,,1403715910784058112,59,False,173
,,,,185,,,INSUFFICIENT_TRACKS,16,,,,,,,,,,Global-DoF,V1_03_difficult:1403715910584058112:1403715910784058112,,formal_public_module_evidence,,,,,,,,V1_03_difficult,,,,480,1403715910584058112,,1403715910784058112,59,False,173
,,,,185,,,INSUFFICIENT_TRACKS,16,,,,,,,,,,DPR-Exact-Block,V1_03_difficult:1403715910584058112:1403715910784058112,,formal_public_module_evidence,,,,,,,,V1_03_difficult,,,,480,1403715910584058112,,1403715910784058112,59,False,173
,,,,185,,,INSUFFICIENT_TRACKS,16,,,,,,,,,,DUC-K16,V1_03_difficult:1403715910584058112:1403715910784058112,,formal_public_module_evidence,,,,,,,,V1_03_difficult,,,,480,1403715910584058112,,1403715910784058112,59,False,173
,,,,185,,,INSUFFICIENT_TRACKS,16,,,,,,,,,,Permuted-K16,V1_03_difficult:1403715910584058112:1403715910784058112,,formal_public_module_evidence,,,,,,,,V1_03_difficult,,,,480,1403715910584058112,,1403715910784058112,59,False,173
,,,,185,,,INSUFFICIENT_TRACKS,48,,,,,,,,,,Raw,V1_03_difficult:1403715910584058112:1403715910784058112,,formal_public_module_evidence,,,,,,,,V1_03_difficult,,,,480,1403715910584058112,,1403715910784058112,59,False,173
,,,,185,,,INSUFFICIENT_TRACKS,48,,,,,,,,,,Global-DoF,V1_03_difficult:1403715910584058112:1403715910784058112,,formal_public_module_evidence,,,,,,,,V1_03_difficult,,,,480,1403715910584058112,,1403715910784058112,59,False,173
,,,,185,,,INSUFFICIENT_TRACKS,48,,,,,,,,,,DPR-Exact-Block,V1_03_difficult:1403715910584058112:1403715910784058112,,formal_public_module_evidence,,,,,,,,V1_03_difficult,,,,480,1403715910584058112,,1403715910784058112,59,False,173
,,,,185,,,INSUFFICIENT_TRACKS,48,,,,,,,,,,DUC-K16,V1_03_difficult:1403715910584058112:1403715910784058112,,formal_public_module_evidence,,,,,,,,V1_03_difficult,,,,480,1403715910584058112,,1403715910784058112,59,False,173
,,,,185,,,INSUFFICIENT_TRACKS,48,,,,,,,,,,Permuted-K16,V1_03_difficult:1403715910584058112:1403715910784058112,,formal_public_module_evidence,,,,,,,,V1_03_difficult,,,,480,1403715910584058112,,1403715910784058112,59,False,173
0.6109819383611338,0.006788,0.008333333333333415,0.9583333333333334,218,4.763130723455106,6.0,,16,1.7919573130561752,2.182459787362669,1.79730658116497,3.9415998273416615,True,1.6079524739954725,2.5855111586281607,6,0.06791240701742329,Raw,V1_03_difficult:1403715911084058112:1403715911284058112,0.041536,formal_public_module_evidence,0.018050981679063827,0.072182792189637,0.0855669771026881,0.19545177151965176,0.5058713704503837,0,0,V1_03_difficult,10,OK,True,490,1403715911084058112,3.498408630479644e-08,1403715911284058112,95,True,215
0.8186213031393781,0.002054,0.050000000000000044,1.0,218,5.862314736560129,6.0,,16,1.7919573130561752,2.182459787362669,1.79730658116497,4.047460893267943,True,1.6079524739954725,2.5855111586281607,6,0.06791240701742329,Global-DoF,V1_03_difficult:1403715911084058112:1403715911284058112,0.041536,formal_public_module_evidence,0.018050981679063827,0.072182792189637,0.0855669771026881,0.19545177151965176,0.5058713704503837,0,0,V1_03_difficult,10,OK,True,490,1403715911084058112,3.498408630479644e-08,1403715911284058112,95,True,215
1.0768607976534719,0.455711,0.050000000000000044,1.0,218,7.589638989780253,6.0,,16,1.7919573130561752,2.182459787362669,1.79730658116497,4.205324352512651,True,1.6079524739954725,2.5855111586281607,6,0.06791240701742329,DPR-Exact-Block,V1_03_difficult:1403715911084058112:1403715911284058112,0.041536,formal_public_module_evidence,0.018050981679063827,0.072182792189637,0.0855669771026881,0.19545177151965176,0.5058713704503837,0,0,V1_03_difficult,10,OK,True,490,1403715911084058112,3.498408630479644e-08,1403715911284058112,95,True,215
1.0065323128276018,0.181515,0.050000000000000044,1.0,218,7.074208337590991,6.0,,16,1.7919573130561752,2.182459787362669,1.79730658116497,4.15981677735943,True,1.6079524739954725,2.5855111586281607,6,0.06791240701742329,DUC-K16,V1_03_difficult:1403715911084058112:1403715911284058112,0.041536,formal_public_module_evidence,0.018050981679063827,0.072182792189637,0.0855669771026881,0.19545177151965176,0.5058713704503837,0,0,V1_03_difficult,10,OK,True,490,1403715911084058112,3.498408630479644e-08,1403715911284058112,95,True,215
0.7348594642619005,0.070047,0.050000000000000044,1.0,218,5.391279242090084,6.0,,16,1.7919573130561752,2.182459787362669,1.79730658116497,4.002232610729195,True,1.6079524739954725,2.5855111586281607,6,0.06791240701742329,Permuted-K16,V1_03_difficult:1403715911084058112:1403715911284058112,0.041536,formal_public_module_evidence,0.018050981679063827,0.072182792189637,0.0855669771026881,0.19545177151965176,0.5058713704503837,0,0,V1_03_difficult,10,OK,True,490,1403715911084058112,3.498408630479644e-08,1403715911284058112,95,True,215
0.560641945753729,0.00639,0.050000000000000044,1.0,218,38.870274628229275,5.999999999999999,,48,1.746271903927209,6.234603004861599,1.7536730185266551,6.068949372835608,True,4.710499400289191,22.18880460012483,6,0.018045550754646977,Raw,V1_03_difficult:1403715911084058112:1403715911284058112,0.044759,formal_public_module_evidence,0.00992748684852629,0.050315977602988865,0.056413781872522197,0.4973206191012496,1.187065206703618,8,0,V1_03_difficult,15,OK,True,490,1403715911084058112,2.3017845089635068e-07,1403715911284058112,95,True,215
0.6251804668913002,0.002167,0.050000000000000044,1.0,218,41.461626270111225,5.999999999999999,,48,1.746271903927209,6.234603004861599,1.7536730185266551,6.097810237955265,True,4.710499400289191,22.18880460012483,6,0.018045550754646977,Global-DoF,V1_03_difficult:1403715911084058112:1403715911284058112,0.044759,formal_public_module_evidence,0.00992748684852629,0.050315977602988865,0.056413781872522197,0.4973206191012496,1.187065206703618,8,0,V1_03_difficult,15,OK,True,490,1403715911084058112,2.3017845089635068e-07,1403715911284058112,95,True,215
0.6815001908332969,1.275467,0.050000000000000044,1.0,218,43.863741953999444,5.999999999999999,,48,1.746271903927209,6.234603004861599,1.7536730185266551,6.124822661630378,True,4.710499400289191,22.18880460012483,6,0.018045550754646977,DPR-Exact-Block,V1_03_difficult:1403715911084058112:1403715911284058112,0.044759,formal_public_module_evidence,0.00992748684852629,0.050315977602988865,0.056413781872522197,0.4973206191012496,1.187065206703618,8,0,V1_03_difficult,15,OK,True,490,1403715911084058112,2.3017845089635068e-07,1403715911284058112,95,True,215
0.6632898334325795,0.318587,0.050000000000000044,1.0,218,43.07219657227981,5.999999999999999,,48,1.746271903927209,6.234603004861599,1.7536730185266551,6.115908537797051,True,4.710499400289191,22.18880460012483,6,0.018045550754646977,DUC-K16,V1_03_difficult:1403715911084058112:1403715911284058112,0.044759,formal_public_module_evidence,0.00992748684852629,0.050315977602988865,0.056413781872522197,0.4973206191012496,1.187065206703618,8,0,V1_03_difficult,15,OK,True,490,1403715911084058112,2.3017845089635068e-07,1403715911284058112,95,True,215
0.5884908641521864,0.104031,0.050000000000000044,1.0,218,39.967983796773574,5.999999999999999,,48,1.746271903927209,6.234603004861599,1.7536730185266551,6.081120266414129,True,4.710499400289191,22.18880460012483,6,0.018045550754646977,Permuted-K16,V1_03_difficult:1403715911084058112:1403715911284058112,0.044759,formal_public_module_evidence,0.00992748684852629,0.050315977602988865,0.056413781872522197,0.4973206191012496,1.187065206703618,8,0,V1_03_difficult,15,OK,True,490,1403715911084058112,2.3017845089635068e-07,1403715911284058112,95,True,215
,,,,99,,,INSUFFICIENT_TRACKS,16,,,,,,,,,,Raw,V1_03_difficult:1403715911584058112:1403715911784058112,,formal_public_module_evidence,,,,,,,,V1_03_difficult,,,,500,1403715911584058112,,1403715911784058112,38,False,67
,,,,99,,,INSUFFICIENT_TRACKS,16,,,,,,,,,,Global-DoF,V1_03_difficult:1403715911584058112:1403715911784058112,,formal_public_module_evidence,,,,,,,,V1_03_difficult,,,,500,1403715911584058112,,1403715911784058112,38,False,67
,,,,99,,,INSUFFICIENT_TRACKS,16,,,,,,,,,,DPR-Exact-Block,V1_03_difficult:1403715911584058112:1403715911784058112,,formal_public_module_evidence,,,,,,,,V1_03_difficult,,,,500,1403715911584058112,,1403715911784058112,38,False,67
,,,,99,,,INSUFFICIENT_TRACKS,16,,,,,,,,,,DUC-K16,V1_03_difficult:1403715911584058112:1403715911784058112,,formal_public_module_evidence,,,,,,,,V1_03_difficult,,,,500,1403715911584058112,,1403715911784058112,38,False,67
,,,,99,,,INSUFFICIENT_TRACKS,16,,,,,,,,,,Permuted-K16,V1_03_difficult:1403715911584058112:1403715911784058112,,formal_public_module_evidence,,,,,,,,V1_03_difficult,,,,500,1403715911584058112,,1403715911784058112,38,False,67
,,,,99,,,INSUFFICIENT_TRACKS,48,,,,,,,,,,Raw,V1_03_difficult:1403715911584058112:1403715911784058112,,formal_public_module_evidence,,,,,,,,V1_03_difficult,,,,500,1403715911584058112,,1403715911784058112,38,False,67
,,,,99,,,INSUFFICIENT_TRACKS,48,,,,,,,,,,Global-DoF,V1_03_difficult:1403715911584058112:1403715911784058112,,formal_public_module_evidence,,,,,,,,V1_03_difficult,,,,500,1403715911584058112,,1403715911784058112,38,False,67
,,,,99,,,INSUFFICIENT_TRACKS,48,,,,,,,,,,DPR-Exact-Block,V1_03_difficult:1403715911584058112:1403715911784058112,,formal_public_module_evidence,,,,,,,,V1_03_difficult,,,,500,1403715911584058112,,1403715911784058112,38,False,67
,,,,99,,,INSUFFICIENT_TRACKS,48,,,,,,,,,,DUC-K16,V1_03_difficult:1403715911584058112:1403715911784058112,,formal_public_module_evidence,,,,,,,,V1_03_difficult,,,,500,1403715911584058112,,1403715911784058112,38,False,67
,,,,99,,,INSUFFICIENT_TRACKS,48,,,,,,,,,,Permuted-K16,V1_03_difficult:1403715911584058112:1403715911784058112,,formal_public_module_evidence,,,,,,,,V1_03_difficult,,,,500,1403715911584058112,,1403715911784058112,38,False,67
,,,,104,,,INSUFFICIENT_TRACKS,16,,,,,,,,,,Raw,V1_03_difficult:1403715912084058112:1403715912284058112,,formal_public_module_evidence,,,,,,,,V1_03_difficult,,,,510,1403715912084058112,,1403715912284058112,49,False,95
,,,,104,,,INSUFFICIENT_TRACKS,16,,,,,,,,,,Global-DoF,V1_03_difficult:1403715912084058112:1403715912284058112,,formal_public_module_evidence,,,,,,,,V1_03_difficult,,,,510,1403715912084058112,,1403715912284058112,49,False,95
,,,,104,,,INSUFFICIENT_TRACKS,16,,,,,,,,,,DPR-Exact-Block,V1_03_difficult:1403715912084058112:1403715912284058112,,formal_public_module_evidence,,,,,,,,V1_03_difficult,,,,510,1403715912084058112,,1403715912284058112,49,False,95
,,,,104,,,INSUFFICIENT_TRACKS,16,,,,,,,,,,DUC-K16,V1_03_difficult:1403715912084058112:1403715912284058112,,formal_public_module_evidence,,,,,,,,V1_03_difficult,,,,510,1403715912084058112,,1403715912284058112,49,False,95
,,,,104,,,INSUFFICIENT_TRACKS,16,,,,,,,,,,Permuted-K16,V1_03_difficult:1403715912084058112:1403715912284058112,,formal_public_module_evidence,,,,,,,,V1_03_difficult,,,,510,1403715912084058112,,1403715912284058112,49,False,95
,,,,104,,,INSUFFICIENT_TRACKS,48,,,,,,,,,,Raw,V1_03_difficult:1403715912084058112:1403715912284058112,,formal_public_module_evidence,,,,,,,,V1_03_difficult,,,,510,1403715912084058112,,1403715912284058112,49,False,95
,,,,104,,,INSUFFICIENT_TRACKS,48,,,,,,,,,,Global-DoF,V1_03_difficult:1403715912084058112:1403715912284058112,,formal_public_module_evidence,,,,,,,,V1_03_difficult,,,,510,1403715912084058112,,1403715912284058112,49,False,95
,,,,104,,,INSUFFICIENT_TRACKS,48,,,,,,,,,,DPR-Exact-Block,V1_03_difficult:1403715912084058112:1403715912284058112,,formal_public_module_evidence,,,,,,,,V1_03_difficult,,,,510,1403715912084058112,,1403715912284058112,49,False,95
,,,,104,,,INSUFFICIENT_TRACKS,48,,,,,,,,,,DUC-K16,V1_03_difficult:1403715912084058112:1403715912284058112,,formal_public_module_evidence,,,,,,,,V1_03_difficult,,,,510,1403715912084058112,,1403715912284058112,49,False,95
,,,,104,,,INSUFFICIENT_TRACKS,48,,,,,,,,,,Permuted-K16,V1_03_difficult:1403715912084058112:1403715912284058112,,formal_public_module_evidence,,,,,,,,V1_03_difficult,,,,510,1403715912084058112,,1403715912284058112,49,False,95
0.0024640617492489203,0.00632,0.07499999999999996,0.875,200,6.273585170777397,6.0,,16,1.6088375640953072,2.5047125924499594,1.5304014684309941,4.671764026771357,True,2.501628609375281,6.258145699244904,6,0.000432492006137708,Raw,V1_03_difficult:1403715912584058112:1403715912784058112,0.041126,formal_public_module_evidence,0.02464965588881962,0.0691535854147722,0.1110008173333899,0.25795421214076464,0.6735877239826809,0,0,V1_03_difficult,4,OK,True,520,1403715912584058112,7.45792478248794e-09,1403715912784058112,87,True,156
0.21010342652749328,0.001952,0.033333333333333326,0.9166666666666666,200,7.721335594802951,6.0,,16,1.6088375640953072,2.5047125924499594,1.5304014684309941,4.692364834382295,True,2.501628609375281,6.258145699244904,6,0.000432492006137708,Global-DoF,V1_03_difficult:1403715912584058112:1403715912784058112,0.041126,formal_public_module_evidence,0.02464965588881962,0.0691535854147722,0.1110008173333899,0.25795421214076464,0.6735877239826809,0,0,V1_03_difficult,4,OK,True,520,1403715912584058112,7.45792478248794e-09,1403715912784058112,87,True,156
0.2097359842524041,0.453736,0.033333333333333326,0.9166666666666666,200,7.71849897086496,6.0,,16,1.6088375640953072,2.5047125924499594,1.5304014684309941,4.692295258944514,True,2.501628609375281,6.258145699244904,6,0.000432492006137708,DPR-Exact-Block,V1_03_difficult:1403715912584058112:1403715912784058112,0.041126,formal_public_module_evidence,0.02464965588881962,0.0691535854147722,0.1110008173333899,0.25795421214076464,0.6735877239826809,0,0,V1_03_difficult,4,OK,True,520,1403715912584058112,7.45792478248794e-09,1403715912784058112,87,True,156
0.20930339869462414,0.181956,0.033333333333333326,0.9166666666666666,200,7.715160781760679,6.0,,16,1.6088375640953072,2.5047125924499594,1.5304014684309941,4.692213488886854,True,2.501628609375281,6.258145699244904,6,0.000432492006137708,DUC-K16,V1_03_difficult:1403715912584058112:1403715912784058112,0.041126,formal_public_module_evidence,0.02464965588881962,0.0691535854147722,0.1110008173333899,0.25795421214076464,0.6735877239826809,0,0,V1_03_difficult,4,OK,True,520,1403715912584058112,7.45792478248794e-09,1403715912784058112,87,True,156
0.19018944561564055,0.070594,0.033333333333333326,0.9166666666666666,200,7.569093964740893,6.0,,16,1.6088375640953072,2.5047125924499594,1.5304014684309941,4.688752924078597,True,2.501628609375281,6.258145699244904,6,0.000432492006137708,Permuted-K16,V1_03_difficult:1403715912584058112:1403715912784058112,0.041126,formal_public_module_evidence,0.02464965588881962,0.0691535854147722,0.1110008173333899,0.25795421214076464,0.6735877239826809,0,0,V1_03_difficult,4,OK,True,520,1403715912584058112,7.45792478248794e-09,1403715912784058112,87,True,156
0.12686223392800708,0.005858,0.07499999999999996,0.875,200,6.315992777487192,5.999999999999999,,48,1.6066642450822606,2.513163897856085,1.5280254511692133,4.561817035449702,True,2.358701744640153,5.563473920168502,6,0.00871390440627029,Raw,V1_03_difficult:1403715912584058112:1403715912784058112,0.039709,formal_public_module_evidence,0.008447128913832591,0.032926293202491894,0.04698216295734309,0.4360994920490802,1.0,3,0,V1_03_difficult,5,OK,True,520,1403715912584058112,6.682402974714425e-10,1403715912784058112,87,True,156
0.19140075506557866,0.001993,0.07499999999999996,0.875,200,6.737058962653006,5.999999999999999,,48,1.6066642450822606,2.513163897856085,1.5280254511692133,4.571302118076396,True,2.358701744640153,5.563473920168502,6,0.00871390440627029,Global-DoF,V1_03_difficult:1403715912584058112:1403715912784058112,0.039709,formal_public_module_evidence,0.008447128913832591,0.032926293202491894,0.04698216295734309,0.4360994920490802,1.0,3,0,V1_03_difficult,5,OK,True,520,1403715912584058112,6.682402974714425e-10,1403715912784058112,87,True,156
0.19816212132186786,1.300574,0.07499999999999996,0.875,200,6.782765029393375,5.999999999999999,,48,1.6066642450822606,2.513163897856085,1.5280254511692133,4.572498771142798,True,2.358701744640153,5.563473920168502,6,0.00871390440627029,DPR-Exact-Block,V1_03_difficult:1403715912584058112:1403715912784058112,0.039709,formal_public_module_evidence,0.008447128913832591,0.032926293202491894,0.04698216295734309,0.4360994920490802,1.0,3,0,V1_03_difficult,5,OK,True,520,1403715912584058112,6.682402974714425e-10,1403715912784058112,87,True,156
0.1894100288439453,0.313972,0.07499999999999996,0.875,200,6.723660663317048,5.999999999999999,,48,1.6066642450822606,2.513163897856085,1.5280254511692133,4.570956974117711,True,2.358701744640153,5.563473920168502,6,0.00871390440627029,DUC-K16,V1_03_difficult:1403715912584058112:1403715912784058112,0.039709,formal_public_module_evidence,0.008447128913832591,0.032926293202491894,0.04698216295734309,0.4360994920490802,1.0,3,0,V1_03_difficult,5,OK,True,520,1403715912584058112,6.682402974714425e-10,1403715912784058112,87,True,156
0.18731467160220502,0.105028,0.07499999999999996,0.875,200,6.709586942141203,5.999999999999999,,48,1.6066642450822606,2.513163897856085,1.5280254511692133,4.5705972320065245,True,2.358701744640153,5.563473920168502,6,0.00871390440627029,Permuted-K16,V1_03_difficult:1403715912584058112:1403715912784058112,0.039709,formal_public_module_evidence,0.008447128913832591,0.032926293202491894,0.04698216295734309,0.4360994920490802,1.0,3,0,V1_03_difficult,5,OK,True,520,1403715912584058112,6.682402974714425e-10,1403715912784058112,87,True,156
,,,,223,,,INSUFFICIENT_TRACKS,16,,,,,,,,,,Raw,V1_03_difficult:1403715913084058112:1403715913284058112,,formal_public_module_evidence,,,,,,,,V1_03_difficult,,,,530,1403715913084058112,,1403715913284058112,71,False,164
,,,,223,,,INSUFFICIENT_TRACKS,16,,,,,,,,,,Global-DoF,V1_03_difficult:1403715913084058112:1403715913284058112,,formal_public_module_evidence,,,,,,,,V1_03_difficult,,,,530,1403715913084058112,,1403715913284058112,71,False,164
,,,,223,,,INSUFFICIENT_TRACKS,16,,,,,,,,,,DPR-Exact-Block,V1_03_difficult:1403715913084058112:1403715913284058112,,formal_public_module_evidence,,,,,,,,V1_03_difficult,,,,530,1403715913084058112,,1403715913284058112,71,False,164
,,,,223,,,INSUFFICIENT_TRACKS,16,,,,,,,,,,DUC-K16,V1_03_difficult:1403715913084058112:1403715913284058112,,formal_public_module_evidence,,,,,,,,V1_03_difficult,,,,530,1403715913084058112,,1403715913284058112,71,False,164
,,,,223,,,INSUFFICIENT_TRACKS,16,,,,,,,,,,Permuted-K16,V1_03_difficult:1403715913084058112:1403715913284058112,,formal_public_module_evidence,,,,,,,,V1_03_difficult,,,,530,1403715913084058112,,1403715913284058112,71,False,164
,,,,223,,,INSUFFICIENT_TRACKS,48,,,,,,,,,,Raw,V1_03_difficult:1403715913084058112:1403715913284058112,,formal_public_module_evidence,,,,,,,,V1_03_difficult,,,,530,1403715913084058112,,1403715913284058112,71,False,164
,,,,223,,,INSUFFICIENT_TRACKS,48,,,,,,,,,,Global-DoF,V1_03_difficult:1403715913084058112:1403715913284058112,,formal_public_module_evidence,,,,,,,,V1_03_difficult,,,,530,1403715913084058112,,1403715913284058112,71,False,164
,,,,223,,,INSUFFICIENT_TRACKS,48,,,,,,,,,,DPR-Exact-Block,V1_03_difficult:1403715913084058112:1403715913284058112,,formal_public_module_evidence,,,,,,,,V1_03_difficult,,,,530,1403715913084058112,,1403715913284058112,71,False,164
,,,,223,,,INSUFFICIENT_TRACKS,48,,,,,,,,,,DUC-K16,V1_03_difficult:1403715913084058112:1403715913284058112,,formal_public_module_evidence,,,,,,,,V1_03_difficult,,,,530,1403715913084058112,,1403715913284058112,71,False,164
,,,,223,,,INSUFFICIENT_TRACKS,48,,,,,,,,,,Permuted-K16,V1_03_difficult:1403715913084058112:1403715913284058112,,formal_public_module_evidence,,,,,,,,V1_03_difficult,,,,530,1403715913084058112,,1403715913284058112,71,False,164
2.5284164597640424,0.006356,0.15833333333333333,0.7916666666666666,238,0.6201020079276581,6.0,,16,1.435021325221521,0.7874655598358941,1.3221656944212268,13.89364866672618,True,2.7878552903945613,7.772137120180943,6,0.03869176238084404,Raw,V1_03_difficult:1403715913584058112:1403715913784058112,0.039648,formal_public_module_evidence,0.052318888853479295,0.11102344098257233,0.17138086852382056,0.6301283534836764,1.0904916848307478,1,0,V1_03_difficult,5,OK,True,540,1403715913584058112,7.290388693921265e-11,1403715913784058112,115,True,157
2.320777094985798,0.002026,0.15833333333333333,0.7916666666666666,238,0.7632024712955793,6.0,,16,1.435021325221521,0.7874655598358941,1.3221656944212268,11.751229990402365,True,2.7878552903945613,7.772137120180943,6,0.03869176238084404,Global-DoF,V1_03_difficult:1403715913584058112:1403715913784058112,0.039648,formal_public_module_evidence,0.052318888853479295,0.11102344098257233,0.17138086852382056,0.6301283534836764,1.0904916848307478,1,0,V1_03_difficult,5,OK,True,540,1403715913584058112,7.290388693921265e-11,1403715913784058112,115,True,157
2.004859052278972,0.482596,0.15833333333333333,0.7916666666666666,238,1.0467458088288595,6.0,,16,1.435021325221521,0.7874655598358941,1.3221656944212268,9.308610467841422,True,2.7878552903945613,7.772137120180943,6,0.03869176238084404,DPR-Exact-Block,V1_03_difficult:1403715913584058112:1403715913784058112,0.039648,formal_public_module_evidence,0.052318888853479295,0.11102344098257233,0.17138086852382056,0.6301283534836764,1.0904916848307478,1,0,V1_03_difficult,5,OK,True,540,1403715913584058112,7.290388693921265e-11,1403715913784058112,115,True,157
1.9668970517598177,0.177824,0.15833333333333333,0.7916666666666666,238,1.0872462489372101,6.0,,16,1.435021325221521,0.7874655598358941,1.3221656944212268,9.069985924199736,True,2.7878552903945613,7.772137120180943,6,0.03869176238084404,DUC-K16,V1_03_difficult:1403715913584058112:1403715913784058112,0.039648,formal_public_module_evidence,0.052318888853479295,0.11102344098257233,0.17138086852382056,0.6301283534836764,1.0904916848307478,1,0,V1_03_difficult,5,OK,True,540,1403715913584058112,7.290388693921265e-11,1403715913784058112,115,True,157
2.30635191595254,0.06938,0.15833333333333333,0.7916666666666666,238,0.7742915925724666,6.0,,16,1.435021325221521,0.7874655598358941,1.3221656944212268,11.619809588183728,True,2.7878552903945613,7.772137120180943,6,0.03869176238084404,Permuted-K16,V1_03_difficult:1403715913584058112:1403715913784058112,0.039648,formal_public_module_evidence,0.052318888853479295,0.11102344098257233,0.17138086852382056,0.6301283534836764,1.0904916848307478,1,0,V1_03_difficult,5,OK,True,540,1403715913584058112,7.290388693921265e-11,1403715913784058112,115,True,157
0.7764562015775686,0.00595,0.07499999999999996,0.875,238,4.0616173662935395,6.0,,48,1.289847708434661,2.015345470705591,1.3175259082875355,5.41321357615455,True,2.971356941018322,8.828962070937761,6,0.05814013039066013,Raw,V1_03_difficult:1403715913584058112:1403715913784058112,0.039145,formal_public_module_evidence,0.01279687635347948,0.038361115821185884,0.0592789762351465,0.49786828715308495,1.2414578063460613,4,0,V1_03_difficult,4,OK,True,540,1403715913584058112,1.6247938746114058e-08,1403715913784058112,115,True,157
0.7119176804399971,0.002179,0.07499999999999996,0.875,238,4.332391857379776,6.0,,48,1.289847708434661,2.015345470705591,1.3175259082875355,5.341892394206115,True,2.971356941018322,8.828962070937761,6,0.05814013039066013,Global-DoF,V1_03_difficult:1403715913584058112:1403715913784058112,0.039145,formal_public_module_evidence,0.01279687635347948,0.038361115821185884,0.0592789762351465,0.49786828715308495,1.2414578063460613,4,0,V1_03_difficult,4,OK,True,540,1403715913584058112,1.6247938746114058e-08,1403715913784058112,115,True,157
0.7099515735247518,1.282779,0.07499999999999996,0.875,238,4.340918182056481,6.0,,48,1.289847708434661,2.015345470705591,1.3175259082875355,5.339855716835605,True,2.971356941018322,8.828962070937761,6,0.05814013039066013,DPR-Exact-Block,V1_03_difficult:1403715913584058112:1403715913784058112,0.039145,formal_public_module_evidence,0.01279687635347948,0.038361115821185884,0.0592789762351465,0.49786828715308495,1.2414578063460613,4,0,V1_03_difficult,4,OK,True,540,1403715913584058112,1.6247938746114058e-08,1403715913784058112,115,True,157
0.6534388004747902,0.313498,0.033333333333333326,0.9166666666666666,238,4.593299731176432,6.0,,48,1.289847708434661,2.015345470705591,1.3175259082875355,5.284615058570288,True,2.971356941018322,8.828962070937761,6,0.05814013039066013,DUC-K16,V1_03_difficult:1403715913584058112:1403715913784058112,0.039145,formal_public_module_evidence,0.01279687635347948,0.038361115821185884,0.0592789762351465,0.49786828715308495,1.2414578063460613,4,0,V1_03_difficult,4,OK,True,540,1403715913584058112,1.6247938746114058e-08,1403715913784058112,115,True,157
0.6806294295073693,0.106308,0.033333333333333326,0.9166666666666666,238,4.4700877193084425,6.0,,48,1.289847708434661,2.015345470705591,1.3175259082875355,5.310405639056666,True,2.971356941018322,8.828962070937761,6,0.05814013039066013,Permuted-K16,V1_03_difficult:1403715913584058112:1403715913784058112,0.039145,formal_public_module_evidence,0.01279687635347948,0.038361115821185884,0.0592789762351465,0.49786828715308495,1.2414578063460613,4,0,V1_03_difficult,4,OK,True,540,1403715913584058112,1.6247938746114058e-08,1403715913784058112,115,True,157
1.325336159212897,0.005859,0.033333333333333326,0.9166666666666666,208,0.8553489935672874,6.0,,16,1.5496240618379928,0.9248507953001324,1.5810166984600726,5.445081613552785,True,1.7941748501658497,3.2190633929676493,6,0.14355838190422943,Raw,V1_03_difficult:1403715914084058112:1403715914284058112,0.037515,formal_public_module_evidence,0.017969153791795256,0.06834598677824047,0.08854910471256311,0.24650542152041216,0.7387074790294501,0,0,V1_03_difficult,4,OK,True,550,1403715914084058112,2.398147347937966e-08,1403715914284058112,94,True,138
1.1176967944346523,0.002099,0.008333333333333415,0.9583333333333334,208,1.0527372228520462,6.0,,16,1.5496240618379928,0.9248507953001324,1.5810166984600726,4.9470740544196685,True,1.7941748501658497,3.2190633929676493,6,0.14355838190422943,Global-DoF,V1_03_difficult:1403715914084058112:1403715914284058112,0.037515,formal_public_module_evidence,0.017969153791795256,0.06834598677824047,0.08854910471256311,0.24650542152041216,0.7387074790294501,0,0,V1_03_difficult,4,OK,True,550,1403715914084058112,2.398147347937966e-08,1403715914284058112,94,True,138
0.8928433291388347,0.480693,0.008333333333333415,0.9583333333333334,208,1.318173566031916,6.0,,16,1.5496240618379928,0.9248507953001324,1.5810166984600726,4.556187561914395,True,1.7941748501658497,3.2190633929676493,6,0.14355838190422943,DPR-Exact-Block,V1_03_difficult:1403715914084058112:1403715914284058112,0.037515,formal_public_module_evidence,0.017969153791795256,0.06834598677824047,0.08854910471256311,0.24650542152041216,0.7387074790294501,0,0,V1_03_difficult,4,OK,True,550,1403715914084058112,2.398147347937966e-08,1403715914284058112,94,True,138
1.0478124560241324,0.182972,0.008333333333333415,0.9583333333333334,208,1.1289387018234462,6.0,,16,1.5496240618379928,0.9248507953001324,1.5810166984600726,4.81056176890113,True,1.7941748501658497,3.2190633929676493,6,0.14355838190422943,DUC-K16,V1_03_difficult:1403715914084058112:1403715914284058112,0.037515,formal_public_module_evidence,0.017969153791795256,0.06834598677824047,0.08854910471256311,0.24650542152041216,0.7387074790294501,0,0,V1_03_difficult,4,OK,True,550,1403715914084058112,2.398147347937966e-08,1403715914284058112,94,True,138
1.1704131090994152,0.070893,0.008333333333333415,0.9583333333333334,208,0.9986782107303108,6.0,,16,1.5496240618379928,0.9248507953001324,1.5810166984600726,5.059878350780493,True,1.7941748501658497,3.2190633929676493,6,0.14355838190422943,Permuted-K16,V1_03_difficult:1403715914084058112:1403715914284058112,0.037515,formal_public_module_evidence,0.017969153791795256,0.06834598677824047,0.08854910471256311,0.24650542152041216,0.7387074790294501,0,0,V1_03_difficult,4,OK,True,550,1403715914084058112,2.398147347937966e-08,1403715914284058112,94,True,138
1.6813123651928659,0.005942,0.033333333333333326,0.9166666666666666,208,0.6164054167447602,6.0,,48,1.5615151912100962,0.7851149067141447,1.5927551856862756,6.726628841140829,True,1.8198079775181335,3.311701075038639,6,0.015912204076235614,Raw,V1_03_difficult:1403715914084058112:1403715914284058112,0.03845,formal_public_module_evidence,0.01207447000317785,0.030467487253403834,0.04897974232824228,0.47192314354438347,1.0139568361988596,3,0,V1_03_difficult,4,OK,True,550,1403715914084058112,2.77342675401103e-09,1403715914284058112,94,True,138
1.616773844055295,0.002516,0.033333333333333326,0.9166666666666666,208,0.6574991111944107,6.0,,48,1.5615151912100962,0.7851149067141447,1.5927551856862756,6.455379727116166,True,1.8198079775181335,3.311701075038639,6,0.015912204076235614,Global-DoF,V1_03_difficult:1403715914084058112:1403715914284058112,0.03845,formal_public_module_evidence,0.01207447000317785,0.030467487253403834,0.04897974232824228,0.47192314354438347,1.0139568361988596,3,0,V1_03_difficult,4,OK,True,550,1403715914084058112,2.77342675401103e-09,1403715914284058112,94,True,138
1.4900375363612035,1.277821,0.033333333333333326,0.9166666666666666,208,0.7463388502638142,6.0,,48,1.5615151912100962,0.7851149067141447,1.5927551856862756,5.982563581926417,True,1.8198079775181335,3.311701075038639,6,0.015912204076235614,DPR-Exact-Block,V1_03_difficult:1403715914084058112:1403715914284058112,0.03845,formal_public_module_evidence,0.01207447000317785,0.030467487253403834,0.04897974232824228,0.47192314354438347,1.0139568361988596,3,0,V1_03_difficult,4,OK,True,550,1403715914084058112,2.77342675401103e-09,1403715914284058112,94,True,138
1.506077698771506,0.312115,0.033333333333333326,0.9166666666666666,208,0.7344629541683934,6.0,,48,1.5615151912100962,0.7851149067141447,1.5927551856862756,6.038271712668856,True,1.8198079775181335,3.311701075038639,6,0.015912204076235614,DUC-K16,V1_03_difficult:1403715914084058112:1403715914284058112,0.03845,formal_public_module_evidence,0.01207447000317785,0.030467487253403834,0.04897974232824228,0.47192314354438347,1.0139568361988596,3,0,V1_03_difficult,4,OK,True,550,1403715914084058112,2.77342675401103e-09,1403715914284058112,94,True,138
1.617342989210088,0.103889,0.033333333333333326,0.9166666666666666,208,0.6571250052313904,6.0,,48,1.5615151912100962,0.7851149067141447,1.5927551856862756,6.457678076478153,True,1.8198079775181335,3.311701075038639,6,0.015912204076235614,Permuted-K16,V1_03_difficult:1403715914084058112:1403715914284058112,0.03845,formal_public_module_evidence,0.01207447000317785,0.030467487253403834,0.04897974232824228,0.47192314354438347,1.0139568361988596,3,0,V1_03_difficult,4,OK,True,550,1403715914084058112,2.77342675401103e-09,1403715914284058112,94,True,138
0.04549141356130694,0.006288,0.033333333333333326,0.9166666666666666,204,0.5357330426575554,5.999999999999999,,16,3.0694549964484925,0.7319378680308565,2.9902080037696814,2.26029978819067,True,0.7487770962332251,0.5606671398434604,6,0.062435718290796194,Raw,V1_03_difficult:1403715914584058112:1403715914784058112,0.039723,formal_public_module_evidence,0.024023588763109338,0.0614019484932031,0.09815544719892462,0.29640574757532046,0.7474605728704086,0,0,V1_03_difficult,5,OK,True,560,1403715914584058112,8.462964560358833e-09,1403715914784058112,72,True,129
0.1621479512169373,0.002104,0.050000000000000044,1.0,204,0.6593637448092988,5.999999999999999,,16,3.0694549964484925,0.7319378680308565,2.9902080037696814,2.2717125244989482,True,0.7487770962332251,0.5606671398434604,6,0.062435718290796194,Global-DoF,V1_03_difficult:1403715914584058112:1403715914784058112,0.039723,formal_public_module_evidence,0.024023588763109338,0.0614019484932031,0.09815544719892462,0.29640574757532046,0.7474605728704086,0,0,V1_03_difficult,5,OK,True,560,1403715914584058112,8.462964560358833e-09,1403715914784058112,72,True,129
0.30654037919110233,0.454577,0.050000000000000044,1.0,204,0.7617875987319858,5.999999999999999,,16,3.0694549964484925,0.7319378680308565,2.9902080037696814,2.3017783613835743,True,0.7487770962332251,0.5606671398434604,6,0.062435718290796194,DPR-Exact-Block,V1_03_difficult:1403715914584058112:1403715914784058112,0.039723,formal_public_module_evidence,0.024023588763109338,0.0614019484932031,0.09815544719892462,0.29640574757532046,0.7474605728704086,0,0,V1_03_difficult,5,OK,True,560,1403715914584058112,8.462964560358833e-09,1403715914784058112,72,True,129
0.24207042285939526,0.177752,0.050000000000000044,1.0,204,0.7142248428201334,5.999999999999999,,16,3.0694549964484925,0.7319378680308565,2.9902080037696814,2.286320499702555,True,0.7487770962332251,0.5606671398434604,6,0.062435718290796194,DUC-K16,V1_03_difficult:1403715914584058112:1403715914784058112,0.039723,formal_public_module_evidence,0.024023588763109338,0.0614019484932031,0.09815544719892462,0.29640574757532046,0.7474605728704086,0,0,V1_03_difficult,5,OK,True,560,1403715914584058112,8.462964560358833e-09,1403715914784058112,72,True,129
0.18566298005244727,0.070521,0.050000000000000044,1.0,204,0.6750524394106352,5.999999999999999,,16,3.0694549964484925,0.7319378680308565,2.9902080037696814,2.2754656242008546,True,0.7487770962332251,0.5606671398434604,6,0.062435718290796194,Permuted-K16,V1_03_difficult:1403715914584058112:1403715914784058112,0.039723,formal_public_module_evidence,0.024023588763109338,0.0614019484932031,0.09815544719892462,0.29640574757532046,0.7474605728704086,0,0,V1_03_difficult,5,OK,True,560,1403715914584058112,8.462964560358833e-09,1403715914784058112,72,True,129
0.2599647008449756,0.005945,0.050000000000000044,1.0,204,0.5947399231071381,6.0,,48,3.0548349248674525,0.7711938297906292,2.977856819862682,2.089324797146819,True,0.6771937303710407,0.4585913484538458,6,0.015628855460307456,Raw,V1_03_difficult:1403715914584058112:1403715914784058112,0.039177,formal_public_module_evidence,0.015451100370599435,0.04084047434687036,0.06697172298518038,0.5275561535471658,1.0,6,0,V1_03_difficult,5,OK,True,560,1403715914584058112,2.682117907560807e-10,1403715914784058112,72,True,129
0.32450322198254683,0.002045,0.050000000000000044,1.0,204,0.6343892513142807,6.0,,48,3.0548349248674525,0.7711938297906292,2.977856819862682,2.1056708930498025,True,0.6771937303710407,0.4585913484538458,6,0.015628855460307456,Global-DoF,V1_03_difficult:1403715914584058112:1403715914784058112,0.039177,formal_public_module_evidence,0.015451100370599435,0.04084047434687036,0.06697172298518038,0.5275561535471658,1.0,6,0,V1_03_difficult,5,OK,True,560,1403715914584058112,2.682117907560807e-10,1403715914784058112,72,True,129
0.36237949579209927,1.287552,0.050000000000000044,1.0,204,0.6588784035843869,6.0,,48,3.0548349248674525,0.7711938297906292,2.977856819862682,2.1166789700855237,True,0.6771937303710407,0.4585913484538458,6,0.015628855460307456,DPR-Exact-Block,V1_03_difficult:1403715914584058112:1403715914784058112,0.039177,formal_public_module_evidence,0.015451100370599435,0.04084047434687036,0.06697172298518038,0.5275561535471658,1.0,6,0,V1_03_difficult,5,OK,True,560,1403715914584058112,2.682117907560807e-10,1403715914784058112,72,True,129
0.37788747846639287,0.315786,0.050000000000000044,1.0,204,0.6691759189199254,6.0,,48,3.0548349248674525,0.7711938297906292,2.977856819862682,2.1214763792055558,True,0.6771937303710407,0.4585913484538458,6,0.015628855460307456,DUC-K16,V1_03_difficult:1403715914584058112:1403715914784058112,0.039177,formal_public_module_evidence,0.015451100370599435,0.04084047434687036,0.06697172298518038,0.5275561535471658,1.0,6,0,V1_03_difficult,5,OK,True,560,1403715914584058112,2.682117907560807e-10,1403715914784058112,72,True,129
0.3113243760672782,0.109912,0.050000000000000044,1.0,204,0.6260835828947988,6.0,,48,3.0548349248674525,0.7711938297906292,2.977856819862682,2.1020819081834006,True,0.6771937303710407,0.4585913484538458,6,0.015628855460307456,Permuted-K16,V1_03_difficult:1403715914584058112:1403715914784058112,0.039177,formal_public_module_evidence,0.015451100370599435,0.04084047434687036,0.06697172298518038,0.5275561535471658,1.0,6,0,V1_03_difficult,5,OK,True,560,1403715914584058112,2.682117907560807e-10,1403715914784058112,72,True,129
1.1115001041469426,0.005934,0.15833333333333333,0.7916666666666666,232,0.08546628432281753,5.999999999999998,,16,2.5520581706676095,0.29234617206800834,2.5482154301315108,2.417157414075169,True,0.5096318860018424,0.2597246592297949,6,0.05279529455825971,Raw,V1_03_difficult:1403715915084058112:1403715915284058112,0.037662,formal_public_module_evidence,0.026412000098542943,0.12015280713804269,0.12979895649868728,0.2618830124136102,0.809403825726495,0,0,V1_03_difficult,4,OK,True,570,1403715915084058112,1.177865925520193e-09,1403715915284058112,112,True,130
0.9038607393686982,0.002058,0.11666666666666659,0.8333333333333334,232,0.1051892730126985,5.999999999999998,,16,2.5520581706676095,0.29234617206800834,2.5482154301315108,2.0550004668756245,True,0.5096318860018424,0.2597246592297949,6,0.05279529455825971,Global-DoF,V1_03_difficult:1403715915084058112:1403715915284058112,0.037662,formal_public_module_evidence,0.026412000098542943,0.12015280713804269,0.12979895649868728,0.2618830124136102,0.809403825726495,0,0,V1_03_difficult,4,OK,True,570,1403715915084058112,1.177865925520193e-09,1403715915284058112,112,True,130
0.8595033783328287,0.44883,0.11666666666666659,0.8333333333333334,232,0.10996022270039793,5.999999999999998,,16,2.5520581706676095,0.29234617206800834,2.5482154301315108,1.992227864278601,True,0.5096318860018424,0.2597246592297949,6,0.05279529455825971,DPR-Exact-Block,V1_03_difficult:1403715915084058112:1403715915284058112,0.037662,formal_public_module_evidence,0.026412000098542943,0.12015280713804269,0.12979895649868728,0.2618830124136102,0.809403825726495,0,0,V1_03_difficult,4,OK,True,570,1403715915084058112,1.177865925520193e-09,1403715915284058112,112,True,130
0.8080545662084415,0.183058,0.07499999999999996,0.875,232,0.11576560504755729,5.999999999999998,,16,2.5520581706676095,0.29234617206800834,2.5482154301315108,1.9252283697367067,True,0.5096318860018424,0.2597246592297949,6,0.05279529455825971,DUC-K16,V1_03_difficult:1403715915084058112:1403715915284058112,0.037662,formal_public_module_evidence,0.026412000098542943,0.12015280713804269,0.12979895649868728,0.2618830124136102,0.809403825726495,0,0,V1_03_difficult,4,OK,True,570,1403715915084058112,1.177865925520193e-09,1403715915284058112,112,True,130
0.8461222196610004,0.070138,0.07499999999999996,0.875,232,0.11144150643167544,5.999999999999998,,16,2.5520581706676095,0.29234617206800834,2.5482154301315108,1.9742134181730169,True,0.5096318860018424,0.2597246592297949,6,0.05279529455825971,Permuted-K16,V1_03_difficult:1403715915084058112:1403715915284058112,0.037662,formal_public_module_evidence,0.026412000098542943,0.12015280713804269,0.12979895649868728,0.2618830124136102,0.809403825726495,0,0,V1_03_difficult,4,OK,True,570,1403715915084058112,1.177865925520193e-09,1403715915284058112,112,True,130
0.5886333448893754,0.006512,0.033333333333333326,0.9166666666666666,232,0.16318778822019983,5.999999999999998,,48,2.554263486610587,0.4039650829220266,2.5510627975559554,1.8265480694149083,True,0.5422055202721915,0.29398682621363786,6,0.020329808959955953,Raw,V1_03_difficult:1403715915084058112:1403715915284058112,0.037988,formal_public_module_evidence,0.012895395744176752,0.061315982797077076,0.07022970113922518,0.4755810934686636,1.6734226922185937,2,0,V1_03_difficult,4,OK,True,570,1403715915084058112,5.26938271467295e-09,1403715915284058112,112,True,130
0.524094823751804,0.002129,0.033333333333333326,0.9166666666666666,232,0.1740669741015465,5.999999999999998,,48,2.554263486610587,0.4039650829220266,2.5510627975559554,1.7784912987187613,True,0.5422055202721915,0.29398682621363786,6,0.020329808959955953,Global-DoF,V1_03_difficult:1403715915084058112:1403715915284058112,0.037988,formal_public_module_evidence,0.012895395744176752,0.061315982797077076,0.07022970113922518,0.4755810934686636,1.6734226922185937,2,0,V1_03_difficult,4,OK,True,570,1403715915084058112,5.26938271467295e-09,1403715915284058112,112,True,130
0.5288799769967208,1.282639,0.033333333333333326,0.9166666666666666,232,0.17323602664661109,5.999999999999998,,48,2.554263486610587,0.4039650829220266,2.5510627975559554,1.7818072985363482,True,0.5422055202721915,0.29398682621363786,6,0.020329808959955953,DPR-Exact-Block,V1_03_difficult:1403715915084058112:1403715915284058112,0.037988,formal_public_module_evidence,0.012895395744176752,0.061315982797077076,0.07022970113922518,0.4755810934686636,1.6734226922185937,2,0,V1_03_difficult,4,OK,True,570,1403715915084058112,5.26938271467295e-09,1403715915284058112,112,True,130
0.5087540598467339,0.314396,0.033333333333333326,0.9166666666666666,232,0.17675788197331854,5.999999999999998,,48,2.554263486610587,0.4039650829220266,2.5510627975559554,1.768120318932066,True,0.5422055202721915,0.29398682621363786,6,0.020329808959955953,DUC-K16,V1_03_difficult:1403715915084058112:1403715915284058112,0.037988,formal_public_module_evidence,0.012895395744176752,0.061315982797077076,0.07022970113922518,0.4755810934686636,1.6734226922185937,2,0,V1_03_difficult,4,OK,True,570,1403715915084058112,5.26938271467295e-09,1403715915284058112,112,True,130
0.5047498783486903,0.104733,0.033333333333333326,0.9166666666666666,232,0.17746707152823282,5.999999999999998,,48,2.554263486610587,0.4039650829220266,2.5510627975559554,1.7654779909492648,True,0.5422055202721915,0.29398682621363786,6,0.020329808959955953,Permuted-K16,V1_03_difficult:1403715915084058112:1403715915284058112,0.037988,formal_public_module_evidence,0.012895395744176752,0.061315982797077076,0.07022970113922518,0.4755810934686636,1.6734226922185937,2,0,V1_03_difficult,4,OK,True,570,1403715915084058112,5.26938271467295e-09,1403715915284058112,112,True,130
0.7321133529387343,0.005602,0.050000000000000044,1.0,210,0.15384273033386503,6.0,,16,2.6121197401872784,0.39222790611309777,2.2400034021887456,0.4469442581479443,True,0.271995735407241,0.07398168007972585,6,0.03436301759395477,Raw,V1_03_difficult:1403715915584058112:1403715915784058112,0.038238,formal_public_module_evidence,0.015580710870184089,0.06451821379879899,0.06856736952256523,0.17526380316995127,0.5326893823414571,0,0,V1_03_difficult,5,OK,True,580,1403715915584058112,6.002888073656989e-10,1403715915784058112,109,True,109
0.9397527177169784,0.002044,0.050000000000000044,1.0,210,0.18934489887244924,6.0,,16,2.6121197401872784,0.39222790611309777,2.2400034021887456,0.5644164438541264,True,0.271995735407241,0.07398168007972585,6,0.03436301759395477,Global-DoF,V1_03_difficult:1403715915584058112:1403715915784058112,0.038238,formal_public_module_evidence,0.015580710870184089,0.06451821379879899,0.06856736952256523,0.17526380316995127,0.5326893823414571,0,0,V1_03_difficult,5,OK,True,580,1403715915584058112,6.002888073656989e-10,1403715915784058112,109,True,109
0.8783784080200483,0.456633,0.050000000000000044,1.0,210,0.17807341411028244,6.0,,16,2.6121197401872784,0.39222790611309777,2.2400034021887456,0.5277737574794659,True,0.271995735407241,0.07398168007972585,6,0.03436301759395477,DPR-Exact-Block,V1_03_difficult:1403715915584058112:1403715915784058112,0.038238,formal_public_module_evidence,0.015580710870184089,0.06451821379879899,0.06856736952256523,0.17526380316995127,0.5326893823414571,0,0,V1_03_difficult,5,OK,True,580,1403715915584058112,6.002888073656989e-10,1403715915784058112,109,True,109
0.8434110980112202,0.179326,0.050000000000000044,1.0,210,0.1719542742481952,6.0,,16,2.6121197401872784,0.39222790611309777,2.2400034021887456,0.5075908067738588,True,0.271995735407241,0.07398168007972585,6,0.03436301759395477,DUC-K16,V1_03_difficult:1403715915584058112:1403715915784058112,0.038238,formal_public_module_evidence,0.015580710870184089,0.06451821379879899,0.06856736952256523,0.17526380316995127,0.5326893823414571,0,0,V1_03_difficult,5,OK,True,580,1403715915584058112,6.002888073656989e-10,1403715915784058112,109,True,109
0.8599177283479353,0.069446,0.050000000000000044,1.0,210,0.1748162154082269,6.0,,16,2.6121197401872784,0.39222790611309777,2.2400034021887456,0.5170539098329842,True,0.271995735407241,0.07398168007972585,6,0.03436301759395477,Permuted-K16,V1_03_difficult:1403715915584058112:1403715915784058112,0.038238,formal_public_module_evidence,0.015580710870184089,0.06451821379879899,0.06856736952256523,0.17526380316995127,0.5326893823414571,0,0,V1_03_difficult,5,OK,True,580,1403715915584058112,6.002888073656989e-10,1403715915784058112,109,True,109
0.8305370187011774,0.006172,0.050000000000000044,1.0,210,0.1241496203653219,6.0,,48,2.614720908236611,0.352348719829265,2.2421787054626736,0.18742442407058113,True,0.23260758686007174,0.05410628946486582,6,0.001421619227816473,Raw,V1_03_difficult:1403715915584058112:1403715915784058112,0.038417,formal_public_module_evidence,0.01233449667047326,0.039450548383348806,0.05224357833437391,0.3315560183842933,1.19860596819166,3,0,V1_03_difficult,4,OK,True,580,1403715915584058112,3.09277167816038e-09,1403715915784058112,109,True,109
0.8950755398387487,0.002179,0.050000000000000044,1.0,210,0.13242626172301006,6.0,,48,2.614720908236611,0.352348719829265,2.2421787054626736,0.2247244962978512,True,0.23260758686007174,0.05410628946486582,6,0.001421619227816473,Global-DoF,V1_03_difficult:1403715915584058112:1403715915784058112,0.038417,formal_public_module_evidence,0.01233449667047326,0.039450548383348806,0.05224357833437391,0.3315560183842933,1.19860596819166,3,0,V1_03_difficult,4,OK,True,580,1403715915584058112,3.09277167816038e-09,1403715915784058112,109,True,109
0.8874382661569655,1.273128,0.050000000000000044,1.0,210,0.13141873838254806,6.0,,48,2.614720908236611,0.352348719829265,2.2421787054626736,0.22021958106504666,True,0.23260758686007174,0.05410628946486582,6,0.001421619227816473,DPR-Exact-Block,V1_03_difficult:1403715915584058112:1403715915784058112,0.038417,formal_public_module_evidence,0.01233449667047326,0.039450548383348806,0.05224357833437391,0.3315560183842933,1.19860596819166,3,0,V1_03_difficult,4,OK,True,580,1403715915584058112,3.09277167816038e-09,1403715915784058112,109,True,109
0.8860156354698144,0.321429,0.050000000000000044,1.0,210,0.13123191097716805,6.0,,48,2.614720908236611,0.352348719829265,2.2421787054626736,0.2193830771886407,True,0.23260758686007174,0.05410628946486582,6,0.001421619227816473,DUC-K16,V1_03_difficult:1403715915584058112:1403715915784058112,0.038417,formal_public_module_evidence,0.01233449667047326,0.039450548383348806,0.05224357833437391,0.3315560183842933,1.19860596819166,3,0,V1_03_difficult,4,OK,True,580,1403715915584058112,3.09277167816038e-09,1403715915784058112,109,True,109
0.9090077200755912,0.106104,0.050000000000000044,1.0,210,0.1342841605075002,6.0,,48,2.614720908236611,0.352348719829265,2.2421787054626736,0.23300378185255974,True,0.23260758686007174,0.05410628946486582,6,0.001421619227816473,Permuted-K16,V1_03_difficult:1403715915584058112:1403715915784058112,0.038417,formal_public_module_evidence,0.01233449667047326,0.039450548383348806,0.05224357833437391,0.3315560183842933,1.19860596819166,3,0,V1_03_difficult,4,OK,True,580,1403715915584058112,3.09277167816038e-09,1403715915784058112,109,True,109
0.09646550500902594,0.006069,0.033333333333333326,0.9166666666666666,228,0.23241698137870886,6.0,,16,2.1190061739542396,0.48209644406353885,2.1310470230622665,1.2866960992844978,True,0.45939547157575983,0.21104419930431476,6,0.006206634714200576,Raw,V1_03_difficult:1403715916084058112:1403715916284058112,0.037665,formal_public_module_evidence,0.025879448259971682,0.0701574226065172,0.09835643564186414,0.23056457839394479,0.8307506274720937,0,0,V1_03_difficult,4,OK,True,590,1403715916084058112,3.822645807707068e-09,1403715916284058112,96,True,110
0.30410486978727047,0.002075,0.033333333333333326,0.9166666666666666,228,0.28605166938918014,6.0,,16,2.1190061739542396,0.48209644406353885,2.1310470230622665,1.324077735325267,True,0.45939547157575983,0.21104419930431476,6,0.006206634714200576,Global-DoF,V1_03_difficult:1403715916084058112:1403715916284058112,0.037665,formal_public_module_evidence,0.025879448259971682,0.0701574226065172,0.09835643564186414,0.23056457839394479,0.8307506274720937,0,0,V1_03_difficult,4,OK,True,590,1403715916084058112,3.822645807707068e-09,1403715916284058112,96,True,110
0.2957156791446215,0.459457,0.033333333333333326,0.9166666666666666,228,0.2836619652580974,6.0,,16,2.1190061739542396,0.48209644406353885,2.1310470230622665,1.3219039858509498,True,0.45939547157575983,0.21104419930431476,6,0.006206634714200576,DPR-Exact-Block,V1_03_difficult:1403715916084058112:1403715916284058112,0.037665,formal_public_module_evidence,0.025879448259971682,0.0701574226065172,0.09835643564186414,0.23056457839394479,0.8307506274720937,0,0,V1_03_difficult,4,OK,True,590,1403715916084058112,3.822645807707068e-09,1403715916284058112,96,True,110
0.2894897032023613,0.177649,0.033333333333333326,0.9166666666666666,228,0.2819013790574281,6.0,,16,2.1190061739542396,0.48209644406353885,2.1310470230622665,1.320324579067069,True,0.45939547157575983,0.21104419930431476,6,0.006206634714200576,DUC-K16,V1_03_difficult:1403715916084058112:1403715916284058112,0.037665,formal_public_module_evidence,0.025879448259971682,0.0701574226065172,0.09835643564186414,0.23056457839394479,0.8307506274720937,0,0,V1_03_difficult,4,OK,True,590,1403715916084058112,3.822645807707068e-09,1403715916284058112,96,True,110
0.3226328950369673,0.069845,0.033333333333333326,0.9166666666666666,228,0.2914010456007116,6.0,,16,2.1190061739542396,0.48209644406353885,2.1310470230622665,1.329061946931718,True,0.45939547157575983,0.21104419930431476,6,0.006206634714200576,Permuted-K16,V1_03_difficult:1403715916084058112:1403715916284058112,0.037665,formal_public_module_evidence,0.025879448259971682,0.0701574226065172,0.09835643564186414,0.23056457839394479,0.8307506274720937,0,0,V1_03_difficult,4,OK,True,590,1403715916084058112,3.822645807707068e-09,1403715916284058112,96,True,110
0.07869418724877068,0.006084,0.033333333333333326,0.9166666666666666,228,0.22275071934955434,6.0,,48,2.1164250710827037,0.4719647437569403,2.1344426106315373,1.2604976340258782,True,0.4537549042300356,0.2058935131128088,6,0.011636248135650895,Raw,V1_03_difficult:1403715916084058112:1403715916284058112,0.037894,formal_public_module_evidence,0.013921575814931308,0.05027899762597292,0.06786413024030497,0.4013949885812157,1.647886051492199,2,0,V1_03_difficult,4,OK,True,590,1403715916084058112,2.779448728095124e-09,1403715916284058112,96,True,110
0.14323270838634206,0.002014,0.033333333333333326,0.9166666666666666,228,0.23760076730619134,6.0,,48,2.1164250710827037,0.4719647437569403,2.1344426106315373,1.2672659957353367,True,0.4537549042300356,0.2058935131128088,6,0.011636248135650895,Global-DoF,V1_03_difficult:1403715916084058112:1403715916284058112,0.037894,formal_public_module_evidence,0.013921575814931308,0.05027899762597292,0.06786413024030497,0.4013949885812157,1.647886051492199,2,0,V1_03_difficult,4,OK,True,590,1403715916084058112,2.779448728095124e-09,1403715916284058112,96,True,110
0.13532013800583687,1.287721,0.033333333333333326,0.9166666666666666,228,0.23572815287930685,6.0,,48,2.1164250710827037,0.4719647437569403,2.1344426106315373,1.2662372807196098,True,0.4537549042300356,0.2058935131128088,6,0.011636248135650895,DPR-Exact-Block,V1_03_difficult:1403715916084058112:1403715916284058112,0.037894,formal_public_module_evidence,0.013921575814931308,0.05027899762597292,0.06786413024030497,0.4013949885812157,1.647886051492199,2,0,V1_03_difficult,4,OK,True,590,1403715916084058112,2.779448728095124e-09,1403715916284058112,96,True,110
0.1468892056564377,0.320014,0.033333333333333326,0.9166666666666666,228,0.2384711441587691,6.0,,48,2.1164250710827037,0.4719647437569403,2.1344426106315373,1.2677597323884193,True,0.4537549042300356,0.2058935131128088,6,0.011636248135650895,DUC-K16,V1_03_difficult:1403715916084058112:1403715916284058112,0.037894,formal_public_module_evidence,0.013921575814931308,0.05027899762597292,0.06786413024030497,0.4013949885812157,1.647886051492199,2,0,V1_03_difficult,4,OK,True,590,1403715916084058112,2.779448728095124e-09,1403715916284058112,96,True,110
0.14867631551029975,0.104998,0.033333333333333326,0.9166666666666666,228,0.2388976993273032,6.0,,48,2.1164250710827037,0.4719647437569403,2.1344426106315373,1.268005248034738,True,0.4537549042300356,0.2058935131128088,6,0.011636248135650895,Permuted-K16,V1_03_difficult:1403715916084058112:1403715916284058112,0.037894,formal_public_module_evidence,0.013921575814931308,0.05027899762597292,0.06786413024030497,0.4013949885812157,1.647886051492199,2,0,V1_03_difficult,4,OK,True,590,1403715916084058112,2.779448728095124e-09,1403715916284058112,96,True,110
,,,,162,,,INSUFFICIENT_TRACKS,16,,,,,,,,,,Raw,V1_03_difficult:1403715916584058112:1403715916784058112,,formal_public_module_evidence,,,,,,,,V1_03_difficult,,,,600,1403715916584058112,,1403715916784058112,22,False,105
,,,,162,,,INSUFFICIENT_TRACKS,16,,,,,,,,,,Global-DoF,V1_03_difficult:1403715916584058112:1403715916784058112,,formal_public_module_evidence,,,,,,,,V1_03_difficult,,,,600,1403715916584058112,,1403715916784058112,22,False,105
,,,,162,,,INSUFFICIENT_TRACKS,16,,,,,,,,,,DPR-Exact-Block,V1_03_difficult:1403715916584058112:1403715916784058112,,formal_public_module_evidence,,,,,,,,V1_03_difficult,,,,600,1403715916584058112,,1403715916784058112,22,False,105
,,,,162,,,INSUFFICIENT_TRACKS,16,,,,,,,,,,DUC-K16,V1_03_difficult:1403715916584058112:1403715916784058112,,formal_public_module_evidence,,,,,,,,V1_03_difficult,,,,600,1403715916584058112,,1403715916784058112,22,False,105
,,,,162,,,INSUFFICIENT_TRACKS,16,,,,,,,,,,Permuted-K16,V1_03_difficult:1403715916584058112:1403715916784058112,,formal_public_module_evidence,,,,,,,,V1_03_difficult,,,,600,1403715916584058112,,1403715916784058112,22,False,105
,,,,162,,,INSUFFICIENT_TRACKS,48,,,,,,,,,,Raw,V1_03_difficult:1403715916584058112:1403715916784058112,,formal_public_module_evidence,,,,,,,,V1_03_difficult,,,,600,1403715916584058112,,1403715916784058112,22,False,105
,,,,162,,,INSUFFICIENT_TRACKS,48,,,,,,,,,,Global-DoF,V1_03_difficult:1403715916584058112:1403715916784058112,,formal_public_module_evidence,,,,,,,,V1_03_difficult,,,,600,1403715916584058112,,1403715916784058112,22,False,105
,,,,162,,,INSUFFICIENT_TRACKS,48,,,,,,,,,,DPR-Exact-Block,V1_03_difficult:1403715916584058112:1403715916784058112,,formal_public_module_evidence,,,,,,,,V1_03_difficult,,,,600,1403715916584058112,,1403715916784058112,22,False,105
,,,,162,,,INSUFFICIENT_TRACKS,48,,,,,,,,,,DUC-K16,V1_03_difficult:1403715916584058112:1403715916784058112,,formal_public_module_evidence,,,,,,,,V1_03_difficult,,,,600,1403715916584058112,,1403715916784058112,22,False,105
,,,,162,,,INSUFFICIENT_TRACKS,48,,,,,,,,,,Permuted-K16,V1_03_difficult:1403715916584058112:1403715916784058112,,formal_public_module_evidence,,,,,,,,V1_03_difficult,,,,600,1403715916584058112,,1403715916784058112,22,False,105
,,,,126,,,INSUFFICIENT_TRACKS,16,,,,,,,,,,Raw,V1_03_difficult:1403715917084058112:1403715917284058112,,formal_public_module_evidence,,,,,,,,V1_03_difficult,,,,610,1403715917084058112,,1403715917284058112,51,False,86
,,,,126,,,INSUFFICIENT_TRACKS,16,,,,,,,,,,Global-DoF,V1_03_difficult:1403715917084058112:1403715917284058112,,formal_public_module_evidence,,,,,,,,V1_03_difficult,,,,610,1403715917084058112,,1403715917284058112,51,False,86
,,,,126,,,INSUFFICIENT_TRACKS,16,,,,,,,,,,DPR-Exact-Block,V1_03_difficult:1403715917084058112:1403715917284058112,,formal_public_module_evidence,,,,,,,,V1_03_difficult,,,,610,1403715917084058112,,1403715917284058112,51,False,86
,,,,126,,,INSUFFICIENT_TRACKS,16,,,,,,,,,,DUC-K16,V1_03_difficult:1403715917084058112:1403715917284058112,,formal_public_module_evidence,,,,,,,,V1_03_difficult,,,,610,1403715917084058112,,1403715917284058112,51,False,86
,,,,126,,,INSUFFICIENT_TRACKS,16,,,,,,,,,,Permuted-K16,V1_03_difficult:1403715917084058112:1403715917284058112,,formal_public_module_evidence,,,,,,,,V1_03_difficult,,,,610,1403715917084058112,,1403715917284058112,51,False,86
,,,,126,,,INSUFFICIENT_TRACKS,48,,,,,,,,,,Raw,V1_03_difficult:1403715917084058112:1403715917284058112,,formal_public_module_evidence,,,,,,,,V1_03_difficult,,,,610,1403715917084058112,,1403715917284058112,51,False,86
,,,,126,,,INSUFFICIENT_TRACKS,48,,,,,,,,,,Global-DoF,V1_03_difficult:1403715917084058112:1403715917284058112,,formal_public_module_evidence,,,,,,,,V1_03_difficult,,,,610,1403715917084058112,,1403715917284058112,51,False,86
,,,,126,,,INSUFFICIENT_TRACKS,48,,,,,,,,,,DPR-Exact-Block,V1_03_difficult:1403715917084058112:1403715917284058112,,formal_public_module_evidence,,,,,,,,V1_03_difficult,,,,610,1403715917084058112,,1403715917284058112,51,False,86
,,,,126,,,INSUFFICIENT_TRACKS,48,,,,,,,,,,DUC-K16,V1_03_difficult:1403715917084058112:1403715917284058112,,formal_public_module_evidence,,,,,,,,V1_03_difficult,,,,610,1403715917084058112,,1403715917284058112,51,False,86
,,,,126,,,INSUFFICIENT_TRACKS,48,,,,,,,,,,Permuted-K16,V1_03_difficult:1403715917084058112:1403715917284058112,,formal_public_module_evidence,,,,,,,,V1_03_difficult,,,,610,1403715917084058112,,1403715917284058112,51,False,86
3.449012806682888,0.005701,0.2833333333333333,0.6666666666666666,123,0.09131425643490079,5.999999999999999,,16,1.346193568520689,0.3021824886304645,1.1567640812695241,30.9137393884683,True,1.6951686361315699,2.8735967049241666,6,0.006114732461500405,Raw,V1_03_difficult:1403715917584058112:1403715917784058112,0.039071,formal_public_module_evidence,0.016120555555333482,0.0906694246175091,0.10143552163985495,0.14410080635486297,0.805972655835057,0,0,V1_03_difficult,4,OK,True,620,1403715917584058112,4.549786667580531e-10,1403715917784058112,83,True,97
3.2413734419046434,0.002041,0.2833333333333333,0.6666666666666666,123,0.11238677715064711,5.999999999999999,,16,1.346193568520689,0.3021824886304645,1.1567640812695241,25.220883001442456,True,1.6951686361315699,2.8735967049241666,6,0.006114732461500405,Global-DoF,V1_03_difficult:1403715917584058112:1403715917784058112,0.039071,formal_public_module_evidence,0.016120555555333482,0.0906694246175091,0.10143552163985495,0.14410080635486297,0.805972655835057,0,0,V1_03_difficult,4,OK,True,620,1403715917584058112,4.549786667580531e-10,1403715917784058112,83,True,97
3.253879968847402,0.454269,0.2833333333333333,0.6666666666666666,123,0.11098996175554081,5.999999999999999,,16,1.346193568520689,0.3021824886304645,1.1567640812695241,25.53016155989154,True,1.6951686361315699,2.8735967049241666,6,0.006114732461500405,DPR-Exact-Block,V1_03_difficult:1403715917584058112:1403715917784058112,0.039071,formal_public_module_evidence,0.016120555555333482,0.0906694246175091,0.10143552163985495,0.14410080635486297,0.805972655835057,0,0,V1_03_difficult,4,OK,True,620,1403715917584058112,4.549786667580531e-10,1403715917784058112,83,True,97
3.2600134728465138,0.18139,0.2833333333333333,0.6666666666666666,123,0.11031128783349352,5.999999999999999,,16,1.346193568520689,0.3021824886304645,1.1567640812695241,25.68331615231446,True,1.6951686361315699,2.8735967049241666,6,0.006114732461500405,DUC-K16,V1_03_difficult:1403715917584058112:1403715917784058112,0.039071,formal_public_module_evidence,0.016120555555333482,0.0906694246175091,0.10143552163985495,0.14410080635486297,0.805972655835057,0,0,V1_03_difficult,4,OK,True,620,1403715917584058112,4.549786667580531e-10,1403715917784058112,83,True,97
3.264768500808175,0.069933,0.2833333333333333,0.6666666666666666,123,0.10978799968621893,5.999999999999999,,16,1.346193568520689,0.3021824886304645,1.1567640812695241,25.802724035807742,True,1.6951686361315699,2.8735967049241666,6,0.006114732461500405,Permuted-K16,V1_03_difficult:1403715917584058112:1403715917784058112,0.039071,formal_public_module_evidence,0.016120555555333482,0.0906694246175091,0.10143552163985495,0.14410080635486297,0.805972655835057,0,0,V1_03_difficult,4,OK,True,620,1403715917584058112,4.549786667580531e-10,1403715917784058112,83,True,97
1.3993015818055534,0.006478,0.19999999999999996,0.75,123,0.6645763487792951,5.999999999999999,,48,1.1626485378576183,0.8152155229013338,1.1569683548161709,5.481640285777625,True,1.6410692900158923,2.693108414633265,6,0.036504098639043914,Raw,V1_03_difficult:1403715917584058112:1403715917784058112,0.038917,formal_public_module_evidence,0.01578761925940536,0.04104119289449669,0.06788763812769764,0.6042560776303385,1.1193472404313953,7,0,V1_03_difficult,4,OK,True,620,1403715917584058112,5.433625050415037e-11,1403715917784058112,83,True,97
1.3347630606679826,0.002209,0.19999999999999996,0.75,123,0.7088814386979145,5.999999999999999,,48,1.1626485378576183,0.8152155229013338,1.1569683548161709,5.292905761276798,True,1.6410692900158923,2.693108414633265,6,0.036504098639043914,Global-DoF,V1_03_difficult:1403715917584058112:1403715917784058112,0.038917,formal_public_module_evidence,0.01578761925940536,0.04104119289449669,0.06788763812769764,0.6042560776303385,1.1193472404313953,7,0,V1_03_difficult,4,OK,True,620,1403715917584058112,5.433625050415037e-11,1403715917784058112,83,True,97
1.3072495350840767,1.27887,0.19999999999999996,0.75,123,0.7286560535603059,5.999999999999999,,48,1.1626485378576183,0.8152155229013338,1.1569683548161709,5.217317619591502,True,1.6410692900158923,2.693108414633265,6,0.036504098639043914,DPR-Exact-Block,V1_03_difficult:1403715917584058112:1403715917784058112,0.038917,formal_public_module_evidence,0.01578761925940536,0.04104119289449669,0.06788763812769764,0.6042560776303385,1.1193472404313953,7,0,V1_03_difficult,4,OK,True,620,1403715917584058112,5.433625050415037e-11,1403715917784058112,83,True,97
1.3444365801274767,0.317977,0.19999999999999996,0.75,123,0.7020571211072041,5.999999999999999,,48,1.1626485378576183,0.8152155229013338,1.1569683548161709,5.320161196356153,True,1.6410692900158923,2.693108414633265,6,0.036504098639043914,DUC-K16,V1_03_difficult:1403715917584058112:1403715917784058112,0.038917,formal_public_module_evidence,0.01578761925940536,0.04104119289449669,0.06788763812769764,0.6042560776303385,1.1193472404313953,7,0,V1_03_difficult,4,OK,True,620,1403715917584058112,5.433625050415037e-11,1403715917784058112,83,True,97
1.3682952669182016,0.108579,0.19999999999999996,0.75,123,0.6855051988661184,5.999999999999999,,48,1.1626485378576183,0.8152155229013338,1.1569683548161709,5.388925558444622,True,1.6410692900158923,2.693108414633265,6,0.036504098639043914,Permuted-K16,V1_03_difficult:1403715917584058112:1403715917784058112,0.038917,formal_public_module_evidence,0.01578761925940536,0.04104119289449669,0.06788763812769764,0.6042560776303385,1.1193472404313953,7,0,V1_03_difficult,4,OK,True,620,1403715917584058112,5.433625050415037e-11,1403715917784058112,83,True,97
,,,,106,,,INSUFFICIENT_TRACKS,16,,,,,,,,,,Raw,V1_03_difficult:1403715918084058112:1403715918284058112,,formal_public_module_evidence,,,,,,,,V1_03_difficult,,,,630,1403715918084058112,,1403715918284058112,53,False,76
,,,,106,,,INSUFFICIENT_TRACKS,16,,,,,,,,,,Global-DoF,V1_03_difficult:1403715918084058112:1403715918284058112,,formal_public_module_evidence,,,,,,,,V1_03_difficult,,,,630,1403715918084058112,,1403715918284058112,53,False,76
,,,,106,,,INSUFFICIENT_TRACKS,16,,,,,,,,,,DPR-Exact-Block,V1_03_difficult:1403715918084058112:1403715918284058112,,formal_public_module_evidence,,,,,,,,V1_03_difficult,,,,630,1403715918084058112,,1403715918284058112,53,False,76
,,,,106,,,INSUFFICIENT_TRACKS,16,,,,,,,,,,DUC-K16,V1_03_difficult:1403715918084058112:1403715918284058112,,formal_public_module_evidence,,,,,,,,V1_03_difficult,,,,630,1403715918084058112,,1403715918284058112,53,False,76
,,,,106,,,INSUFFICIENT_TRACKS,16,,,,,,,,,,Permuted-K16,V1_03_difficult:1403715918084058112:1403715918284058112,,formal_public_module_evidence,,,,,,,,V1_03_difficult,,,,630,1403715918084058112,,1403715918284058112,53,False,76
,,,,106,,,INSUFFICIENT_TRACKS,48,,,,,,,,,,Raw,V1_03_difficult:1403715918084058112:1403715918284058112,,formal_public_module_evidence,,,,,,,,V1_03_difficult,,,,630,1403715918084058112,,1403715918284058112,53,False,76
,,,,106,,,INSUFFICIENT_TRACKS,48,,,,,,,,,,Global-DoF,V1_03_difficult:1403715918084058112:1403715918284058112,,formal_public_module_evidence,,,,,,,,V1_03_difficult,,,,630,1403715918084058112,,1403715918284058112,53,False,76
,,,,106,,,INSUFFICIENT_TRACKS,48,,,,,,,,,,DPR-Exact-Block,V1_03_difficult:1403715918084058112:1403715918284058112,,formal_public_module_evidence,,,,,,,,V1_03_difficult,,,,630,1403715918084058112,,1403715918284058112,53,False,76
,,,,106,,,INSUFFICIENT_TRACKS,48,,,,,,,,,,DUC-K16,V1_03_difficult:1403715918084058112:1403715918284058112,,formal_public_module_evidence,,,,,,,,V1_03_difficult,,,,630,1403715918084058112,,1403715918284058112,53,False,76
,,,,106,,,INSUFFICIENT_TRACKS,48,,,,,,,,,,Permuted-K16,V1_03_difficult:1403715918084058112:1403715918284058112,,formal_public_module_evidence,,,,,,,,V1_03_difficult,,,,630,1403715918084058112,,1403715918284058112,53,False,76
,,,,166,,,INSUFFICIENT_TRACKS,16,,,,,,,,,,Raw,V1_03_difficult:1403715918584058112:1403715918784058112,,formal_public_module_evidence,,,,,,,,V1_03_difficult,,,,640,1403715918584058112,,1403715918784058112,54,False,146
,,,,166,,,INSUFFICIENT_TRACKS,16,,,,,,,,,,Global-DoF,V1_03_difficult:1403715918584058112:1403715918784058112,,formal_public_module_evidence,,,,,,,,V1_03_difficult,,,,640,1403715918584058112,,1403715918784058112,54,False,146
,,,,166,,,INSUFFICIENT_TRACKS,16,,,,,,,,,,DPR-Exact-Block,V1_03_difficult:1403715918584058112:1403715918784058112,,formal_public_module_evidence,,,,,,,,V1_03_difficult,,,,640,1403715918584058112,,1403715918784058112,54,False,146
,,,,166,,,INSUFFICIENT_TRACKS,16,,,,,,,,,,DUC-K16,V1_03_difficult:1403715918584058112:1403715918784058112,,formal_public_module_evidence,,,,,,,,V1_03_difficult,,,,640,1403715918584058112,,1403715918784058112,54,False,146
,,,,166,,,INSUFFICIENT_TRACKS,16,,,,,,,,,,Permuted-K16,V1_03_difficult:1403715918584058112:1403715918784058112,,formal_public_module_evidence,,,,,,,,V1_03_difficult,,,,640,1403715918584058112,,1403715918784058112,54,False,146
,,,,166,,,INSUFFICIENT_TRACKS,48,,,,,,,,,,Raw,V1_03_difficult:1403715918584058112:1403715918784058112,,formal_public_module_evidence,,,,,,,,V1_03_difficult,,,,640,1403715918584058112,,1403715918784058112,54,False,146
,,,,166,,,INSUFFICIENT_TRACKS,48,,,,,,,,,,Global-DoF,V1_03_difficult:1403715918584058112:1403715918784058112,,formal_public_module_evidence,,,,,,,,V1_03_difficult,,,,640,1403715918584058112,,1403715918784058112,54,False,146
,,,,166,,,INSUFFICIENT_TRACKS,48,,,,,,,,,,DPR-Exact-Block,V1_03_difficult:1403715918584058112:1403715918784058112,,formal_public_module_evidence,,,,,,,,V1_03_difficult,,,,640,1403715918584058112,,1403715918784058112,54,False,146
,,,,166,,,INSUFFICIENT_TRACKS,48,,,,,,,,,,DUC-K16,V1_03_difficult:1403715918584058112:1403715918784058112,,formal_public_module_evidence,,,,,,,,V1_03_difficult,,,,640,1403715918584058112,,1403715918784058112,54,False,146
,,,,166,,,INSUFFICIENT_TRACKS,48,,,,,,,,,,Permuted-K16,V1_03_difficult:1403715918584058112:1403715918784058112,,formal_public_module_evidence,,,,,,,,V1_03_difficult,,,,640,1403715918584058112,,1403715918784058112,54,False,146
0.004127456837438816,0.006887,0.11666666666666659,0.8333333333333334,197,1.7782250625899632,6.0,,16,1.4939094918325917,1.3335010545889956,1.5649187119455672,3.417628763893037,True,1.3362558802400077,1.7855797774759978,6,0.016703893793761138,Raw,V1_03_difficult:1403715919084058112:1403715919284058112,0.041209,formal_public_module_evidence,0.027076140960785366,0.1462382841020506,0.14005149594635546,0.3730948013083911,0.7893217066039753,0,0,V1_03_difficult,4,OK,True,650,1403715919084058112,1.2195165424287245e-09,1403715919284058112,152,True,186
0.20351190794080562,0.001904,0.033333333333333326,0.9166666666666666,197,2.188584692418416,6.0,,16,1.4939094918325917,1.3335010545889956,1.5649187119455672,3.4369926311990313,True,1.3362558802400077,1.7855797774759978,6,0.016703893793761138,Global-DoF,V1_03_difficult:1403715919084058112:1403715919284058112,0.041209,formal_public_module_evidence,0.027076140960785366,0.1462382841020506,0.14005149594635546,0.3730948013083911,0.7893217066039753,0,0,V1_03_difficult,4,OK,True,650,1403715919084058112,1.2195165424287245e-09,1403715919284058112,152,True,186
0.14223395869964242,0.451738,0.07499999999999996,0.875,197,2.0584991030588005,6.0,,16,1.4939094918325917,1.3335010545889956,1.5649187119455672,3.427272485599911,True,1.3362558802400077,1.7855797774759978,6,0.016703893793761138,DPR-Exact-Block,V1_03_difficult:1403715919084058112:1403715919284058112,0.041209,formal_public_module_evidence,0.027076140960785366,0.1462382841020506,0.14005149594635546,0.3730948013083911,0.7893217066039753,0,0,V1_03_difficult,4,OK,True,650,1403715919084058112,1.2195165424287245e-09,1403715919284058112,152,True,186
0.15879987682679494,0.18077,0.033333333333333326,0.9166666666666666,197,2.092884053450847,6.0,,16,1.4939094918325917,1.3335010545889956,1.5649187119455672,3.4295871914279075,True,1.3362558802400077,1.7855797774759978,6,0.016703893793761138,DUC-K16,V1_03_difficult:1403715919084058112:1403715919284058112,0.041209,formal_public_module_evidence,0.027076140960785366,0.1462382841020506,0.14005149594635546,0.3730948013083911,0.7893217066039753,0,0,V1_03_difficult,4,OK,True,650,1403715919084058112,1.2195165424287245e-09,1403715919284058112,152,True,186
0.35139092981131514,0.078711,0.008333333333333415,0.9583333333333334,197,2.5373851889588264,6.0,,16,1.4939094918325917,1.3335010545889956,1.5649187119455672,3.4727197634292204,True,1.3362558802400077,1.7855797774759978,6,0.016703893793761138,Permuted-K16,V1_03_difficult:1403715919084058112:1403715919284058112,0.041209,formal_public_module_evidence,0.027076140960785366,0.1462382841020506,0.14005149594635546,0.3730948013083911,0.7893217066039753,0,0,V1_03_difficult,4,OK,True,650,1403715919084058112,1.2195165424287245e-09,1403715919284058112,152,True,186
0.17841492473690285,0.006339,0.033333333333333326,0.9166666666666666,197,1.9121491961001025,5.999999999999998,,48,1.4440473378138827,1.382804829359553,1.5618264720972763,3.322700136836371,True,1.264790453613287,1.5996948915513043,6,0.0010270486486793073,Raw,V1_03_difficult:1403715919084058112:1403715919284058112,0.039723,formal_public_module_evidence,0.013824875746660803,0.03921433198986152,0.06045811340713105,0.45163948330932735,1.2860791840275527,5,0,V1_03_difficult,4,OK,True,650,1403715919084058112,1.9257089591728182e-10,1403715919284058112,152,True,186
0.2429534458744738,0.001935,0.033333333333333326,0.9166666666666666,197,2.039625809173442,5.999999999999998,,48,1.4440473378138827,1.382804829359553,1.5618264720972763,3.3349514562608786,True,1.264790453613287,1.5996948915513043,6,0.0010270486486793073,Global-DoF,V1_03_difficult:1403715919084058112:1403715919284058112,0.039723,formal_public_module_evidence,0.013824875746660803,0.03921433198986152,0.06045811340713105,0.45163948330932735,1.2860791840275527,5,0,V1_03_difficult,4,OK,True,650,1403715919084058112,1.9257089591728182e-10,1403715919284058112,152,True,186
0.23657117112728646,1.26439,0.033333333333333326,0.9166666666666666,197,2.026649809122951,5.999999999999998,,48,1.4440473378138827,1.382804829359553,1.5618264720972763,3.333590858635816,True,1.264790453613287,1.5996948915513043,6,0.0010270486486793073,DPR-Exact-Block,V1_03_difficult:1403715919084058112:1403715919284058112,0.039723,formal_public_module_evidence,0.013824875746660803,0.03921433198986152,0.06045811340713105,0.45163948330932735,1.2860791840275527,5,0,V1_03_difficult,4,OK,True,650,1403715919084058112,1.9257089591728182e-10,1403715919284058112,152,True,186
0.23554359470274525,0.313825,0.033333333333333326,0.9166666666666666,197,2.024568341175145,5.999999999999998,,48,1.4440473378138827,1.382804829359553,1.5618264720972763,3.333374795679729,True,1.264790453613287,1.5996948915513043,6,0.0010270486486793073,DUC-K16,V1_03_difficult:1403715919084058112:1403715919284058112,0.039723,formal_public_module_evidence,0.013824875746660803,0.03921433198986152,0.06045811340713105,0.45163948330932735,1.2860791840275527,5,0,V1_03_difficult,4,OK,True,650,1403715919084058112,1.9257089591728182e-10,1403715919284058112,152,True,186
0.21864063649306656,0.106413,0.033333333333333326,0.9166666666666666,197,1.9906347441248553,5.999999999999998,,48,1.4440473378138827,1.382804829359553,1.5618264720972763,3.3299410757245442,True,1.264790453613287,1.5996948915513043,6,0.0010270486486793073,Permuted-K16,V1_03_difficult:1403715919084058112:1403715919284058112,0.039723,formal_public_module_evidence,0.013824875746660803,0.03921433198986152,0.06045811340713105,0.45163948330932735,1.2860791840275527,5,0,V1_03_difficult,4,OK,True,650,1403715919084058112,1.9257089591728182e-10,1403715919284058112,152,True,186
0.4371694715807199,0.006076,0.008333333333333415,0.9583333333333334,181,1.912318678677617,6.0,,16,1.4962643414658983,1.3828661101775606,1.31846482098063,3.132055506985575,True,1.1113477867549937,1.2350939031252228,6,0.03997207205667974,Raw,V1_03_difficult:1403715919584058112:1403715919784058112,0.038764,formal_public_module_evidence,0.018679053198762507,0.06471594278078782,0.0885389981920362,0.1971182941818092,0.8627653251750377,0,0,V1_03_difficult,4,OK,True,660,1403715919584058112,4.075774844722237e-10,1403715919784058112,161,True,172
0.6448088363589646,0.001935,0.008333333333333415,0.9583333333333334,181,2.353622989141683,6.0,,16,1.4962643414658983,1.3828661101775606,1.31846482098063,3.2185957529725315,True,1.1113477867549937,1.2350939031252228,6,0.03997207205667974,Global-DoF,V1_03_difficult:1403715919584058112:1403715919784058112,0.038764,formal_public_module_evidence,0.018679053198762507,0.06471594278078782,0.0885389981920362,0.1971182941818092,0.8627653251750377,0,0,V1_03_difficult,4,OK,True,660,1403715919584058112,4.075774844722237e-10,1403715919784058112,161,True,172
0.6141776327860101,0.450685,0.008333333333333415,0.9583333333333334,181,2.28262166370539,6.0,,16,1.4962643414658983,1.3828661101775606,1.31846482098063,3.204287384824712,True,1.1113477867549937,1.2350939031252228,6,0.03997207205667974,DPR-Exact-Block,V1_03_difficult:1403715919584058112:1403715919784058112,0.038764,formal_public_module_evidence,0.018679053198762507,0.06471594278078782,0.0885389981920362,0.1971182941818092,0.8627653251750377,0,0,V1_03_difficult,4,OK,True,660,1403715919584058112,4.075774844722237e-10,1403715919784058112,161,True,172
0.5733847294502277,0.183769,0.008333333333333415,0.9583333333333334,181,2.19138054608562,6.0,,16,1.4962643414658983,1.3828661101775606,1.31846482098063,3.186023321849712,True,1.1113477867549937,1.2350939031252228,6,0.03997207205667974,DUC-K16,V1_03_difficult:1403715919584058112:1403715919784058112,0.038764,formal_public_module_evidence,0.018679053198762507,0.06471594278078782,0.0885389981920362,0.1971182941818092,0.8627653251750377,0,0,V1_03_difficult,4,OK,True,660,1403715919584058112,4.075774844722237e-10,1403715919784058112,161,True,172
0.6873026404634213,0.070086,0.008333333333333415,0.9583333333333334,181,2.45579280163783,6.0,,16,1.4962643414658983,1.3828661101775606,1.31846482098063,3.2392575353530417,True,1.1113477867549937,1.2350939031252228,6,0.03997207205667974,Permuted-K16,V1_03_difficult:1403715919584058112:1403715919784058112,0.038764,formal_public_module_evidence,0.018679053198762507,0.06471594278078782,0.0885389981920362,0.1971182941818092,0.8627653251750377,0,0,V1_03_difficult,4,OK,True,660,1403715919584058112,4.075774844722237e-10,1403715919784058112,161,True,172
0.22681225129028232,0.006363,0.008333333333333415,0.9583333333333334,181,1.738594287903883,6.0,,48,1.3130912144233373,1.3185576543723383,1.3203407026151506,3.188024389794645,True,1.1771924542636842,1.3857820743753564,6,0.0047945120776919925,Raw,V1_03_difficult:1403715919584058112:1403715919784058112,0.038699,formal_public_module_evidence,0.012491024268390327,0.033878556678476376,0.05926357715494024,0.4369264039489756,1.0,4,0,V1_03_difficult,4,OK,True,660,1403715919584058112,1.1894302583359919e-10,1403715919784058112,161,True,172
0.2913507724278537,0.002035,0.008333333333333415,0.9583333333333334,181,1.8545005737641425,6.0,,48,1.3130912144233373,1.3185576543723383,1.3203407026151506,3.202746009858141,True,1.1771924542636842,1.3857820743753564,6,0.0047945120776919925,Global-DoF,V1_03_difficult:1403715919584058112:1403715919784058112,0.038699,formal_public_module_evidence,0.012491024268390327,0.033878556678476376,0.05926357715494024,0.4369264039489756,1.0,4,0,V1_03_difficult,4,OK,True,660,1403715919584058112,1.1894302583359919e-10,1403715919784058112,161,True,172
0.2823294952742596,1.283546,0.008333333333333415,0.9583333333333334,181,1.8378458465133718,6.0,,48,1.3130912144233373,1.3185576543723383,1.3203407026151506,3.2004964124521273,True,1.1771924542636842,1.3857820743753564,6,0.0047945120776919925,DPR-Exact-Block,V1_03_difficult:1403715919584058112:1403715919784058112,0.038699,formal_public_module_evidence,0.012491024268390327,0.033878556678476376,0.05926357715494024,0.4369264039489756,1.0,4,0,V1_03_difficult,4,OK,True,660,1403715919584058112,1.1894302583359919e-10,1403715919784058112,161,True,172
0.27752345265322,0.314999,0.008333333333333415,0.9583333333333334,181,1.8290342724053275,6.0,,48,1.3130912144233373,1.3185576543723383,1.3203407026151506,3.199322969281455,True,1.1771924542636842,1.3857820743753564,6,0.0047945120776919925,DUC-K16,V1_03_difficult:1403715919584058112:1403715919784058112,0.038699,formal_public_module_evidence,0.012491024268390327,0.033878556678476376,0.05926357715494024,0.4369264039489756,1.0,4,0,V1_03_difficult,4,OK,True,660,1403715919584058112,1.1894302583359919e-10,1403715919784058112,161,True,172
0.2750634035704521,0.110144,0.008333333333333415,0.9583333333333334,181,1.8245402882982924,6.0,,48,1.3130912144233373,1.3185576543723383,1.3203407026151506,3.1987290900566663,True,1.1771924542636842,1.3857820743753564,6,0.0047945120776919925,Permuted-K16,V1_03_difficult:1403715919584058112:1403715919784058112,0.038699,formal_public_module_evidence,0.012491024268390327,0.033878556678476376,0.05926357715494024,0.4369264039489756,1.0,4,0,V1_03_difficult,4,OK,True,660,1403715919584058112,1.1894302583359919e-10,1403715919784058112,161,True,172
0.362548465335752,0.006317,0.11666666666666659,0.8333333333333334,221,2.351940047457446,6.0,,16,1.2788516428223786,1.5336036148423249,0.9682815615094894,4.130104469443547,True,1.8383979306944034,3.3797069515814644,6,0.0655797980281082,Raw,V1_03_difficult:1403715920084058112:1403715920284058112,0.038352,formal_public_module_evidence,0.014923431763699091,0.07014408083576118,0.08708785993048056,0.1929003706569858,0.6051470742235059,0,0,V1_03_difficult,5,OK,True,670,1403715920084058112,9.487811154697789e-11,1403715920284058112,175,True,209
0.15490910055750753,0.002066,0.11666666666666659,0.8333333333333334,221,2.8946954430245486,6.0,,16,1.2788516428223786,1.5336036148423249,0.9682815615094894,4.068308797343799,True,1.8383979306944034,3.3797069515814644,6,0.0655797980281082,Global-DoF,V1_03_difficult:1403715920084058112:1403715920284058112,0.038352,formal_public_module_evidence,0.014923431763699091,0.07014408083576118,0.08708785993048056,0.1929003706569858,0.6051470742235059,0,0,V1_03_difficult,5,OK,True,670,1403715920084058112,9.487811154697789e-11,1403715920284058112,175,True,209
0.09098168539217574,0.499268,0.11666666666666659,0.8333333333333334,221,3.0857888189377696,6.0,,16,1.2788516428223786,1.5336036148423249,0.9682815615094894,4.059933332057691,True,1.8383979306944034,3.3797069515814644,6,0.0655797980281082,DPR-Exact-Block,V1_03_difficult:1403715920084058112:1403715920284058112,0.038352,formal_public_module_evidence,0.014923431763699091,0.07014408083576118,0.08708785993048056,0.1929003706569858,0.6051470742235059,0,0,V1_03_difficult,5,OK,True,670,1403715920084058112,9.487811154697789e-11,1403715920284058112,175,True,209
0.15881073227305037,0.180292,0.11666666666666659,0.8333333333333334,221,2.883423411434436,6.0,,16,1.2788516428223786,1.5336036148423249,0.9682815615094894,4.068971421095868,True,1.8383979306944034,3.3797069515814644,6,0.0655797980281082,DUC-K16,V1_03_difficult:1403715920084058112:1403715920284058112,0.038352,formal_public_module_evidence,0.014923431763699091,0.07014408083576118,0.08708785993048056,0.1929003706569858,0.6051470742235059,0,0,V1_03_difficult,5,OK,True,670,1403715920084058112,9.487811154697789e-11,1403715920284058112,175,True,209
0.19738416698682032,0.071253,0.11666666666666659,0.8333333333333334,221,2.7743176859654266,6.0,,16,1.2788516428223786,1.5336036148423249,0.9682815615094894,4.076493852079373,True,1.8383979306944034,3.3797069515814644,6,0.0655797980281082,Permuted-K16,V1_03_difficult:1403715920084058112:1403715920284058112,0.038352,formal_public_module_evidence,0.014923431763699091,0.07014408083576118,0.08708785993048056,0.1929003706569858,0.6051470742235059,0,0,V1_03_difficult,5,OK,True,670,1403715920084058112,9.487811154697789e-11,1403715920284058112,175,True,209
0.9460042546665378,0.006326,0.050000000000000044,1.0,221,6.6711628962066625,6.0,,48,1.2085483461651674,2.582859441821537,0.9734458882047711,4.12396069195783,True,1.6094539639755359,2.590342062156566,6,0.01872200385533218,Raw,V1_03_difficult:1403715920084058112:1403715920284058112,0.039032,formal_public_module_evidence,0.013651295591772028,0.034049627902208626,0.06192437270045407,0.44413955498756325,1.0418530484135669,6,0,V1_03_difficult,4,OK,True,670,1403715920084058112,5.7314563312918174e-09,1403715920284058112,175,True,209
1.010542775804109,0.001909,0.050000000000000044,1.0,221,7.115907089287107,6.0,,48,1.2085483461651674,2.582859441821537,0.9734458882047711,4.164231123497882,True,1.6094539639755359,2.590342062156566,6,0.01872200385533218,Global-DoF,V1_03_difficult:1403715920084058112:1403715920284058112,0.039032,formal_public_module_evidence,0.013651295591772028,0.034049627902208626,0.06192437270045407,0.44413955498756325,1.0418530484135669,6,0,V1_03_difficult,4,OK,True,670,1403715920084058112,5.7314563312918174e-09,1403715920284058112,175,True,209
1.021437068079487,1.282828,0.050000000000000044,1.0,221,7.193853676446804,6.0,,48,1.2085483461651674,2.582859441821537,0.9734458882047711,4.171181184671079,True,1.6094539639755359,2.590342062156566,6,0.01872200385533218,DPR-Exact-Block,V1_03_difficult:1403715920084058112:1403715920284058112,0.039032,formal_public_module_evidence,0.013651295591772028,0.034049627902208626,0.06192437270045407,0.44413955498756325,1.0418530484135669,6,0,V1_03_difficult,4,OK,True,670,1403715920084058112,5.7314563312918174e-09,1403715920284058112,175,True,209
1.0399859723966145,0.318815,0.050000000000000044,1.0,221,7.328537032711936,6.0,,48,1.2085483461651674,2.582859441821537,0.9734458882047711,4.183112616243257,True,1.6094539639755359,2.590342062156566,6,0.01872200385533218,DUC-K16,V1_03_difficult:1403715920084058112:1403715920284058112,0.039032,formal_public_module_evidence,0.013651295591772028,0.034049627902208626,0.06192437270045407,0.44413955498756325,1.0418530484135669,6,0,V1_03_difficult,4,OK,True,670,1403715920084058112,5.7314563312918174e-09,1403715920284058112,175,True,209
0.9901338232066033,0.106059,0.050000000000000044,1.0,221,6.972150826004362,6.0,,48,1.2085483461651674,2.582859441821537,0.9734458882047711,4.1513277957024215,True,1.6094539639755359,2.590342062156566,6,0.01872200385533218,Permuted-K16,V1_03_difficult:1403715920084058112:1403715920284058112,0.039032,formal_public_module_evidence,0.013651295591772028,0.034049627902208626,0.06192437270045407,0.44413955498756325,1.0418530484135669,6,0,V1_03_difficult,4,OK,True,670,1403715920084058112,5.7314563312918174e-09,1403715920284058112,175,True,209
0.07605386243845844,0.006285,0.008333333333333415,0.9583333333333334,203,7.698034277676497,6.0,,16,1.1304492127974304,2.7745331639172197,1.0802576720186705,4.957862765341541,True,2.882071870682236,8.306338267777802,6,0.06309020703172108,Raw,V1_03_difficult:1403715920584058112:1403715920784058112,0.037887,formal_public_module_evidence,0.026891307870676062,0.06296113073436144,0.0999998095594875,0.2214267372933313,0.7195135480279442,0,0,V1_03_difficult,5,OK,True,680,1403715920584058112,4.369399191557438e-08,1403715920784058112,100,True,188
0.13158550233978605,0.001999,0.008333333333333415,0.9583333333333334,203,9.474503726371072,6.0,,16,1.1304492127974304,2.7745331639172197,1.0802576720186705,4.963185750505219,True,2.882071870682236,8.306338267777802,6,0.06309020703172108,Global-DoF,V1_03_difficult:1403715920584058112:1403715920784058112,0.037887,formal_public_module_evidence,0.026891307870676062,0.06296113073436144,0.0999998095594875,0.2214267372933313,0.7195135480279442,0,0,V1_03_difficult,5,OK,True,680,1403715920584058112,4.369399191557438e-08,1403715920784058112,100,True,188
0.3329612478232788,0.493433,0.008333333333333415,0.9583333333333334,203,11.58811632103378,6.0,,16,1.1304492127974304,2.7745331639172197,1.0802576720186705,5.00465515542473,True,2.882071870682236,8.306338267777802,6,0.06309020703172108,DPR-Exact-Block,V1_03_difficult:1403715920584058112:1403715920784058112,0.037887,formal_public_module_evidence,0.026891307870676062,0.06296113073436144,0.0999998095594875,0.2214267372933313,0.7195135480279442,0,0,V1_03_difficult,5,OK,True,680,1403715920584058112,4.369399191557438e-08,1403715920784058112,100,True,188
0.26779297426610227,0.17868,0.008333333333333415,0.9583333333333334,203,10.857019663232093,6.0,,16,1.1304492127974304,2.7745331639172197,1.0802576720186705,4.987755063859001,True,2.882071870682236,8.306338267777802,6,0.06309020703172108,DUC-K16,V1_03_difficult:1403715920584058112:1403715920784058112,0.037887,formal_public_module_evidence,0.026891307870676062,0.06296113073436144,0.0999998095594875,0.2214267372933313,0.7195135480279442,0,0,V1_03_difficult,5,OK,True,680,1403715920584058112,4.369399191557438e-08,1403715920784058112,100,True,188
0.13183123885790315,0.070855,0.008333333333333415,0.9583333333333334,203,9.47683224401687,6.0,,16,1.1304492127974304,2.7745331639172197,1.0802576720186705,4.963216075226726,True,2.882071870682236,8.306338267777802,6,0.06309020703172108,Permuted-K16,V1_03_difficult:1403715920584058112:1403715920784058112,0.037887,formal_public_module_evidence,0.026891307870676062,0.06296113073436144,0.0999998095594875,0.2214267372933313,0.7195135480279442,0,0,V1_03_difficult,5,OK,True,680,1403715920584058112,4.369399191557438e-08,1403715920784058112,100,True,188
0.37524622785342376,0.006527,0.033333333333333326,0.9166666666666666,203,9.750547895802468,5.999999999999999,,48,1.1200923651420138,3.122586731510026,1.0696689470679441,4.802320614141537,True,2.588396637174666,6.699797151337118,6,0.004048892507764634,Raw,V1_03_difficult:1403715920584058112:1403715920784058112,0.038579,formal_public_module_evidence,0.01449243366777897,0.05116968129671187,0.06937287959030437,0.5383770470664548,1.6173261419679101,5,0,V1_03_difficult,5,OK,True,680,1403715920584058112,1.569790767925469e-09,1403715920784058112,100,True,188
0.439784748990995,0.001971,0.033333333333333326,0.9166666666666666,203,10.4005844221893,5.999999999999999,,48,1.1200923651420138,3.122586731510026,1.0696689470679441,4.823914130912858,True,2.588396637174666,6.699797151337118,6,0.004048892507764634,Global-DoF,V1_03_difficult:1403715920584058112:1403715920784058112,0.038579,formal_public_module_evidence,0.01449243366777897,0.05116968129671187,0.06937287959030437,0.5383770470664548,1.6173261419679101,5,0,V1_03_difficult,5,OK,True,680,1403715920584058112,1.569790767925469e-09,1403715920784058112,100,True,188
0.4796528827290737,1.281804,0.033333333333333326,0.9166666666666666,203,10.82361296102201,5.999999999999999,,48,1.1200923651420138,3.122586731510026,1.0696689470679441,4.838605418648623,True,2.588396637174666,6.699797151337118,6,0.004048892507764634,DPR-Exact-Block,V1_03_difficult:1403715920584058112:1403715920784058112,0.038579,formal_public_module_evidence,0.01449243366777897,0.05116968129671187,0.06937287959030437,0.5383770470664548,1.6173261419679101,5,0,V1_03_difficult,5,OK,True,680,1403715920584058112,1.569790767925469e-09,1403715920784058112,100,True,188
0.48369360052981286,0.318303,0.033333333333333326,0.9166666666666666,203,10.867436606446836,5.999999999999999,,48,1.1200923651420138,3.122586731510026,1.0696689470679441,4.840149985841638,True,2.588396637174666,6.699797151337118,6,0.004048892507764634,DUC-K16,V1_03_difficult:1403715920584058112:1403715920784058112,0.038579,formal_public_module_evidence,0.01449243366777897,0.05116968129671187,0.06937287959030437,0.5383770470664548,1.6173261419679101,5,0,V1_03_difficult,5,OK,True,680,1403715920584058112,1.569790767925469e-09,1403715920784058112,100,True,188
0.45925506220628887,0.105784,0.033333333333333326,0.9166666666666666,203,10.605071310469894,5.999999999999999,,48,1.1200923651420138,3.122586731510026,1.0696689470679441,4.830963466390763,True,2.588396637174666,6.699797151337118,6,0.004048892507764634,Permuted-K16,V1_03_difficult:1403715920584058112:1403715920784058112,0.038579,formal_public_module_evidence,0.01449243366777897,0.05116968129671187,0.06937287959030437,0.5383770470664548,1.6173261419679101,5,0,V1_03_difficult,5,OK,True,680,1403715920584058112,1.569790767925469e-09,1403715920784058112,100,True,188
0.7833763031049215,0.006205,0.11666666666666659,0.8333333333333334,232,0.6606842921372211,6.0,,16,1.3774365754894011,0.8128248840538909,1.5081121991994817,3.612247916452688,True,1.2025551252486628,1.4461388292618274,6,0.1842525741427674,Raw,V1_03_difficult:1403715921084058112:1403715921284058112,0.03817,formal_public_module_evidence,0.0218898567835365,0.0943155190400215,0.10486073091389532,0.24874899768461378,0.9307875934700256,0,0,V1_03_difficult,9,OK,True,690,1403715921084058112,2.1225245738607352e-08,1403715921284058112,154,True,182
0.5757369383266769,0.001868,0.033333333333333326,0.9166666666666666,232,0.8131498980150413,6.0,,16,1.3774365754894011,0.8128248840538909,1.5081121991994817,3.409477901571766,True,1.2025551252486628,1.4461388292618274,6,0.1842525741427674,Global-DoF,V1_03_difficult:1403715921084058112:1403715921284058112,0.03817,formal_public_module_evidence,0.0218898567835365,0.0943155190400215,0.10486073091389532,0.24874899768461378,0.9307875934700256,0,0,V1_03_difficult,9,OK,True,690,1403715921084058112,2.1225245738607352e-08,1403715921284058112,154,True,182
0.600128399826636,0.455295,0.033333333333333326,0.9166666666666666,232,0.7935559179222302,6.0,,16,1.3774365754894011,0.8128248840538909,1.5081121991994817,3.4289985700315118,True,1.2025551252486628,1.4461388292618274,6,0.1842525741427674,DPR-Exact-Block,V1_03_difficult:1403715921084058112:1403715921284058112,0.03817,formal_public_module_evidence,0.0218898567835365,0.0943155190400215,0.10486073091389532,0.24874899768461378,0.9307875934700256,0,0,V1_03_difficult,9,OK,True,690,1403715921084058112,2.1225245738607352e-08,1403715921284058112,154,True,182
0.43101656335917005,0.179069,0.033333333333333326,0.9166666666666666,232,0.9397706385256278,6.0,,16,1.3774365754894011,0.8128248840538909,1.5081121991994817,3.314578669140881,True,1.2025551252486628,1.4461388292618274,6,0.1842525741427674,DUC-K16,V1_03_difficult:1403715921084058112:1403715921284058112,0.03817,formal_public_module_evidence,0.0218898567835365,0.0943155190400215,0.10486073091389532,0.24874899768461378,0.9307875934700256,0,0,V1_03_difficult,9,OK,True,690,1403715921084058112,2.1225245738607352e-08,1403715921284058112,154,True,182
0.5218535710815405,0.070834,0.033333333333333326,0.9166666666666666,232,0.8581671003686646,6.0,,16,1.3774365754894011,0.8128248840538909,1.5081121991994817,3.370068922414879,True,1.2025551252486628,1.4461388292618274,6,0.1842525741427674,Permuted-K16,V1_03_difficult:1403715921084058112:1403715921284058112,0.03817,formal_public_module_evidence,0.0218898567835365,0.0943155190400215,0.10486073091389532,0.24874899768461378,0.9307875934700256,0,0,V1_03_difficult,9,OK,True,690,1403715921084058112,2.1225245738607352e-08,1403715921284058112,154,True,182
0.48646826333269616,0.005951,0.033333333333333326,0.9166666666666666,232,1.0143813318039017,6.0,,48,1.375150839563968,1.0071649973087338,1.506004130470011,3.4787174447593876,True,1.2845051955165558,1.6499535973090254,6,0.0014121895360278414,Raw,V1_03_difficult:1403715921084058112:1403715921284058112,0.038513,formal_public_module_evidence,0.014178705878366782,0.043499824784520365,0.05936497984968956,0.35434276553756294,1.1419071834375398,6,0,V1_03_difficult,4,OK,True,690,1403715921084058112,5.215012020142752e-09,1403715921284058112,154,True,182
0.4219297421951249,0.001969,0.033333333333333326,0.9166666666666666,232,1.0820067539241618,6.0,,48,1.375150839563968,1.0071649973087338,1.506004130470011,3.441595873583914,True,1.2845051955165558,1.6499535973090254,6,0.0014121895360278414,Global-DoF,V1_03_difficult:1403715921084058112:1403715921284058112,0.038513,formal_public_module_evidence,0.014178705878366782,0.043499824784520365,0.05936497984968956,0.35434276553756294,1.1419071834375398,6,0,V1_03_difficult,4,OK,True,690,1403715921084058112,5.215012020142752e-09,1403715921284058112,154,True,182
0.41710533209281464,1.288505,0.033333333333333326,0.9166666666666666,232,1.087239410329634,6.0,,48,1.375150839563968,1.0071649973087338,1.506004130470011,3.4390812515259364,True,1.2845051955165558,1.6499535973090254,6,0.0014121895360278414,DPR-Exact-Block,V1_03_difficult:1403715921084058112:1403715921284058112,0.038513,formal_public_module_evidence,0.014178705878366782,0.043499824784520365,0.05936497984968956,0.35434276553756294,1.1419071834375398,6,0,V1_03_difficult,4,OK,True,690,1403715921084058112,5.215012020142752e-09,1403715921284058112,154,True,182
0.4185185197082473,0.317942,0.033333333333333326,0.9166666666666666,232,1.0857040222112093,6.0,,48,1.375150839563968,1.0071649973087338,1.506004130470011,3.439814180308144,True,1.2845051955165558,1.6499535973090254,6,0.0014121895360278414,DUC-K16,V1_03_difficult:1403715921084058112:1403715921284058112,0.038513,formal_public_module_evidence,0.014178705878366782,0.043499824784520365,0.05936497984968956,0.35434276553756294,1.1419071834375398,6,0,V1_03_difficult,4,OK,True,690,1403715921084058112,5.215012020142752e-09,1403715921284058112,154,True,182
0.4102539056369101,0.105518,0.033333333333333326,0.9166666666666666,232,1.0947141281894606,6.0,,48,1.375150839563968,1.0071649973087338,1.506004130470011,3.4355707486636753,True,1.2845051955165558,1.6499535973090254,6,0.0014121895360278414,Permuted-K16,V1_03_difficult:1403715921084058112:1403715921284058112,0.038513,formal_public_module_evidence,0.014178705878366782,0.043499824784520365,0.05936497984968956,0.35434276553756294,1.1419071834375398,6,0,V1_03_difficult,4,OK,True,690,1403715921084058112,5.215012020142752e-09,1403715921284058112,154,True,182
,,,,127,,,INSUFFICIENT_TRACKS,16,,,,,,,,,,Raw,V1_03_difficult:1403715921584058112:1403715921784058112,,formal_public_module_evidence,,,,,,,,V1_03_difficult,,,,700,1403715921584058112,,1403715921784058112,42,False,119
,,,,127,,,INSUFFICIENT_TRACKS,16,,,,,,,,,,Global-DoF,V1_03_difficult:1403715921584058112:1403715921784058112,,formal_public_module_evidence,,,,,,,,V1_03_difficult,,,,700,1403715921584058112,,1403715921784058112,42,False,119
,,,,127,,,INSUFFICIENT_TRACKS,16,,,,,,,,,,DPR-Exact-Block,V1_03_difficult:1403715921584058112:1403715921784058112,,formal_public_module_evidence,,,,,,,,V1_03_difficult,,,,700,1403715921584058112,,1403715921784058112,42,False,119
,,,,127,,,INSUFFICIENT_TRACKS,16,,,,,,,,,,DUC-K16,V1_03_difficult:1403715921584058112:1403715921784058112,,formal_public_module_evidence,,,,,,,,V1_03_difficult,,,,700,1403715921584058112,,1403715921784058112,42,False,119
,,,,127,,,INSUFFICIENT_TRACKS,16,,,,,,,,,,Permuted-K16,V1_03_difficult:1403715921584058112:1403715921784058112,,formal_public_module_evidence,,,,,,,,V1_03_difficult,,,,700,1403715921584058112,,1403715921784058112,42,False,119
,,,,127,,,INSUFFICIENT_TRACKS,48,,,,,,,,,,Raw,V1_03_difficult:1403715921584058112:1403715921784058112,,formal_public_module_evidence,,,,,,,,V1_03_difficult,,,,700,1403715921584058112,,1403715921784058112,42,False,119
,,,,127,,,INSUFFICIENT_TRACKS,48,,,,,,,,,,Global-DoF,V1_03_difficult:1403715921584058112:1403715921784058112,,formal_public_module_evidence,,,,,,,,V1_03_difficult,,,,700,1403715921584058112,,1403715921784058112,42,False,119
,,,,127,,,INSUFFICIENT_TRACKS,48,,,,,,,,,,DPR-Exact-Block,V1_03_difficult:1403715921584058112:1403715921784058112,,formal_public_module_evidence,,,,,,,,V1_03_difficult,,,,700,1403715921584058112,,1403715921784058112,42,False,119
,,,,127,,,INSUFFICIENT_TRACKS,48,,,,,,,,,,DUC-K16,V1_03_difficult:1403715921584058112:1403715921784058112,,formal_public_module_evidence,,,,,,,,V1_03_difficult,,,,700,1403715921584058112,,1403715921784058112,42,False,119
,,,,127,,,INSUFFICIENT_TRACKS,48,,,,,,,,,,Permuted-K16,V1_03_difficult:1403715921584058112:1403715921784058112,,formal_public_module_evidence,,,,,,,,V1_03_difficult,,,,700,1403715921584058112,,1403715921784058112,42,False,119
,,,,98,,,INSUFFICIENT_TRACKS,16,,,,,,,,,,Raw,V1_03_difficult:1403715922084058112:1403715922284058112,,formal_public_module_evidence,,,,,,,,V1_03_difficult,,,,710,1403715922084058112,,1403715922284058112,39,False,69
,,,,98,,,INSUFFICIENT_TRACKS,16,,,,,,,,,,Global-DoF,V1_03_difficult:1403715922084058112:1403715922284058112,,formal_public_module_evidence,,,,,,,,V1_03_difficult,,,,710,1403715922084058112,,1403715922284058112,39,False,69
,,,,98,,,INSUFFICIENT_TRACKS,16,,,,,,,,,,DPR-Exact-Block,V1_03_difficult:1403715922084058112:1403715922284058112,,formal_public_module_evidence,,,,,,,,V1_03_difficult,,,,710,1403715922084058112,,1403715922284058112,39,False,69
,,,,98,,,INSUFFICIENT_TRACKS,16,,,,,,,,,,DUC-K16,V1_03_difficult:1403715922084058112:1403715922284058112,,formal_public_module_evidence,,,,,,,,V1_03_difficult,,,,710,1403715922084058112,,1403715922284058112,39,False,69
,,,,98,,,INSUFFICIENT_TRACKS,16,,,,,,,,,,Permuted-K16,V1_03_difficult:1403715922084058112:1403715922284058112,,formal_public_module_evidence,,,,,,,,V1_03_difficult,,,,710,1403715922084058112,,1403715922284058112,39,False,69
,,,,98,,,INSUFFICIENT_TRACKS,48,,,,,,,,,,Raw,V1_03_difficult:1403715922084058112:1403715922284058112,,formal_public_module_evidence,,,,,,,,V1_03_difficult,,,,710,1403715922084058112,,1403715922284058112,39,False,69
,,,,98,,,INSUFFICIENT_TRACKS,48,,,,,,,,,,Global-DoF,V1_03_difficult:1403715922084058112:1403715922284058112,,formal_public_module_evidence,,,,,,,,V1_03_difficult,,,,710,1403715922084058112,,1403715922284058112,39,False,69
,,,,98,,,INSUFFICIENT_TRACKS,48,,,,,,,,,,DPR-Exact-Block,V1_03_difficult:1403715922084058112:1403715922284058112,,formal_public_module_evidence,,,,,,,,V1_03_difficult,,,,710,1403715922084058112,,1403715922284058112,39,False,69
,,,,98,,,INSUFFICIENT_TRACKS,48,,,,,,,,,,DUC-K16,V1_03_difficult:1403715922084058112:1403715922284058112,,formal_public_module_evidence,,,,,,,,V1_03_difficult,,,,710,1403715922084058112,,1403715922284058112,39,False,69
,,,,98,,,INSUFFICIENT_TRACKS,48,,,,,,,,,,Permuted-K16,V1_03_difficult:1403715922084058112:1403715922284058112,,formal_public_module_evidence,,,,,,,,V1_03_difficult,,,,710,1403715922084058112,,1403715922284058112,39,False,69
,,,,128,,,INSUFFICIENT_TRACKS,16,,,,,,,,,,Raw,V1_03_difficult:1403715922584058112:1403715922784058112,,formal_public_module_evidence,,,,,,,,V1_03_difficult,,,,720,1403715922584058112,,1403715922784058112,61,False,86
,,,,128,,,INSUFFICIENT_TRACKS,16,,,,,,,,,,Global-DoF,V1_03_difficult:1403715922584058112:1403715922784058112,,formal_public_module_evidence,,,,,,,,V1_03_difficult,,,,720,1403715922584058112,,1403715922784058112,61,False,86
,,,,128,,,INSUFFICIENT_TRACKS,16,,,,,,,,,,DPR-Exact-Block,V1_03_difficult:1403715922584058112:1403715922784058112,,formal_public_module_evidence,,,,,,,,V1_03_difficult,,,,720,1403715922584058112,,1403715922784058112,61,False,86
,,,,128,,,INSUFFICIENT_TRACKS,16,,,,,,,,,,DUC-K16,V1_03_difficult:1403715922584058112:1403715922784058112,,formal_public_module_evidence,,,,,,,,V1_03_difficult,,,,720,1403715922584058112,,1403715922784058112,61,False,86
,,,,128,,,INSUFFICIENT_TRACKS,16,,,,,,,,,,Permuted-K16,V1_03_difficult:1403715922584058112:1403715922784058112,,formal_public_module_evidence,,,,,,,,V1_03_difficult,,,,720,1403715922584058112,,1403715922784058112,61,False,86
,,,,128,,,INSUFFICIENT_TRACKS,48,,,,,,,,,,Raw,V1_03_difficult:1403715922584058112:1403715922784058112,,formal_public_module_evidence,,,,,,,,V1_03_difficult,,,,720,1403715922584058112,,1403715922784058112,61,False,86
,,,,128,,,INSUFFICIENT_TRACKS,48,,,,,,,,,,Global-DoF,V1_03_difficult:1403715922584058112:1403715922784058112,,formal_public_module_evidence,,,,,,,,V1_03_difficult,,,,720,1403715922584058112,,1403715922784058112,61,False,86
,,,,128,,,INSUFFICIENT_TRACKS,48,,,,,,,,,,DPR-Exact-Block,V1_03_difficult:1403715922584058112:1403715922784058112,,formal_public_module_evidence,,,,,,,,V1_03_difficult,,,,720,1403715922584058112,,1403715922784058112,61,False,86
,,,,128,,,INSUFFICIENT_TRACKS,48,,,,,,,,,,DUC-K16,V1_03_difficult:1403715922584058112:1403715922784058112,,formal_public_module_evidence,,,,,,,,V1_03_difficult,,,,720,1403715922584058112,,1403715922784058112,61,False,86
,,,,128,,,INSUFFICIENT_TRACKS,48,,,,,,,,,,Permuted-K16,V1_03_difficult:1403715922584058112:1403715922784058112,,formal_public_module_evidence,,,,,,,,V1_03_difficult,,,,720,1403715922584058112,,1403715922784058112,61,False,86
1.9055557852291773,0.007158,0.15833333333333333,0.7916666666666666,172,0.194354420100828,6.0,,16,1.2558706413663723,0.44085646201550455,1.1601061455102304,6.922948400599207,True,1.143097808782951,1.3066726004443843,6,0.005553304403065784,Raw,V1_03_difficult:1403715923084058112:1403715923284058112,0.045925,formal_public_module_evidence,0.04378555446230642,0.12195146128883244,0.146578951069726,0.46549955722807224,0.8727439619581691,0,0,V1_03_difficult,7,OK,True,730,1403715923084058112,1.962500961001474e-08,1403715923284058112,109,True,126
1.6979164204509327,0.002114,0.11666666666666659,0.8333333333333334,172,0.23920544012409606,6.0,,16,1.2558706413663723,0.44085646201550455,1.1601061455102304,5.869998412913951,True,1.143097808782951,1.3066726004443843,6,0.005553304403065784,Global-DoF,V1_03_difficult:1403715923084058112:1403715923284058112,0.045925,formal_public_module_evidence,0.04378555446230642,0.12195146128883244,0.146578951069726,0.46549955722807224,0.8727439619581691,0,0,V1_03_difficult,7,OK,True,730,1403715923084058112,1.962500961001474e-08,1403715923284058112,109,True,126
1.7763021654734643,0.452876,0.11666666666666659,0.8333333333333334,172,0.2211711906074086,6.0,,16,1.2558706413663723,0.44085646201550455,1.1601061455102304,6.237028090448088,True,1.143097808782951,1.3066726004443843,6,0.005553304403065784,DPR-Exact-Block,V1_03_difficult:1403715923084058112:1403715923284058112,0.045925,formal_public_module_evidence,0.04378555446230642,0.12195146128883244,0.146578951069726,0.46549955722807224,0.8727439619581691,0,0,V1_03_difficult,7,OK,True,730,1403715923084058112,1.962500961001474e-08,1403715923284058112,109,True,126
1.7707642238155379,0.181091,0.11666666666666659,0.8333333333333334,172,0.22239942155404005,6.0,,16,1.2558706413663723,0.44085646201550455,1.1601061455102304,6.209938471050734,True,1.143097808782951,1.3066726004443843,6,0.005553304403065784,DUC-K16,V1_03_difficult:1403715923084058112:1403715923284058112,0.045925,formal_public_module_evidence,0.04378555446230642,0.12195146128883244,0.146578951069726,0.46549955722807224,0.8727439619581691,0,0,V1_03_difficult,7,OK,True,730,1403715923084058112,1.962500961001474e-08,1403715923284058112,109,True,126
1.6658237554927244,0.069592,0.11666666666666659,0.8333333333333334,172,0.24700669209667972,6.0,,16,1.2558706413663723,0.44085646201550455,1.1601061455102304,5.729566363180392,True,1.143097808782951,1.3066726004443843,6,0.005553304403065784,Permuted-K16,V1_03_difficult:1403715923084058112:1403715923284058112,0.045925,formal_public_module_evidence,0.04378555446230642,0.12195146128883244,0.146578951069726,0.46549955722807224,0.8727439619581691,0,0,V1_03_difficult,7,OK,True,730,1403715923084058112,1.962500961001474e-08,1403715923284058112,109,True,126
0.4413527822758811,0.006177,0.050000000000000044,1.0,172,5.399736012172434,6.0,,48,0.47409172052288195,2.3237332058935753,1.1679283799320201,4.167392901211614,True,1.8635786447046967,3.4729253649993943,6,0.5578112940167428,Raw,V1_03_difficult:1403715923084058112:1403715923284058112,0.039369,formal_public_module_evidence,0.013388354765503652,0.05041927690611204,0.0660901503054993,0.6815775537766517,1.6038222851695427,9,0,V1_03_difficult,5,OK,True,730,1403715923084058112,2.8312178811540013e-08,1403715923284058112,109,True,126
0.5058913034134522,0.002029,0.050000000000000044,1.0,172,5.759718412983929,6.0,,48,0.47409172052288195,2.3237332058935753,1.1679283799320201,4.191733561782826,True,1.8635786447046967,3.4729253649993943,6,0.5578112940167428,Global-DoF,V1_03_difficult:1403715923084058112:1403715923284058112,0.039369,formal_public_module_evidence,0.013388354765503652,0.05041927690611204,0.0660901503054993,0.6815775537766517,1.6038222851695427,9,0,V1_03_difficult,5,OK,True,730,1403715923084058112,2.8312178811540013e-08,1403715923284058112,109,True,126
0.9162053585022126,1.251391,0.050000000000000044,1.0,172,8.68157220576631,6.0,,48,0.47409172052288195,2.3237332058935753,1.1679283799320201,4.399113859182722,True,1.8635786447046967,3.4729253649993943,6,0.5578112940167428,DPR-Exact-Block,V1_03_difficult:1403715923084058112:1403715923284058112,0.039369,formal_public_module_evidence,0.013388354765503652,0.05041927690611204,0.0660901503054993,0.6815775537766517,1.6038222851695427,9,0,V1_03_difficult,5,OK,True,730,1403715923084058112,2.8312178811540013e-08,1403715923284058112,109,True,126
1.359487177958294,0.319849,0.050000000000000044,1.0,172,13.524251231964604,6.0,,48,0.47409172052288195,2.3237332058935753,1.1679283799320201,4.699153959844405,True,1.8635786447046967,3.4729253649993943,6,0.5578112940167428,DUC-K16,V1_03_difficult:1403715923084058112:1403715923284058112,0.039369,formal_public_module_evidence,0.013388354765503652,0.05041927690611204,0.0660901503054993,0.6815775537766517,1.6038222851695427,9,0,V1_03_difficult,5,OK,True,730,1403715923084058112,2.8312178811540013e-08,1403715923284058112,109,True,126
0.6073523128920637,0.105143,0.050000000000000044,1.0,172,6.374780100157962,6.0,,48,0.47409172052288195,2.3237332058935753,1.1679283799320201,4.235018061125536,True,1.8635786447046967,3.4729253649993943,6,0.5578112940167428,Permuted-K16,V1_03_difficult:1403715923084058112:1403715923284058112,0.039369,formal_public_module_evidence,0.013388354765503652,0.05041927690611204,0.0660901503054993,0.6815775537766517,1.6038222851695427,9,0,V1_03_difficult,5,OK,True,730,1403715923084058112,2.8312178811540013e-08,1403715923284058112,109,True,126
0.09445722978259724,0.006123,0.008333333333333415,0.9583333333333334,179,1.3896015417353662,6.0,,16,0.5075022726279406,1.178813616198662,1.2745048591497987,3.0767607608231184,True,1.1244341235517636,1.264352098207623,6,0.02081360588976766,Raw,V1_03_difficult:1403715923584058112:1403715923784058112,0.040368,formal_public_module_evidence,0.021040079767484565,0.05762699081226466,0.08266033303200629,0.27644496169413774,0.9378314419883844,1,0,V1_03_difficult,4,OK,True,740,1403715923584058112,7.750308809535206e-09,1403715923784058112,110,True,125
0.3020965945608417,0.002019,0.050000000000000044,1.0,179,1.7102788205973738,6.0,,16,0.5075022726279406,1.178813616198662,1.2745048591497987,3.1138001289160706,True,1.1244341235517636,1.264352098207623,6,0.02081360588976766,Global-DoF,V1_03_difficult:1403715923584058112:1403715923784058112,0.040368,formal_public_module_evidence,0.021040079767484565,0.05762699081226466,0.08266033303200629,0.27644496169413774,0.9378314419883844,1,0,V1_03_difficult,4,OK,True,740,1403715923584058112,7.750308809535206e-09,1403715923784058112,110,True,125
0.38980295318201613,0.453845,0.050000000000000044,1.0,179,1.8670558320982789,6.0,,16,0.5075022726279406,1.178813616198662,1.2745048591497987,3.1394301347802536,True,1.1244341235517636,1.264352098207623,6,0.02081360588976766,DPR-Exact-Block,V1_03_difficult:1403715923584058112:1403715923784058112,0.040368,formal_public_module_evidence,0.021040079767484565,0.05762699081226466,0.08266033303200629,0.27644496169413774,0.9378314419883844,1,0,V1_03_difficult,4,OK,True,740,1403715923584058112,7.750308809535206e-09,1403715923784058112,110,True,125
0.3687696909576396,0.178628,0.050000000000000044,1.0,179,1.828195667834793,6.0,,16,0.5075022726279406,1.178813616198662,1.2745048591497987,3.1327912433231817,True,1.1244341235517636,1.264352098207623,6,0.02081360588976766,DUC-K16,V1_03_difficult:1403715923584058112:1403715923784058112,0.040368,formal_public_module_evidence,0.021040079767484565,0.05762699081226466,0.08266033303200629,0.27644496169413774,0.9378314419883844,1,0,V1_03_difficult,4,OK,True,740,1403715923584058112,7.750308809535206e-09,1403715923784058112,110,True,125
0.8991016728835518,0.070661,0.050000000000000044,1.0,179,3.107011987188281,6.0,,16,0.5075022726279406,1.178813616198662,1.2745048591497987,3.3784736113248073,True,1.1244341235517636,1.264352098207623,6,0.02081360588976766,Permuted-K16,V1_03_difficult:1403715923584058112:1403715923784058112,0.040368,formal_public_module_evidence,0.021040079767484565,0.05762699081226466,0.08266033303200629,0.27644496169413774,0.9378314419883844,1,0,V1_03_difficult,4,OK,True,740,1403715923584058112,7.750308809535206e-09,1403715923784058112,110,True,125
0.4367646871236148,0.006458,0.008333333333333415,0.9583333333333334,179,1.179258946548326,6.000000000000002,,48,0.5075099820278061,1.085936898050861,1.2739943503621316,2.648886750897464,True,0.8728956779136249,0.7619468645202868,6,0.05621052543479965,Raw,V1_03_difficult:1403715923584058112:1403715923784058112,0.038576,formal_public_module_evidence,0.011282393723465955,0.049806826436695366,0.05733328305491153,0.5594732382415428,1.2356870682067225,7,0,V1_03_difficult,4,OK,True,740,1403715923584058112,2.263851465002077e-08,1403715923784058112,110,True,125
0.5013032082611859,0.002058,0.008333333333333415,0.9583333333333334,179,1.2578762096515477,6.000000000000002,,48,0.5075099820278061,1.085936898050861,1.2739943503621316,2.673042556116782,True,0.8728956779136249,0.7619468645202868,6,0.05621052543479965,Global-DoF,V1_03_difficult:1403715923584058112:1403715923784058112,0.038576,formal_public_module_evidence,0.011282393723465955,0.049806826436695366,0.05733328305491153,0.5594732382415428,1.2356870682067225,7,0,V1_03_difficult,4,OK,True,740,1403715923584058112,2.263851465002077e-08,1403715923784058112,110,True,125
0.661140926573327,1.285321,0.008333333333333415,0.9583333333333334,179,1.4758918767280989,6.000000000000002,,48,0.5075099820278061,1.085936898050861,1.2739943503621316,2.743401516993133,True,0.8728956779136249,0.7619468645202868,6,0.05621052543479965,DPR-Exact-Block,V1_03_difficult:1403715923584058112:1403715923784058112,0.038576,formal_public_module_evidence,0.011282393723465955,0.049806826436695366,0.05733328305491153,0.5594732382415428,1.2356870682067225,7,0,V1_03_difficult,4,OK,True,740,1403715923584058112,2.263851465002077e-08,1403715923784058112,110,True,125
0.6032887746335397,0.316327,0.008333333333333415,0.9583333333333334,179,1.3929312188522598,6.000000000000002,,48,0.5075099820278061,1.085936898050861,1.2739943503621316,2.7162970667549224,True,0.8728956779136249,0.7619468645202868,6,0.05621052543479965,DUC-K16,V1_03_difficult:1403715923584058112:1403715923784058112,0.038576,formal_public_module_evidence,0.011282393723465955,0.049806826436695366,0.05733328305491153,0.5594732382415428,1.2356870682067225,7,0,V1_03_difficult,4,OK,True,740,1403715923584058112,2.263851465002077e-08,1403715923784058112,110,True,125
0.575102302299352,0.104546,0.008333333333333415,0.9583333333333334,179,1.3542175653099742,6.000000000000002,,48,0.5075099820278061,1.085936898050861,1.2739943503621316,2.7037482171306593,True,0.8728956779136249,0.7619468645202868,6,0.05621052543479965,Permuted-K16,V1_03_difficult:1403715923584058112:1403715923784058112,0.038576,formal_public_module_evidence,0.011282393723465955,0.049806826436695366,0.05733328305491153,0.5594732382415428,1.2356870682067225,7,0,V1_03_difficult,4,OK,True,740,1403715923584058112,2.263851465002077e-08,1403715923784058112,110,True,125
0.822491013139353,0.006001,0.15833333333333333,0.7916666666666666,160,21.38605156820098,6.000000000000002,,16,1.4618730381107437,4.62450554851013,1.4140016105411521,7.176778712752895,True,6.97697166249489,48.6781335792567,6,0.0008011552067566097,Raw,V1_03_difficult:1403715924084058112:1403715924284058112,0.03703,formal_public_module_evidence,0.02656728468327918,0.09154064179944565,0.1087875159184108,0.2383211597199777,0.8800898429984072,0,0,V1_03_difficult,5,OK,True,750,1403715924084058112,1.3506670290881747e-10,1403715924284058112,82,True,120
0.6148516483611085,0.002103,0.15833333333333333,0.7916666666666666,160,26.32129423778582,6.000000000000002,,16,1.4618730381107437,4.62450554851013,1.4140016105411521,6.95763756514886,True,6.97697166249489,48.6781335792567,6,0.0008011552067566097,Global-DoF,V1_03_difficult:1403715924084058112:1403715924284058112,0.03703,formal_public_module_evidence,0.02656728468327918,0.09154064179944565,0.1087875159184108,0.2383211597199777,0.8800898429984072,0,0,V1_03_difficult,5,OK,True,750,1403715924084058112,1.3506670290881747e-10,1403715924284058112,82,True,120
0.6286172727977382,0.448302,0.15833333333333333,0.7916666666666666,160,25.9614476256138,6.000000000000002,,16,1.4618730381107437,4.62450554851013,1.4140016105411521,6.969505870537387,True,6.97697166249489,48.6781335792567,6,0.0008011552067566097,DPR-Exact-Block,V1_03_difficult:1403715924084058112:1403715924284058112,0.03703,formal_public_module_evidence,0.02656728468327918,0.09154064179944565,0.1087875159184108,0.2383211597199777,0.8800898429984072,0,0,V1_03_difficult,5,OK,True,750,1403715924084058112,1.3506670290881747e-10,1403715924284058112,82,True,120
0.6278164383445101,0.177722,0.15833333333333333,0.7916666666666666,160,25.982246774554,6.000000000000002,,16,1.4618730381107437,4.62450554851013,1.4140016105411521,6.968805728554258,True,6.97697166249489,48.6781335792567,6,0.0008011552067566097,DUC-K16,V1_03_difficult:1403715924084058112:1403715924284058112,0.03703,formal_public_module_evidence,0.02656728468327918,0.09154064179944565,0.1087875159184108,0.2383211597199777,0.8800898429984072,0,0,V1_03_difficult,5,OK,True,750,1403715924084058112,1.3506670290881747e-10,1403715924284058112,82,True,120
0.6682255475474,0.070352,0.15833333333333333,0.7916666666666666,160,24.95325761060801,6.000000000000002,,16,1.4618730381107437,4.62450554851013,1.4140016105411521,7.00565413988522,True,6.97697166249489,48.6781335792567,6,0.0008011552067566097,Permuted-K16,V1_03_difficult:1403715924084058112:1403715924284058112,0.03703,formal_public_module_evidence,0.02656728468327918,0.09154064179944565,0.1087875159184108,0.2383211597199777,0.8800898429984072,0,0,V1_03_difficult,5,OK,True,750,1403715924084058112,1.3506670290881747e-10,1403715924284058112,82,True,120
0.6555342690234561,0.006359,0.008333333333333415,0.9583333333333334,160,19.471834579187764,6.000000000000001,,48,1.2781164767179234,4.412690174846605,1.355859654925722,5.326010722207429,True,3.179479124136047,10.109087500816925,6,0.007709256169540435,Raw,V1_03_difficult:1403715924084058112:1403715924284058112,0.038099,formal_public_module_evidence,0.015911728194752284,0.04714295376584973,0.07366089678570638,0.6155031705327179,1.5837180664047026,6,0,V1_03_difficult,5,OK,True,750,1403715924084058112,1.469680035196501e-10,1403715924284058112,82,True,120
0.7200727901610272,0.002218,0.008333333333333415,0.9583333333333334,160,20.769956884466946,6.000000000000001,,48,1.2781164767179234,4.412690174846605,1.355859654925722,5.358101454913377,True,3.179479124136047,10.109087500816925,6,0.007709256169540435,Global-DoF,V1_03_difficult:1403715924084058112:1403715924284058112,0.038099,formal_public_module_evidence,0.015911728194752284,0.04714295376584973,0.07366089678570638,0.6155031705327179,1.5837180664047026,6,0,V1_03_difficult,5,OK,True,750,1403715924084058112,1.469680035196501e-10,1403715924284058112,82,True,120
0.7068374211904445,1.285324,0.008333333333333415,0.9583333333333334,160,20.496870030720412,6.000000000000001,,48,1.2781164767179234,4.412690174846605,1.355859654925722,5.351350781733331,True,3.179479124136047,10.109087500816925,6,0.007709256169540435,DPR-Exact-Block,V1_03_difficult:1403715924084058112:1403715924284058112,0.038099,formal_public_module_evidence,0.015911728194752284,0.04714295376584973,0.07366089678570638,0.6155031705327179,1.5837180664047026,6,0,V1_03_difficult,5,OK,True,750,1403715924084058112,1.469680035196501e-10,1403715924284058112,82,True,120
0.6990982950898944,0.313123,0.008333333333333415,0.9583333333333334,160,20.338854408979813,6.000000000000001,,48,1.2781164767179234,4.412690174846605,1.355859654925722,5.347443412506446,True,3.179479124136047,10.109087500816925,6,0.007709256169540435,DUC-K16,V1_03_difficult:1403715924084058112:1403715924284058112,0.038099,formal_public_module_evidence,0.015911728194752284,0.04714295376584973,0.07366089678570638,0.6155031705327179,1.5837180664047026,6,0,V1_03_difficult,5,OK,True,750,1403715924084058112,1.469680035196501e-10,1403715924284058112,82,True,120
0.7293641125785686,0.106693,0.008333333333333415,0.9583333333333334,160,20.963836554964153,6.000000000000001,,48,1.2781164767179234,4.412690174846605,1.355859654925722,5.362891478263123,True,3.179479124136047,10.109087500816925,6,0.007709256169540435,Permuted-K16,V1_03_difficult:1403715924084058112:1403715924284058112,0.038099,formal_public_module_evidence,0.015911728194752284,0.04714295376584973,0.07366089678570638,0.6155031705327179,1.5837180664047026,6,0,V1_03_difficult,5,OK,True,750,1403715924084058112,1.469680035196501e-10,1403715924284058112,82,True,120
,,,,185,,,INSUFFICIENT_TRACKS,16,,,,,,,,,,Raw,V1_03_difficult:1403715924584058112:1403715924784058112,,formal_public_module_evidence,,,,,,,,V1_03_difficult,,,,760,1403715924584058112,,1403715924784058112,47,False,128
,,,,185,,,INSUFFICIENT_TRACKS,16,,,,,,,,,,Global-DoF,V1_03_difficult:1403715924584058112:1403715924784058112,,formal_public_module_evidence,,,,,,,,V1_03_difficult,,,,760,1403715924584058112,,1403715924784058112,47,False,128
,,,,185,,,INSUFFICIENT_TRACKS,16,,,,,,,,,,DPR-Exact-Block,V1_03_difficult:1403715924584058112:1403715924784058112,,formal_public_module_evidence,,,,,,,,V1_03_difficult,,,,760,1403715924584058112,,1403715924784058112,47,False,128
,,,,185,,,INSUFFICIENT_TRACKS,16,,,,,,,,,,DUC-K16,V1_03_difficult:1403715924584058112:1403715924784058112,,formal_public_module_evidence,,,,,,,,V1_03_difficult,,,,760,1403715924584058112,,1403715924784058112,47,False,128
,,,,185,,,INSUFFICIENT_TRACKS,16,,,,,,,,,,Permuted-K16,V1_03_difficult:1403715924584058112:1403715924784058112,,formal_public_module_evidence,,,,,,,,V1_03_difficult,,,,760,1403715924584058112,,1403715924784058112,47,False,128
,,,,185,,,INSUFFICIENT_TRACKS,48,,,,,,,,,,Raw,V1_03_difficult:1403715924584058112:1403715924784058112,,formal_public_module_evidence,,,,,,,,V1_03_difficult,,,,760,1403715924584058112,,1403715924784058112,47,False,128
,,,,185,,,INSUFFICIENT_TRACKS,48,,,,,,,,,,Global-DoF,V1_03_difficult:1403715924584058112:1403715924784058112,,formal_public_module_evidence,,,,,,,,V1_03_difficult,,,,760,1403715924584058112,,1403715924784058112,47,False,128
,,,,185,,,INSUFFICIENT_TRACKS,48,,,,,,,,,,DPR-Exact-Block,V1_03_difficult:1403715924584058112:1403715924784058112,,formal_public_module_evidence,,,,,,,,V1_03_difficult,,,,760,1403715924584058112,,1403715924784058112,47,False,128
,,,,185,,,INSUFFICIENT_TRACKS,48,,,,,,,,,,DUC-K16,V1_03_difficult:1403715924584058112:1403715924784058112,,formal_public_module_evidence,,,,,,,,V1_03_difficult,,,,760,1403715924584058112,,1403715924784058112,47,False,128
,,,,185,,,INSUFFICIENT_TRACKS,48,,,,,,,,,,Permuted-K16,V1_03_difficult:1403715924584058112:1403715924784058112,,formal_public_module_evidence,,,,,,,,V1_03_difficult,,,,760,1403715924584058112,,1403715924784058112,47,False,128
1.441254824612918,0.006131,0.11666666666666659,0.8333333333333334,276,3.36638267073824,6.0,,16,1.5246550895876632,1.8347704681344312,1.4396480594510472,7.277711217107531,True,3.7717791020518545,14.226317594675095,6,0.026031565359098563,Raw,V1_03_difficult:1403715925084058112:1403715925284058112,0.038996,formal_public_module_evidence,0.029016525940467885,0.07029450457669442,0.10336185872748688,0.29530970449775845,0.585759382174648,0,0,V1_03_difficult,4,OK,True,770,1403715925084058112,1.0399766061937364e-09,1403715925284058112,72,True,254
1.2336154598346736,0.002201,0.11666666666666659,0.8333333333333334,276,4.143240210139371,6.0,,16,1.5246550895876632,1.8347704681344312,1.4396480594510472,6.69297644920388,True,3.7717791020518545,14.226317594675095,6,0.026031565359098563,Global-DoF,V1_03_difficult:1403715925084058112:1403715925284058112,0.038996,formal_public_module_evidence,0.029016525940467885,0.07029450457669442,0.10336185872748688,0.29530970449775845,0.585759382174648,0,0,V1_03_difficult,4,OK,True,770,1403715925084058112,1.0399766061937364e-09,1403715925284058112,72,True,254
1.2461944532784086,0.496671,0.11666666666666659,0.8333333333333334,276,4.0914488432476706,6.0,,16,1.5246550895876632,1.8347704681344312,1.4396480594510472,6.7238617502692755,True,3.7717791020518545,14.226317594675095,6,0.026031565359098563,DPR-Exact-Block,V1_03_difficult:1403715925084058112:1403715925284058112,0.038996,formal_public_module_evidence,0.029016525940467885,0.07029450457669442,0.10336185872748688,0.29530970449775845,0.585759382174648,0,0,V1_03_difficult,4,OK,True,770,1403715925084058112,1.0399766061937364e-09,1403715925284058112,72,True,254
1.220495941545867,0.179326,0.11666666666666659,0.8333333333333334,276,4.19795566122408,6.0,,16,1.5246550895876632,1.8347704681344312,1.4396480594510472,6.66134272323508,True,3.7717791020518545,14.226317594675095,6,0.026031565359098563,DUC-K16,V1_03_difficult:1403715925084058112:1403715925284058112,0.038996,formal_public_module_evidence,0.029016525940467885,0.07029450457669442,0.10336185872748688,0.29530970449775845,0.585759382174648,0,0,V1_03_difficult,4,OK,True,770,1403715925084058112,1.0399766061937364e-09,1403715925284058112,72,True,254
1.247863997037896,0.070244,0.11666666666666659,0.8333333333333334,276,4.084623689396031,6.0,,16,1.5246550895876632,1.8347704681344312,1.4396480594510472,6.728002201638841,True,3.7717791020518545,14.226317594675095,6,0.026031565359098563,Permuted-K16,V1_03_difficult:1403715925084058112:1403715925284058112,0.038996,formal_public_module_evidence,0.029016525940467885,0.07029450457669442,0.10336185872748688,0.29530970449775845,0.585759382174648,0,0,V1_03_difficult,4,OK,True,770,1403715925084058112,1.0399766061937364e-09,1403715925284058112,72,True,254
0.8220711349199986,0.006382,0.07499999999999996,0.875,276,5.993060992235155,6.000000000000001,,48,1.4393102062866805,2.4480729139948334,1.4404086041889452,5.9036865872429685,True,3.6926217857234005,13.635455652399076,6,0.008565621842703708,Raw,V1_03_difficult:1403715925084058112:1403715925284058112,0.03865,formal_public_module_evidence,0.011512837217364125,0.03880743793764008,0.05739037167808995,0.45771439594950836,1.0,5,0,V1_03_difficult,4,OK,True,770,1403715925084058112,2.6933564015380786e-10,1403715925284058112,72,True,254
0.7575326137824274,0.002143,0.07499999999999996,0.875,276,6.392598391717499,6.000000000000001,,48,1.4393102062866805,2.4480729139948334,1.4404086041889452,5.826024656995327,True,3.6926217857234005,13.635455652399076,6,0.008565621842703708,Global-DoF,V1_03_difficult:1403715925084058112:1403715925284058112,0.03865,formal_public_module_evidence,0.011512837217364125,0.03880743793764008,0.05739037167808995,0.45771439594950836,1.0,5,0,V1_03_difficult,4,OK,True,770,1403715925084058112,2.6933564015380786e-10,1403715925284058112,72,True,254
0.7729764522486271,1.285342,0.07499999999999996,0.875,276,6.294630581496151,6.000000000000001,,48,1.4393102062866805,2.4480729139948334,1.4404086041889452,5.843778319131424,True,3.6926217857234005,13.635455652399076,6,0.008565621842703708,DPR-Exact-Block,V1_03_difficult:1403715925084058112:1403715925284058112,0.03865,formal_public_module_evidence,0.011512837217364125,0.03880743793764008,0.05739037167808995,0.45771439594950836,1.0,5,0,V1_03_difficult,4,OK,True,770,1403715925084058112,2.6933564015380786e-10,1403715925284058112,72,True,254
0.7815789698713885,0.319328,0.07499999999999996,0.875,276,6.240713156295537,6.000000000000001,,48,1.4393102062866805,2.4480729139948334,1.4404086041889452,5.853890995404986,True,3.6926217857234005,13.635455652399076,6,0.008565621842703708,DUC-K16,V1_03_difficult:1403715925084058112:1403715925284058112,0.03865,formal_public_module_evidence,0.011512837217364125,0.03880743793764008,0.05739037167808995,0.45771439594950836,1.0,5,0,V1_03_difficult,4,OK,True,770,1403715925084058112,2.6933564015380786e-10,1403715925284058112,72,True,254
0.7657265961410441,0.105506,0.07499999999999996,0.875,276,6.340431572148556,6.000000000000001,,48,1.4393102062866805,2.4480729139948334,1.4404086041889452,5.835380296943069,True,3.6926217857234005,13.635455652399076,6,0.008565621842703708,Permuted-K16,V1_03_difficult:1403715925084058112:1403715925284058112,0.03865,formal_public_module_evidence,0.011512837217364125,0.03880743793764008,0.05739037167808995,0.45771439594950836,1.0,5,0,V1_03_difficult,4,OK,True,770,1403715925084058112,2.6933564015380786e-10,1403715925284058112,72,True,254
,,,,113,,,INSUFFICIENT_TRACKS,16,,,,,,,,,,Raw,V1_03_difficult:1403715925584058112:1403715925784058112,,formal_public_module_evidence,,,,,,,,V1_03_difficult,,,,780,1403715925584058112,,1403715925784058112,31,False,97
,,,,113,,,INSUFFICIENT_TRACKS,16,,,,,,,,,,Global-DoF,V1_03_difficult:1403715925584058112:1403715925784058112,,formal_public_module_evidence,,,,,,,,V1_03_difficult,,,,780,1403715925584058112,,1403715925784058112,31,False,97
,,,,113,,,INSUFFICIENT_TRACKS,16,,,,,,,,,,DPR-Exact-Block,V1_03_difficult:1403715925584058112:1403715925784058112,,formal_public_module_evidence,,,,,,,,V1_03_difficult,,,,780,1403715925584058112,,1403715925784058112,31,False,97
,,,,113,,,INSUFFICIENT_TRACKS,16,,,,,,,,,,DUC-K16,V1_03_difficult:1403715925584058112:1403715925784058112,,formal_public_module_evidence,,,,,,,,V1_03_difficult,,,,780,1403715925584058112,,1403715925784058112,31,False,97
,,,,113,,,INSUFFICIENT_TRACKS,16,,,,,,,,,,Permuted-K16,V1_03_difficult:1403715925584058112:1403715925784058112,,formal_public_module_evidence,,,,,,,,V1_03_difficult,,,,780,1403715925584058112,,1403715925784058112,31,False,97
,,,,113,,,INSUFFICIENT_TRACKS,48,,,,,,,,,,Raw,V1_03_difficult:1403715925584058112:1403715925784058112,,formal_public_module_evidence,,,,,,,,V1_03_difficult,,,,780,1403715925584058112,,1403715925784058112,31,False,97
,,,,113,,,INSUFFICIENT_TRACKS,48,,,,,,,,,,Global-DoF,V1_03_difficult:1403715925584058112:1403715925784058112,,formal_public_module_evidence,,,,,,,,V1_03_difficult,,,,780,1403715925584058112,,1403715925784058112,31,False,97
,,,,113,,,INSUFFICIENT_TRACKS,48,,,,,,,,,,DPR-Exact-Block,V1_03_difficult:1403715925584058112:1403715925784058112,,formal_public_module_evidence,,,,,,,,V1_03_difficult,,,,780,1403715925584058112,,1403715925784058112,31,False,97
,,,,113,,,INSUFFICIENT_TRACKS,48,,,,,,,,,,DUC-K16,V1_03_difficult:1403715925584058112:1403715925784058112,,formal_public_module_evidence,,,,,,,,V1_03_difficult,,,,780,1403715925584058112,,1403715925784058112,31,False,97
,,,,113,,,INSUFFICIENT_TRACKS,48,,,,,,,,,,Permuted-K16,V1_03_difficult:1403715925584058112:1403715925784058112,,formal_public_module_evidence,,,,,,,,V1_03_difficult,,,,780,1403715925584058112,,1403715925784058112,31,False,97
3.146325206885766,0.006228,0.11666666666666659,0.8333333333333334,190,0.5783646975759833,6.0,,16,3.8664823087361655,0.7605029241074509,1.6198194544839473,24.540793166792614,True,3.6670491089531705,13.447249167474242,6,0.014850131265984556,Raw,V1_03_difficult:1403715926084058112:1403715926284058112,0.038736,formal_public_module_evidence,0.02946332833959514,0.0902331136544735,0.11393611047935706,0.2518223218035397,0.6432309190331722,0,0,V1_03_difficult,6,OK,True,790,1403715926084058112,2.832746306977058e-09,1403715926284058112,79,True,114
2.938685842107521,0.002051,0.11666666666666659,0.8333333333333334,190,0.7118334739396718,6.0,,16,3.8664823087361655,0.7605029241074509,1.6198194544839473,20.388970016882762,True,3.6670491089531705,13.447249167474242,6,0.014850131265984556,Global-DoF,V1_03_difficult:1403715926084058112:1403715926284058112,0.038736,formal_public_module_evidence,0.02946332833959514,0.0902331136544735,0.11393611047935706,0.2518223218035397,0.6432309190331722,0,0,V1_03_difficult,6,OK,True,790,1403715926084058112,2.832746306977058e-09,1403715926284058112,79,True,114
2.941062622778427,0.454607,0.11666666666666659,0.8333333333333334,190,0.7101436109103157,6.0,,16,3.8664823087361655,0.7605029241074509,1.6198194544839473,20.43154641067652,True,3.6670491089531705,13.447249167474242,6,0.014850131265984556,DPR-Exact-Block,V1_03_difficult:1403715926084058112:1403715926284058112,0.038736,formal_public_module_evidence,0.02946332833959514,0.0902331136544735,0.11393611047935706,0.2518223218035397,0.6432309190331722,0,0,V1_03_difficult,6,OK,True,790,1403715926084058112,2.832746306977058e-09,1403715926284058112,79,True,114
2.956024121163264,0.178328,0.11666666666666659,0.8333333333333334,190,0.6995978850705973,6.0,,16,3.8664823087361655,0.7605029241074509,1.6198194544839473,20.702025191007277,True,3.6670491089531705,13.447249167474242,6,0.014850131265984556,DUC-K16,V1_03_difficult:1403715926084058112:1403715926284058112,0.038736,formal_public_module_evidence,0.02946332833959514,0.0902331136544735,0.11393611047935706,0.2518223218035397,0.6432309190331722,0,0,V1_03_difficult,6,OK,True,790,1403715926084058112,2.832746306977058e-09,1403715926284058112,79,True,114
2.9263312148991276,0.070134,0.11666666666666659,0.8333333333333334,190,0.7206824615597748,6.0,,16,3.8664823087361655,0.7605029241074509,1.6198194544839473,20.16936914151992,True,3.6670491089531705,13.447249167474242,6,0.014850131265984556,Permuted-K16,V1_03_difficult:1403715926084058112:1403715926284058112,0.038736,formal_public_module_evidence,0.02946332833959514,0.0902331136544735,0.11393611047935706,0.2518223218035397,0.6432309190331722,0,0,V1_03_difficult,6,OK,True,790,1403715926084058112,2.832746306977058e-09,1403715926284058112,79,True,114
0.2828141003975529,0.006134,0.008333333333333415,0.9583333333333334,190,0.9379060244560337,6.000000000000001,,48,1.60305179512715,0.9684554839826318,1.6306791510972682,2.5274314241771214,True,0.8407509391955806,0.7068621417582509,6,0.009697232666597722,Raw,V1_03_difficult:1403715926084058112:1403715926284058112,0.038289,formal_public_module_evidence,0.011726699858258971,0.03416575208439016,0.05806224358654841,0.636516872791727,1.1746129655720645,4,0,V1_03_difficult,4,OK,True,790,1403715926084058112,2.0786992887327326e-09,1403715926284058112,79,True,114
0.34735262153512386,0.001978,0.008333333333333415,0.9583333333333334,190,1.0004330927531024,6.000000000000001,,48,1.60305179512715,0.9684554839826318,1.6306791510972682,2.544866202820327,True,0.8407509391955806,0.7068621417582509,6,0.009697232666597722,Global-DoF,V1_03_difficult:1403715926084058112:1403715926284058112,0.038289,formal_public_module_evidence,0.011726699858258971,0.03416575208439016,0.05806224358654841,0.636516872791727,1.1746129655720645,4,0,V1_03_difficult,4,OK,True,790,1403715926084058112,2.0786992887327326e-09,1403715926284058112,79,True,114
0.351938271752444,1.283248,0.008333333333333415,0.9583333333333334,190,1.0050312637265644,6.000000000000001,,48,1.60305179512715,0.9684554839826318,1.6306791510972682,2.546219251187891,True,0.8407509391955806,0.7068621417582509,6,0.009697232666597722,DPR-Exact-Block,V1_03_difficult:1403715926084058112:1403715926284058112,0.038289,formal_public_module_evidence,0.011726699858258971,0.03416575208439016,0.05806224358654841,0.636516872791727,1.1746129655720645,4,0,V1_03_difficult,4,OK,True,790,1403715926084058112,2.0786992887327326e-09,1403715926284058112,79,True,114
0.3421937147331246,0.318846,0.008333333333333415,0.9583333333333334,190,0.9952852417250031,6.000000000000001,,48,1.60305179512715,0.9684554839826318,1.6306791510972682,2.543361771726317,True,0.8407509391955806,0.7068621417582509,6,0.009697232666597722,DUC-K16,V1_03_difficult:1403715926084058112:1403715926284058112,0.038289,formal_public_module_evidence,0.011726699858258971,0.03416575208439016,0.05806224358654841,0.636516872791727,1.1746129655720645,4,0,V1_03_difficult,4,OK,True,790,1403715926084058112,2.0786992887327326e-09,1403715926284058112,79,True,114
0.3811896503315626,0.106822,0.008333333333333415,0.9583333333333334,190,1.0348640110468201,6.000000000000001,,48,1.60305179512715,0.9684554839826318,1.6306791510972682,2.5551954311931446,True,0.8407509391955806,0.7068621417582509,6,0.009697232666597722,Permuted-K16,V1_03_difficult:1403715926084058112:1403715926284058112,0.038289,formal_public_module_evidence,0.011726699858258971,0.03416575208439016,0.05806224358654841,0.636516872791727,1.1746129655720645,4,0,V1_03_difficult,4,OK,True,790,1403715926084058112,2.0786992887327326e-09,1403715926284058112,79,True,114
,,,,174,,,INSUFFICIENT_TRACKS,16,,,,,,,,,,Raw,V1_03_difficult:1403715926584058112:1403715926784058112,,formal_public_module_evidence,,,,,,,,V1_03_difficult,,,,800,1403715926584058112,,1403715926784058112,4,False,165
,,,,174,,,INSUFFICIENT_TRACKS,16,,,,,,,,,,Global-DoF,V1_03_difficult:1403715926584058112:1403715926784058112,,formal_public_module_evidence,,,,,,,,V1_03_difficult,,,,800,1403715926584058112,,1403715926784058112,4,False,165
,,,,174,,,INSUFFICIENT_TRACKS,16,,,,,,,,,,DPR-Exact-Block,V1_03_difficult:1403715926584058112:1403715926784058112,,formal_public_module_evidence,,,,,,,,V1_03_difficult,,,,800,1403715926584058112,,1403715926784058112,4,False,165
,,,,174,,,INSUFFICIENT_TRACKS,16,,,,,,,,,,DUC-K16,V1_03_difficult:1403715926584058112:1403715926784058112,,formal_public_module_evidence,,,,,,,,V1_03_difficult,,,,800,1403715926584058112,,1403715926784058112,4,False,165
,,,,174,,,INSUFFICIENT_TRACKS,16,,,,,,,,,,Permuted-K16,V1_03_difficult:1403715926584058112:1403715926784058112,,formal_public_module_evidence,,,,,,,,V1_03_difficult,,,,800,1403715926584058112,,1403715926784058112,4,False,165
,,,,174,,,INSUFFICIENT_TRACKS,48,,,,,,,,,,Raw,V1_03_difficult:1403715926584058112:1403715926784058112,,formal_public_module_evidence,,,,,,,,V1_03_difficult,,,,800,1403715926584058112,,1403715926784058112,4,False,165
,,,,174,,,INSUFFICIENT_TRACKS,48,,,,,,,,,,Global-DoF,V1_03_difficult:1403715926584058112:1403715926784058112,,formal_public_module_evidence,,,,,,,,V1_03_difficult,,,,800,1403715926584058112,,1403715926784058112,4,False,165
,,,,174,,,INSUFFICIENT_TRACKS,48,,,,,,,,,,DPR-Exact-Block,V1_03_difficult:1403715926584058112:1403715926784058112,,formal_public_module_evidence,,,,,,,,V1_03_difficult,,,,800,1403715926584058112,,1403715926784058112,4,False,165
,,,,174,,,INSUFFICIENT_TRACKS,48,,,,,,,,,,DUC-K16,V1_03_difficult:1403715926584058112:1403715926784058112,,formal_public_module_evidence,,,,,,,,V1_03_difficult,,,,800,1403715926584058112,,1403715926784058112,4,False,165
,,,,174,,,INSUFFICIENT_TRACKS,48,,,,,,,,,,Permuted-K16,V1_03_difficult:1403715926584058112:1403715926784058112,,formal_public_module_evidence,,,,,,,,V1_03_difficult,,,,800,1403715926584058112,,1403715926784058112,4,False,165
1.184217158422084,0.006462,0.19999999999999996,0.75,604,0.3468743042428022,6.000000000000001,,16,1.8267818079080669,0.5889603588042256,1.6438887926791566,4.047211659917061,True,1.0647203463320667,1.1336294158934759,6,0.03510008372736684,Raw,V1_03_difficult:1403715927084058112:1403715927284058112,0.04053,formal_public_module_evidence,0.032019649571458975,0.06457094023829654,0.10733774294309709,0.38979985252579474,0.6405020746562242,0,0,V1_03_difficult,4,OK,True,810,1403715927084058112,9.722548667975262e-10,1403715927284058112,365,True,477
0.9765777936438396,0.002093,0.19999999999999996,0.75,604,0.4269222206065258,6.000000000000001,,16,1.8267818079080669,0.5889603588042256,1.6438887926791566,3.6420771383619908,True,1.0647203463320667,1.1336294158934759,6,0.03510008372736684,Global-DoF,V1_03_difficult:1403715927084058112:1403715927284058112,0.04053,formal_public_module_evidence,0.032019649571458975,0.06457094023829654,0.10733774294309709,0.38979985252579474,0.6405020746562242,0,0,V1_03_difficult,4,OK,True,810,1403715927084058112,9.722548667975262e-10,1403715927284058112,365,True,477
0.9148328287646302,0.462039,0.15833333333333333,0.7916666666666666,604,0.4541133372335214,6.000000000000001,,16,1.8267818079080669,0.5889603588042256,1.6438887926791566,3.544826493584194,True,1.0647203463320667,1.1336294158934759,6,0.03510008372736684,DPR-Exact-Block,V1_03_difficult:1403715927084058112:1403715927284058112,0.04053,formal_public_module_evidence,0.032019649571458975,0.06457094023829654,0.10733774294309709,0.38979985252579474,0.6405020746562242,0,0,V1_03_difficult,4,OK,True,810,1403715927084058112,9.722548667975262e-10,1403715927284058112,365,True,477
0.9505637254935355,0.181053,0.15833333333333333,0.7916666666666666,604,0.4381739210749108,6.000000000000001,,16,1.8267818079080669,0.5889603588042256,1.6438887926791566,3.5999053997665484,True,1.0647203463320667,1.1336294158934759,6,0.03510008372736684,DUC-K16,V1_03_difficult:1403715927084058112:1403715927284058112,0.04053,formal_public_module_evidence,0.032019649571458975,0.06457094023829654,0.10733774294309709,0.38979985252579474,0.6405020746562242,0,0,V1_03_difficult,4,OK,True,810,1403715927084058112,9.722548667975262e-10,1403715927284058112,365,True,477
0.9204882694426388,0.071121,0.15833333333333333,0.7916666666666666,604,0.45155237470535015,6.000000000000001,,16,1.8267818079080669,0.5889603588042256,1.6438887926791566,3.5533290540401823,True,1.0647203463320667,1.1336294158934759,6,0.03510008372736684,Permuted-K16,V1_03_difficult:1403715927084058112:1403715927284058112,0.04053,formal_public_module_evidence,0.032019649571458975,0.06457094023829654,0.10733774294309709,0.38979985252579474,0.6405020746562242,0,0,V1_03_difficult,4,OK,True,810,1403715927084058112,9.722548667975262e-10,1403715927284058112,365,True,477
0.9823281001806163,0.005761,0.19999999999999996,0.75,604,0.4201841617328794,6.0,,48,1.7926596867592468,0.6482161381305462,1.6450318471079466,3.6414814722545263,True,1.0593261075367513,1.1221718021089648,6,0.02333305933429619,Raw,V1_03_difficult:1403715927084058112:1403715927284058112,0.039394,formal_public_module_evidence,0.0157054053144286,0.062272517617689815,0.07249073718115177,0.6317964270060911,1.2157213743452886,8,0,V1_03_difficult,4,OK,True,810,1403715927084058112,4.03499527378741e-09,1403715927284058112,365,True,477
0.9177895790430451,0.002101,0.15833333333333333,0.7916666666666666,604,0.44819643918173807,6.0,,48,1.7926596867592468,0.6482161381305462,1.6450318471079466,3.5391033315584774,True,1.0593261075367513,1.1221718021089648,6,0.02333305933429619,Global-DoF,V1_03_difficult:1403715927084058112:1403715927284058112,0.039394,formal_public_module_evidence,0.0157054053144286,0.062272517617689815,0.07249073718115177,0.6317964270060911,1.2157213743452886,8,0,V1_03_difficult,4,OK,True,810,1403715927084058112,4.03499527378741e-09,1403715927284058112,365,True,477
0.907061984859336,1.288756,0.15833333333333333,0.7916666666666666,604,0.4530303906727929,6.0,,48,1.7926596867592468,0.6482161381305462,1.6450318471079466,3.523115266165103,True,1.0593261075367513,1.1221718021089648,6,0.02333305933429619,DPR-Exact-Block,V1_03_difficult:1403715927084058112:1403715927284058112,0.039394,formal_public_module_evidence,0.0157054053144286,0.062272517617689815,0.07249073718115177,0.6317964270060911,1.2157213743452886,8,0,V1_03_difficult,4,OK,True,810,1403715927084058112,4.03499527378741e-09,1403715927284058112,365,True,477
0.8839969796798777,0.315778,0.15833333333333333,0.7916666666666666,604,0.4636009756586006,6.0,,48,1.7926596867592468,0.6482161381305462,1.6450318471079466,3.4897013107369266,True,1.0593261075367513,1.1221718021089648,6,0.02333305933429619,DUC-K16,V1_03_difficult:1403715927084058112:1403715927284058112,0.039394,formal_public_module_evidence,0.0157054053144286,0.062272517617689815,0.07249073718115177,0.6317964270060911,1.2157213743452886,8,0,V1_03_difficult,4,OK,True,810,1403715927084058112,4.03499527378741e-09,1403715927284058112,365,True,477
0.9073827607989927,0.105705,0.15833333333333333,0.7916666666666666,604,0.4528850927288199,6.0,,48,1.7926596867592468,0.6482161381305462,1.6450318471079466,3.5235891906738797,True,1.0593261075367513,1.1221718021089648,6,0.02333305933429619,Permuted-K16,V1_03_difficult:1403715927084058112:1403715927284058112,0.039394,formal_public_module_evidence,0.0157054053144286,0.062272517617689815,0.07249073718115177,0.6317964270060911,1.2157213743452886,8,0,V1_03_difficult,4,OK,True,810,1403715927084058112,4.03499527378741e-09,1403715927284058112,365,True,477
0.5091464392104682,0.006142,0.07499999999999996,0.875,868,0.40915318903873493,6.0,,16,2.0403114010616603,0.6396508336887672,2.0329023138690117,2.6080817928158533,True,0.8250926431182546,0.6807778697278675,6,0.017547466434136405,Raw,V1_03_difficult:1403715927584058112:1403715927784058112,0.038103,formal_public_module_evidence,0.021062905128768517,0.09651774039686598,0.1261566965103771,0.2111247097052713,0.8826745359996705,0,0,V1_03_difficult,4,OK,True,820,1403715927584058112,1.3106516096125252e-09,1403715927784058112,526,True,784
0.3015070744322237,0.002121,0.07499999999999996,0.875,868,0.5035731557399815,6.0,,16,2.0403114010616603,0.6396508336887672,2.0329023138690117,2.5037454624422,True,0.8250926431182546,0.6807778697278675,6,0.017547466434136405,Global-DoF,V1_03_difficult:1403715927584058112:1403715927784058112,0.038103,formal_public_module_evidence,0.021062905128768517,0.09651774039686598,0.1261566965103771,0.2111247097052713,0.8826745359996705,0,0,V1_03_difficult,4,OK,True,820,1403715927584058112,1.3106516096125252e-09,1403715927784058112,526,True,784
0.31635541878265355,0.448569,0.07499999999999996,0.875,868,0.4961511666051947,6.0,,16,2.0403114010616603,0.6396508336887672,2.0329023138690117,2.5091202845261154,True,0.8250926431182546,0.6807778697278675,6,0.017547466434136405,DPR-Exact-Block,V1_03_difficult:1403715927584058112:1403715927784058112,0.038103,formal_public_module_evidence,0.021062905128768517,0.09651774039686598,0.1261566965103771,0.2111247097052713,0.8826745359996705,0,0,V1_03_difficult,4,OK,True,820,1403715927584058112,1.3106516096125252e-09,1403715927784058112,526,True,784
0.33405866708068227,0.177619,0.07499999999999996,0.875,868,0.4874449706629324,6.0,,16,2.0403114010616603,0.6396508336887672,2.0329023138690117,2.5159242678893468,True,0.8250926431182546,0.6807778697278675,6,0.017547466434136405,DUC-K16,V1_03_difficult:1403715927584058112:1403715927784058112,0.038103,formal_public_module_evidence,0.021062905128768517,0.09651774039686598,0.1261566965103771,0.2111247097052713,0.8826745359996705,0,0,V1_03_difficult,4,OK,True,820,1403715927584058112,1.3106516096125252e-09,1403715927784058112,526,True,784
0.3131403527916034,0.074583,0.07499999999999996,0.875,868,0.49774889236798775,6.0,,16,2.0403114010616603,0.6396508336887672,2.0329023138690117,2.5079309850532954,True,0.8250926431182546,0.6807778697278675,6,0.017547466434136405,Permuted-K16,V1_03_difficult:1403715927584058112:1403715927784058112,0.038103,formal_public_module_evidence,0.021062905128768517,0.09651774039686598,0.1261566965103771,0.2111247097052713,0.8826745359996705,0,0,V1_03_difficult,4,OK,True,820,1403715927584058112,1.3106516096125252e-09,1403715927784058112,526,True,784
0.006859867119994655,0.006213,0.008333333333333415,0.9583333333333334,868,0.6231154569355114,6.0,,48,2.0439633908478854,0.7893766255315086,2.0365348068400193,2.3717370630808374,True,0.7920887835128178,0.6274046409668155,6,0.017077832632970802,Raw,V1_03_difficult:1403715927584058112:1403715927784058112,0.038489,formal_public_module_evidence,0.013161730251429749,0.04782889803160092,0.06498663678619253,0.5241708772505684,1.0,4,0,V1_03_difficult,4,OK,True,820,1403715927584058112,2.346554204374691e-10,1403715927784058112,526,True,784
0.05767865401757652,0.002154,0.008333333333333415,0.9583333333333334,868,0.6646564873978787,6.0,,48,2.0439633908478854,0.7893766255315086,2.0365348068400193,2.3733453685995003,True,0.7920887835128178,0.6274046409668155,6,0.017077832632970802,Global-DoF,V1_03_difficult:1403715927584058112:1403715927784058112,0.038489,formal_public_module_evidence,0.013161730251429749,0.04782889803160092,0.06498663678619253,0.5241708772505684,1.0,4,0,V1_03_difficult,4,OK,True,820,1403715927584058112,2.346554204374691e-10,1403715927784058112,526,True,784
0.06429927262869234,1.279201,0.008333333333333415,0.9583333333333334,868,0.6690715235166316,6.0,,48,2.0439633908478854,0.7893766255315086,2.0365348068400193,2.373737075237392,True,0.7920887835128178,0.6274046409668155,6,0.017077832632970802,DPR-Exact-Block,V1_03_difficult:1403715927584058112:1403715927784058112,0.038489,formal_public_module_evidence,0.013161730251429749,0.04782889803160092,0.06498663678619253,0.5241708772505684,1.0,4,0,V1_03_difficult,4,OK,True,820,1403715927584058112,2.346554204374691e-10,1403715927784058112,526,True,784
0.0470739319885584,0.312456,0.008333333333333415,0.9583333333333334,868,0.6576452320185278,6.0,,48,2.0439633908478854,0.7893766255315086,2.0365348068400193,2.3728042749061022,True,0.7920887835128178,0.6274046409668155,6,0.017077832632970802,DUC-K16,V1_03_difficult:1403715927584058112:1403715927784058112,0.038489,formal_public_module_evidence,0.013161730251429749,0.04782889803160092,0.06498663678619253,0.5241708772505684,1.0,4,0,V1_03_difficult,4,OK,True,820,1403715927584058112,2.346554204374691e-10,1403715927784058112,526,True,784
0.0588894253038522,0.108638,0.008333333333333415,0.9583333333333334,868,0.6654617217670129,6.0,,48,2.0439633908478854,0.7893766255315086,2.0365348068400193,2.373413920037154,True,0.7920887835128178,0.6274046409668155,6,0.017077832632970802,Permuted-K16,V1_03_difficult:1403715927584058112:1403715927784058112,0.038489,formal_public_module_evidence,0.013161730251429749,0.04782889803160092,0.06498663678619253,0.5241708772505684,1.0,4,0,V1_03_difficult,4,OK,True,820,1403715927584058112,2.346554204374691e-10,1403715927784058112,526,True,784
3.3498321905240775,0.00666,0.32499999999999996,0.625,888,0.6696304878990187,5.999999999999998,,16,1.4098101574842026,0.8183095306172468,1.4203925475827446,29.93479885334432,True,4.368420405952958,19.083096843146205,6,0.025691899350484326,Raw,V1_03_difficult:1403715928084058112:1403715928284058112,0.039896,formal_public_module_evidence,0.02937186659774038,0.07386879515226616,0.11084000864099994,0.38261719519014115,0.7517974566639785,0,0,V1_03_difficult,4,OK,True,830,1403715928084058112,1.6345522993463533e-10,1403715928284058112,95,True,713
3.142192825745833,0.002059,0.2833333333333333,0.6666666666666666,888,0.8241606004911,5.999999999999998,,16,1.4098101574842026,0.8183095306172468,1.4203925475827446,24.79907240257222,True,4.368420405952958,19.083096843146205,6,0.025691899350484326,Global-DoF,V1_03_difficult:1403715928084058112:1403715928284058112,0.039896,formal_public_module_evidence,0.02937186659774038,0.07386879515226616,0.11084000864099994,0.38261719519014115,0.7517974566639785,0,0,V1_03_difficult,4,OK,True,830,1403715928084058112,1.6345522993463533e-10,1403715928284058112,95,True,713
3.113140318888197,0.448208,0.2833333333333333,0.6666666666666666,888,0.8484557405181452,5.999999999999998,,16,1.4098101574842026,0.8183095306172468,1.4203925475827446,24.165104008214602,True,4.368420405952958,19.083096843146205,6,0.025691899350484326,DPR-Exact-Block,V1_03_difficult:1403715928084058112:1403715928284058112,0.039896,formal_public_module_evidence,0.02937186659774038,0.07386879515226616,0.11084000864099994,0.38261719519014115,0.7517974566639785,0,0,V1_03_difficult,4,OK,True,830,1403715928084058112,1.6345522993463533e-10,1403715928284058112,95,True,713
3.139168019145864,0.178359,0.2833333333333333,0.6666666666666666,888,0.8266573010294124,5.999999999999998,,16,1.4098101574842026,0.8183095306172468,1.4203925475827446,24.732164886233715,True,4.368420405952958,19.083096843146205,6,0.025691899350484326,DUC-K16,V1_03_difficult:1403715928084058112:1403715928284058112,0.039896,formal_public_module_evidence,0.02937186659774038,0.07386879515226616,0.11084000864099994,0.38261719519014115,0.7517974566639785,0,0,V1_03_difficult,4,OK,True,830,1403715928084058112,1.6345522993463533e-10,1403715928284058112,95,True,713
3.152776733652384,0.071148,0.2833333333333333,0.6666666666666666,888,0.8154837590382407,5.999999999999998,,16,1.4098101574842026,0.8183095306172468,1.4203925475827446,25.034855957495708,True,4.368420405952958,19.083096843146205,6,0.025691899350484326,Permuted-K16,V1_03_difficult:1403715928084058112:1403715928284058112,0.039896,formal_public_module_evidence,0.02937186659774038,0.07386879515226616,0.11084000864099994,0.38261719519014115,0.7517974566639785,0,0,V1_03_difficult,4,OK,True,830,1403715928084058112,1.6345522993463533e-10,1403715928284058112,95,True,713
1.5605043182112315,0.006223,0.008333333333333415,0.9583333333333334,888,3.7501838919550696,6.0,,48,1.3955559682457834,1.9365391532202672,1.4064033787365116,7.920903753673373,True,4.225571835887695,17.855457340247302,6,0.03977625056815337,Raw,V1_03_difficult:1403715928084058112:1403715928284058112,0.039109,formal_public_module_evidence,0.01648826142889287,0.030737828954221495,0.0635332755624828,0.5417133130828807,1.0,7,0,V1_03_difficult,4,OK,True,830,1403715928084058112,8.708740276835511e-11,1403715928284058112,95,True,713
1.4959657970736604,0.001963,0.008333333333333415,0.9583333333333334,888,4.0001961514187405,6.0,,48,1.3955559682457834,1.9365391532202672,1.4064033787365116,7.687865911646611,True,4.225571835887695,17.855457340247302,6,0.03977625056815337,Global-DoF,V1_03_difficult:1403715928084058112:1403715928284058112,0.039109,formal_public_module_evidence,0.01648826142889287,0.030737828954221495,0.0635332755624828,0.5417133130828807,1.0,7,0,V1_03_difficult,4,OK,True,830,1403715928084058112,8.708740276835511e-11,1403715928284058112,95,True,713
1.4925907973730583,1.295811,0.008333333333333415,0.9583333333333334,888,4.013719620247025,6.0,,48,1.3955559682457834,1.9365391532202672,1.4064033787365116,7.676201502574163,True,4.225571835887695,17.855457340247302,6,0.03977625056815337,DPR-Exact-Block,V1_03_difficult:1403715928084058112:1403715928284058112,0.039109,formal_public_module_evidence,0.01648826142889287,0.030737828954221495,0.0635332755624828,0.5417133130828807,1.0,7,0,V1_03_difficult,4,OK,True,830,1403715928084058112,8.708740276835511e-11,1403715928284058112,95,True,713
1.4535852510509675,0.312322,0.008333333333333415,0.9583333333333334,888,4.173370337572284,6.0,,48,1.3955559682457834,1.9365391532202672,1.4064033787365116,7.545027293033082,True,4.225571835887695,17.855457340247302,6,0.03977625056815337,DUC-K16,V1_03_difficult:1403715928084058112:1403715928284058112,0.039109,formal_public_module_evidence,0.01648826142889287,0.030737828954221495,0.0635332755624828,0.5417133130828807,1.0,7,0,V1_03_difficult,4,OK,True,830,1403715928084058112,8.708740276835511e-11,1403715928284058112,95,True,713
1.4850453730731068,0.106761,0.008333333333333415,0.9583333333333334,888,4.044119383127517,6.0,,48,1.3955559682457834,1.9365391532202672,1.4064033787365116,7.650306626053822,True,4.225571835887695,17.855457340247302,6,0.03977625056815337,Permuted-K16,V1_03_difficult:1403715928084058112:1403715928284058112,0.039109,formal_public_module_evidence,0.01648826142889287,0.030737828954221495,0.0635332755624828,0.5417133130828807,1.0,7,0,V1_03_difficult,4,OK,True,830,1403715928084058112,8.708740276835511e-11,1403715928284058112,95,True,713
0.5471441934965346,0.006659,0.008333333333333415,0.9583333333333334,428,3.602249077960493,6.000000000000001,,16,1.5201828905575223,1.8979591876435313,1.4820298540705525,4.8477457044673935,True,2.495156103757763,6.225803982119621,6,0.0034879917067816013,Raw,V1_03_difficult:1403715928584058112:1403715928784058112,0.038648,formal_public_module_evidence,0.026470475206208655,0.06446787062178,0.0919006226967981,0.2407535864258687,0.6744847075559196,0,0,V1_03_difficult,4,OK,True,840,1403715928584058112,6.077721616829231e-10,1403715928784058112,162,True,331
0.33950482871828985,0.001962,0.008333333333333415,0.9583333333333334,428,4.433537326720607,6.000000000000001,,16,1.5201828905575223,1.8979591876435313,1.4820298540705525,4.731326898535147,True,2.495156103757763,6.225803982119621,6,0.0034879917067816013,Global-DoF,V1_03_difficult:1403715928584058112:1403715928784058112,0.038648,formal_public_module_evidence,0.026470475206208655,0.06446787062178,0.0919006226967981,0.2407535864258687,0.6744847075559196,0,0,V1_03_difficult,4,OK,True,840,1403715928584058112,6.077721616829231e-10,1403715928784058112,162,True,331
0.3826727875288998,0.442735,0.008333333333333415,0.9583333333333334,428,4.246222653149928,6.000000000000001,,16,1.5201828905575223,1.8979591876435313,1.4820298540705525,4.7501050598801955,True,2.495156103757763,6.225803982119621,6,0.0034879917067816013,DPR-Exact-Block,V1_03_difficult:1403715928584058112:1403715928784058112,0.038648,formal_public_module_evidence,0.026470475206208655,0.06446787062178,0.0919006226967981,0.2407535864258687,0.6744847075559196,0,0,V1_03_difficult,4,OK,True,840,1403715928584058112,6.077721616829231e-10,1403715928784058112,162,True,331
0.38616687646093095,0.176469,0.008333333333333415,0.9583333333333334,428,4.231411863750593,6.000000000000001,,16,1.5201828905575223,1.8979591876435313,1.4820298540705525,4.751742958416393,True,2.495156103757763,6.225803982119621,6,0.0034879917067816013,DUC-K16,V1_03_difficult:1403715928584058112:1403715928784058112,0.038648,formal_public_module_evidence,0.026470475206208655,0.06446787062178,0.0919006226967981,0.2407535864258687,0.6744847075559196,0,0,V1_03_difficult,4,OK,True,840,1403715928584058112,6.077721616829231e-10,1403715928784058112,162,True,331
0.47006667249632084,0.075959,0.008333333333333415,0.9583333333333334,428,3.8908821872318122,6.000000000000001,,16,1.5201828905575223,1.8979591876435313,1.4820298540705525,4.796613854058888,True,2.495156103757763,6.225803982119621,6,0.0034879917067816013,Permuted-K16,V1_03_difficult:1403715928584058112:1403715928784058112,0.038648,formal_public_module_evidence,0.026470475206208655,0.06446787062178,0.0919006226967981,0.2407535864258687,0.6744847075559196,0,0,V1_03_difficult,4,OK,True,840,1403715928584058112,6.077721616829231e-10,1403715928784058112,162,True,331
0.9745089165849137,0.006077,0.008333333333333415,0.9583333333333334,428,16.963304677287574,6.0,,48,1.482249864094563,4.118653260143123,1.4805740068705813,5.0463071610093655,True,2.530132753309019,6.401571749367079,6,0.024526569577908774,Raw,V1_03_difficult:1403715928584058112:1403715928784058112,0.038586,formal_public_module_evidence,0.016453030566582094,0.05408434195507641,0.07166745030546658,0.5899636990550576,1.2157681005583378,5,0,V1_03_difficult,5,OK,True,840,1403715928584058112,5.944418020579767e-10,1403715928784058112,162,True,331
1.039047437722485,0.002033,0.008333333333333415,0.9583333333333334,428,18.094191655773415,6.0,,48,1.482249864094563,4.118653260143123,1.4805740068705813,5.087259580149303,True,2.530132753309019,6.401571749367079,6,0.024526569577908774,Global-DoF,V1_03_difficult:1403715928584058112:1403715928784058112,0.038586,formal_public_module_evidence,0.016453030566582094,0.05408434195507641,0.07166745030546658,0.5899636990550576,1.2157681005583378,5,0,V1_03_difficult,5,OK,True,840,1403715928584058112,5.944418020579767e-10,1403715928784058112,162,True,331
1.041712994255852,1.287288,0.008333333333333415,0.9583333333333334,428,18.142487085060303,6.0,,48,1.482249864094563,4.118653260143123,1.4805740068705813,5.088983341120817,True,2.530132753309019,6.401571749367079,6,0.024526569577908774,DPR-Exact-Block,V1_03_difficult:1403715928584058112:1403715928784058112,0.038586,formal_public_module_evidence,0.016453030566582094,0.05408434195507641,0.07166745030546658,0.5899636990550576,1.2157681005583378,5,0,V1_03_difficult,5,OK,True,840,1403715928584058112,5.944418020579767e-10,1403715928784058112,162,True,331
1.0168806380844446,0.316661,0.008333333333333415,0.9583333333333334,428,17.69751411325226,6.0,,48,1.482249864094563,4.118653260143123,1.4805740068705813,5.073022773038633,True,2.530132753309019,6.401571749367079,6,0.024526569577908774,DUC-K16,V1_03_difficult:1403715928584058112:1403715928784058112,0.038586,formal_public_module_evidence,0.016453030566582094,0.05408434195507641,0.07166745030546658,0.5899636990550576,1.2157681005583378,5,0,V1_03_difficult,5,OK,True,840,1403715928584058112,5.944418020579767e-10,1403715928784058112,162,True,331
1.0334758850504802,0.104287,0.008333333333333415,0.9583333333333334,428,17.993659234807403,6.0,,48,1.482249864094563,4.118653260143123,1.4805740068705813,5.083664697067429,True,2.530132753309019,6.401571749367079,6,0.024526569577908774,Permuted-K16,V1_03_difficult:1403715928584058112:1403715928784058112,0.038586,formal_public_module_evidence,0.016453030566582094,0.05408434195507641,0.07166745030546658,0.5899636990550576,1.2157681005583378,5,0,V1_03_difficult,5,OK,True,840,1403715928584058112,5.944418020579767e-10,1403715928784058112,162,True,331
0.7019577140360256,0.006666,0.050000000000000044,1.0,366,1.1829820982525967,6.0,,16,1.3537586947850686,1.0876498049706058,1.3728250276165932,2.5015296015599815,True,0.7657039816778897,0.5863025875573741,6,0.03798838048050657,Raw,V1_03_difficult:1403715929084058112:1403715929284058112,0.038364,formal_public_module_evidence,0.023435924747544634,0.058998028365589095,0.09596440370345888,0.24869824843329844,0.6441572431926128,0,0,V1_03_difficult,4,OK,True,850,1403715929084058112,3.853623160719875e-09,1403715929284058112,197,True,313
0.90959707881427,0.001997,0.050000000000000044,1.0,366,1.455977967080119,6.0,,16,1.3537586947850686,1.0876498049706058,1.3728250276165932,2.6162413258190758,True,0.7657039816778897,0.5863025875573741,6,0.03798838048050657,Global-DoF,V1_03_difficult:1403715929084058112:1403715929284058112,0.038364,formal_public_module_evidence,0.023435924747544634,0.058998028365589095,0.09596440370345888,0.24869824843329844,0.6441572431926128,0,0,V1_03_difficult,4,OK,True,850,1403715929084058112,3.853623160719875e-09,1403715929284058112,197,True,313
0.89078990321584,0.483179,0.050000000000000044,1.0,366,1.42885102396135,6.0,,16,1.3537586947850686,1.0876498049706058,1.3728250276165932,2.6050792105036424,True,0.7657039816778897,0.5863025875573741,6,0.03798838048050657,DPR-Exact-Block,V1_03_difficult:1403715929084058112:1403715929284058112,0.038364,formal_public_module_evidence,0.023435924747544634,0.058998028365589095,0.09596440370345888,0.24869824843329844,0.6441572431926128,0,0,V1_03_difficult,4,OK,True,850,1403715929084058112,3.853623160719875e-09,1403715929284058112,197,True,313
0.9280744937547881,0.17705,0.050000000000000044,1.0,366,1.4831307603095554,6.0,,16,1.3537586947850686,1.0876498049706058,1.3728250276165932,2.6273464564032096,True,0.7657039816778897,0.5863025875573741,6,0.03798838048050657,DUC-K16,V1_03_difficult:1403715929084058112:1403715929284058112,0.038364,formal_public_module_evidence,0.023435924747544634,0.058998028365589095,0.09596440370345888,0.24869824843329844,0.6441572431926128,0,0,V1_03_difficult,4,OK,True,850,1403715929084058112,3.853623160719875e-09,1403715929284058112,197,True,313
1.002278599807586,0.06961,0.050000000000000044,1.0,366,1.5973712960217898,6.0,,16,1.3537586947850686,1.0876498049706058,1.3728250276165932,2.6732785500035305,True,0.7657039816778897,0.5863025875573741,6,0.03798838048050657,Permuted-K16,V1_03_difficult:1403715929084058112:1403715929284058112,0.038364,formal_public_module_evidence,0.023435924747544634,0.058998028365589095,0.09596440370345888,0.24869824843329844,0.6441572431926128,0,0,V1_03_difficult,4,OK,True,850,1403715929084058112,3.853623160719875e-09,1403715929284058112,197,True,313
0.21213162969895574,0.006265,0.008333333333333415,0.9583333333333334,366,0.7559359087652147,6.0,,48,0.9757517849906283,0.8694457480287167,1.3759868162874296,2.3669366040421993,True,0.7819494703615648,0.6114449741987317,6,0.021985134869797918,Raw,V1_03_difficult:1403715929084058112:1403715929284058112,0.038848,formal_public_module_evidence,0.01873979186885949,0.04187055129255489,0.07050086346204844,0.5926939460908798,1.432882692706465,3,0,V1_03_difficult,4,OK,True,850,1403715929084058112,3.2063726493663187e-10,1403715929284058112,197,True,313
0.27667015083652663,0.007034,0.008333333333333415,0.9583333333333334,366,0.8063316360162288,6.0,,48,0.9757517849906283,0.8694457480287167,1.3759868162874296,2.3809214863800956,True,0.7819494703615648,0.6114449741987317,6,0.021985134869797918,Global-DoF,V1_03_difficult:1403715929084058112:1403715929284058112,0.038848,formal_public_module_evidence,0.01873979186885949,0.04187055129255489,0.07050086346204844,0.5926939460908798,1.432882692706465,3,0,V1_03_difficult,4,OK,True,850,1403715929084058112,3.2063726493663187e-10,1403715929284058112,197,True,313
0.29610082611234584,1.27279,0.008333333333333415,0.9583333333333334,366,0.8221524106076353,6.0,,48,0.9757517849906283,0.8694457480287167,1.3759868162874296,2.385760018266699,True,0.7819494703615648,0.6114449741987317,6,0.021985134869797918,DPR-Exact-Block,V1_03_difficult:1403715929084058112:1403715929284058112,0.038848,formal_public_module_evidence,0.01873979186885949,0.04187055129255489,0.07050086346204844,0.5926939460908798,1.432882692706465,3,0,V1_03_difficult,4,OK,True,850,1403715929084058112,3.2063726493663187e-10,1403715929284058112,197,True,313
0.317847772650893,0.312568,0.008333333333333415,0.9583333333333334,366,0.8402275422383737,6.0,,48,0.9757517849906283,0.8694457480287167,1.3759868162874296,2.391508084088473,True,0.7819494703615648,0.6114449741987317,6,0.021985134869797918,DUC-K16,V1_03_difficult:1403715929084058112:1403715929284058112,0.038848,formal_public_module_evidence,0.01873979186885949,0.04187055129255489,0.07050086346204844,0.5926939460908798,1.432882692706465,3,0,V1_03_difficult,4,OK,True,850,1403715929084058112,3.2063726493663187e-10,1403715929284058112,197,True,313
0.285333666650121,0.106135,0.008333333333333415,0.9583333333333334,366,0.8133476506898192,6.0,,48,0.9757517849906283,0.8694457480287167,1.3759868162874296,2.383043794298374,True,0.7819494703615648,0.6114449741987317,6,0.021985134869797918,Permuted-K16,V1_03_difficult:1403715929084058112:1403715929284058112,0.038848,formal_public_module_evidence,0.01873979186885949,0.04187055129255489,0.07050086346204844,0.5926939460908798,1.432882692706465,3,0,V1_03_difficult,4,OK,True,850,1403715929084058112,3.2063726493663187e-10,1403715929284058112,197,True,313
0.6647903457429574,0.006794,0.050000000000000044,1.0,381,3.052261290493015,6.000000000000001,,16,1.4909334909840561,1.7470722052888985,1.8067091018950487,3.4681411476857087,True,1.253006907219962,1.5700263095409346,6,0.026237837039561063,Raw,V1_03_difficult:1403715929584058112:1403715929784058112,0.037345,formal_public_module_evidence,0.021629504882733408,0.06163572721967578,0.09052035899679489,0.21650925023718232,0.7831610972944163,0,0,V1_03_difficult,5,OK,True,860,1403715929584058112,3.0860154323768334e-10,1403715929784058112,196,True,316
0.8724297105212018,0.002107,0.050000000000000044,1.0,381,3.7566292806067874,6.000000000000001,,16,1.4909334909840561,1.7470722052888985,1.8067091018950487,3.5793340077181632,True,1.253006907219962,1.5700263095409346,6,0.026237837039561063,Global-DoF,V1_03_difficult:1403715929584058112:1403715929784058112,0.037345,formal_public_module_evidence,0.021629504882733408,0.06163572721967578,0.09052035899679489,0.21650925023718232,0.7831610972944163,0,0,V1_03_difficult,5,OK,True,860,1403715929584058112,3.0860154323768334e-10,1403715929784058112,196,True,316
0.9651188384103708,0.45207,0.050000000000000044,1.0,381,4.1214754381110685,6.000000000000001,,16,1.4909334909840561,1.7470722052888985,1.8067091018950487,3.635026208700536,True,1.253006907219962,1.5700263095409346,6,0.026237837039561063,DPR-Exact-Block,V1_03_difficult:1403715929584058112:1403715929784058112,0.037345,formal_public_module_evidence,0.021629504882733408,0.06163572721967578,0.09052035899679489,0.21650925023718232,0.7831610972944163,0,0,V1_03_difficult,5,OK,True,860,1403715929584058112,3.0860154323768334e-10,1403715929784058112,196,True,316
0.9910183682752457,0.176521,0.050000000000000044,1.0,381,4.22961403901878,6.000000000000001,,16,1.4909334909840561,1.7470722052888985,1.8067091018950487,3.6511862932927364,True,1.253006907219962,1.5700263095409346,6,0.026237837039561063,DUC-K16,V1_03_difficult:1403715929584058112:1403715929784058112,0.037345,formal_public_module_evidence,0.021629504882733408,0.06163572721967578,0.09052035899679489,0.21650925023718232,0.7831610972944163,0,0,V1_03_difficult,5,OK,True,860,1403715929584058112,3.0860154323768334e-10,1403715929784058112,196,True,316
0.8639334517486028,0.077505,0.050000000000000044,1.0,381,3.7248471917377324,6.000000000000001,,16,1.4909334909840561,1.7470722052888985,1.8067091018950487,3.574403759035197,True,1.253006907219962,1.5700263095409346,6,0.026237837039561063,Permuted-K16,V1_03_difficult:1403715929584058112:1403715929784058112,0.037345,formal_public_module_evidence,0.021629504882733408,0.06163572721967578,0.09052035899679489,0.21650925023718232,0.7831610972944163,0,0,V1_03_difficult,5,OK,True,860,1403715929584058112,3.0860154323768334e-10,1403715929784058112,196,True,316
0.6739954081508237,0.006582,0.050000000000000044,1.0,381,2.327983852904272,6.0,,48,1.2914689681438438,1.5257731983831253,1.81074595402953,3.192547832222049,True,1.0892654748808757,1.1864992747674596,6,0.026717448846292347,Raw,V1_03_difficult:1403715929584058112:1403715929784058112,0.039337,formal_public_module_evidence,0.012081160730378626,0.03571668347666782,0.05700665124709767,0.49103353283037027,1.0,5,0,V1_03_difficult,4,OK,True,860,1403715929584058112,1.7854229469649384e-09,1403715929784058112,196,True,316
0.7385339292883951,0.002128,0.050000000000000044,1.0,381,2.483182776431224,6.0,,48,1.2914689681438438,1.5257731983831253,1.81074595402953,3.2252320926092914,True,1.0892654748808757,1.1864992747674596,6,0.026717448846292347,Global-DoF,V1_03_difficult:1403715929584058112:1403715929784058112,0.039337,formal_public_module_evidence,0.012081160730378626,0.03571668347666782,0.05700665124709767,0.49103353283037027,1.0,5,0,V1_03_difficult,4,OK,True,860,1403715929584058112,1.7854229469649384e-09,1403715929784058112,196,True,316
0.7558727223833986,1.283661,0.050000000000000044,1.0,381,2.526613599780029,6.0,,48,1.2914689681438438,1.5257731983831253,1.81074595402953,3.2343575793344095,True,1.0892654748808757,1.1864992747674596,6,0.026717448846292347,DPR-Exact-Block,V1_03_difficult:1403715929584058112:1403715929784058112,0.039337,formal_public_module_evidence,0.012081160730378626,0.03571668347666782,0.05700665124709767,0.49103353283037027,1.0,5,0,V1_03_difficult,4,OK,True,860,1403715929584058112,1.7854229469649384e-09,1403715929784058112,196,True,316
0.7287918751621782,0.316143,0.050000000000000044,1.0,381,2.4591089301735596,6.0,,48,1.2914689681438438,1.5257731983831253,1.81074595402953,3.220167675369421,True,1.0892654748808757,1.1864992747674596,6,0.026717448846292347,DUC-K16,V1_03_difficult:1403715929584058112:1403715929784058112,0.039337,formal_public_module_evidence,0.012081160730378626,0.03571668347666782,0.05700665124709767,0.49103353283037027,1.0,5,0,V1_03_difficult,4,OK,True,860,1403715929584058112,1.7854229469649384e-09,1403715929784058112,196,True,316
0.7291799315754255,0.105781,0.050000000000000044,1.0,381,2.460063388344617,6.0,,48,1.2914689681438438,1.5257731983831253,1.81074595402953,3.2203685341670423,True,1.0892654748808757,1.1864992747674596,6,0.026717448846292347,Permuted-K16,V1_03_difficult:1403715929584058112:1403715929784058112,0.039337,formal_public_module_evidence,0.012081160730378626,0.03571668347666782,0.05700665124709767,0.49103353283037027,1.0,5,0,V1_03_difficult,4,OK,True,860,1403715929584058112,1.7854229469649384e-09,1403715929784058112,196,True,316
3.1597888424534135,0.006119,0.11666666666666659,0.8333333333333334,420,0.4242299444229276,5.999999999999999,,16,1.5445244702860734,0.6513293670816076,1.4804478910755499,24.546016762708323,True,3.161841454777358,9.9972413851486,6,0.005072117996171244,Raw,V1_03_difficult:1403715930084058112:1403715930284058112,0.038101,formal_public_module_evidence,0.028089168592864644,0.10815378454105626,0.1241972554266697,0.3172243415680377,0.7883399734470918,0,0,V1_03_difficult,4,OK,True,870,1403715930084058112,2.5490000419735685e-09,1403715930284058112,216,True,347
2.952149477675169,0.001979,0.11666666666666659,0.8333333333333334,420,0.5221291623666802,5.999999999999999,,16,1.5445244702860734,0.6513293670816076,1.4804478910755499,20.335102500242773,True,3.161841454777358,9.9972413851486,6,0.005072117996171244,Global-DoF,V1_03_difficult:1403715930084058112:1403715930284058112,0.038101,formal_public_module_evidence,0.028089168592864644,0.10815378454105626,0.1241972554266697,0.3172243415680377,0.7883399734470918,0,0,V1_03_difficult,4,OK,True,870,1403715930084058112,2.5490000419735685e-09,1403715930284058112,216,True,347
2.938743174876816,0.44557,0.11666666666666659,0.8333333333333334,420,0.529176115264589,5.999999999999999,,16,1.5445244702860734,0.6513293670816076,1.4804478910755499,20.093530419935444,True,3.161841454777358,9.9972413851486,6,0.005072117996171244,DPR-Exact-Block,V1_03_difficult:1403715930084058112:1403715930284058112,0.038101,formal_public_module_evidence,0.028089168592864644,0.10815378454105626,0.1241972554266697,0.3172243415680377,0.7883399734470918,0,0,V1_03_difficult,4,OK,True,870,1403715930084058112,2.5490000419735685e-09,1403715930284058112,216,True,347
2.943828199725353,0.176092,0.11666666666666659,0.8333333333333334,420,0.5264920715672115,5.999999999999999,,16,1.5445244702860734,0.6513293670816076,1.4804478910755499,20.184756794023535,True,3.161841454777358,9.9972413851486,6,0.005072117996171244,DUC-K16,V1_03_difficult:1403715930084058112:1403715930284058112,0.038101,formal_public_module_evidence,0.028089168592864644,0.10815378454105626,0.1241972554266697,0.3172243415680377,0.7883399734470918,0,0,V1_03_difficult,4,OK,True,870,1403715930084058112,2.5490000419735685e-09,1403715930284058112,216,True,347
2.940056575221714,0.070179,0.11666666666666659,0.8333333333333334,420,0.528481551392348,5.999999999999999,,16,1.5445244702860734,0.6513293670816076,1.4804478910755499,20.117046195366893,True,3.161841454777358,9.9972413851486,6,0.005072117996171244,Permuted-K16,V1_03_difficult:1403715930084058112:1403715930284058112,0.038101,formal_public_module_evidence,0.028089168592864644,0.10815378454105626,0.1241972554266697,0.3172243415680377,0.7883399734470918,0,0,V1_03_difficult,4,OK,True,870,1403715930084058112,2.5490000419735685e-09,1403715930284058112,216,True,347
1.7949719607891628,0.006121,0.07499999999999996,0.875,420,1.6743842912191944,6.0,,48,1.3385286965908765,1.2939800196367772,1.4808911708051173,8.37262851963039,True,3.174686018294529,10.078631314754771,6,0.044988726603788276,Raw,V1_03_difficult:1403715930084058112:1403715930284058112,0.03877,formal_public_module_evidence,0.019878094429298998,0.05130394186938505,0.0776628702149978,0.6487500112989885,1.6486550159045612,3,0,V1_03_difficult,4,OK,True,870,1403715930084058112,9.197762712216621e-10,1403715930284058112,216,True,347
1.7304334396515915,0.002138,0.07499999999999996,0.875,420,1.7860099106338074,6.0,,48,1.3385286965908765,1.2939800196367772,1.4808911708051173,8.06096041933967,True,3.174686018294529,10.078631314754771,6,0.044988726603788276,Global-DoF,V1_03_difficult:1403715930084058112:1403715930284058112,0.03877,formal_public_module_evidence,0.019878094429298998,0.05130394186938505,0.0776628702149978,0.6487500112989885,1.6486550159045612,3,0,V1_03_difficult,4,OK,True,870,1403715930084058112,9.197762712216621e-10,1403715930284058112,216,True,347
1.7477039202716915,1.292675,0.07499999999999996,0.875,420,1.7554294904586711,6.0,,48,1.3385286965908765,1.2939800196367772,1.4808911708051173,8.141995424230181,True,3.174686018294529,10.078631314754771,6,0.044988726603788276,DPR-Exact-Block,V1_03_difficult:1403715930084058112:1403715930284058112,0.03877,formal_public_module_evidence,0.019878094429298998,0.05130394186938505,0.0776628702149978,0.6487500112989885,1.6486550159045612,3,0,V1_03_difficult,4,OK,True,870,1403715930084058112,9.197762712216621e-10,1403715930284058112,216,True,347
1.703697822852066,0.31173,0.07499999999999996,0.875,420,1.8344040278771436,6.0,,48,1.3385286965908765,1.2939800196367772,1.4808911708051173,7.938823265459099,True,3.174686018294529,10.078631314754771,6,0.044988726603788276,DUC-K16,V1_03_difficult:1403715930084058112:1403715930284058112,0.03877,formal_public_module_evidence,0.019878094429298998,0.05130394186938505,0.0776628702149978,0.6487500112989885,1.6486550159045612,3,0,V1_03_difficult,4,OK,True,870,1403715930084058112,9.197762712216621e-10,1403715930284058112,216,True,347
1.6438426250087823,0.103882,0.07499999999999996,0.875,420,1.9475552073167925,6.0,,48,1.3385286965908765,1.2939800196367772,1.4808911708051173,7.679468916897868,True,3.174686018294529,10.078631314754771,6,0.044988726603788276,Permuted-K16,V1_03_difficult:1403715930084058112:1403715930284058112,0.03877,formal_public_module_evidence,0.019878094429298998,0.05130394186938505,0.0776628702149978,0.6487500112989885,1.6486550159045612,3,0,V1_03_difficult,4,OK,True,870,1403715930084058112,9.197762712216621e-10,1403715930284058112,216,True,347
2.1316202780080538,0.006881,0.32499999999999996,0.625,375,0.22202764674104103,6.0,,16,1.2291881708531607,0.471198097132237,1.2025889632186109,8.761435983237172,True,1.3679776125986232,1.8713627485710287,6,0.04318283945798429,Raw,V1_03_difficult:1403715930584058112:1403715930784058112,0.037781,formal_public_module_evidence,0.021749304643886247,0.04305717428831865,0.07042018832177263,0.16925859040537442,0.5937282608723091,0,0,V1_03_difficult,4,OK,True,880,1403715930584058112,7.196839351731631e-11,1403715930784058112,280,True,301
1.9239809132298094,0.00205,0.32499999999999996,0.625,375,0.2732647959889736,6.0,,16,1.2291881708531607,0.471198097132237,1.2025889632186109,7.388729294236302,True,1.3679776125986232,1.8713627485710287,6,0.04318283945798429,Global-DoF,V1_03_difficult:1403715930584058112:1403715930784058112,0.037781,formal_public_module_evidence,0.021749304643886247,0.04305717428831865,0.07042018832177263,0.16925859040537442,0.5937282608723091,0,0,V1_03_difficult,4,OK,True,880,1403715930584058112,7.196839351731631e-11,1403715930784058112,280,True,301
1.867810199352834,0.48306,0.32499999999999996,0.625,375,0.28905355652624704,6.0,,16,1.2291881708531607,0.471198097132237,1.2025889632186109,7.070837643780673,True,1.3679776125986232,1.8713627485710287,6,0.04318283945798429,DPR-Exact-Block,V1_03_difficult:1403715930584058112:1403715930784058112,0.037781,formal_public_module_evidence,0.021749304643886247,0.04305717428831865,0.07042018832177263,0.16925859040537442,0.5937282608723091,0,0,V1_03_difficult,4,OK,True,880,1403715930584058112,7.196839351731631e-11,1403715930784058112,280,True,301
1.9119531599503434,0.178228,0.32499999999999996,0.625,375,0.2765714032000147,6.0,,16,1.2291881708531607,0.471198097132237,1.2025889632186109,7.31888236493258,True,1.3679776125986232,1.8713627485710287,6,0.04318283945798429,DUC-K16,V1_03_difficult:1403715930584058112:1403715930784058112,0.037781,formal_public_module_evidence,0.021749304643886247,0.04305717428831865,0.07042018832177263,0.16925859040537442,0.5937282608723091,0,0,V1_03_difficult,4,OK,True,880,1403715930584058112,7.196839351731631e-11,1403715930784058112,280,True,301
1.8821712058166127,0.068959,0.32499999999999996,0.625,375,0.28493212134421625,6.0,,16,1.2291881708531607,0.471198097132237,1.2025889632186109,7.150122096911777,True,1.3679776125986232,1.8713627485710287,6,0.04318283945798429,Permuted-K16,V1_03_difficult:1403715930584058112:1403715930784058112,0.037781,formal_public_module_evidence,0.021749304643886247,0.04305717428831865,0.07042018832177263,0.16925859040537442,0.5937282608723091,0,0,V1_03_difficult,4,OK,True,880,1403715930584058112,7.196839351731631e-11,1403715930784058112,280,True,301
1.8246079473123513,0.006302,0.24166666666666659,0.7083333333333334,375,0.28146678756439464,6.0,,48,1.2063516091491744,0.5305344357950713,1.2026432712404598,6.77049991754653,True,1.321058834742301,1.745196444850686,6,0.014291458811022895,Raw,V1_03_difficult:1403715930584058112:1403715930784058112,0.038976,formal_public_module_evidence,0.015375884569974185,0.03175040330439687,0.06278165711880401,0.5758133988279938,1.0,4,0,V1_03_difficult,8,OK,True,880,1403715930584058112,1.9607849018821063e-08,1403715930784058112,280,True,301
1.7600694261747805,0.002016,0.24166666666666659,0.7083333333333334,375,0.30023124006868757,6.0,,48,1.2063516091491744,0.5305344357950713,1.2026432712404598,6.447515709103747,True,1.321058834742301,1.745196444850686,6,0.014291458811022895,Global-DoF,V1_03_difficult:1403715930584058112:1403715930784058112,0.038976,formal_public_module_evidence,0.015375884569974185,0.03175040330439687,0.06278165711880401,0.5758133988279938,1.0,4,0,V1_03_difficult,8,OK,True,880,1403715930584058112,1.9607849018821063e-08,1403715930784058112,280,True,301
1.7539815755419759,1.28651,0.24166666666666659,0.7083333333333334,375,0.30206457789470054,6.0,,48,1.2063516091491744,0.5305344357950713,1.2026432712404598,6.418323351600374,True,1.321058834742301,1.745196444850686,6,0.014291458811022895,DPR-Exact-Block,V1_03_difficult:1403715930584058112:1403715930784058112,0.038976,formal_public_module_evidence,0.015375884569974185,0.03175040330439687,0.06278165711880401,0.5758133988279938,1.0,4,0,V1_03_difficult,8,OK,True,880,1403715930584058112,1.9607849018821063e-08,1403715930784058112,280,True,301
1.7683761407903555,0.31102,0.24166666666666659,0.7083333333333334,375,0.2977476344214494,6.0,,48,1.2063516091491744,0.5305344357950713,1.2026432712404598,6.4876957091595955,True,1.321058834742301,1.745196444850686,6,0.014291458811022895,DUC-K16,V1_03_difficult:1403715930584058112:1403715930784058112,0.038976,formal_public_module_evidence,0.015375884569974185,0.03175040330439687,0.06278165711880401,0.5758133988279938,1.0,4,0,V1_03_difficult,8,OK,True,880,1403715930584058112,1.9607849018821063e-08,1403715930784058112,280,True,301
1.747343222401136,0.105147,0.24166666666666659,0.7083333333333334,375,0.30407645963659435,6.0,,48,1.2063516091491744,0.5305344357950713,1.2026432712404598,6.386735237061125,True,1.321058834742301,1.745196444850686,6,0.014291458811022895,Permuted-K16,V1_03_difficult:1403715930584058112:1403715930784058112,0.038976,formal_public_module_evidence,0.015375884569974185,0.03175040330439687,0.06278165711880401,0.5758133988279938,1.0,4,0,V1_03_difficult,8,OK,True,880,1403715930584058112,1.9607849018821063e-08,1403715930784058112,280,True,301
1.4952629773077206,0.006526,0.5333333333333332,0.4166666666666667,402,0.17608763266032257,5.999999999999998,,16,1.384759119073857,0.4196279693494257,1.1145302789094769,4.561612982770178,True,0.8862508350963133,0.7854405427089127,6,0.02799136171697958,Raw,V1_03_difficult:1403715931084058112:1403715931284058112,0.039367,formal_public_module_evidence,0.02651101044579618,0.05312333017485599,0.08516264342960496,0.1942194073229262,0.6875367465750477,1,0,V1_03_difficult,4,OK,True,890,1403715931084058112,3.243878817322235e-11,1403715931284058112,297,True,347
1.287623612529476,0.002041,0.32499999999999996,0.625,402,0.2167232401973201,5.999999999999998,,16,1.384759119073857,0.4196279693494257,1.1145302789094769,3.9329068329147585,True,0.8862508350963133,0.7854405427089127,6,0.02799136171697958,Global-DoF,V1_03_difficult:1403715931084058112:1403715931284058112,0.039367,formal_public_module_evidence,0.02651101044579618,0.05312333017485599,0.08516264342960496,0.1942194073229262,0.6875367465750477,1,0,V1_03_difficult,4,OK,True,890,1403715931084058112,3.243878817322235e-11,1403715931284058112,297,True,347
1.2805667396928648,0.455396,0.32499999999999996,0.625,402,0.21825803760988197,5.999999999999998,,16,1.384759119073857,0.4196279693494257,1.1145302789094769,3.9144784707866527,True,0.8862508350963133,0.7854405427089127,6,0.02799136171697958,DPR-Exact-Block,V1_03_difficult:1403715931084058112:1403715931284058112,0.039367,formal_public_module_evidence,0.02651101044579618,0.05312333017485599,0.08516264342960496,0.1942194073229262,0.6875367465750477,1,0,V1_03_difficult,4,OK,True,890,1403715931084058112,3.243878817322235e-11,1403715931284058112,297,True,347
1.252959975694244,0.176289,0.32499999999999996,0.625,402,0.22436737728825829,5.999999999999998,,16,1.384759119073857,0.4196279693494257,1.1145302789094769,3.8440961661253517,True,0.8862508350963133,0.7854405427089127,6,0.02799136171697958,DUC-K16,V1_03_difficult:1403715931084058112:1403715931284058112,0.039367,formal_public_module_evidence,0.02651101044579618,0.05312333017485599,0.08516264342960496,0.1942194073229262,0.6875367465750477,1,0,V1_03_difficult,4,OK,True,890,1403715931084058112,3.243878817322235e-11,1403715931284058112,297,True,347
1.3224451412519729,0.069462,0.3666666666666666,0.5833333333333334,402,0.20930648642622757,5.999999999999998,,16,1.384759119073857,0.4196279693494257,1.1145302789094769,4.026507178292763,True,0.8862508350963133,0.7854405427089127,6,0.02799136171697958,Permuted-K16,V1_03_difficult:1403715931084058112:1403715931284058112,0.039367,formal_public_module_evidence,0.02651101044579618,0.05312333017485599,0.08516264342960496,0.1942194073229262,0.6875367465750477,1,0,V1_03_difficult,4,OK,True,890,1403715931084058112,3.243878817322235e-11,1403715931284058112,297,True,347
0.354226889789156,0.006889,0.11666666666666659,0.8333333333333334,402,0.4246081721084898,6.0,,48,1.2839013381219055,0.6516196529483206,1.1154478351753205,2.406367068675157,True,0.7778817203562106,0.6050999708643379,6,0.006250585937382147,Raw,V1_03_difficult:1403715931084058112:1403715931284058112,0.042554,formal_public_module_evidence,0.014723397031991992,0.04447881412287245,0.0713721092251463,0.5487736345797622,1.3898257503616773,3,0,V1_03_difficult,6,OK,True,890,1403715931084058112,1.3111400856317998e-08,1403715931284058112,297,True,347
0.2896883686515848,0.00217,0.07499999999999996,0.875,402,0.4529153835823891,6.0,,48,1.2839013381219055,0.6516196529483206,1.1154478351753205,2.381838184465291,True,0.7778817203562106,0.6050999708643379,6,0.006250585937382147,Global-DoF,V1_03_difficult:1403715931084058112:1403715931284058112,0.042554,formal_public_module_evidence,0.014723397031991992,0.04447881412287245,0.0713721092251463,0.5487736345797622,1.3898257503616773,3,0,V1_03_difficult,6,OK,True,890,1403715931084058112,1.3111400856317998e-08,1403715931284058112,297,True,347
0.28979325686306945,1.269983,0.07499999999999996,0.875,402,0.4528678805891468,6.0,,48,1.2839013381219055,0.6516196529483206,1.1154478351753205,2.381873435415878,True,0.7778817203562106,0.6050999708643379,6,0.006250585937382147,DPR-Exact-Block,V1_03_difficult:1403715931084058112:1403715931284058112,0.042554,formal_public_module_evidence,0.014723397031991992,0.04447881412287245,0.0713721092251463,0.5487736345797622,1.3898257503616773,3,0,V1_03_difficult,6,OK,True,890,1403715931084058112,1.3111400856317998e-08,1403715931284058112,297,True,347
0.2960634594993615,0.313935,0.07499999999999996,0.875,402,0.4500371909832442,6.0,,48,1.2839013381219055,0.6516196529483206,1.1154478351753205,2.3840074923482932,True,0.7778817203562106,0.6050999708643379,6,0.006250585937382147,DUC-K16,V1_03_difficult:1403715931084058112:1403715931284058112,0.042554,formal_public_module_evidence,0.014723397031991992,0.04447881412287245,0.0713721092251463,0.5487736345797622,1.3898257503616773,3,0,V1_03_difficult,6,OK,True,890,1403715931084058112,1.3111400856317998e-08,1403715931284058112,297,True,347
0.3115169983844728,0.105206,0.07499999999999996,0.875,402,0.4431359851194963,6.0,,48,1.2839013381219055,0.6516196529483206,1.1154478351753205,2.38949347195638,True,0.7778817203562106,0.6050999708643379,6,0.006250585937382147,Permuted-K16,V1_03_difficult:1403715931084058112:1403715931284058112,0.042554,formal_public_module_evidence,0.014723397031991992,0.04447881412287245,0.0713721092251463,0.5487736345797622,1.3898257503616773,3,0,V1_03_difficult,6,OK,True,890,1403715931084058112,1.3111400856317998e-08,1403715931284058112,297,True,347
0.11282821570458366,0.00646,0.033333333333333326,0.9166666666666666,430,2.112666335913468,6.0,,16,1.1149691577406433,1.453501405542309,1.2311426199209934,3.7052674967377377,True,1.5378564263896244,2.365002388187866,6,0.169364842135467,Raw,V1_03_difficult:1403715931584058112:1403715931784058112,0.037812,formal_public_module_evidence,0.02130857965430344,0.0641338526460907,0.09227436260939385,0.24095640643323077,0.7378422021388857,0,0,V1_03_difficult,4,OK,True,900,1403715931584058112,1.2401144347561695e-09,1403715931784058112,213,True,338
0.09481114907366088,0.002052,0.033333333333333326,0.9166666666666666,430,2.6002047211242685,6.0,,16,1.1149691577406433,1.453501405542309,1.2311426199209934,3.7030119338375456,True,1.5378564263896244,2.365002388187866,6,0.169364842135467,Global-DoF,V1_03_difficult:1403715931584058112:1403715931784058112,0.037812,formal_public_module_evidence,0.02130857965430344,0.0641338526460907,0.09227436260939385,0.24095640643323077,0.7378422021388857,0,0,V1_03_difficult,4,OK,True,900,1403715931584058112,1.2401144347561695e-09,1403715931784058112,213,True,338
0.14035812177301044,0.495122,0.033333333333333326,0.9166666666666666,430,2.7213746904074654,6.0,,16,1.1149691577406433,1.453501405542309,1.2311426199209934,3.7080611749579666,True,1.5378564263896244,2.365002388187866,6,0.169364842135467,DPR-Exact-Block,V1_03_difficult:1403715931584058112:1403715931784058112,0.037812,formal_public_module_evidence,0.02130857965430344,0.0641338526460907,0.09227436260939385,0.24095640643323077,0.7378422021388857,0,0,V1_03_difficult,4,OK,True,900,1403715931584058112,1.2401144347561695e-09,1403715931784058112,213,True,338
0.2968188532057358,0.176352,0.033333333333333326,0.9166666666666666,430,3.182279885239781,6.0,,16,1.1149691577406433,1.453501405542309,1.2311426199209934,3.7386535759577577,True,1.5378564263896244,2.365002388187866,6,0.169364842135467,DUC-K16,V1_03_difficult:1403715931584058112:1403715931784058112,0.037812,formal_public_module_evidence,0.02130857965430344,0.0641338526460907,0.09227436260939385,0.24095640643323077,0.7378422021388857,0,0,V1_03_difficult,4,OK,True,900,1403715931584058112,1.2401144347561695e-09,1403715931784058112,213,True,338
0.0439073866750155,0.069616,0.033333333333333326,0.9166666666666666,430,2.471156892270833,6.0,,16,1.1149691577406433,1.453501405542309,1.2311426199209934,3.6996060730973803,True,1.5378564263896244,2.365002388187866,6,0.169364842135467,Permuted-K16,V1_03_difficult:1403715931584058112:1403715931784058112,0.037812,formal_public_module_evidence,0.02130857965430344,0.0641338526460907,0.09227436260939385,0.24095640643323077,0.7378422021388857,0,0,V1_03_difficult,4,OK,True,900,1403715931584058112,1.2401144347561695e-09,1403715931784058112,213,True,338
1.497099919850103,0.006537,0.050000000000000044,1.0,430,8.580988447773356,6.0,,48,1.0777238296182512,2.929332423569124,1.21485676982722,4.211204371695595,True,1.3857265616795096,1.9202381037441156,6,0.03924880382998941,Raw,V1_03_difficult:1403715931584058112:1403715931784058112,0.038234,formal_public_module_evidence,0.008347356646359438,0.04731340525044882,0.04981815695185405,0.4921177646228677,1.0,4,0,V1_03_difficult,5,OK,True,900,1403715931584058112,4.3701757833135893e-10,1403715931784058112,213,True,338
1.5616384409876742,0.001991,0.050000000000000044,1.0,430,9.15305434429158,6.0,,48,1.0777238296182512,2.929332423569124,1.21485676982722,4.261756755663252,True,1.3857265616795096,1.9202381037441156,6,0.03924880382998941,Global-DoF,V1_03_difficult:1403715931584058112:1403715931784058112,0.038234,formal_public_module_evidence,0.008347356646359438,0.04731340525044882,0.04981815695185405,0.4921177646228677,1.0,4,0,V1_03_difficult,5,OK,True,900,1403715931584058112,4.3701757833135893e-10,1403715931784058112,213,True,338
1.571346771614873,1.279556,0.050000000000000044,1.0,430,9.242347966781276,6.0,,48,1.0777238296182512,2.929332423569124,1.21485676982722,4.269438210343405,True,1.3857265616795096,1.9202381037441156,6,0.03924880382998941,DPR-Exact-Block,V1_03_difficult:1403715931584058112:1403715931784058112,0.038234,formal_public_module_evidence,0.008347356646359438,0.04731340525044882,0.04981815695185405,0.4921177646228677,1.0,4,0,V1_03_difficult,5,OK,True,900,1403715931584058112,4.3701757833135893e-10,1403715931784058112,213,True,338
1.5313069671146562,0.31378,0.050000000000000044,1.0,430,8.879596864504576,6.0,,48,1.0777238296182512,2.929332423569124,1.21485676982722,4.237886071419765,True,1.3857265616795096,1.9202381037441156,6,0.03924880382998941,DUC-K16,V1_03_difficult:1403715931584058112:1403715931784058112,0.038234,formal_public_module_evidence,0.008347356646359438,0.04731340525044882,0.04981815695185405,0.4921177646228677,1.0,4,0,V1_03_difficult,5,OK,True,900,1403715931584058112,4.3701757833135893e-10,1403715931784058112,213,True,338
1.5653318118595703,0.106362,0.050000000000000044,1.0,430,9.186922473877761,6.0,,48,1.0777238296182512,2.929332423569124,1.21485676982722,4.264676715786181,True,1.3857265616795096,1.9202381037441156,6,0.03924880382998941,Permuted-K16,V1_03_difficult:1403715931584058112:1403715931784058112,0.038234,formal_public_module_evidence,0.008347356646359438,0.04731340525044882,0.04981815695185405,0.4921177646228677,1.0,4,0,V1_03_difficult,5,OK,True,900,1403715931584058112,4.3701757833135893e-10,1403715931784058112,213,True,338
1.5771221157213255,0.006058,0.15833333333333333,0.7916666666666666,393,0.7576459446571029,6.000000000000001,,16,2.0576803843960847,0.8704285982532415,2.0383361161408144,6.401341868329948,True,1.9151415012394817,3.6677669697698154,6,0.03112344825560376,Raw,V1_03_difficult:1403715932084058112:1403715932284058112,0.037809,formal_public_module_evidence,0.020996339810256892,0.0761080727932272,0.08856064567808483,0.2052429833536794,0.9102710992828348,1,0,V1_03_difficult,4,OK,True,910,1403715932084058112,3.892493808286402e-09,1403715932284058112,181,True,301
1.3694827509430814,0.00199,0.15833333333333333,0.7916666666666666,393,0.9324873165010497,6.000000000000001,,16,2.0576803843960847,0.8704285982532415,2.0383361161408144,5.701293002633887,True,1.9151415012394817,3.6677669697698154,6,0.03112344825560376,Global-DoF,V1_03_difficult:1403715932084058112:1403715932284058112,0.037809,formal_public_module_evidence,0.020996339810256892,0.0761080727932272,0.08856064567808483,0.2052429833536794,0.9102710992828348,1,0,V1_03_difficult,4,OK,True,910,1403715932084058112,3.892493808286402e-09,1403715932284058112,181,True,301
1.392859183287022,0.454973,0.15833333333333333,0.7916666666666666,393,0.9109418984679303,6.000000000000001,,16,2.0576803843960847,0.8704285982532415,2.0383361161408144,5.7709465762755565,True,1.9151415012394817,3.6677669697698154,6,0.03112344825560376,DPR-Exact-Block,V1_03_difficult:1403715932084058112:1403715932284058112,0.037809,formal_public_module_evidence,0.020996339810256892,0.0761080727932272,0.08856064567808483,0.2052429833536794,0.9102710992828348,1,0,V1_03_difficult,4,OK,True,910,1403715932084058112,3.892493808286402e-09,1403715932284058112,181,True,301
1.4244772560747565,0.177068,0.15833333333333333,0.7916666666666666,393,0.8825902454271022,6.000000000000001,,16,2.0576803843960847,0.8704285982532415,2.0383361161408144,5.868667747931887,True,1.9151415012394817,3.6677669697698154,6,0.03112344825560376,DUC-K16,V1_03_difficult:1403715932084058112:1403715932284058112,0.037809,formal_public_module_evidence,0.020996339810256892,0.0761080727932272,0.08856064567808483,0.2052429833536794,0.9102710992828348,1,0,V1_03_difficult,4,OK,True,910,1403715932084058112,3.892493808286402e-09,1403715932284058112,181,True,301
0.982086803223873,0.069848,0.11666666666666659,0.8333333333333334,393,1.3736840503449632,6.000000000000001,,16,2.0576803843960847,0.8704285982532415,2.0383361161408144,4.8253955283243615,True,1.9151415012394817,3.6677669697698154,6,0.03112344825560376,Permuted-K16,V1_03_difficult:1403715932084058112:1403715932284058112,0.037809,formal_public_module_evidence,0.020996339810256892,0.0761080727932272,0.08856064567808483,0.2052429833536794,0.9102710992828348,1,0,V1_03_difficult,4,OK,True,910,1403715932084058112,3.892493808286402e-09,1403715932284058112,181,True,301
1.0523883865670838,0.006557,0.11666666666666659,0.8333333333333334,393,1.1525342443880253,6.0,,48,1.8863091089135653,1.0735614767622883,2.038903930559162,4.844324725670071,True,1.8169800279375767,3.301416421924037,6,0.03911843581459329,Raw,V1_03_difficult:1403715932084058112:1403715932284058112,0.03815,formal_public_module_evidence,0.011911620996636119,0.04475797654729019,0.056310082129980864,0.40718714137774703,1.5050235387286959,3,0,V1_03_difficult,4,OK,True,910,1403715932084058112,2.9731570072739674e-09,1403715932284058112,181,True,301
0.9878498654295126,0.001982,0.11666666666666659,0.8333333333333334,393,1.2293698606805603,6.0,,48,1.8863091089135653,1.0735614767622883,2.038903930559162,4.729832968640233,True,1.8169800279375767,3.301416421924037,6,0.03911843581459329,Global-DoF,V1_03_difficult:1403715932084058112:1403715932284058112,0.03815,formal_public_module_evidence,0.011911620996636119,0.04475797654729019,0.056310082129980864,0.40718714137774703,1.5050235387286959,3,0,V1_03_difficult,4,OK,True,910,1403715932084058112,2.9731570072739674e-09,1403715932284058112,181,True,301
0.9887528604512488,1.274893,0.11666666666666659,0.8333333333333334,393,1.2282602468797605,6.0,,48,1.8863091089135653,1.0735614767622883,2.038903930559162,4.73135602055668,True,1.8169800279375767,3.301416421924037,6,0.03911843581459329,DPR-Exact-Block,V1_03_difficult:1403715932084058112:1403715932284058112,0.03815,formal_public_module_evidence,0.011911620996636119,0.04475797654729019,0.056310082129980864,0.40718714137774703,1.5050235387286959,3,0,V1_03_difficult,4,OK,True,910,1403715932084058112,2.9731570072739674e-09,1403715932284058112,181,True,301
0.9503801646336337,0.318268,0.11666666666666659,0.8333333333333334,393,1.2763078665109429,6.0,,48,1.8863091089135653,1.0735614767622883,2.038903930559162,4.668541338479862,True,1.8169800279375767,3.301416421924037,6,0.03911843581459329,DUC-K16,V1_03_difficult:1403715932084058112:1403715932284058112,0.03815,formal_public_module_evidence,0.011911620996636119,0.04475797654729019,0.056310082129980864,0.40718714137774703,1.5050235387286959,3,0,V1_03_difficult,4,OK,True,910,1403715932084058112,2.9731570072739674e-09,1403715932284058112,181,True,301
0.9542462948025285,0.10815,0.11666666666666659,0.8333333333333334,393,1.2713830203458845,6.0,,48,1.8863091089135653,1.0735614767622883,2.038903930559162,4.674695056080721,True,1.8169800279375767,3.301416421924037,6,0.03911843581459329,Permuted-K16,V1_03_difficult:1403715932084058112:1403715932284058112,0.03815,formal_public_module_evidence,0.011911620996636119,0.04475797654729019,0.056310082129980864,0.40718714137774703,1.5050235387286959,3,0,V1_03_difficult,4,OK,True,910,1403715932084058112,2.9731570072739674e-09,1403715932284058112,181,True,301
1.7564961016851388,0.006344,0.07499999999999996,0.875,164,0.812080498231323,6.000000000000001,,16,1.7972245549308148,0.9011550911088074,1.7234864225580497,7.421828102130756,True,2.168791601662799,4.703657011443089,6,0.01995243591701623,Raw,V1_03_difficult:1403715932584058112:1403715932784058112,0.037801,formal_public_module_evidence,0.03612928181720393,0.07687119701845868,0.12777736005296755,0.3529107320271385,0.8935622507339567,0,0,V1_03_difficult,5,OK,True,920,1403715932584058112,2.724631886001228e-10,1403715932784058112,81,True,128
1.5488567369068942,0.002099,0.07499999999999996,0.875,164,0.9994836901308592,6.000000000000001,,16,1.7972245549308148,0.9011550911088074,1.7234864225580497,6.543447433714756,True,2.168791601662799,4.703657011443089,6,0.01995243591701623,Global-DoF,V1_03_difficult:1403715932584058112:1403715932784058112,0.037801,formal_public_module_evidence,0.03612928181720393,0.07687119701845868,0.12777736005296755,0.3529107320271385,0.8935622507339567,0,0,V1_03_difficult,5,OK,True,920,1403715932584058112,2.724631886001228e-10,1403715932784058112,81,True,128
1.5577138733354863,0.448332,0.07499999999999996,0.875,164,0.9906702154203604,6.000000000000001,,16,1.7972245549308148,0.9011550911088074,1.7234864225580497,6.57645788999685,True,2.168791601662799,4.703657011443089,6,0.01995243591701623,DPR-Exact-Block,V1_03_difficult:1403715932584058112:1403715932784058112,0.037801,formal_public_module_evidence,0.03612928181720393,0.07687119701845868,0.12777736005296755,0.3529107320271385,0.8935622507339567,0,0,V1_03_difficult,5,OK,True,920,1403715932584058112,2.724631886001228e-10,1403715932784058112,81,True,128
1.5379578785804922,0.176769,0.07499999999999996,0.875,164,1.0104364994084318,6.000000000000001,,16,1.7972245549308148,0.9011550911088074,1.7234864225580497,6.503333812474778,True,2.168791601662799,4.703657011443089,6,0.01995243591701623,DUC-K16,V1_03_difficult:1403715932584058112:1403715932784058112,0.037801,formal_public_module_evidence,0.03612928181720393,0.07687119701845868,0.12777736005296755,0.3529107320271385,0.8935622507339567,0,0,V1_03_difficult,5,OK,True,920,1403715932584058112,2.724631886001228e-10,1403715932784058112,81,True,128
1.4734091535380822,0.06925,0.07499999999999996,0.875,164,1.0778099305161823,6.000000000000001,,16,1.7972245549308148,0.9011550911088074,1.7234864225580497,6.276895860870984,True,2.168791601662799,4.703657011443089,6,0.01995243591701623,Permuted-K16,V1_03_difficult:1403715932584058112:1403715932784058112,0.037801,formal_public_module_evidence,0.03612928181720393,0.07687119701845868,0.12777736005296755,0.3529107320271385,0.8935622507339567,0,0,V1_03_difficult,5,OK,True,920,1403715932584058112,2.724631886001228e-10,1403715932784058112,81,True,128
1.967756850020914,0.00621,0.07499999999999996,0.875,164,0.6226379331417112,6.0,,48,1.7648831137287826,0.7890740986382149,1.7198600433132682,8.518696583039995,True,2.110623448544809,4.454731341547183,6,0.0018781138275427711,Raw,V1_03_difficult:1403715932584058112:1403715932784058112,0.038374,formal_public_module_evidence,0.011067134256642297,0.04336000690015956,0.06270739789730839,0.43579611213689995,1.3775102452748191,5,0,V1_03_difficult,4,OK,True,920,1403715932584058112,2.593391720150354e-09,1403715932784058112,81,True,128
1.9032183288833426,0.002068,0.07499999999999996,0.875,164,0.664147128684492,6.0,,48,1.7648831137287826,0.7890740986382149,1.7198600433132682,8.136072003397885,True,2.110623448544809,4.454731341547183,6,0.0018781138275427711,Global-DoF,V1_03_difficult:1403715932584058112:1403715932784058112,0.038374,formal_public_module_evidence,0.011067134256642297,0.04336000690015956,0.06270739789730839,0.43579611213689995,1.3775102452748191,5,0,V1_03_difficult,4,OK,True,920,1403715932584058112,2.593391720150354e-09,1403715932784058112,81,True,128
1.89345506526904,1.270038,0.07499999999999996,0.875,164,0.670663129136185,6.0,,48,1.7648831137287826,0.7890740986382149,1.7198600433132682,8.080667342012037,True,2.110623448544809,4.454731341547183,6,0.0018781138275427711,DPR-Exact-Block,V1_03_difficult:1403715932584058112:1403715932784058112,0.038374,formal_public_module_evidence,0.011067134256642297,0.04336000690015956,0.06270739789730839,0.43579611213689995,1.3775102452748191,5,0,V1_03_difficult,4,OK,True,920,1403715932584058112,2.593391720150354e-09,1403715932784058112,81,True,128
1.891578712892147,0.317321,0.07499999999999996,0.875,164,0.6719227108326388,6.0,,48,1.7648831137287826,0.7890740986382149,1.7198600433132682,8.070092124594273,True,2.110623448544809,4.454731341547183,6,0.0018781138275427711,DUC-K16,V1_03_difficult:1403715932584058112:1403715932784058112,0.038374,formal_public_module_evidence,0.011067134256642297,0.04336000690015956,0.06270739789730839,0.43579611213689995,1.3775102452748191,5,0,V1_03_difficult,4,OK,True,920,1403715932584058112,2.593391720150354e-09,1403715932784058112,81,True,128
1.8784994876621388,0.105493,0.07499999999999996,0.875,164,0.6807686622973677,6.0,,48,1.7648831137287826,0.7890740986382149,1.7198600433132682,7.997022954254582,True,2.110623448544809,4.454731341547183,6,0.0018781138275427711,Permuted-K16,V1_03_difficult:1403715932584058112:1403715932784058112,0.038374,formal_public_module_evidence,0.011067134256642297,0.04336000690015956,0.06270739789730839,0.43579611213689995,1.3775102452748191,5,0,V1_03_difficult,4,OK,True,920,1403715932584058112,2.593391720150354e-09,1403715932784058112,81,True,128
,,,,388,,,INSUFFICIENT_TRACKS,16,,,,,,,,,,Raw,V1_03_difficult:1403715933084058112:1403715933284058112,,formal_public_module_evidence,,,,,,,,V1_03_difficult,,,,930,1403715933084058112,,1403715933284058112,64,False,288
,,,,388,,,INSUFFICIENT_TRACKS,16,,,,,,,,,,Global-DoF,V1_03_difficult:1403715933084058112:1403715933284058112,,formal_public_module_evidence,,,,,,,,V1_03_difficult,,,,930,1403715933084058112,,1403715933284058112,64,False,288
,,,,388,,,INSUFFICIENT_TRACKS,16,,,,,,,,,,DPR-Exact-Block,V1_03_difficult:1403715933084058112:1403715933284058112,,formal_public_module_evidence,,,,,,,,V1_03_difficult,,,,930,1403715933084058112,,1403715933284058112,64,False,288
,,,,388,,,INSUFFICIENT_TRACKS,16,,,,,,,,,,DUC-K16,V1_03_difficult:1403715933084058112:1403715933284058112,,formal_public_module_evidence,,,,,,,,V1_03_difficult,,,,930,1403715933084058112,,1403715933284058112,64,False,288
,,,,388,,,INSUFFICIENT_TRACKS,16,,,,,,,,,,Permuted-K16,V1_03_difficult:1403715933084058112:1403715933284058112,,formal_public_module_evidence,,,,,,,,V1_03_difficult,,,,930,1403715933084058112,,1403715933284058112,64,False,288
,,,,388,,,INSUFFICIENT_TRACKS,48,,,,,,,,,,Raw,V1_03_difficult:1403715933084058112:1403715933284058112,,formal_public_module_evidence,,,,,,,,V1_03_difficult,,,,930,1403715933084058112,,1403715933284058112,64,False,288
,,,,388,,,INSUFFICIENT_TRACKS,48,,,,,,,,,,Global-DoF,V1_03_difficult:1403715933084058112:1403715933284058112,,formal_public_module_evidence,,,,,,,,V1_03_difficult,,,,930,1403715933084058112,,1403715933284058112,64,False,288
,,,,388,,,INSUFFICIENT_TRACKS,48,,,,,,,,,,DPR-Exact-Block,V1_03_difficult:1403715933084058112:1403715933284058112,,formal_public_module_evidence,,,,,,,,V1_03_difficult,,,,930,1403715933084058112,,1403715933284058112,64,False,288
,,,,388,,,INSUFFICIENT_TRACKS,48,,,,,,,,,,DUC-K16,V1_03_difficult:1403715933084058112:1403715933284058112,,formal_public_module_evidence,,,,,,,,V1_03_difficult,,,,930,1403715933084058112,,1403715933284058112,64,False,288
,,,,388,,,INSUFFICIENT_TRACKS,48,,,,,,,,,,Permuted-K16,V1_03_difficult:1403715933084058112:1403715933284058112,,formal_public_module_evidence,,,,,,,,V1_03_difficult,,,,930,1403715933084058112,,1403715933284058112,64,False,288
0.8567297098188786,0.006589,0.07499999999999996,0.875,396,0.4649011076283795,6.0,,16,1.5402962406561418,0.6818365695886218,1.545073061827388,3.427391594121485,True,1.0464459058412539,1.0950490338519223,6,0.02953237318939994,Raw,V1_03_difficult:1403715933584058112:1403715933784058112,0.037999,formal_public_module_evidence,0.032797715376263026,0.06675814484410189,0.12100462894451679,0.2863749009003608,0.90159931344444,0,0,V1_03_difficult,4,OK,True,940,1403715933584058112,1.2589979991076997e-10,1403715933784058112,274,True,323
0.6490903450406341,0.001936,0.033333333333333326,0.9166666666666666,396,0.572185978619544,6.0,,16,1.5402962406561418,0.6818365695886218,1.545073061827388,3.193385003495037,True,1.0464459058412539,1.0950490338519223,6,0.02953237318939994,Global-DoF,V1_03_difficult:1403715933584058112:1403715933784058112,0.037999,formal_public_module_evidence,0.032797715376263026,0.06675814484410189,0.12100462894451679,0.2863749009003608,0.90159931344444,0,0,V1_03_difficult,4,OK,True,940,1403715933584058112,1.2589979991076997e-10,1403715933784058112,274,True,323
0.6186533466907492,0.459855,0.033333333333333326,0.9166666666666666,396,0.5898693515516636,6.0,,16,1.5402962406561418,0.6818365695886218,1.545073061827388,3.1664492568085763,True,1.0464459058412539,1.0950490338519223,6,0.02953237318939994,DPR-Exact-Block,V1_03_difficult:1403715933584058112:1403715933784058112,0.037999,formal_public_module_evidence,0.032797715376263026,0.06675814484410189,0.12100462894451679,0.2863749009003608,0.90159931344444,0,0,V1_03_difficult,4,OK,True,940,1403715933584058112,1.2589979991076997e-10,1403715933784058112,274,True,323
0.6486305808478005,0.178666,0.033333333333333326,0.9166666666666666,396,0.5724491097286506,6.0,,16,1.5402962406561418,0.6818365695886218,1.545073061827388,3.192965073612397,True,1.0464459058412539,1.0950490338519223,6,0.02953237318939994,DUC-K16,V1_03_difficult:1403715933584058112:1403715933784058112,0.037999,formal_public_module_evidence,0.032797715376263026,0.06675814484410189,0.12100462894451679,0.2863749009003608,0.90159931344444,0,0,V1_03_difficult,4,OK,True,940,1403715933584058112,1.2589979991076997e-10,1403715933784058112,274,True,323
0.7359246948292307,0.06981,0.033333333333333326,0.9166666666666666,396,0.5245966733957591,6.0,,16,1.5402962406561418,0.6818365695886218,1.545073061827388,3.2801628324209418,True,1.0464459058412539,1.0950490338519223,6,0.02953237318939994,Permuted-K16,V1_03_difficult:1403715933584058112:1403715933784058112,0.037999,formal_public_module_evidence,0.032797715376263026,0.06675814484410189,0.12100462894451679,0.2863749009003608,0.90159931344444,0,0,V1_03_difficult,4,OK,True,940,1403715933584058112,1.2589979991076997e-10,1403715933784058112,274,True,323
0.6096199020134585,0.006176,0.033333333333333326,0.9166666666666666,396,0.6158623641529791,6.0,,48,1.4767107244128508,0.7847689877619904,1.5416425792428043,3.192877278622292,True,1.0644349163733648,1.1330216911947721,6,0.018213552223910634,Raw,V1_03_difficult:1403715933584058112:1403715933784058112,0.039038,formal_public_module_evidence,0.013452879598540912,0.07293841266614477,0.07141056572633649,0.4893167192413744,1.2353325044524586,3,0,V1_03_difficult,4,OK,True,940,1403715933584058112,4.2773201512349844e-10,1403715933784058112,274,True,323
0.5450813808758876,0.001966,0.033333333333333326,0.9166666666666666,396,0.6569198550965109,6.0,,48,1.4767107244128508,0.7847689877619904,1.5416425792428043,3.142432550544649,True,1.0644349163733648,1.1330216911947721,6,0.018213552223910634,Global-DoF,V1_03_difficult:1403715933584058112:1403715933784058112,0.039038,formal_public_module_evidence,0.013452879598540912,0.07293841266614477,0.07141056572633649,0.4893167192413744,1.2353325044524586,3,0,V1_03_difficult,4,OK,True,940,1403715933584058112,4.2773201512349844e-10,1403715933784058112,274,True,323
0.528939859946925,1.282169,0.033333333333333326,0.9166666666666666,396,0.6676095828195399,6.0,,48,1.4767107244128508,0.7847689877619904,1.5416425792428043,3.1309574900512307,True,1.0644349163733648,1.1330216911947721,6,0.018213552223910634,DPR-Exact-Block,V1_03_difficult:1403715933584058112:1403715933784058112,0.039038,formal_public_module_evidence,0.013452879598540912,0.07293841266614477,0.07141056572633649,0.4893167192413744,1.2353325044524586,3,0,V1_03_difficult,4,OK,True,940,1403715933584058112,4.2773201512349844e-10,1403715933784058112,274,True,323
0.5108901875671696,0.3195,0.033333333333333326,0.9166666666666666,396,0.6797691248214067,6.0,,48,1.4767107244128508,0.7847689877619904,1.5416425792428043,3.118649282100923,True,1.0644349163733648,1.1330216911947721,6,0.018213552223910634,DUC-K16,V1_03_difficult:1403715933584058112:1403715933784058112,0.039038,formal_public_module_evidence,0.013452879598540912,0.07293841266614477,0.07141056572633649,0.4893167192413744,1.2353325044524586,3,0,V1_03_difficult,4,OK,True,940,1403715933584058112,4.2773201512349844e-10,1403715933784058112,274,True,323
0.5030772971716149,0.106659,0.033333333333333326,0.9166666666666666,396,0.6851008876056119,6.0,,48,1.4767107244128508,0.7847689877619904,1.5416425792428043,3.113490586533361,True,1.0644349163733648,1.1330216911947721,6,0.018213552223910634,Permuted-K16,V1_03_difficult:1403715933584058112:1403715933784058112,0.039038,formal_public_module_evidence,0.013452879598540912,0.07293841266614477,0.07141056572633649,0.4893167192413744,1.2353325044524586,3,0,V1_03_difficult,4,OK,True,940,1403715933584058112,4.2773201512349844e-10,1403715933784058112,274,True,323
,,,,564,,,INSUFFICIENT_TRACKS,16,,,,,,,,,,Raw,V1_03_difficult:1403715934084058112:1403715934284058112,,formal_public_module_evidence,,,,,,,,V1_03_difficult,,,,950,1403715934084058112,,1403715934284058112,1,False,314
,,,,564,,,INSUFFICIENT_TRACKS,16,,,,,,,,,,Global-DoF,V1_03_difficult:1403715934084058112:1403715934284058112,,formal_public_module_evidence,,,,,,,,V1_03_difficult,,,,950,1403715934084058112,,1403715934284058112,1,False,314
,,,,564,,,INSUFFICIENT_TRACKS,16,,,,,,,,,,DPR-Exact-Block,V1_03_difficult:1403715934084058112:1403715934284058112,,formal_public_module_evidence,,,,,,,,V1_03_difficult,,,,950,1403715934084058112,,1403715934284058112,1,False,314
,,,,564,,,INSUFFICIENT_TRACKS,16,,,,,,,,,,DUC-K16,V1_03_difficult:1403715934084058112:1403715934284058112,,formal_public_module_evidence,,,,,,,,V1_03_difficult,,,,950,1403715934084058112,,1403715934284058112,1,False,314
,,,,564,,,INSUFFICIENT_TRACKS,16,,,,,,,,,,Permuted-K16,V1_03_difficult:1403715934084058112:1403715934284058112,,formal_public_module_evidence,,,,,,,,V1_03_difficult,,,,950,1403715934084058112,,1403715934284058112,1,False,314
,,,,564,,,INSUFFICIENT_TRACKS,48,,,,,,,,,,Raw,V1_03_difficult:1403715934084058112:1403715934284058112,,formal_public_module_evidence,,,,,,,,V1_03_difficult,,,,950,1403715934084058112,,1403715934284058112,1,False,314
,,,,564,,,INSUFFICIENT_TRACKS,48,,,,,,,,,,Global-DoF,V1_03_difficult:1403715934084058112:1403715934284058112,,formal_public_module_evidence,,,,,,,,V1_03_difficult,,,,950,1403715934084058112,,1403715934284058112,1,False,314
,,,,564,,,INSUFFICIENT_TRACKS,48,,,,,,,,,,DPR-Exact-Block,V1_03_difficult:1403715934084058112:1403715934284058112,,formal_public_module_evidence,,,,,,,,V1_03_difficult,,,,950,1403715934084058112,,1403715934284058112,1,False,314
,,,,564,,,INSUFFICIENT_TRACKS,48,,,,,,,,,,DUC-K16,V1_03_difficult:1403715934084058112:1403715934284058112,,formal_public_module_evidence,,,,,,,,V1_03_difficult,,,,950,1403715934084058112,,1403715934284058112,1,False,314
,,,,564,,,INSUFFICIENT_TRACKS,48,,,,,,,,,,Permuted-K16,V1_03_difficult:1403715934084058112:1403715934284058112,,formal_public_module_evidence,,,,,,,,V1_03_difficult,,,,950,1403715934084058112,,1403715934284058112,1,False,314
1.1792368817019183,0.005891,0.050000000000000044,1.0,236,1.743686361307207,6.0,,16,1.9844254211360086,1.3204871681721133,2.130180811765182,2.7013918551469676,True,0.7322614142044521,0.5362067787327042,6,0.04280399089937381,Raw,V1_03_difficult:1403715934584058112:1403715934784058112,0.038261,formal_public_module_evidence,0.021669880817606235,0.05162435630249079,0.07462338013035505,0.22158329118092646,0.47750717301027235,0,0,V1_03_difficult,5,OK,True,960,1403715934584058112,6.208916338211946e-10,1403715934784058112,158,True,175
1.3868762464801632,0.002031,0.050000000000000044,1.0,236,2.1460755216088705,6.0,,16,1.9844254211360086,1.3204871681721133,2.130180811765182,2.8513724727770096,True,0.7322614142044521,0.5362067787327042,6,0.04280399089937381,Global-DoF,V1_03_difficult:1403715934584058112:1403715934784058112,0.038261,formal_public_module_evidence,0.021669880817606235,0.05162435630249079,0.07462338013035505,0.22158329118092646,0.47750717301027235,0,0,V1_03_difficult,5,OK,True,960,1403715934584058112,6.208916338211946e-10,1403715934784058112,158,True,175
1.375505727714381,0.487219,0.050000000000000044,1.0,236,2.1218117369459124,6.0,,16,1.9844254211360086,1.3204871681721133,2.130180811765182,2.84285914317728,True,0.7322614142044521,0.5362067787327042,6,0.04280399089937381,DPR-Exact-Block,V1_03_difficult:1403715934584058112:1403715934784058112,0.038261,formal_public_module_evidence,0.021669880817606235,0.05162435630249079,0.07462338013035505,0.22158329118092646,0.47750717301027235,0,0,V1_03_difficult,5,OK,True,960,1403715934584058112,6.208916338211946e-10,1403715934784058112,158,True,175
1.331758635410326,0.184074,0.050000000000000044,1.0,236,2.030989726667495,6.0,,16,1.9844254211360086,1.3204871681721133,2.130180811765182,2.8104128417022944,True,0.7322614142044521,0.5362067787327042,6,0.04280399089937381,DUC-K16,V1_03_difficult:1403715934584058112:1403715934784058112,0.038261,formal_public_module_evidence,0.021669880817606235,0.05162435630249079,0.07462338013035505,0.22158329118092646,0.47750717301027235,0,0,V1_03_difficult,5,OK,True,960,1403715934584058112,6.208916338211946e-10,1403715934784058112,158,True,175
1.4387930595469418,0.072181,0.050000000000000044,1.0,236,2.2604358495170365,6.0,,16,1.9844254211360086,1.3204871681721133,2.130180811765182,2.890648603883173,True,0.7322614142044521,0.5362067787327042,6,0.04280399089937381,Permuted-K16,V1_03_difficult:1403715934584058112:1403715934784058112,0.038261,formal_public_module_evidence,0.021669880817606235,0.05162435630249079,0.07462338013035505,0.22158329118092646,0.47750717301027235,0,0,V1_03_difficult,5,OK,True,960,1403715934584058112,6.208916338211946e-10,1403715934784058112,158,True,175
1.6946714916735086,0.006509,0.050000000000000044,1.0,236,1.555471092164628,5.999999999999998,,48,1.9763520432818094,1.2471852677788604,2.1269932514489387,2.4633150721311137,True,0.5344877222140085,0.2856771251975192,6,0.0029257635140955696,Raw,V1_03_difficult:1403715934584058112:1403715934784058112,0.039307,formal_public_module_evidence,0.011464177600914338,0.03315008492500642,0.053297665958143635,0.37794326129048894,1.0,3,0,V1_03_difficult,5,OK,True,960,1403715934584058112,5.538821607148289e-11,1403715934784058112,158,True,175
1.7592100128110801,0.002014,0.050000000000000044,1.0,236,1.6591691649756035,5.999999999999998,,48,1.9763520432818094,1.2471852677788604,2.1269932514489387,2.5163748712179923,True,0.5344877222140085,0.2856771251975192,6,0.0029257635140955696,Global-DoF,V1_03_difficult:1403715934584058112:1403715934784058112,0.039307,formal_public_module_evidence,0.011464177600914338,0.03315008492500642,0.053297665958143635,0.37794326129048894,1.0,3,0,V1_03_difficult,5,OK,True,960,1403715934584058112,5.538821607148289e-11,1403715934784058112,158,True,175
1.7508714073955394,1.281554,0.050000000000000044,1.0,236,1.645391530950589,5.999999999999998,,48,1.9763520432818094,1.2471852677788604,2.1269932514489387,2.509478016551569,True,0.5344877222140085,0.2856771251975192,6,0.0029257635140955696,DPR-Exact-Block,V1_03_difficult:1403715934584058112:1403715934784058112,0.039307,formal_public_module_evidence,0.011464177600914338,0.03315008492500642,0.053297665958143635,0.37794326129048894,1.0,3,0,V1_03_difficult,5,OK,True,960,1403715934584058112,5.538821607148289e-11,1403715934784058112,158,True,175
1.7479413554687433,0.324691,0.050000000000000044,1.0,236,1.640577504442932,5.999999999999998,,48,1.9763520432818094,1.2471852677788604,2.1269932514489387,2.5070574338253757,True,0.5344877222140085,0.2856771251975192,6,0.0029257635140955696,DUC-K16,V1_03_difficult:1403715934584058112:1403715934784058112,0.039307,formal_public_module_evidence,0.011464177600914338,0.03315008492500642,0.053297665958143635,0.37794326129048894,1.0,3,0,V1_03_difficult,5,OK,True,960,1403715934584058112,5.538821607148289e-11,1403715934784058112,158,True,175
1.7566633623101309,0.106882,0.050000000000000044,1.0,236,1.654949216637914,5.999999999999998,,48,1.9763520432818094,1.2471852677788604,2.1269932514489387,2.5142672639234718,True,0.5344877222140085,0.2856771251975192,6,0.0029257635140955696,Permuted-K16,V1_03_difficult:1403715934584058112:1403715934784058112,0.039307,formal_public_module_evidence,0.011464177600914338,0.03315008492500642,0.053297665958143635,0.37794326129048894,1.0,3,0,V1_03_difficult,5,OK,True,960,1403715934584058112,5.538821607148289e-11,1403715934784058112,158,True,175
4.232893073345735,0.006959,0.3666666666666666,0.5833333333333334,544,0.22985579880618026,5.999999999999999,,16,2.618610364347333,0.47943278862232636,2.62735457645967,69.28389795945111,True,3.9800523499990095,15.840816708732639,6,0.04382407092398388,Raw,V1_03_difficult:1403715935084058112:1403715935284058112,0.04061,formal_public_module_evidence,0.03880110838794776,0.09282919154612829,0.14459386285127768,0.39844460248870245,0.8013841395602548,0,0,V1_03_difficult,5,OK,True,970,1403715935084058112,2.406665917241358e-10,1403715935284058112,159,True,422
4.02525370856749,0.002106,0.32499999999999996,0.625,544,0.2828994446845296,5.999999999999999,,16,2.618610364347333,0.47943278862232636,2.62735457645967,56.56972657021016,True,3.9800523499990095,15.840816708732639,6,0.04382407092398388,Global-DoF,V1_03_difficult:1403715935084058112:1403715935284058112,0.04061,formal_public_module_evidence,0.03880110838794776,0.09282919154612829,0.14459386285127768,0.39844460248870245,0.8013841395602548,0,0,V1_03_difficult,5,OK,True,970,1403715935084058112,2.406665917241358e-10,1403715935284058112,159,True,422
4.039737543671718,0.453206,0.32499999999999996,0.625,544,0.2788315065637103,5.999999999999999,,16,2.618610364347333,0.47943278862232636,2.62735457645967,57.372159796898586,True,3.9800523499990095,15.840816708732639,6,0.04382407092398388,DPR-Exact-Block,V1_03_difficult:1403715935084058112:1403715935284058112,0.04061,formal_public_module_evidence,0.03880110838794776,0.09282919154612829,0.14459386285127768,0.39844460248870245,0.8013841395602548,0,0,V1_03_difficult,5,OK,True,970,1403715935084058112,2.406665917241358e-10,1403715935284058112,159,True,422
3.9968465828520534,0.177699,0.32499999999999996,0.625,544,0.2910510382831996,5.999999999999999,,16,2.618610364347333,0.47943278862232636,2.62735457645967,55.02987089705806,True,3.9800523499990095,15.840816708732639,6,0.04382407092398388,DUC-K16,V1_03_difficult:1403715935084058112:1403715935284058112,0.04061,formal_public_module_evidence,0.03880110838794776,0.09282919154612829,0.14459386285127768,0.39844460248870245,0.8013841395602548,0,0,V1_03_difficult,5,OK,True,970,1403715935084058112,2.406665917241358e-10,1403715935284058112,159,True,422
3.8614800852175684,0.069694,0.2833333333333333,0.6666666666666666,544,0.3332407289998576,5.999999999999999,,16,2.618610364347333,0.47943278862232636,2.62735457645967,48.274643075603706,True,3.9800523499990095,15.840816708732639,6,0.04382407092398388,Permuted-K16,V1_03_difficult:1403715935084058112:1403715935284058112,0.04061,formal_public_module_evidence,0.03880110838794776,0.09282919154612829,0.14459386285127768,0.39844460248870245,0.8013841395602548,0,0,V1_03_difficult,5,OK,True,970,1403715935084058112,2.406665917241358e-10,1403715935284058112,159,True,422
2.0613176474509554,0.006043,0.033333333333333326,0.9166666666666666,544,1.9011394314395524,6.0,,48,2.6138460276784268,1.3788181284852445,2.621956798945445,10.336645320088572,True,3.864705673202161,14.935949940480967,6,0.007430246076531977,Raw,V1_03_difficult:1403715935084058112:1403715935284058112,0.038579,formal_public_module_evidence,0.015410130329989391,0.03491281826090813,0.06275072307415791,0.48434847804356024,0.9305284366074753,1,0,V1_03_difficult,5,OK,True,970,1403715935084058112,1.795810801491784e-10,1403715935284058112,159,True,422
1.9967791263133838,0.002093,0.033333333333333326,0.9166666666666666,544,2.0278820602021894,6.0,,48,2.6138460276784268,1.3788181284852445,2.621956798945445,9.910164163320028,True,3.864705673202161,14.935949940480967,6,0.007430246076531977,Global-DoF,V1_03_difficult:1403715935084058112:1403715935284058112,0.038579,formal_public_module_evidence,0.015410130329989391,0.03491281826090813,0.06275072307415791,0.48434847804356024,0.9305284366074753,1,0,V1_03_difficult,5,OK,True,970,1403715935084058112,1.795810801491784e-10,1403715935284058112,159,True,422
2.0001878413804497,1.273258,0.033333333333333326,0.9166666666666666,544,2.0209813560183085,6.0,,48,2.6138460276784268,1.3788181284852445,2.621956798945445,9.931904479457069,True,3.864705673202161,14.935949940480967,6,0.007430246076531977,DPR-Exact-Block,V1_03_difficult:1403715935084058112:1403715935284058112,0.038579,formal_public_module_evidence,0.015410130329989391,0.03491281826090813,0.06275072307415791,0.48434847804356024,0.9305284366074753,1,0,V1_03_difficult,5,OK,True,970,1403715935084058112,1.795810801491784e-10,1403715935284058112,159,True,422
2.0076458292396353,0.318083,0.033333333333333326,0.9166666666666666,544,2.0059649672270092,6.0,,48,2.6138460276784268,1.3788181284852445,2.621956798945445,9.979770380727388,True,3.864705673202161,14.935949940480967,6,0.007430246076531977,DUC-K16,V1_03_difficult:1403715935084058112:1403715935284058112,0.038579,formal_public_module_evidence,0.015410130329989391,0.03491281826090813,0.06275072307415791,0.48434847804356024,0.9305284366074753,1,0,V1_03_difficult,5,OK,True,970,1403715935084058112,1.795810801491784e-10,1403715935284058112,159,True,422
2.0348133036195684,0.10408,0.033333333333333326,0.9166666666666666,544,1.9522015798264425,6.0,,48,2.6138460276784268,1.3788181284852445,2.621956798945445,10.157658428480193,True,3.864705673202161,14.935949940480967,6,0.007430246076531977,Permuted-K16,V1_03_difficult:1403715935084058112:1403715935284058112,0.038579,formal_public_module_evidence,0.015410130329989391,0.03491281826090813,0.06275072307415791,0.48434847804356024,0.9305284366074753,1,0,V1_03_difficult,5,OK,True,970,1403715935084058112,1.795810801491784e-10,1403715935284058112,159,True,422
0.2157517798465266,0.005938,0.033333333333333326,0.9166666666666666,392,3.1013534527856876,5.999999999999998,,16,1.9911096832559942,1.7610659989863207,1.9123873686694912,3.775651006730023,True,1.5809776429063922,2.499490307369852,6,0.01790128868451324,Raw,V1_03_difficult:1403715935584058112:1403715935784058112,0.03772,formal_public_module_evidence,0.02620051678234514,0.0992212441379847,0.1113432018210051,0.24523656312997055,0.6063576344693862,0,0,V1_03_difficult,4,OK,True,980,1403715935584058112,1.571227738282369e-09,1403715935784058112,199,True,332
0.423391144624771,0.002101,0.008333333333333415,0.9583333333333334,392,3.8170504034285386,5.999999999999998,,16,1.9911096832559942,1.7610659989863207,1.9123873686694912,3.8321774978011796,True,1.5809776429063922,2.499490307369852,6,0.01790128868451324,Global-DoF,V1_03_difficult:1403715935584058112:1403715935784058112,0.03772,formal_public_module_evidence,0.02620051678234514,0.0992212441379847,0.1113432018210051,0.24523656312997055,0.6063576344693862,0,0,V1_03_difficult,4,OK,True,980,1403715935584058112,1.571227738282369e-09,1403715935784058112,199,True,332
0.3524882717654641,0.450302,0.033333333333333326,0.9166666666666666,392,3.5557823373237705,5.999999999999998,,16,1.9911096832559942,1.7610659989863207,1.9123873686694912,3.8093889861813452,True,1.5809776429063922,2.499490307369852,6,0.01790128868451324,DPR-Exact-Block,V1_03_difficult:1403715935584058112:1403715935784058112,0.03772,formal_public_module_evidence,0.02620051678234514,0.0992212441379847,0.1113432018210051,0.24523656312997055,0.6063576344693862,0,0,V1_03_difficult,4,OK,True,980,1403715935584058112,1.571227738282369e-09,1403715935784058112,199,True,332
0.33442481677379554,0.17765,0.033333333333333326,0.9166666666666666,392,3.4921292512040445,5.999999999999998,,16,1.9911096832559942,1.7610659989863207,1.9123873686694912,3.8041383723927744,True,1.5809776429063922,2.499490307369852,6,0.01790128868451324,DUC-K16,V1_03_difficult:1403715935584058112:1403715935784058112,0.03772,formal_public_module_evidence,0.02620051678234514,0.0992212441379847,0.1113432018210051,0.24523656312997055,0.6063576344693862,0,0,V1_03_difficult,4,OK,True,980,1403715935584058112,1.571227738282369e-09,1403715935784058112,199,True,332
0.4426898119845463,0.070214,0.008333333333333415,0.9583333333333334,392,3.8914297925391734,5.999999999999998,,16,1.9911096832559942,1.7610659989863207,1.9123873686694912,3.838960124372188,True,1.5809776429063922,2.499490307369852,6,0.01790128868451324,Permuted-K16,V1_03_difficult:1403715935584058112:1403715935784058112,0.03772,formal_public_module_evidence,0.02620051678234514,0.0992212441379847,0.1113432018210051,0.24523656312997055,0.6063576344693862,0,0,V1_03_difficult,4,OK,True,980,1403715935584058112,1.571227738282369e-09,1403715935784058112,199,True,332
0.2759844988679509,0.006454,0.07499999999999996,0.875,392,1.7090815251662963,6.0,,48,1.890260246372033,1.3073184482620508,1.9057920093302163,3.6916606088894874,True,1.5007579832583007,2.252274524313522,6,0.025544706831401864,Raw,V1_03_difficult:1403715935584058112:1403715935784058112,0.038471,formal_public_module_evidence,0.017377402459781532,0.0385042146265614,0.06383902363890782,0.48937085762085797,1.0593908923237516,3,0,V1_03_difficult,4,OK,True,980,1403715935584058112,3.24070170112016e-11,1403715935784058112,199,True,332
0.2114459777303797,0.002085,0.07499999999999996,0.875,392,1.823020293510716,6.0,,48,1.890260246372033,1.3073184482620508,1.9057920093302163,3.6738349152738166,True,1.5007579832583007,2.252274524313522,6,0.025544706831401864,Global-DoF,V1_03_difficult:1403715935584058112:1403715935784058112,0.038471,formal_public_module_evidence,0.017377402459781532,0.0385042146265614,0.06383902363890782,0.48937085762085797,1.0593908923237516,3,0,V1_03_difficult,4,OK,True,980,1403715935584058112,3.24070170112016e-11,1403715935784058112,199,True,332
0.22515623530134235,1.283349,0.07499999999999996,0.875,392,1.798196773000548,6.0,,48,1.890260246372033,1.3073184482620508,1.9057920093302163,3.677179824898094,True,1.5007579832583007,2.252274524313522,6,0.025544706831401864,DPR-Exact-Block,V1_03_difficult:1403715935584058112:1403715935784058112,0.038471,formal_public_module_evidence,0.017377402459781532,0.0385042146265614,0.06383902363890782,0.48937085762085797,1.0593908923237516,3,0,V1_03_difficult,4,OK,True,980,1403715935584058112,3.24070170112016e-11,1403715935784058112,199,True,332
0.19993234256633477,0.324153,0.033333333333333326,0.9166666666666666,392,1.8441311823920197,6.0,,48,1.890260246372033,1.3073184482620508,1.9057920093302163,3.6712054531187532,True,1.5007579832583007,2.252274524313522,6,0.025544706831401864,DUC-K16,V1_03_difficult:1403715935584058112:1403715935784058112,0.038471,formal_public_module_evidence,0.017377402459781532,0.0385042146265614,0.06383902363890782,0.48937085762085797,1.0593908923237516,3,0,V1_03_difficult,4,OK,True,980,1403715935584058112,3.24070170112016e-11,1403715935784058112,199,True,332
0.19300082366517643,0.107565,0.033333333333333326,0.9166666666666666,392,1.8569582165967864,6.0,,48,1.890260246372033,1.3073184482620508,1.9057920093302163,3.6697006405692423,True,1.5007579832583007,2.252274524313522,6,0.025544706831401864,Permuted-K16,V1_03_difficult:1403715935584058112:1403715935784058112,0.038471,formal_public_module_evidence,0.017377402459781532,0.0385042146265614,0.06383902363890782,0.48937085762085797,1.0593908923237516,3,0,V1_03_difficult,4,OK,True,980,1403715935584058112,3.24070170112016e-11,1403715935784058112,199,True,332
,,,,448,,,INSUFFICIENT_TRACKS,16,,,,,,,,,,Raw,V1_03_difficult:1403715936084058112:1403715936284058112,,formal_public_module_evidence,,,,,,,,V1_03_difficult,,,,990,1403715936084058112,,1403715936284058112,31,False,370
,,,,448,,,INSUFFICIENT_TRACKS,16,,,,,,,,,,Global-DoF,V1_03_difficult:1403715936084058112:1403715936284058112,,formal_public_module_evidence,,,,,,,,V1_03_difficult,,,,990,1403715936084058112,,1403715936284058112,31,False,370
,,,,448,,,INSUFFICIENT_TRACKS,16,,,,,,,,,,DPR-Exact-Block,V1_03_difficult:1403715936084058112:1403715936284058112,,formal_public_module_evidence,,,,,,,,V1_03_difficult,,,,990,1403715936084058112,,1403715936284058112,31,False,370
,,,,448,,,INSUFFICIENT_TRACKS,16,,,,,,,,,,DUC-K16,V1_03_difficult:1403715936084058112:1403715936284058112,,formal_public_module_evidence,,,,,,,,V1_03_difficult,,,,990,1403715936084058112,,1403715936284058112,31,False,370
,,,,448,,,INSUFFICIENT_TRACKS,16,,,,,,,,,,Permuted-K16,V1_03_difficult:1403715936084058112:1403715936284058112,,formal_public_module_evidence,,,,,,,,V1_03_difficult,,,,990,1403715936084058112,,1403715936284058112,31,False,370
,,,,448,,,INSUFFICIENT_TRACKS,48,,,,,,,,,,Raw,V1_03_difficult:1403715936084058112:1403715936284058112,,formal_public_module_evidence,,,,,,,,V1_03_difficult,,,,990,1403715936084058112,,1403715936284058112,31,False,370
,,,,448,,,INSUFFICIENT_TRACKS,48,,,,,,,,,,Global-DoF,V1_03_difficult:1403715936084058112:1403715936284058112,,formal_public_module_evidence,,,,,,,,V1_03_difficult,,,,990,1403715936084058112,,1403715936284058112,31,False,370
,,,,448,,,INSUFFICIENT_TRACKS,48,,,,,,,,,,DPR-Exact-Block,V1_03_difficult:1403715936084058112:1403715936284058112,,formal_public_module_evidence,,,,,,,,V1_03_difficult,,,,990,1403715936084058112,,1403715936284058112,31,False,370
,,,,448,,,INSUFFICIENT_TRACKS,48,,,,,,,,,,DUC-K16,V1_03_difficult:1403715936084058112:1403715936284058112,,formal_public_module_evidence,,,,,,,,V1_03_difficult,,,,990,1403715936084058112,,1403715936284058112,31,False,370
,,,,448,,,INSUFFICIENT_TRACKS,48,,,,,,,,,,Permuted-K16,V1_03_difficult:1403715936084058112:1403715936284058112,,formal_public_module_evidence,,,,,,,,V1_03_difficult,,,,990,1403715936084058112,,1403715936284058112,31,False,370
2.305554431994602,0.006514,0.2833333333333333,0.6666666666666666,339,0.013805776890304383,6.0,,16,2.018676050293607,0.11749798675000514,1.5025619503247813,7.584946425777688,True,0.3721133139909359,0.13846831844931684,6,0.07886014508695482,Raw,V1_03_difficult:1403715936584058112:1403715936784058112,0.038276,formal_public_module_evidence,0.020800016440154667,0.1382274256438537,0.0941332748257959,0.21867059254828453,0.8292739771815255,1,0,V1_03_difficult,4,OK,True,1000,1403715936584058112,1.2892288985204268e-10,1403715936784058112,260,True,282
2.097915067216358,0.002161,0.2833333333333333,0.6666666666666666,339,0.01699172540345155,6.0,,16,2.018676050293607,0.11749798675000514,1.5025619503247813,5.91201000582916,True,0.3721133139909359,0.13846831844931684,6,0.07886014508695482,Global-DoF,V1_03_difficult:1403715936584058112:1403715936784058112,0.038276,formal_public_module_evidence,0.020800016440154667,0.1382274256438537,0.0941332748257959,0.21867059254828453,0.8292739771815255,1,0,V1_03_difficult,4,OK,True,1000,1403715936584058112,1.2892288985204268e-10,1403715936784058112,260,True,282
2.1490980189961157,0.450378,0.2833333333333333,0.6666666666666666,339,0.016143920397279136,6.0,,16,2.018676050293607,0.11749798675000514,1.5025619503247813,6.288783829356736,True,0.3721133139909359,0.13846831844931684,6,0.07886014508695482,DPR-Exact-Block,V1_03_difficult:1403715936584058112:1403715936784058112,0.038276,formal_public_module_evidence,0.020800016440154667,0.1382274256438537,0.0941332748257959,0.21867059254828453,0.8292739771815255,1,0,V1_03_difficult,4,OK,True,1000,1403715936584058112,1.2892288985204268e-10,1403715936784058112,260,True,282
2.0731929564249345,0.184309,0.2833333333333333,0.6666666666666666,339,0.017417032302080818,6.0,,16,2.018676050293607,0.11749798675000514,1.5025619503247813,5.737737555243814,True,0.3721133139909359,0.13846831844931684,6,0.07886014508695482,DUC-K16,V1_03_difficult:1403715936584058112:1403715936784058112,0.038276,formal_public_module_evidence,0.020800016440154667,0.1382274256438537,0.0941332748257959,0.21867059254828453,0.8292739771815255,1,0,V1_03_difficult,4,OK,True,1000,1403715936584058112,1.2892288985204268e-10,1403715936784058112,260,True,282
2.0470113125605396,0.069823,0.2833333333333333,0.6666666666666666,339,0.017879060779264485,6.0,,16,2.018676050293607,0.11749798675000514,1.5025619503247813,5.5584719624000165,True,0.3721133139909359,0.13846831844931684,6,0.07886014508695482,Permuted-K16,V1_03_difficult:1403715936584058112:1403715936784058112,0.038276,formal_public_module_evidence,0.020800016440154667,0.1382274256438537,0.0941332748257959,0.21867059254828453,0.8292739771815255,1,0,V1_03_difficult,4,OK,True,1000,1403715936584058112,1.2892288985204268e-10,1403715936784058112,260,True,282
0.31115531780565153,0.006117,0.033333333333333326,0.9166666666666666,339,0.21001650753835063,5.999999999999999,,48,1.6334280169220006,0.4582755803426041,1.5037590015759845,1.0099080035761228,True,0.3922475117511412,0.15385811047496167,6,0.017352837984765945,Raw,V1_03_difficult:1403715936584058112:1403715936784058112,0.038987,formal_public_module_evidence,0.01035547028616568,0.04434862305471306,0.05787541633231299,0.47196236203474407,1.2295608695103755,3,0,V1_03_difficult,4,OK,True,1000,1403715936584058112,4.438299476917423e-11,1403715936784058112,260,True,282
0.3756938389432229,0.001987,0.033333333333333326,0.9166666666666666,339,0.22401760804090737,5.999999999999999,,48,1.6334280169220006,0.4582755803426041,1.5037590015759845,1.028659019638984,True,0.3922475117511412,0.15385811047496167,6,0.017352837984765945,Global-DoF,V1_03_difficult:1403715936584058112:1403715936784058112,0.038987,formal_public_module_evidence,0.01035547028616568,0.04434862305471306,0.05787541633231299,0.47196236203474407,1.2295608695103755,3,0,V1_03_difficult,4,OK,True,1000,1403715936584058112,4.438299476917423e-11,1403715936784058112,260,True,282
0.3548905692834142,1.282338,0.033333333333333326,0.9166666666666666,339,0.21940544965436756,5.999999999999999,,48,1.6334280169220006,0.4582755803426041,1.5037590015759845,1.0222933511778964,True,0.3922475117511412,0.15385811047496167,6,0.017352837984765945,DPR-Exact-Block,V1_03_difficult:1403715936584058112:1403715936784058112,0.038987,formal_public_module_evidence,0.01035547028616568,0.04434862305471306,0.05787541633231299,0.47196236203474407,1.2295608695103755,3,0,V1_03_difficult,4,OK,True,1000,1403715936584058112,4.438299476917423e-11,1403715936784058112,260,True,282
0.337385406049919,0.314582,0.033333333333333326,0.9166666666666666,339,0.2155981424335406,5.999999999999999,,48,1.6334280169220006,0.4582755803426041,1.5037590015759845,1.0171717587561824,True,0.3922475117511412,0.15385811047496167,6,0.017352837984765945,DUC-K16,V1_03_difficult:1403715936584058112:1403715936784058112,0.038987,formal_public_module_evidence,0.01035547028616568,0.04434862305471306,0.05787541633231299,0.47196236203474407,1.2295608695103755,3,0,V1_03_difficult,4,OK,True,1000,1403715936584058112,4.438299476917423e-11,1403715936784058112,260,True,282
0.4856195368074371,0.110148,0.033333333333333326,0.9166666666666666,339,0.2500473635093107,5.999999999999999,,48,1.6334280169220006,0.4582755803426041,1.5037590015759845,1.0670880092070556,True,0.3922475117511412,0.15385811047496167,6,0.017352837984765945,Permuted-K16,V1_03_difficult:1403715936584058112:1403715936784058112,0.038987,formal_public_module_evidence,0.01035547028616568,0.04434862305471306,0.05787541633231299,0.47196236203474407,1.2295608695103755,3,0,V1_03_difficult,4,OK,True,1000,1403715936584058112,4.438299476917423e-11,1403715936784058112,260,True,282
0.5674165990675157,0.006528,0.050000000000000044,1.0,326,4.890189494745666,5.999999999999999,,16,1.6755082220206492,2.2113772845775697,1.6668018018063733,3.9920964270455763,True,1.6651367090096756,2.772680259691573,6,0.09231523973899358,Raw,V1_03_difficult:1403715937084058112:1403715937284058112,0.040647,formal_public_module_evidence,0.025039993297002128,0.06333757766539422,0.09038708057621456,0.2561305003109041,0.6313304164983222,0,0,V1_03_difficult,5,OK,True,1010,1403715937084058112,9.656779075474206e-10,1403715937284058112,115,True,284
0.7750559638457603,0.002048,0.050000000000000044,1.0,326,6.018694762763896,5.999999999999999,,16,1.6755082220206492,2.2113772845775697,1.6668018018063733,4.093425484370345,True,1.6651367090096756,2.772680259691573,6,0.09231523973899358,Global-DoF,V1_03_difficult:1403715937084058112:1403715937284058112,0.040647,formal_public_module_evidence,0.025039993297002128,0.06333757766539422,0.09038708057621456,0.2561305003109041,0.6313304164983222,0,0,V1_03_difficult,5,OK,True,1010,1403715937084058112,9.656779075474206e-10,1403715937284058112,115,True,284
0.8937067473668536,0.451082,0.050000000000000044,1.0,326,6.776909706313942,5.999999999999999,,16,1.6755082220206492,2.2113772845775697,1.6668018018063733,4.160534642266028,True,1.6651367090096756,2.772680259691573,6,0.09231523973899358,DPR-Exact-Block,V1_03_difficult:1403715937084058112:1403715937284058112,0.040647,formal_public_module_evidence,0.025039993297002128,0.06333757766539422,0.09038708057621456,0.2561305003109041,0.6313304164983222,0,0,V1_03_difficult,5,OK,True,1010,1403715937084058112,9.656779075474206e-10,1403715937284058112,115,True,284
0.7968486063756786,0.179658,0.050000000000000044,1.0,326,6.151297662086058,5.999999999999999,,16,1.6755082220206492,2.2113772845775697,1.6668018018063733,4.105287338037091,True,1.6651367090096756,2.772680259691573,6,0.09231523973899358,DUC-K16,V1_03_difficult:1403715937084058112:1403715937284058112,0.040647,formal_public_module_evidence,0.025039993297002128,0.06333757766539422,0.09038708057621456,0.2561305003109041,0.6313304164983222,0,0,V1_03_difficult,5,OK,True,1010,1403715937084058112,9.656779075474206e-10,1403715937284058112,115,True,284
0.7612690436979984,0.069305,0.050000000000000044,1.0,326,5.93628489318404,5.999999999999999,,16,1.6755082220206492,2.2113772845775697,1.6668018018063733,4.08603387955804,True,1.6651367090096756,2.772680259691573,6,0.09231523973899358,Permuted-K16,V1_03_difficult:1403715937084058112:1403715937284058112,0.040647,formal_public_module_evidence,0.025039993297002128,0.06333757766539422,0.09038708057621456,0.2561305003109041,0.6313304164983222,0,0,V1_03_difficult,5,OK,True,1010,1403715937084058112,9.656779075474206e-10,1403715937284058112,115,True,284
0.3597247613461195,0.006161,0.050000000000000044,1.0,326,11.033316554210401,6.0,,48,0.5443387397022571,3.321643652502538,1.688524812961492,4.93666491934965,True,2.774851842826309,7.699802749636564,6,0.30501250683776426,Raw,V1_03_difficult:1403715937084058112:1403715937284058112,0.038822,formal_public_module_evidence,0.011056387921541622,0.043723868168313584,0.056466570653293385,0.5524215310354175,1.189209102518603,6,0,V1_03_difficult,6,OK,True,1010,1403715937084058112,2.791234930579695e-08,1403715937284058112,115,True,284
0.4242632824836907,0.00209,0.050000000000000044,1.0,326,11.768870991157762,6.0,,48,0.5443387397022571,3.321643652502538,1.688524812961492,4.957586666737659,True,2.774851842826309,7.699802749636564,6,0.30501250683776426,Global-DoF,V1_03_difficult:1403715937084058112:1403715937284058112,0.038822,formal_public_module_evidence,0.011056387921541622,0.043723868168313584,0.056466570653293385,0.5524215310354175,1.189209102518603,6,0,V1_03_difficult,6,OK,True,1010,1403715937084058112,2.791234930579695e-08,1403715937284058112,115,True,284
0.7871571207892374,1.246613,0.050000000000000044,1.0,326,16.917554868044856,6.0,,48,0.5443387397022571,3.321643652502538,1.688524812961492,5.121365755732966,True,2.774851842826309,7.699802749636564,6,0.30501250683776426,DPR-Exact-Block,V1_03_difficult:1403715937084058112:1403715937284058112,0.038822,formal_public_module_evidence,0.011056387921541622,0.043723868168313584,0.056466570653293385,0.5524215310354175,1.189209102518603,6,0,V1_03_difficult,6,OK,True,1010,1403715937084058112,2.791234930579695e-08,1403715937284058112,115,True,284
1.0533697453016975,0.311581,0.050000000000000044,1.0,326,22.077620687912642,6.0,,48,0.5443387397022571,3.321643652502538,1.688524812961492,5.2812020559113115,True,2.774851842826309,7.699802749636564,6,0.30501250683776426,DUC-K16,V1_03_difficult:1403715937084058112:1403715937284058112,0.038822,formal_public_module_evidence,0.011056387921541622,0.043723868168313584,0.056466570653293385,0.5524215310354175,1.189209102518603,6,0,V1_03_difficult,6,OK,True,1010,1403715937084058112,2.791234930579695e-08,1403715937284058112,115,True,284
0.42195001066527915,0.105623,0.050000000000000044,1.0,326,11.741677858239795,6.0,,48,0.5443387397022571,3.321643652502538,1.688524812961492,4.956788608596984,True,2.774851842826309,7.699802749636564,6,0.30501250683776426,Permuted-K16,V1_03_difficult:1403715937084058112:1403715937284058112,0.038822,formal_public_module_evidence,0.011056387921541622,0.043723868168313584,0.056466570653293385,0.5524215310354175,1.189209102518603,6,0,V1_03_difficult,6,OK,True,1010,1403715937084058112,2.791234930579695e-08,1403715937284058112,115,True,284
1.061961541480009,0.00634,0.033333333333333326,0.9166666666666666,471,1.6071609135953135,5.999999999999999,,16,1.733893435884597,1.2677385036336608,1.7364606602683414,5.204384563255349,True,2.1559153248107714,4.647970887753933,6,0.03880397262818991,Raw,V1_03_difficult:1403715937584058112:1403715937784058112,0.038175,formal_public_module_evidence,0.03024877271035603,0.10539076679476261,0.11100055028446792,0.3736003099716148,0.634805668552,1,0,V1_03_difficult,4,OK,True,1020,1403715937584058112,3.761044862927568e-09,1403715937784058112,97,True,371
0.8543221767017646,0.002055,0.033333333333333326,0.9166666666666666,471,1.9780442013480781,5.999999999999999,,16,1.733893435884597,1.2677385036336608,1.7364606602683414,4.86976675012334,True,2.1559153248107714,4.647970887753933,6,0.03880397262818991,Global-DoF,V1_03_difficult:1403715937584058112:1403715937784058112,0.038175,formal_public_module_evidence,0.03024877271035603,0.10539076679476261,0.11100055028446792,0.3736003099716148,0.634805668552,1,0,V1_03_difficult,4,OK,True,1020,1403715937584058112,3.761044862927568e-09,1403715937784058112,97,True,371
0.8514245631117057,0.456023,0.033333333333333326,0.9166666666666666,471,1.9837841211263103,5.999999999999999,,16,1.733893435884597,1.2677385036336608,1.7364606602683414,4.865865461105334,True,2.1559153248107714,4.647970887753933,6,0.03880397262818991,DPR-Exact-Block,V1_03_difficult:1403715937584058112:1403715937784058112,0.038175,formal_public_module_evidence,0.03024877271035603,0.10539076679476261,0.11100055028446792,0.3736003099716148,0.634805668552,1,0,V1_03_difficult,4,OK,True,1020,1403715937584058112,3.761044862927568e-09,1403715937784058112,97,True,371
0.8133545380651707,0.17734,0.033333333333333326,0.9166666666666666,471,2.0607628258627333,5.999999999999999,,16,1.733893435884597,1.2677385036336608,1.7364606602683414,4.816414625991982,True,2.1559153248107714,4.647970887753933,6,0.03880397262818991,DUC-K16,V1_03_difficult:1403715937584058112:1403715937784058112,0.038175,formal_public_module_evidence,0.03024877271035603,0.10539076679476261,0.11100055028446792,0.3736003099716148,0.634805668552,1,0,V1_03_difficult,4,OK,True,1020,1403715937584058112,3.761044862927568e-09,1403715937784058112,97,True,371
0.6951550219867988,0.071524,0.033333333333333326,0.9166666666666666,471,2.3193239309827423,5.999999999999999,,16,1.733893435884597,1.2677385036336608,1.7364606602683414,4.683172517540943,True,2.1559153248107714,4.647970887753933,6,0.03880397262818991,Permuted-K16,V1_03_difficult:1403715937584058112:1403715937784058112,0.038175,formal_public_module_evidence,0.03024877271035603,0.10539076679476261,0.11100055028446792,0.3736003099716148,0.634805668552,1,0,V1_03_difficult,4,OK,True,1020,1403715937584058112,3.761044862927568e-09,1403715937784058112,97,True,371
1.0342604785290475,0.006352,0.033333333333333326,0.9166666666666666,471,1.5188212510543184,6.0,,48,1.7348261106433633,1.2324046620547646,1.7375891079104848,5.0688367813997095,True,2.066998406767881,4.272482413580959,6,0.008837711646161983,Raw,V1_03_difficult:1403715937584058112:1403715937784058112,0.038977,formal_public_module_evidence,0.015790341714692624,0.03699719446783954,0.059097673040420996,0.4673668840609383,1.0,5,0,V1_03_difficult,4,OK,True,1020,1403715937584058112,1.0479093068416896e-11,1403715937784058112,97,True,371
0.9697219573914764,0.002013,0.033333333333333326,0.9166666666666666,471,1.6200760011246063,6.0,,48,1.7348261106433633,1.2324046620547646,1.7375891079104848,4.9575612291804285,True,2.066998406767881,4.272482413580959,6,0.008837711646161983,Global-DoF,V1_03_difficult:1403715937584058112:1403715937784058112,0.038977,formal_public_module_evidence,0.015790341714692624,0.03699719446783954,0.059097673040420996,0.4673668840609383,1.0,5,0,V1_03_difficult,4,OK,True,1020,1403715937584058112,1.0479093068416896e-11,1403715937784058112,97,True,371
0.9751281073368079,1.280586,0.033333333333333326,0.9166666666666666,471,1.6113412592755647,6.0,,48,1.7348261106433633,1.2324046620547646,1.7375891079104848,4.966450845591484,True,2.066998406767881,4.272482413580959,6,0.008837711646161983,DPR-Exact-Block,V1_03_difficult:1403715937584058112:1403715937784058112,0.038977,formal_public_module_evidence,0.015790341714692624,0.03699719446783954,0.059097673040420996,0.4673668840609383,1.0,5,0,V1_03_difficult,4,OK,True,1020,1403715937584058112,1.0479093068416896e-11,1403715937784058112,97,True,371
0.9840051031827626,0.317288,0.033333333333333326,0.9166666666666666,471,1.5971006898625237,6.0,,48,1.7348261106433633,1.2324046620547646,1.7375891079104848,4.9812160457724906,True,2.066998406767881,4.272482413580959,6,0.008837711646161983,DUC-K16,V1_03_difficult:1403715937584058112:1403715937784058112,0.038977,formal_public_module_evidence,0.015790341714692624,0.03699719446783954,0.059097673040420996,0.4673668840609383,1.0,5,0,V1_03_difficult,4,OK,True,1020,1403715937584058112,1.0479093068416896e-11,1403715937784058112,97,True,371
0.9557352092707658,0.106478,0.033333333333333326,0.9166666666666666,471,1.642894804515807,6.0,,48,1.7348261106433633,1.2324046620547646,1.7375891079104848,4.9349187290774355,True,2.066998406767881,4.272482413580959,6,0.008837711646161983,Permuted-K16,V1_03_difficult:1403715937584058112:1403715937784058112,0.038977,formal_public_module_evidence,0.015790341714692624,0.03699719446783954,0.059097673040420996,0.4673668840609383,1.0,5,0,V1_03_difficult,4,OK,True,1020,1403715937584058112,1.0479093068416896e-11,1403715937784058112,97,True,371
0.7061960314566096,0.006394,0.24166666666666659,0.7083333333333334,433,0.09752619559545393,6.0,,16,1.7513013168072775,0.31229184362620477,1.7358631574890842,1.536511519464459,True,0.444538276481114,0.19761427925679934,6,0.03174024715254187,Raw,V1_03_difficult:1403715938084058112:1403715938284058112,0.037463,formal_public_module_evidence,0.01957233642192535,0.06606397734541664,0.08328681450002967,0.222832843586028,0.752032677063715,0,0,V1_03_difficult,4,OK,True,1030,1403715938084058112,3.560399692126647e-10,1403715938284058112,300,True,340
0.49855666667836496,0.001963,0.15833333333333333,0.7916666666666666,433,0.12003224073286639,6.0,,16,1.7513013168072775,0.31229184362620477,1.7358631574890842,1.364225499740398,True,0.444538276481114,0.19761427925679934,6,0.03174024715254187,Global-DoF,V1_03_difficult:1403715938084058112:1403715938284058112,0.037463,formal_public_module_evidence,0.01957233642192535,0.06606397734541664,0.08328681450002967,0.222832843586028,0.752032677063715,0,0,V1_03_difficult,4,OK,True,1030,1403715938084058112,3.560399692126647e-10,1403715938284058112,300,True,340
0.5047272576039661,0.484163,0.15833333333333333,0.7916666666666666,433,0.11929385136969237,6.0,,16,1.7513013168072775,0.31229184362620477,1.7358631574890842,1.3682452278559405,True,0.444538276481114,0.19761427925679934,6,0.03174024715254187,DPR-Exact-Block,V1_03_difficult:1403715938084058112:1403715938284058112,0.037463,formal_public_module_evidence,0.01957233642192535,0.06606397734541664,0.08328681450002967,0.222832843586028,0.752032677063715,0,0,V1_03_difficult,4,OK,True,1030,1403715938084058112,3.560399692126647e-10,1403715938284058112,300,True,340
0.47348032072157664,0.182013,0.11666666666666659,0.8333333333333334,433,0.12308026769594499,6.0,,16,1.7513013168072775,0.31229184362620477,1.7358631574890842,1.3485309003382782,True,0.444538276481114,0.19761427925679934,6,0.03174024715254187,DUC-K16,V1_03_difficult:1403715938084058112:1403715938284058112,0.037463,formal_public_module_evidence,0.01957233642192535,0.06606397734541664,0.08328681450002967,0.222832843586028,0.752032677063715,0,0,V1_03_difficult,4,OK,True,1030,1403715938084058112,3.560399692126647e-10,1403715938284058112,300,True,340
0.38977186081667564,0.071164,0.11666666666666659,0.8333333333333334,433,0.13382663388637278,6.0,,16,1.7513013168072775,0.31229184362620477,1.7358631574890842,1.3033108478829512,True,0.444538276481114,0.19761427925679934,6,0.03174024715254187,Permuted-K16,V1_03_difficult:1403715938084058112:1403715938284058112,0.037463,formal_public_module_evidence,0.01957233642192535,0.06606397734541664,0.08328681450002967,0.222832843586028,0.752032677063715,0,0,V1_03_difficult,4,OK,True,1030,1403715938084058112,3.560399692126647e-10,1403715938284058112,300,True,340
0.21528896679950527,0.006604,0.050000000000000044,1.0,433,0.30118393199214727,6.000000000000002,,48,1.7500311256930123,0.5488022703963125,1.7340376655396519,1.4441513454396298,True,0.49279522863670056,0.24284713736709795,6,0.0021336446066583248,Raw,V1_03_difficult:1403715938084058112:1403715938284058112,0.039571,formal_public_module_evidence,0.011711276273376814,0.04039127506843715,0.05519248534163395,0.38845291895466827,1.577801575736678,2,0,V1_03_difficult,4,OK,True,1030,1403715938084058112,1.9887888448110648e-11,1403715938284058112,300,True,340
0.2798274879370763,0.001968,0.050000000000000044,1.0,433,0.32126286079162375,6.000000000000002,,48,1.7500311256930123,0.5488022703963125,1.7340376655396519,1.4582955909428705,True,0.49279522863670056,0.24284713736709795,6,0.0021336446066583248,Global-DoF,V1_03_difficult:1403715938084058112:1403715938284058112,0.039571,formal_public_module_evidence,0.011711276273376814,0.04039127506843715,0.05519248534163395,0.38845291895466827,1.577801575736678,2,0,V1_03_difficult,4,OK,True,1030,1403715938084058112,1.9887888448110648e-11,1403715938284058112,300,True,340
0.27875183126163317,1.285254,0.050000000000000044,1.0,433,0.32091747804077375,6.000000000000002,,48,1.7500311256930123,0.5488022703963125,1.7340376655396519,1.4580334758195395,True,0.49279522863670056,0.24284713736709795,6,0.0021336446066583248,DPR-Exact-Block,V1_03_difficult:1403715938084058112:1403715938284058112,0.039571,formal_public_module_evidence,0.011711276273376814,0.04039127506843715,0.05519248534163395,0.38845291895466827,1.577801575736678,2,0,V1_03_difficult,4,OK,True,1030,1403715938084058112,1.9887888448110648e-11,1403715938284058112,300,True,340
0.2766159071923685,0.314261,0.050000000000000044,1.0,433,0.32023275419456965,6.000000000000002,,48,1.7500311256930123,0.5488022703963125,1.7340376655396519,1.457515591997872,True,0.49279522863670056,0.24284713736709795,6,0.0021336446066583248,DUC-K16,V1_03_difficult:1403715938084058112:1403715938284058112,0.039571,formal_public_module_evidence,0.011711276273376814,0.04039127506843715,0.05519248534163395,0.38845291895466827,1.577801575736678,2,0,V1_03_difficult,4,OK,True,1030,1403715938084058112,1.9887888448110648e-11,1403715938284058112,300,True,340
0.29855617740404056,0.106417,0.050000000000000044,1.0,433,0.3273363902420252,6.000000000000002,,48,1.7500311256930123,0.5488022703963125,1.7340376655396519,1.4629987491984815,True,0.49279522863670056,0.24284713736709795,6,0.0021336446066583248,Permuted-K16,V1_03_difficult:1403715938084058112:1403715938284058112,0.039571,formal_public_module_evidence,0.011711276273376814,0.04039127506843715,0.05519248534163395,0.38845291895466827,1.577801575736678,2,0,V1_03_difficult,4,OK,True,1030,1403715938084058112,1.9887888448110648e-11,1403715938284058112,300,True,340
1.4000977875511575,0.006719,0.2833333333333333,0.6666666666666666,771,0.47197161946766697,6.0,,16,1.7320574595401281,0.6870019064512608,2.131029659695323,5.142637177266772,True,1.3835195929963995,1.914126464204923,6,0.0020330474563060585,Raw,V1_03_difficult:1403715938584058112:1403715938784058112,0.038115,formal_public_module_evidence,0.02327497002449913,0.05889874728311506,0.08984164080748122,0.16539206766411313,0.7012679601546474,0,0,V1_03_difficult,4,OK,True,1040,1403715938584058112,4.1615399279670897e-10,1403715938784058112,400,True,669
1.192458422772913,0.002182,0.24166666666666659,0.7083333333333334,771,0.5808881470371287,6.0,,16,1.7320574595401281,0.6870019064512608,2.131029659695323,4.589852191862218,True,1.3835195929963995,1.914126464204923,6,0.0020330474563060585,Global-DoF,V1_03_difficult:1403715938584058112:1403715938784058112,0.038115,formal_public_module_evidence,0.02327497002449913,0.05889874728311506,0.08984164080748122,0.16539206766411313,0.7012679601546474,0,0,V1_03_difficult,4,OK,True,1040,1403715938584058112,4.1615399279670897e-10,1403715938784058112,400,True,669
1.1237703471679032,0.448603,0.24166666666666659,0.7083333333333334,771,0.6221904875375465,6.0,,16,1.7320574595401281,0.6870019064512608,2.131029659695323,4.439799662648769,True,1.3835195929963995,1.914126464204923,6,0.0020330474563060585,DPR-Exact-Block,V1_03_difficult:1403715938584058112:1403715938784058112,0.038115,formal_public_module_evidence,0.02327497002449913,0.05889874728311506,0.08984164080748122,0.16539206766411313,0.7012679601546474,0,0,V1_03_difficult,4,OK,True,1040,1403715938584058112,4.1615399279670897e-10,1403715938784058112,400,True,669
1.12580546407052,0.176611,0.24166666666666659,0.7083333333333334,771,0.6209255447495204,6.0,,16,1.7320574595401281,0.6870019064512608,2.131029659695323,4.444031818806515,True,1.3835195929963995,1.914126464204923,6,0.0020330474563060585,DUC-K16,V1_03_difficult:1403715938584058112:1403715938784058112,0.038115,formal_public_module_evidence,0.02327497002449913,0.05889874728311506,0.08984164080748122,0.16539206766411313,0.7012679601546474,0,0,V1_03_difficult,4,OK,True,1040,1403715938584058112,4.1615399279670897e-10,1403715938784058112,400,True,669
1.1803739745293373,0.068796,0.24166666666666659,0.7083333333333334,771,0.5879504458330745,6.0,,16,1.7320574595401281,0.6870019064512608,2.131029659695323,4.562355939532619,True,1.3835195929963995,1.914126464204923,6,0.0020330474563060585,Permuted-K16,V1_03_difficult:1403715938584058112:1403715938784058112,0.038115,formal_public_module_evidence,0.02327497002449913,0.05889874728311506,0.08984164080748122,0.16539206766411313,0.7012679601546474,0,0,V1_03_difficult,4,OK,True,1040,1403715938584058112,4.1615399279670897e-10,1403715938784058112,400,True,669
0.9080725129916758,0.006255,0.19999999999999996,0.75,771,0.7557064667026209,5.999999999999998,,48,1.5545610466130997,0.8693137907008153,2.1409914041004203,4.037313462551257,True,1.3688693835223262,1.8738033891447934,6,0.04028068226503767,Raw,V1_03_difficult:1403715938584058112:1403715938784058112,0.03886,formal_public_module_evidence,0.015631507924864063,0.05239888345580512,0.06844955865531752,0.5639227292918487,1.0594838168900207,6,0,V1_03_difficult,4,OK,True,1040,1403715938584058112,9.606364417079928e-11,1403715938784058112,400,True,669
0.8435339918541047,0.002087,0.15833333333333333,0.7916666666666666,771,0.8060868978161289,5.999999999999998,,48,1.5545610466130997,0.8693137907008153,2.1409914041004203,3.946880818320153,True,1.3688693835223262,1.8738033891447934,6,0.04028068226503767,Global-DoF,V1_03_difficult:1403715938584058112:1403715938784058112,0.03886,formal_public_module_evidence,0.015631507924864063,0.05239888345580512,0.06844955865531752,0.5639227292918487,1.0594838168900207,6,0,V1_03_difficult,4,OK,True,1040,1403715938584058112,9.606364417079928e-11,1403715938784058112,400,True,669
0.7788237190961312,1.282625,0.15833333333333333,0.7916666666666666,771,0.8599737135327143,5.999999999999998,,48,1.5545610466130997,0.8693137907008153,2.1409914041004203,3.8659313604690113,True,1.3688693835223262,1.8738033891447934,6,0.04028068226503767,DPR-Exact-Block,V1_03_difficult:1403715938584058112:1403715938784058112,0.03886,formal_public_module_evidence,0.015631507924864063,0.05239888345580512,0.06844955865531752,0.5639227292918487,1.0594838168900207,6,0,V1_03_difficult,4,OK,True,1040,1403715938584058112,9.606364417079928e-11,1403715938784058112,400,True,669
0.7393331555624337,0.314778,0.15833333333333333,0.7916666666666666,771,0.8946140414438101,5.999999999999998,,48,1.5545610466130997,0.8693137907008153,2.1409914041004203,3.821052491545022,True,1.3688693835223262,1.8738033891447934,6,0.04028068226503767,DUC-K16,V1_03_difficult:1403715938584058112:1403715938784058112,0.03886,formal_public_module_evidence,0.015631507924864063,0.05239888345580512,0.06844955865531752,0.5639227292918487,1.0594838168900207,6,0,V1_03_difficult,4,OK,True,1040,1403715938584058112,9.606364417079928e-11,1403715938784058112,400,True,669
0.8269093220636332,0.103953,0.15833333333333333,0.7916666666666666,771,0.8195998391850975,5.999999999999998,,48,1.5545610466130997,0.8693137907008153,2.1409914041004203,3.9251797801604535,True,1.3688693835223262,1.8738033891447934,6,0.04028068226503767,Permuted-K16,V1_03_difficult:1403715938584058112:1403715938784058112,0.03886,formal_public_module_evidence,0.015631507924864063,0.05239888345580512,0.06844955865531752,0.5639227292918487,1.0594838168900207,6,0,V1_03_difficult,4,OK,True,1040,1403715938584058112,9.606364417079928e-11,1403715938784058112,400,True,669
0.764228935831895,0.006472,0.24166666666666659,0.7083333333333334,624,0.3006154105232225,6.000000000000002,,16,2.1792053995075853,0.5482840600666979,2.105743308691049,2.7832915300738237,True,0.8034443942373531,0.6455228946314274,6,0.2824003943327902,Raw,V1_03_difficult:1403715939084058112:1403715939284058112,0.038112,formal_public_module_evidence,0.04049463261229058,0.14082680372105538,0.13142244739506687,0.4085652766508747,1.2869427054579123,0,0,V1_03_difficult,5,OK,True,1050,1403715939084058112,1.029328715779173e-09,1403715939284058112,427,True,548
0.5565895710536506,0.002053,0.19999999999999996,0.75,624,0.36998819756704304,6.000000000000002,,16,2.1792053995075853,0.5482840600666979,2.105743308691049,2.588305019709042,True,0.8034443942373531,0.6455228946314274,6,0.2824003943327902,Global-DoF,V1_03_difficult:1403715939084058112:1403715939284058112,0.038112,formal_public_module_evidence,0.04049463261229058,0.14082680372105538,0.13142244739506687,0.4085652766508747,1.2869427054579123,0,0,V1_03_difficult,5,OK,True,1050,1403715939084058112,1.029328715779173e-09,1403715939284058112,427,True,548
0.4020160754041566,0.451413,0.15833333333333333,0.7916666666666666,624,0.4318354454256116,6.000000000000002,,16,2.1792053995075853,0.5482840600666979,2.105743308691049,2.4930017523042522,True,0.8034443942373531,0.6455228946314274,6,0.2824003943327902,DPR-Exact-Block,V1_03_difficult:1403715939084058112:1403715939284058112,0.038112,formal_public_module_evidence,0.04049463261229058,0.14082680372105538,0.13142244739506687,0.4085652766508747,1.2869427054579123,0,0,V1_03_difficult,5,OK,True,1050,1403715939084058112,1.029328715779173e-09,1403715939284058112,427,True,548
0.15328244559506032,0.179764,0.07499999999999996,0.875,624,0.5537859455006804,6.000000000000002,,16,2.1792053995075853,0.5482840600666979,2.105743308691049,2.4125541858842805,True,0.8034443942373531,0.6455228946314274,6,0.2824003943327902,DUC-K16,V1_03_difficult:1403715939084058112:1403715939284058112,0.038112,formal_public_module_evidence,0.04049463261229058,0.14082680372105538,0.13142244739506687,0.4085652766508747,1.2869427054579123,0,0,V1_03_difficult,5,OK,True,1050,1403715939084058112,1.029328715779173e-09,1403715939284058112,427,True,548
0.3424503627971566,0.069898,0.15833333333333333,0.7916666666666666,624,0.4583395637234222,6.000000000000002,,16,2.1792053995075853,0.5482840600666979,2.105743308691049,2.4661265455122576,True,0.8034443942373531,0.6455228946314274,6,0.2824003943327902,Permuted-K16,V1_03_difficult:1403715939084058112:1403715939284058112,0.038112,formal_public_module_evidence,0.04049463261229058,0.14082680372105538,0.13142244739506687,0.4085652766508747,1.2869427054579123,0,0,V1_03_difficult,5,OK,True,1050,1403715939084058112,1.029328715779173e-09,1403715939284058112,427,True,548
0.3014724794094587,0.006576,0.008333333333333415,0.9583333333333334,624,0.4431331638209423,6.0,,48,1.939888069196625,0.665682479731097,2.110013860271794,1.7637202916661323,True,0.5725365407277848,0.3277980904685384,6,0.0349204126684326,Raw,V1_03_difficult:1403715939084058112:1403715939284058112,0.038598,formal_public_module_evidence,0.012177296504860435,0.060050636768568436,0.06939300235156111,0.7480761411601232,1.4465038642056522,6,0,V1_03_difficult,4,OK,True,1050,1403715939084058112,4.144562906816267e-10,1403715939284058112,427,True,548
0.3660110005470297,0.001975,0.008333333333333415,0.9583333333333334,624,0.47267537474233834,6.0,,48,1.939888069196625,0.665682479731097,2.110013860271794,1.7820258013142674,True,0.5725365407277848,0.3277980904685384,6,0.0349204126684326,Global-DoF,V1_03_difficult:1403715939084058112:1403715939284058112,0.038598,formal_public_module_evidence,0.012177296504860435,0.060050636768568436,0.06939300235156111,0.7480761411601232,1.4465038642056522,6,0,V1_03_difficult,4,OK,True,1050,1403715939084058112,4.144562906816267e-10,1403715939284058112,427,True,548
0.41515189948884546,1.255179,0.008333333333333415,0.9583333333333334,624,0.49648324688419976,6.0,,48,1.939888069196625,0.665682479731097,2.110013860271794,1.797911510886206,True,0.5725365407277848,0.3277980904685384,6,0.0349204126684326,DPR-Exact-Block,V1_03_difficult:1403715939084058112:1403715939284058112,0.038598,formal_public_module_evidence,0.012177296504860435,0.060050636768568436,0.06939300235156111,0.7480761411601232,1.4465038642056522,6,0,V1_03_difficult,4,OK,True,1050,1403715939084058112,4.144562906816267e-10,1403715939284058112,427,True,548
0.4494764272770021,0.314911,0.008333333333333415,0.9583333333333334,624,0.5138206467483594,6.0,,48,1.939888069196625,0.665682479731097,2.110013860271794,1.8099581394433273,True,0.5725365407277848,0.3277980904685384,6,0.0349204126684326,DUC-K16,V1_03_difficult:1403715939084058112:1403715939284058112,0.038598,formal_public_module_evidence,0.012177296504860435,0.060050636768568436,0.06939300235156111,0.7480761411601232,1.4465038642056522,6,0,V1_03_difficult,4,OK,True,1050,1403715939084058112,4.144562906816267e-10,1403715939284058112,427,True,548
0.39116365435908373,0.10469,0.008333333333333415,0.9583333333333334,624,0.48471519679800507,6.0,,48,1.939888069196625,0.665682479731097,2.110013860271794,1.7899527553203065,True,0.5725365407277848,0.3277980904685384,6,0.0349204126684326,Permuted-K16,V1_03_difficult:1403715939084058112:1403715939284058112,0.038598,formal_public_module_evidence,0.012177296504860435,0.060050636768568436,0.06939300235156111,0.7480761411601232,1.4465038642056522,6,0,V1_03_difficult,4,OK,True,1050,1403715939084058112,4.144562906816267e-10,1403715939284058112,427,True,548
1.6289247737110522,0.006509,0.033333333333333326,0.9166666666666666,605,1.2395552401944188,6.0,,16,2.33582207281572,1.1133531516075297,2.382391888108498,7.151019551954685,True,2.513908481242131,6.319735852061117,6,0.019177622175541087,Raw,V1_03_difficult:1403715939584058112:1403715939784058112,0.037654,formal_public_module_evidence,0.0273219707929363,0.05171701079614435,0.08801128647871992,0.22204143149615205,0.7178442079891715,0,0,V1_03_difficult,5,OK,True,1060,1403715939584058112,2.355338356890964e-09,1403715939784058112,94,True,584
1.4212854089328077,0.001968,0.033333333333333326,0.9166666666666666,605,1.5256064494700539,6.0,,16,2.33582207281572,1.1133531516075297,2.382391888108498,6.402710820320862,True,2.513908481242131,6.319735852061117,6,0.019177622175541087,Global-DoF,V1_03_difficult:1403715939584058112:1403715939784058112,0.037654,formal_public_module_evidence,0.0273219707929363,0.05171701079614435,0.08801128647871992,0.22204143149615205,0.7178442079891715,0,0,V1_03_difficult,5,OK,True,1060,1403715939584058112,2.355338356890964e-09,1403715939784058112,94,True,584
1.4320462767740938,0.451913,0.033333333333333326,0.9166666666666666,605,1.5092776138782884,6.0,,16,2.33582207281572,1.1133531516075297,2.382391888108498,6.436766922982883,True,2.513908481242131,6.319735852061117,6,0.019177622175541087,DPR-Exact-Block,V1_03_difficult:1403715939584058112:1403715939784058112,0.037654,formal_public_module_evidence,0.0273219707929363,0.05171701079614435,0.08801128647871992,0.22204143149615205,0.7178442079891715,0,0,V1_03_difficult,5,OK,True,1060,1403715939584058112,2.355338356890964e-09,1403715939784058112,94,True,584
1.4130502274435608,0.176573,0.033333333333333326,0.9166666666666666,605,1.5382219697152484,6.0,,16,2.33582207281572,1.1133531516075297,2.382391888108498,6.376972323885422,True,2.513908481242131,6.319735852061117,6,0.019177622175541087,DUC-K16,V1_03_difficult:1403715939584058112:1403715939784058112,0.037654,formal_public_module_evidence,0.0273219707929363,0.05171701079614435,0.08801128647871992,0.22204143149615205,0.7178442079891715,0,0,V1_03_difficult,5,OK,True,1060,1403715939584058112,2.355338356890964e-09,1403715939784058112,94,True,584
1.2427223271495593,0.070406,0.033333333333333326,0.9166666666666666,605,1.8238599092728014,6.0,,16,2.33582207281572,1.1133531516075297,2.382391888108498,5.903865742617126,True,2.513908481242131,6.319735852061117,6,0.019177622175541087,Permuted-K16,V1_03_difficult:1403715939584058112:1403715939784058112,0.037654,formal_public_module_evidence,0.0273219707929363,0.05171701079614435,0.08801128647871992,0.22204143149615205,0.7178442079891715,0,0,V1_03_difficult,5,OK,True,1060,1403715939584058112,2.355338356890964e-09,1403715939784058112,94,True,584
0.9615610797573868,0.006486,0.008333333333333415,0.9583333333333334,605,18.22228451430346,6.0,,48,2.1787984619629728,4.268756787907161,2.335945591016369,5.122817961307484,True,2.639374862462806,6.966299664600556,6,0.009746834465979015,Raw,V1_03_difficult:1403715939584058112:1403715939784058112,0.043872,formal_public_module_evidence,0.012251835780265452,0.03433081631081335,0.053884074988637655,0.44107497219713626,0.9928169557209622,1,0,V1_03_difficult,5,OK,True,1060,1403715939584058112,5.245698681250681e-09,1403715939784058112,94,True,584
1.026099600894958,0.001898,0.008333333333333415,0.9583333333333334,605,19.437103481923693,6.0,,48,2.1787984619629728,4.268756787907161,2.335945591016369,5.1634630058232975,True,2.639374862462806,6.966299664600556,6,0.009746834465979015,Global-DoF,V1_03_difficult:1403715939584058112:1403715939784058112,0.043872,formal_public_module_evidence,0.012251835780265452,0.03433081631081335,0.053884074988637655,0.44107497219713626,0.9928169557209622,1,0,V1_03_difficult,5,OK,True,1060,1403715939584058112,5.245698681250681e-09,1403715939784058112,94,True,584
1.0123761517725955,1.282251,0.008333333333333415,0.9583333333333334,605,19.1721813616095,6.0,,48,2.1787984619629728,4.268756787907161,2.335945591016369,5.154691974766145,True,2.639374862462806,6.966299664600556,6,0.009746834465979015,DPR-Exact-Block,V1_03_difficult:1403715939584058112:1403715939784058112,0.043872,formal_public_module_evidence,0.012251835780265452,0.03433081631081335,0.053884074988637655,0.44107497219713626,0.9928169557209622,1,0,V1_03_difficult,5,OK,True,1060,1403715939584058112,5.245698681250681e-09,1403715939784058112,94,True,584
1.0220757922609844,0.312303,0.008333333333333415,0.9583333333333334,605,19.359049439692836,6.0,,48,2.1787984619629728,4.268756787907161,2.335945591016369,5.160884244198801,True,2.639374862462806,6.966299664600556,6,0.009746834465979015,DUC-K16,V1_03_difficult:1403715939584058112:1403715939784058112,0.043872,formal_public_module_evidence,0.012251835780265452,0.03433081631081335,0.053884074988637655,0.44107497219713626,0.9928169557209622,1,0,V1_03_difficult,5,OK,True,1060,1403715939584058112,5.245698681250681e-09,1403715939784058112,94,True,584
0.9915814650107219,0.105608,0.008333333333333415,0.9583333333333334,605,18.777618479363117,6.0,,48,2.1787984619629728,4.268756787907161,2.335945591016369,5.14153224051675,True,2.639374862462806,6.966299664600556,6,0.009746834465979015,Permuted-K16,V1_03_difficult:1403715939584058112:1403715939784058112,0.043872,formal_public_module_evidence,0.012251835780265452,0.03433081631081335,0.053884074988637655,0.44107497219713626,0.9928169557209622,1,0,V1_03_difficult,5,OK,True,1060,1403715939584058112,5.245698681250681e-09,1403715939784058112,94,True,584
0.5336224152471265,0.006499,0.07499999999999996,0.875,668,0.518287318216701,5.999999999999999,,16,2.6850014582046686,0.7199217445088744,2.7024997030271525,2.8857492512789147,True,0.940069421827056,0.8837305178542554,6,0.017347532563138812,Raw,V1_03_difficult:1403715940084058112:1403715940284058112,0.038251,formal_public_module_evidence,0.01994900997491339,0.0685745144094928,0.08447368408491562,0.23253992533465706,0.7568523502235236,0,0,V1_03_difficult,5,OK,True,1070,1403715940084058112,2.117512354579324e-09,1403715940284058112,233,True,625
0.325983050468882,0.001963,0.033333333333333326,0.9166666666666666,668,0.6378920839590166,5.999999999999999,,16,2.6850014582046686,0.7199217445088744,2.7024997030271525,2.773682795996186,True,0.940069421827056,0.8837305178542554,6,0.017347532563138812,Global-DoF,V1_03_difficult:1403715940084058112:1403715940284058112,0.038251,formal_public_module_evidence,0.01994900997491339,0.0685745144094928,0.08447368408491562,0.23253992533465706,0.7568523502235236,0,0,V1_03_difficult,5,OK,True,1070,1403715940084058112,2.117512354579324e-09,1403715940284058112,233,True,625
0.337013448846724,0.482704,0.033333333333333326,0.9166666666666666,668,0.6308945439268856,5.999999999999999,,16,2.6850014582046686,0.7199217445088744,2.7024997030271525,2.778018412877642,True,0.940069421827056,0.8837305178542554,6,0.017347532563138812,DPR-Exact-Block,V1_03_difficult:1403715940084058112:1403715940284058112,0.038251,formal_public_module_evidence,0.01994900997491339,0.0685745144094928,0.08447368408491562,0.23253992533465706,0.7568523502235236,0,0,V1_03_difficult,5,OK,True,1070,1403715940084058112,2.117512354579324e-09,1403715940284058112,233,True,625
0.3545132129832595,0.179275,0.033333333333333326,0.9166666666666666,668,0.6199500802822073,5.999999999999999,,16,2.6850014582046686,0.7199217445088744,2.7024997030271525,2.785247323553985,True,0.940069421827056,0.8837305178542554,6,0.017347532563138812,DUC-K16,V1_03_difficult:1403715940084058112:1403715940284058112,0.038251,formal_public_module_evidence,0.01994900997491339,0.0685745144094928,0.08447368408491562,0.23253992533465706,0.7568523502235236,0,0,V1_03_difficult,5,OK,True,1070,1403715940084058112,2.117512354579324e-09,1403715940284058112,233,True,625
0.25145521175592545,0.074733,0.033333333333333326,0.9166666666666666,668,0.6872491981898075,5.999999999999999,,16,2.6850014582046686,0.7199217445088744,2.7024997030271525,2.7487140535595884,True,0.940069421827056,0.8837305178542554,6,0.017347532563138812,Permuted-K16,V1_03_difficult:1403715940084058112:1403715940284058112,0.038251,formal_public_module_evidence,0.01994900997491339,0.0685745144094928,0.08447368408491562,0.23253992533465706,0.7568523502235236,0,0,V1_03_difficult,5,OK,True,1070,1403715940084058112,2.117512354579324e-09,1403715940284058112,233,True,625
0.1888768691275631,0.006582,0.008333333333333415,0.9583333333333334,668,1.6879580342085738,6.0,,48,2.5675373565103468,1.299214391164358,2.70911021377436,3.189285040068095,True,1.1821340626655643,1.3974409421141925,6,0.09774246142507492,Raw,V1_03_difficult:1403715940084058112:1403715940284058112,0.037935,formal_public_module_evidence,0.012770611996335057,0.034423680311389315,0.05361219660764022,0.514604165260945,1.0,5,0,V1_03_difficult,5,OK,True,1070,1403715940084058112,8.32215708417444e-10,1403715940284058112,233,True,625
0.25341539026513404,0.001967,0.008333333333333415,0.9583333333333334,668,1.8004885698224784,6.0,,48,2.5675373565103468,1.299214391164358,2.70911021377436,3.2020805337653613,True,1.1821340626655643,1.3974409421141925,6,0.09774246142507492,Global-DoF,V1_03_difficult:1403715940084058112:1403715940284058112,0.037935,formal_public_module_evidence,0.012770611996335057,0.034423680311389315,0.05361219660764022,0.514604165260945,1.0,5,0,V1_03_difficult,5,OK,True,1070,1403715940084058112,8.32215708417444e-10,1403715940284058112,233,True,625
0.4647479593481074,1.245601,0.008333333333333415,0.9583333333333334,668,2.2241851522508003,6.0,,48,2.5675373565103468,1.299214391164358,2.70911021377436,3.2655611319674507,True,1.1821340626655643,1.3974409421141925,6,0.09774246142507492,DPR-Exact-Block,V1_03_difficult:1403715940084058112:1403715940284058112,0.037935,formal_public_module_evidence,0.012770611996335057,0.034423680311389315,0.05361219660764022,0.514604165260945,1.0,5,0,V1_03_difficult,5,OK,True,1070,1403715940084058112,8.32215708417444e-10,1403715940284058112,233,True,625
0.36189267916005896,0.317761,0.008333333333333415,0.9583333333333334,668,2.006787820804702,6.0,,48,2.5675373565103468,1.299214391164358,2.70911021377436,3.2307695085159907,True,1.1821340626655643,1.3974409421141925,6,0.09774246142507492,DUC-K16,V1_03_difficult:1403715940084058112:1403715940284058112,0.037935,formal_public_module_evidence,0.012770611996335057,0.034423680311389315,0.05361219660764022,0.514604165260945,1.0,5,0,V1_03_difficult,5,OK,True,1070,1403715940084058112,8.32215708417444e-10,1403715940284058112,233,True,625
0.2578449647485175,0.106339,0.008333333333333415,0.9583333333333334,668,1.8084816579691891,6.0,,48,2.5675373565103468,1.299214391164358,2.70911021377436,3.203079717532708,True,1.1821340626655643,1.3974409421141925,6,0.09774246142507492,Permuted-K16,V1_03_difficult:1403715940084058112:1403715940284058112,0.037935,formal_public_module_evidence,0.012770611996335057,0.034423680311389315,0.05361219660764022,0.514604165260945,1.0,5,0,V1_03_difficult,5,OK,True,1070,1403715940084058112,8.32215708417444e-10,1403715940284058112,233,True,625
0.816305771076896,0.006495,0.050000000000000044,1.0,796,1.5127673862655766,6.0,,16,2.1131078444755933,1.2299460907964936,2.1862695703789057,2.6938794649399718,True,0.8177631387543772,0.6687365511054107,6,0.046538055609678386,Raw,V1_03_difficult:1403715940584058112:1403715940784058112,0.037829,formal_public_module_evidence,0.02719850956872477,0.07391162113770963,0.10255469343254563,0.3383275278031055,0.5411277247714681,0,0,V1_03_difficult,5,OK,True,1080,1403715940584058112,1.6713909514199058e-09,1403715940784058112,425,True,720
1.0239451358551404,0.002047,0.050000000000000044,1.0,796,1.8618675523268635,6.0,,16,2.1131078444755933,1.2299460907964936,2.1862695703789057,2.8186322574198814,True,0.8177631387543772,0.6687365511054107,6,0.046538055609678386,Global-DoF,V1_03_difficult:1403715940584058112:1403715940784058112,0.037829,formal_public_module_evidence,0.02719850956872477,0.07391162113770963,0.10255469343254563,0.3383275278031055,0.5411277247714681,0,0,V1_03_difficult,5,OK,True,1080,1403715940584058112,1.6713909514199058e-09,1403715940784058112,425,True,720
1.082107629797603,0.454473,0.050000000000000044,1.0,796,1.9733695997820986,6.0,,16,2.1131078444755933,1.2299460907964936,2.1862695703789057,2.8565001424617766,True,0.8177631387543772,0.6687365511054107,6,0.046538055609678386,DPR-Exact-Block,V1_03_difficult:1403715940584058112:1403715940784058112,0.037829,formal_public_module_evidence,0.02719850956872477,0.07391162113770963,0.10255469343254563,0.3383275278031055,0.5411277247714681,0,0,V1_03_difficult,5,OK,True,1080,1403715940584058112,1.6713909514199058e-09,1403715940784058112,425,True,720
1.1275952566936425,0.177906,0.050000000000000044,1.0,796,2.0652063839552066,6.0,,16,2.1131078444755933,1.2299460907964936,2.1862695703789057,2.886918234881574,True,0.8177631387543772,0.6687365511054107,6,0.046538055609678386,DUC-K16,V1_03_difficult:1403715940584058112:1403715940784058112,0.037829,formal_public_module_evidence,0.02719850956872477,0.07391162113770963,0.10255469343254563,0.3383275278031055,0.5411277247714681,0,0,V1_03_difficult,5,OK,True,1080,1403715940584058112,1.6713909514199058e-09,1403715940784058112,425,True,720
1.04849955620069,0.069845,0.050000000000000044,1.0,796,1.9081505313087483,6.0,,16,2.1131078444755933,1.2299460907964936,2.1862695703789057,2.8344747362863116,True,0.8177631387543772,0.6687365511054107,6,0.046538055609678386,Permuted-K16,V1_03_difficult:1403715940584058112:1403715940784058112,0.037829,formal_public_module_evidence,0.02719850956872477,0.07391162113770963,0.10255469343254563,0.3383275278031055,0.5411277247714681,0,0,V1_03_difficult,5,OK,True,1080,1403715940584058112,1.6713909514199058e-09,1403715940784058112,425,True,720
0.45346507020480675,0.006429,0.050000000000000044,1.0,796,1.3892655058899877,6.000000000000001,,48,2.112095755751257,1.178671076208281,2.1851172896421067,2.8020748096667787,True,0.9395587414934115,0.8827706287166831,6,0.00028203423900652336,Raw,V1_03_difficult:1403715940584058112:1403715940784058112,0.038975,formal_public_module_evidence,0.01676402154561296,0.03825773963654489,0.06722953156482428,0.526633691062534,1.4672272929212788,3,0,V1_03_difficult,5,OK,True,1080,1403715940584058112,2.525974751084749e-10,1403715940784058112,425,True,720
0.518003591342378,0.001986,0.050000000000000044,1.0,796,1.4818832062826535,6.000000000000001,,48,2.112095755751257,1.178671076208281,2.1851172896421067,2.8268994215041636,True,0.9395587414934115,0.8827706287166831,6,0.00028203423900652336,Global-DoF,V1_03_difficult:1403715940584058112:1403715940784058112,0.038975,formal_public_module_evidence,0.01676402154561296,0.03825773963654489,0.06722953156482428,0.526633691062534,1.4672272929212788,3,0,V1_03_difficult,5,OK,True,1080,1403715940584058112,2.525974751084749e-10,1403715940784058112,425,True,720
0.5601638490326062,1.2802,0.050000000000000044,1.0,796,1.5456955037292583,6.000000000000001,,48,2.112095755751257,1.178671076208281,2.1851172896421067,2.8444665191549467,True,0.9395587414934115,0.8827706287166831,6,0.00028203423900652336,DPR-Exact-Block,V1_03_difficult:1403715940584058112:1403715940784058112,0.038975,formal_public_module_evidence,0.01676402154561296,0.03825773963654489,0.06722953156482428,0.526633691062534,1.4672272929212788,3,0,V1_03_difficult,5,OK,True,1080,1403715940584058112,2.525974751084749e-10,1403715940784058112,425,True,720
0.5598817750144642,0.315618,0.050000000000000044,1.0,796,1.5452595646741283,6.000000000000001,,48,2.112095755751257,1.178671076208281,2.1851172896421067,2.8443455646976723,True,0.9395587414934115,0.8827706287166831,6,0.00028203423900652336,DUC-K16,V1_03_difficult:1403715940584058112:1403715940784058112,0.038975,formal_public_module_evidence,0.01676402154561296,0.03825773963654489,0.06722953156482428,0.526633691062534,1.4672272929212788,3,0,V1_03_difficult,5,OK,True,1080,1403715940584058112,2.525974751084749e-10,1403715940784058112,425,True,720
0.5091785975292304,0.104531,0.050000000000000044,1.0,796,1.4688631316949774,6.000000000000001,,48,2.112095755751257,1.178671076208281,2.1851172896421067,2.8233548181858743,True,0.9395587414934115,0.8827706287166831,6,0.00028203423900652336,Permuted-K16,V1_03_difficult:1403715940584058112:1403715940784058112,0.038975,formal_public_module_evidence,0.01676402154561296,0.03825773963654489,0.06722953156482428,0.526633691062534,1.4672272929212788,3,0,V1_03_difficult,5,OK,True,1080,1403715940584058112,2.525974751084749e-10,1403715940784058112,425,True,720
,,,,1200,,,INSUFFICIENT_TRACKS,16,,,,,,,,,,Raw,V1_03_difficult:1403715941084058112:1403715941284058112,,formal_public_module_evidence,,,,,,,,V1_03_difficult,,,,1090,1403715941084058112,,1403715941284058112,1,False,1105
,,,,1200,,,INSUFFICIENT_TRACKS,16,,,,,,,,,,Global-DoF,V1_03_difficult:1403715941084058112:1403715941284058112,,formal_public_module_evidence,,,,,,,,V1_03_difficult,,,,1090,1403715941084058112,,1403715941284058112,1,False,1105
,,,,1200,,,INSUFFICIENT_TRACKS,16,,,,,,,,,,DPR-Exact-Block,V1_03_difficult:1403715941084058112:1403715941284058112,,formal_public_module_evidence,,,,,,,,V1_03_difficult,,,,1090,1403715941084058112,,1403715941284058112,1,False,1105
,,,,1200,,,INSUFFICIENT_TRACKS,16,,,,,,,,,,DUC-K16,V1_03_difficult:1403715941084058112:1403715941284058112,,formal_public_module_evidence,,,,,,,,V1_03_difficult,,,,1090,1403715941084058112,,1403715941284058112,1,False,1105
,,,,1200,,,INSUFFICIENT_TRACKS,16,,,,,,,,,,Permuted-K16,V1_03_difficult:1403715941084058112:1403715941284058112,,formal_public_module_evidence,,,,,,,,V1_03_difficult,,,,1090,1403715941084058112,,1403715941284058112,1,False,1105
,,,,1200,,,INSUFFICIENT_TRACKS,48,,,,,,,,,,Raw,V1_03_difficult:1403715941084058112:1403715941284058112,,formal_public_module_evidence,,,,,,,,V1_03_difficult,,,,1090,1403715941084058112,,1403715941284058112,1,False,1105
,,,,1200,,,INSUFFICIENT_TRACKS,48,,,,,,,,,,Global-DoF,V1_03_difficult:1403715941084058112:1403715941284058112,,formal_public_module_evidence,,,,,,,,V1_03_difficult,,,,1090,1403715941084058112,,1403715941284058112,1,False,1105
,,,,1200,,,INSUFFICIENT_TRACKS,48,,,,,,,,,,DPR-Exact-Block,V1_03_difficult:1403715941084058112:1403715941284058112,,formal_public_module_evidence,,,,,,,,V1_03_difficult,,,,1090,1403715941084058112,,1403715941284058112,1,False,1105
,,,,1200,,,INSUFFICIENT_TRACKS,48,,,,,,,,,,DUC-K16,V1_03_difficult:1403715941084058112:1403715941284058112,,formal_public_module_evidence,,,,,,,,V1_03_difficult,,,,1090,1403715941084058112,,1403715941284058112,1,False,1105
,,,,1200,,,INSUFFICIENT_TRACKS,48,,,,,,,,,,Permuted-K16,V1_03_difficult:1403715941084058112:1403715941284058112,,formal_public_module_evidence,,,,,,,,V1_03_difficult,,,,1090,1403715941084058112,,1403715941284058112,1,False,1105
1.0173999612833797,0.00667,0.19999999999999996,0.75,254,0.7877367583171386,6.0,,16,2.4346973638445686,0.8875453556394393,1.9625447267637512,4.365279474192309,True,1.4761012577681394,2.1788749231846833,6,0.2078731266629108,Raw,V1_03_difficult:1403715941584058112:1403715941784058112,0.038447,formal_public_module_evidence,0.051316337864642736,0.18551583394448246,0.16946629483925893,0.4959815052684551,0.7578091148270877,0,0,V1_03_difficult,5,OK,True,1100,1403715941584058112,1.853774956916565e-08,1403715941784058112,92,True,215
0.8097605965051352,0.002257,0.15833333333333333,0.7916666666666666,254,0.969522164082632,6.0,,16,2.4346973638445686,0.8875453556394393,1.9625447267637512,4.054295017264048,True,1.4761012577681394,2.1788749231846833,6,0.2078731266629108,Global-DoF,V1_03_difficult:1403715941584058112:1403715941784058112,0.038447,formal_public_module_evidence,0.051316337864642736,0.18551583394448246,0.16946629483925893,0.4959815052684551,0.7578091148270877,0,0,V1_03_difficult,5,OK,True,1100,1403715941584058112,1.853774956916565e-08,1403715941784058112,92,True,215
0.767341044503896,0.456154,0.15833333333333333,0.7916666666666666,254,1.0115336138857076,6.0,,16,2.4346973638445686,0.8875453556394393,1.9625447267637512,4.003375834697068,True,1.4761012577681394,2.1788749231846833,6,0.2078731266629108,DPR-Exact-Block,V1_03_difficult:1403715941584058112:1403715941784058112,0.038447,formal_public_module_evidence,0.051316337864642736,0.18551583394448246,0.16946629483925893,0.4959815052684551,0.7578091148270877,0,0,V1_03_difficult,5,OK,True,1100,1403715941584058112,1.853774956916565e-08,1403715941784058112,92,True,215
0.5784799781039853,0.178499,0.15833333333333333,0.7916666666666666,254,1.2218042689287631,6.0,,16,2.4346973638445686,0.8875453556394393,1.9625447267637512,3.8215314170779044,True,1.4761012577681394,2.1788749231846833,6,0.2078731266629108,DUC-K16,V1_03_difficult:1403715941584058112:1403715941784058112,0.038447,formal_public_module_evidence,0.051316337864642736,0.18551583394448246,0.16946629483925893,0.4959815052684551,0.7578091148270877,0,0,V1_03_difficult,5,OK,True,1100,1403715941584058112,1.853774956916565e-08,1403715941784058112,92,True,215
0.7009268568018403,0.077018,0.15833333333333333,0.7916666666666666,254,1.0809948737365496,6.0,,16,2.4346973638445686,0.8875453556394393,1.9625447267637512,3.9313788960084914,True,1.4761012577681394,2.1788749231846833,6,0.2078731266629108,Permuted-K16,V1_03_difficult:1403715941584058112:1403715941784058112,0.038447,formal_public_module_evidence,0.051316337864642736,0.18551583394448246,0.16946629483925893,0.4959815052684551,0.7578091148270877,0,0,V1_03_difficult,5,OK,True,1100,1403715941584058112,1.853774956916565e-08,1403715941784058112,92,True,215
0.634174723163722,0.006432,0.11666666666666659,0.8333333333333334,254,1.2257169063997697,6.0,,48,2.3207228060047114,1.1071209989878115,1.9706175593898219,3.9268684371673874,True,1.520212781435302,2.311046900839257,6,0.017297442691076803,Raw,V1_03_difficult:1403715941584058112:1403715941784058112,0.038244,formal_public_module_evidence,0.010687637606626499,0.04816470962158487,0.061745448985758504,0.48366507787859647,1.220514717134447,1,0,V1_03_difficult,5,OK,True,1100,1403715941584058112,1.6252076489257728e-10,1403715941784058112,92,True,215
0.5696362020261507,0.001995,0.11666666666666659,0.8333333333333334,254,1.307431366826421,6.0,,48,2.3207228060047114,1.1071209989878115,1.9706175593898219,3.8735653665407472,True,1.520212781435302,2.311046900839257,6,0.017297442691076803,Global-DoF,V1_03_difficult:1403715941584058112:1403715941784058112,0.038244,formal_public_module_evidence,0.010687637606626499,0.04816470962158487,0.061745448985758504,0.48366507787859647,1.220514717134447,1,0,V1_03_difficult,5,OK,True,1100,1403715941584058112,1.6252076489257728e-10,1403715941784058112,92,True,215
0.5642432103430067,1.295451,0.11666666666666659,0.8333333333333334,254,1.3145013804407488,6.0,,48,2.3207228060047114,1.1071209989878115,1.9706175593898219,3.8694512363162565,True,1.520212781435302,2.311046900839257,6,0.017297442691076803,DPR-Exact-Block,V1_03_difficult:1403715941584058112:1403715941784058112,0.038244,formal_public_module_evidence,0.010687637606626499,0.04816470962158487,0.061745448985758504,0.48366507787859647,1.220514717134447,1,0,V1_03_difficult,5,OK,True,1100,1403715941584058112,1.6252076489257728e-10,1403715941784058112,92,True,215
0.5470936653484407,0.319221,0.11666666666666659,0.8333333333333334,254,1.337238892736264,6.0,,48,2.3207228060047114,1.1071209989878115,1.9706175593898219,3.8567069444348534,True,1.520212781435302,2.311046900839257,6,0.017297442691076803,DUC-K16,V1_03_difficult:1403715941584058112:1403715941784058112,0.038244,formal_public_module_evidence,0.010687637606626499,0.04816470962158487,0.061745448985758504,0.48366507787859647,1.220514717134447,1,0,V1_03_difficult,5,OK,True,1100,1403715941584058112,1.6252076489257728e-10,1403715941784058112,92,True,215
0.5786955994071007,0.106195,0.11666666666666659,0.8333333333333334,254,1.2956403170721316,6.0,,48,2.3207228060047114,1.1071209989878115,1.9706175593898219,3.880592332635539,True,1.520212781435302,2.311046900839257,6,0.017297442691076803,Permuted-K16,V1_03_difficult:1403715941584058112:1403715941784058112,0.038244,formal_public_module_evidence,0.010687637606626499,0.04816470962158487,0.061745448985758504,0.48366507787859647,1.220514717134447,1,0,V1_03_difficult,5,OK,True,1100,1403715941584058112,1.6252076489257728e-10,1403715941784058112,92,True,215
,,,,202,,,INSUFFICIENT_TRACKS,16,,,,,,,,,,Raw,V1_03_difficult:1403715942084058112:1403715942284058112,,formal_public_module_evidence,,,,,,,,V1_03_difficult,,,,1110,1403715942084058112,,1403715942284058112,1,False,125
,,,,202,,,INSUFFICIENT_TRACKS,16,,,,,,,,,,Global-DoF,V1_03_difficult:1403715942084058112:1403715942284058112,,formal_public_module_evidence,,,,,,,,V1_03_difficult,,,,1110,1403715942084058112,,1403715942284058112,1,False,125
,,,,202,,,INSUFFICIENT_TRACKS,16,,,,,,,,,,DPR-Exact-Block,V1_03_difficult:1403715942084058112:1403715942284058112,,formal_public_module_evidence,,,,,,,,V1_03_difficult,,,,1110,1403715942084058112,,1403715942284058112,1,False,125
,,,,202,,,INSUFFICIENT_TRACKS,16,,,,,,,,,,DUC-K16,V1_03_difficult:1403715942084058112:1403715942284058112,,formal_public_module_evidence,,,,,,,,V1_03_difficult,,,,1110,1403715942084058112,,1403715942284058112,1,False,125
,,,,202,,,INSUFFICIENT_TRACKS,16,,,,,,,,,,Permuted-K16,V1_03_difficult:1403715942084058112:1403715942284058112,,formal_public_module_evidence,,,,,,,,V1_03_difficult,,,,1110,1403715942084058112,,1403715942284058112,1,False,125
,,,,202,,,INSUFFICIENT_TRACKS,48,,,,,,,,,,Raw,V1_03_difficult:1403715942084058112:1403715942284058112,,formal_public_module_evidence,,,,,,,,V1_03_difficult,,,,1110,1403715942084058112,,1403715942284058112,1,False,125
,,,,202,,,INSUFFICIENT_TRACKS,48,,,,,,,,,,Global-DoF,V1_03_difficult:1403715942084058112:1403715942284058112,,formal_public_module_evidence,,,,,,,,V1_03_difficult,,,,1110,1403715942084058112,,1403715942284058112,1,False,125
,,,,202,,,INSUFFICIENT_TRACKS,48,,,,,,,,,,DPR-Exact-Block,V1_03_difficult:1403715942084058112:1403715942284058112,,formal_public_module_evidence,,,,,,,,V1_03_difficult,,,,1110,1403715942084058112,,1403715942284058112,1,False,125
,,,,202,,,INSUFFICIENT_TRACKS,48,,,,,,,,,,DUC-K16,V1_03_difficult:1403715942084058112:1403715942284058112,,formal_public_module_evidence,,,,,,,,V1_03_difficult,,,,1110,1403715942084058112,,1403715942284058112,1,False,125
,,,,202,,,INSUFFICIENT_TRACKS,48,,,,,,,,,,Permuted-K16,V1_03_difficult:1403715942084058112:1403715942284058112,,formal_public_module_evidence,,,,,,,,V1_03_difficult,,,,1110,1403715942084058112,,1403715942284058112,1,False,125
0.3563291003514969,0.006675,0.033333333333333326,0.9166666666666666,904,1.9306067457039682,6.0,,16,2.177128805074076,1.3894627543421119,2.2469110609930842,3.9237888476610094,True,1.6604384847666784,2.7570559616942627,6,0.048550831440133946,Raw,V1_03_difficult:1403715942584058112:1403715942784058112,0.040721,formal_public_module_evidence,0.015280558881366535,0.0907120192357716,0.07587735626992635,0.20491100916029925,0.5387360230778598,0,0,V1_03_difficult,4,OK,True,1120,1403715942584058112,9.671808677926881e-09,1403715942784058112,523,True,845
0.14868973557325232,0.00198,0.008333333333333415,0.9583333333333334,904,2.376131379327961,6.0,,16,2.177128805074076,1.3894627543421119,2.2469110609930842,3.863663690240209,True,1.6604384847666784,2.7570559616942627,6,0.048550831440133946,Global-DoF,V1_03_difficult:1403715942584058112:1403715942784058112,0.040721,formal_public_module_evidence,0.015280558881366535,0.0907120192357716,0.07587735626992635,0.20491100916029925,0.5387360230778598,0,0,V1_03_difficult,4,OK,True,1120,1403715942584058112,9.671808677926881e-09,1403715942784058112,523,True,845
0.09995950022004245,0.448088,0.008333333333333415,0.9583333333333334,904,2.4947884340967192,6.0,,16,2.177128805074076,1.3894627543421119,2.2469110609930842,3.857207155867235,True,1.6604384847666784,2.7570559616942627,6,0.048550831440133946,DPR-Exact-Block,V1_03_difficult:1403715942584058112:1403715942784058112,0.040721,formal_public_module_evidence,0.015280558881366535,0.0907120192357716,0.07587735626992635,0.20491100916029925,0.5387360230778598,0,0,V1_03_difficult,4,OK,True,1120,1403715942584058112,9.671808677926881e-09,1403715942784058112,523,True,845
0.052550449882602865,0.178965,0.008333333333333415,0.9583333333333334,904,2.6159124868393446,6.0,,16,2.177128805074076,1.3894627543421119,2.2469110609930842,3.8534457790819516,True,1.6604384847666784,2.7570559616942627,6,0.048550831440133946,DUC-K16,V1_03_difficult:1403715942584058112:1403715942784058112,0.040721,formal_public_module_evidence,0.015280558881366535,0.0907120192357716,0.07587735626992635,0.20491100916029925,0.5387360230778598,0,0,V1_03_difficult,4,OK,True,1120,1403715942584058112,9.671808677926881e-09,1403715942784058112,523,True,845
0.12381759871295084,0.070311,0.008333333333333415,0.9583333333333334,904,2.4359719406432974,6.0,,16,2.177128805074076,1.3894627543421119,2.2469110609930842,3.860032306248734,True,1.6604384847666784,2.7570559616942627,6,0.048550831440133946,Permuted-K16,V1_03_difficult:1403715942584058112:1403715942784058112,0.040721,formal_public_module_evidence,0.015280558881366535,0.0907120192357716,0.07587735626992635,0.20491100916029925,0.5387360230778598,0,0,V1_03_difficult,4,OK,True,1120,1403715942584058112,9.671808677926881e-09,1403715942784058112,523,True,845
0.7796779125595565,0.006067,0.050000000000000044,1.0,904,2.064126252229427,6.0,,48,2.0667565505424017,1.4367067384227816,2.198912109759976,3.021137762777974,True,0.9728888389096634,0.9465126928749928,6,0.004046921954036664,Raw,V1_03_difficult:1403715942584058112:1403715942784058112,0.03847,formal_public_module_evidence,0.011909868750894281,0.037707902866947654,0.05891179990458959,0.571367592769749,1.2047566788739965,4,0,V1_03_difficult,4,OK,True,1120,1403715942584058112,6.232196720741519e-09,1403715942784058112,523,True,845
0.8442164336971275,0.001918,0.050000000000000044,1.0,904,2.2017346690447215,6.0,,48,2.0667565505424017,1.4367067384227816,2.198912109759976,3.0570166787965305,True,0.9728888389096634,0.9465126928749928,6,0.004046921954036664,Global-DoF,V1_03_difficult:1403715942584058112:1403715942784058112,0.03847,formal_public_module_evidence,0.011909868750894281,0.037707902866947654,0.05891179990458959,0.571367592769749,1.2047566788739965,4,0,V1_03_difficult,4,OK,True,1120,1403715942584058112,6.232196720741519e-09,1403715942784058112,523,True,845
0.8470733290836845,1.473107,0.050000000000000044,1.0,904,2.2080337883411945,6.0,,48,2.0667565505424017,1.4367067384227816,2.198912109759976,3.058647164474678,True,0.9728888389096634,0.9465126928749928,6,0.004046921954036664,DPR-Exact-Block,V1_03_difficult:1403715942584058112:1403715942784058112,0.03847,formal_public_module_evidence,0.011909868750894281,0.037707902866947654,0.05891179990458959,0.571367592769749,1.2047566788739965,4,0,V1_03_difficult,4,OK,True,1120,1403715942584058112,6.232196720741519e-09,1403715942784058112,523,True,845
0.8511120842751558,0.328576,0.050000000000000044,1.0,904,2.216969528754487,6.0,,48,2.0667565505424017,1.4367067384227816,2.198912109759976,3.060958127314073,True,0.9728888389096634,0.9465126928749928,6,0.004046921954036664,DUC-K16,V1_03_difficult:1403715942584058112:1403715942784058112,0.03847,formal_public_module_evidence,0.011909868750894281,0.037707902866947654,0.05891179990458959,0.571367592769749,1.2047566788739965,4,0,V1_03_difficult,4,OK,True,1120,1403715942584058112,6.232196720741519e-09,1403715942784058112,523,True,845
0.8525709685660332,0.109999,0.050000000000000044,1.0,904,2.220206191157247,6.0,,48,2.0667565505424017,1.4367067384227816,2.198912109759976,3.0617946098450304,True,0.9728888389096634,0.9465126928749928,6,0.004046921954036664,Permuted-K16,V1_03_difficult:1403715942584058112:1403715942784058112,0.03847,formal_public_module_evidence,0.011909868750894281,0.037707902866947654,0.05891179990458959,0.571367592769749,1.2047566788739965,4,0,V1_03_difficult,4,OK,True,1120,1403715942584058112,6.232196720741519e-09,1403715942784058112,523,True,845
1.3081859569232483,0.007184,0.3666666666666666,0.5833333333333334,444,0.42021233284029635,5.999999999999999,,16,1.8352036034772101,0.6482378674840713,1.503527635458936,4.670338573147146,True,1.2468188754658642,1.554557308217962,6,0.09176459226450295,Raw,V1_03_difficult:1403715943084058112:1403715943284058112,0.040627,formal_public_module_evidence,0.03224964785667411,0.0581269508125036,0.10958067775566263,0.3081735966712559,0.639598123875259,0,0,V1_03_difficult,4,OK,True,1130,1403715943084058112,1.792798569395938e-10,1403715943284058112,243,True,389
1.100546592145004,0.002158,0.32499999999999996,0.625,444,0.5171844096495956,5.999999999999999,,16,1.8352036034772101,0.6482378674840713,1.503527635458936,4.184329816460934,True,1.2468188754658642,1.554557308217962,6,0.09176459226450295,Global-DoF,V1_03_difficult:1403715943084058112:1403715943284058112,0.040627,formal_public_module_evidence,0.03224964785667411,0.0581269508125036,0.10958067775566263,0.3081735966712559,0.639598123875259,0,0,V1_03_difficult,4,OK,True,1130,1403715943084058112,1.792798569395938e-10,1403715943284058112,243,True,389
1.0529385509566611,0.457153,0.2833333333333333,0.6666666666666666,444,0.5424020650562831,5.999999999999999,,16,1.8352036034772101,0.6482378674840713,1.503527635458936,4.09219015291292,True,1.2468188754658642,1.554557308217962,6,0.09176459226450295,DPR-Exact-Block,V1_03_difficult:1403715943084058112:1403715943284058112,0.040627,formal_public_module_evidence,0.03224964785667411,0.0581269508125036,0.10958067775566263,0.3081735966712559,0.639598123875259,0,0,V1_03_difficult,4,OK,True,1130,1403715943084058112,1.792798569395938e-10,1403715943284058112,243,True,389
1.1491902253188813,0.176926,0.32499999999999996,0.625,444,0.49262876071296885,5.999999999999999,,16,1.8352036034772101,0.6482378674840713,1.503527635458936,4.285514177163923,True,1.2468188754658642,1.554557308217962,6,0.09176459226450295,DUC-K16,V1_03_difficult:1403715943084058112:1403715943284058112,0.040627,formal_public_module_evidence,0.03224964785667411,0.0581269508125036,0.10958067775566263,0.3081735966712559,0.639598123875259,0,0,V1_03_difficult,4,OK,True,1130,1403715943084058112,1.792798569395938e-10,1403715943284058112,243,True,389
1.2046595839831247,0.069972,0.32499999999999996,0.625,444,0.46604701092449247,5.999999999999999,,16,1.8352036034772101,0.6482378674840713,1.503527635458936,4.410031683424627,True,1.2468188754658642,1.554557308217962,6,0.09176459226450295,Permuted-K16,V1_03_difficult:1403715943084058112:1403715943284058112,0.040627,formal_public_module_evidence,0.03224964785667411,0.0581269508125036,0.10958067775566263,0.3081735966712559,0.639598123875259,0,0,V1_03_difficult,4,OK,True,1130,1403715943084058112,1.792798569395938e-10,1403715943284058112,243,True,389
0.8579888769323465,0.006475,0.19999999999999996,0.75,444,0.7886096752456466,5.999999999999999,,48,1.5302335827741942,0.888036978535042,1.5015777440403877,3.95880614024294,True,1.363769482587731,1.8598672016376072,6,0.00532937523539645,Raw,V1_03_difficult:1403715943084058112:1403715943284058112,0.038652,formal_public_module_evidence,0.01502269539099349,0.0429335512647258,0.061691491226288565,0.5186243658529055,1.1801335701045779,8,0,V1_03_difficult,5,OK,True,1130,1403715943084058112,3.559447715064652e-11,1403715943284058112,243,True,389
0.7934503557947752,0.002073,0.15833333333333333,0.7916666666666666,444,0.8411836535953564,5.999999999999999,,48,1.5302335827741942,0.888036978535042,1.5015777440403877,3.8759438574705896,True,1.363769482587731,1.8598672016376072,6,0.00532937523539645,Global-DoF,V1_03_difficult:1403715943084058112:1403715943284058112,0.038652,formal_public_module_evidence,0.01502269539099349,0.0429335512647258,0.061691491226288565,0.5186243658529055,1.1801335701045779,8,0,V1_03_difficult,5,OK,True,1130,1403715943084058112,3.559447715064652e-11,1403715943284058112,243,True,389
0.7840822213174425,1.254407,0.15833333333333333,0.7916666666666666,444,0.8491010026743994,5.999999999999999,,48,1.5302335827741942,0.888036978535042,1.5015777440403877,3.864695652747804,True,1.363769482587731,1.8598672016376072,6,0.00532937523539645,DPR-Exact-Block,V1_03_difficult:1403715943084058112:1403715943284058112,0.038652,formal_public_module_evidence,0.01502269539099349,0.0429335512647258,0.061691491226288565,0.5186243658529055,1.1801335701045779,8,0,V1_03_difficult,5,OK,True,1130,1403715943084058112,3.559447715064652e-11,1403715943284058112,243,True,389
0.7894258483309732,0.313144,0.15833333333333333,0.7916666666666666,444,0.8445758248183961,5.999999999999999,,48,1.5302335827741942,0.888036978535042,1.5015777440403877,3.8710880119113162,True,1.363769482587731,1.8598672016376072,6,0.00532937523539645,DUC-K16,V1_03_difficult:1403715943084058112:1403715943284058112,0.038652,formal_public_module_evidence,0.01502269539099349,0.0429335512647258,0.061691491226288565,0.5186243658529055,1.1801335701045779,8,0,V1_03_difficult,5,OK,True,1130,1403715943084058112,3.559447715064652e-11,1403715943284058112,243,True,389
0.8073021511489253,0.105748,0.15833333333333333,0.7916666666666666,444,0.8296120783381,5.999999999999999,,48,1.5302335827741942,0.888036978535042,1.5015777440403877,3.8929316473869537,True,1.363769482587731,1.8598672016376072,6,0.00532937523539645,Permuted-K16,V1_03_difficult:1403715943084058112:1403715943284058112,0.038652,formal_public_module_evidence,0.01502269539099349,0.0429335512647258,0.061691491226288565,0.5186243658529055,1.1801335701045779,8,0,V1_03_difficult,5,OK,True,1130,1403715943084058112,3.559447715064652e-11,1403715943284058112,243,True,389
0.026380759537814668,0.006427,0.07499999999999996,0.875,462,0.8516358029502823,6.000000000000001,,16,2.3108138582655315,0.9228411580279037,2.2881518799831126,2.7040125735293343,True,0.9350944182892128,0.8744015711156413,6,0.0703231122065211,Raw,V1_03_difficult:1403715943584058112:1403715943784058112,0.039187,formal_public_module_evidence,0.020345157739178887,0.07673528834889681,0.08721616731997173,0.219358155027872,0.5296378112954977,0,0,V1_03_difficult,5,OK,True,1140,1403715943584058112,4.886332922994327e-10,1403715943784058112,133,True,448
0.1812586052404299,0.002136,0.07499999999999996,0.875,462,1.0481671420926553,6.000000000000001,,16,2.3108138582655315,0.9228411580279037,2.2881518799831126,2.719139723560127,True,0.9350944182892128,0.8744015711156413,6,0.0703231122065211,Global-DoF,V1_03_difficult:1403715943584058112:1403715943784058112,0.039187,formal_public_module_evidence,0.020345157739178887,0.07673528834889681,0.08721616731997173,0.219358155027872,0.5296378112954977,0,0,V1_03_difficult,5,OK,True,1140,1403715943584058112,4.886332922994327e-10,1403715943784058112,133,True,448
0.246892773287572,0.451582,0.07499999999999996,0.875,462,1.11927060538074,6.000000000000001,,16,2.3108138582655315,0.9228411580279037,2.2881518799831126,2.7317787515389713,True,0.9350944182892128,0.8744015711156413,6,0.0703231122065211,DPR-Exact-Block,V1_03_difficult:1403715943584058112:1403715943784058112,0.039187,formal_public_module_evidence,0.020345157739178887,0.07673528834889681,0.08721616731997173,0.219358155027872,0.5296378112954977,0,0,V1_03_difficult,5,OK,True,1140,1403715943584058112,4.886332922994327e-10,1403715943784058112,133,True,448
0.314853350201194,0.177657,0.07499999999999996,0.875,462,1.1979811977523906,6.000000000000001,,16,2.3108138582655315,0.9228411580279037,2.2881518799831126,2.7484107767904384,True,0.9350944182892128,0.8744015711156413,6,0.0703231122065211,DUC-K16,V1_03_difficult:1403715943584058112:1403715943784058112,0.039187,formal_public_module_evidence,0.020345157739178887,0.07673528834889681,0.08721616731997173,0.219358155027872,0.5296378112954977,0,0,V1_03_difficult,5,OK,True,1140,1403715943584058112,4.886332922994327e-10,1403715943784058112,133,True,448
0.1508137410312255,0.07509,0.07499999999999996,0.875,462,1.0167367110600516,6.000000000000001,,16,2.3108138582655315,0.9228411580279037,2.2881518799831126,2.7144831300328462,True,0.9350944182892128,0.8744015711156413,6,0.0703231122065211,Permuted-K16,V1_03_difficult:1403715943584058112:1403715943784058112,0.039187,formal_public_module_evidence,0.020345157739178887,0.07673528834889681,0.08721616731997173,0.219358155027872,0.5296378112954977,0,0,V1_03_difficult,5,OK,True,1140,1403715943584058112,4.886332922994327e-10,1403715943784058112,133,True,448
0.9961820021283638,0.006531,0.050000000000000044,1.0,462,2.160321116148386,6.0,,48,2.2484563205629025,1.4698030875421326,2.2866440142080937,2.9774206307590525,True,0.8931840973559753,0.7977778317696083,6,0.002648449758773763,Raw,V1_03_difficult:1403715943584058112:1403715943784058112,0.038495,formal_public_module_evidence,0.011136092617271887,0.04836174655349318,0.066456876620124,0.4989251305559354,1.3438442461152351,4,0,V1_03_difficult,4,OK,True,1140,1403715943584058112,4.122355413696643e-09,1403715943784058112,133,True,448
1.0607205232659351,0.001948,0.050000000000000044,1.0,462,2.304342523891612,6.0,,48,2.2484563205629025,1.4698030875421326,2.2866440142080937,3.0188787338453955,True,0.8931840973559753,0.7977778317696083,6,0.002648449758773763,Global-DoF,V1_03_difficult:1403715943584058112:1403715943784058112,0.038495,formal_public_module_evidence,0.011136092617271887,0.04836174655349318,0.066456876620124,0.4989251305559354,1.3438442461152351,4,0,V1_03_difficult,4,OK,True,1140,1403715943584058112,4.122355413696643e-09,1403715943784058112,133,True,448
1.0605403852880202,1.279084,0.050000000000000044,1.0,462,2.3039274616742915,6.0,,48,2.2484563205629025,1.4698030875421326,2.2866440142080937,3.0187609663825192,True,0.8931840973559753,0.7977778317696083,6,0.002648449758773763,DPR-Exact-Block,V1_03_difficult:1403715943584058112:1403715943784058112,0.038495,formal_public_module_evidence,0.011136092617271887,0.04836174655349318,0.066456876620124,0.4989251305559354,1.3438442461152351,4,0,V1_03_difficult,4,OK,True,1140,1403715943584058112,4.122355413696643e-09,1403715943784058112,133,True,448
1.05788842218153,0.312008,0.050000000000000044,1.0,462,2.297825625544188,6.0,,48,2.2484563205629025,1.4698030875421326,2.2866440142080937,3.017028513652541,True,0.8931840973559753,0.7977778317696083,6,0.002648449758773763,DUC-K16,V1_03_difficult:1403715943584058112:1403715943784058112,0.038495,formal_public_module_evidence,0.011136092617271887,0.04836174655349318,0.066456876620124,0.4989251305559354,1.3438442461152351,4,0,V1_03_difficult,4,OK,True,1140,1403715943584058112,4.122355413696643e-09,1403715943784058112,133,True,448
1.0347116172576216,0.104272,0.050000000000000044,1.0,462,2.2451817838085124,6.0,,48,2.2484563205629025,1.4698030875421326,2.2866440142080937,3.0019923939240587,True,0.8931840973559753,0.7977778317696083,6,0.002648449758773763,Permuted-K16,V1_03_difficult:1403715943584058112:1403715943784058112,0.038495,formal_public_module_evidence,0.011136092617271887,0.04836174655349318,0.066456876620124,0.4989251305559354,1.3438442461152351,4,0,V1_03_difficult,4,OK,True,1140,1403715943584058112,4.122355413696643e-09,1403715943784058112,133,True,448
0.4369093967714963,0.00637,0.07499999999999996,0.875,696,0.6162735536101066,6.000000000000001,,16,2.3072926406636016,0.7850309252571561,2.5083494430356343,2.901728557453653,True,0.9766983085238845,0.9539395858734171,6,0.020178660628535017,Raw,V1_03_difficult:1403715944084058112:1403715944284058112,0.038187,formal_public_module_evidence,0.03205406190864557,0.0532811988612267,0.10709894247969581,0.39744668387425025,0.8230168815669664,0,0,V1_03_difficult,4,OK,True,1150,1403715944084058112,7.821612726445407e-09,1403715944284058112,258,True,674
0.22927003199325166,0.002132,0.07499999999999996,0.875,696,0.7584905275201314,6.000000000000001,,16,2.3072926406636016,0.7850309252571561,2.5083494430356343,2.8191337051322187,True,0.9766983085238845,0.9539395858734171,6,0.020178660628535017,Global-DoF,V1_03_difficult:1403715944084058112:1403715944284058112,0.038187,formal_public_module_evidence,0.03205406190864557,0.0532811988612267,0.10709894247969581,0.39744668387425025,0.8230168815669664,0,0,V1_03_difficult,4,OK,True,1150,1403715944084058112,7.821612726445407e-09,1403715944284058112,258,True,674
0.22727413760529036,0.490486,0.07499999999999996,0.875,696,0.7600059062722496,6.000000000000001,,16,2.3072926406636016,0.7850309252571561,2.5083494430356343,2.818621903239002,True,0.9766983085238845,0.9539395858734171,6,0.020178660628535017,DPR-Exact-Block,V1_03_difficult:1403715944084058112:1403715944284058112,0.038187,formal_public_module_evidence,0.03205406190864557,0.0532811988612267,0.10709894247969581,0.39744668387425025,0.8230168815669664,0,0,V1_03_difficult,4,OK,True,1150,1403715944084058112,7.821612726445407e-09,1403715944284058112,258,True,674
0.20729636816843489,0.178674,0.07499999999999996,0.875,696,0.7753418075305996,6.000000000000001,,16,2.3072926406636016,0.7850309252571561,2.5083494430356343,2.8137729150103943,True,0.9766983085238845,0.9539395858734171,6,0.020178660628535017,DUC-K16,V1_03_difficult:1403715944084058112:1403715944284058112,0.038187,formal_public_module_evidence,0.03205406190864557,0.0532811988612267,0.10709894247969581,0.39744668387425025,0.8230168815669664,0,0,V1_03_difficult,4,OK,True,1150,1403715944084058112,7.821612726445407e-09,1403715944284058112,258,True,674
0.2325624161261473,0.070968,0.07499999999999996,0.875,696,0.7559973917747463,6.000000000000001,,16,2.3072926406636016,0.7850309252571561,2.5083494430356343,2.819988915959195,True,0.9766983085238845,0.9539395858734171,6,0.020178660628535017,Permuted-K16,V1_03_difficult:1403715944084058112:1403715944284058112,0.038187,formal_public_module_evidence,0.03205406190864557,0.0532811988612267,0.10709894247969581,0.39744668387425025,0.8230168815669664,0,0,V1_03_difficult,4,OK,True,1150,1403715944084058112,7.821612726445407e-09,1403715944284058112,258,True,674
0.5127069996086665,0.006406,0.008333333333333415,0.9583333333333334,696,1.0921936058807906,6.000000000000001,,48,2.297156556079528,1.0450806695565613,2.5112921891032736,2.5249374584811273,True,0.808754861854006,0.6540844265724924,6,0.030647281606419385,Raw,V1_03_difficult:1403715944084058112:1403715944284058112,0.038268,formal_public_module_evidence,0.017840003135749682,0.06029664829192936,0.07625676735650477,0.7132052068907236,1.4791945609002592,3,0,V1_03_difficult,4,OK,True,1150,1403715944084058112,1.7905362109146541e-09,1403715944284058112,258,True,674
0.5772455207462377,0.002035,0.050000000000000044,1.0,696,1.16500651293951,6.000000000000001,,48,2.297156556079528,1.0450806695565613,2.5112921891032736,2.552046464887367,True,0.808754861854006,0.6540844265724924,6,0.030647281606419385,Global-DoF,V1_03_difficult:1403715944084058112:1403715944284058112,0.038268,formal_public_module_evidence,0.017840003135749682,0.06029664829192936,0.07625676735650477,0.7132052068907236,1.4791945609002592,3,0,V1_03_difficult,4,OK,True,1150,1403715944084058112,1.7905362109146541e-09,1403715944284058112,258,True,674
0.577972530808723,1.288665,0.050000000000000044,1.0,696,1.165853792350288,6.000000000000001,,48,2.297156556079528,1.0450806695565613,2.5112921891032736,2.5523654487797356,True,0.808754861854006,0.6540844265724924,6,0.030647281606419385,DPR-Exact-Block,V1_03_difficult:1403715944084058112:1403715944284058112,0.038268,formal_public_module_evidence,0.017840003135749682,0.06029664829192936,0.07625676735650477,0.7132052068907236,1.4791945609002592,3,0,V1_03_difficult,4,OK,True,1150,1403715944084058112,1.7905362109146541e-09,1403715944284058112,258,True,674
0.6081595644157087,0.319536,0.050000000000000044,1.0,696,1.2015840418363595,6.000000000000001,,48,2.297156556079528,1.0450806695565613,2.5112921891032736,2.5658695797202506,True,0.808754861854006,0.6540844265724924,6,0.030647281606419385,DUC-K16,V1_03_difficult:1403715944084058112:1403715944284058112,0.038268,formal_public_module_evidence,0.017840003135749682,0.06029664829192936,0.07625676735650477,0.7132052068907236,1.4791945609002592,3,0,V1_03_difficult,4,OK,True,1150,1403715944084058112,1.7905362109146541e-09,1403715944284058112,258,True,674
0.6363183987372473,0.10622,0.050000000000000044,1.0,696,1.2359001308639102,6.000000000000001,,48,2.297156556079528,1.0450806695565613,2.5112921891032736,2.5789139043053932,True,0.808754861854006,0.6540844265724924,6,0.030647281606419385,Permuted-K16,V1_03_difficult:1403715944084058112:1403715944284058112,0.038268,formal_public_module_evidence,0.017840003135749682,0.06029664829192936,0.07625676735650477,0.7132052068907236,1.4791945609002592,3,0,V1_03_difficult,4,OK,True,1150,1403715944084058112,1.7905362109146541e-09,1403715944284058112,258,True,674
0.10304972009952211,0.006272,0.033333333333333326,0.9166666666666666,418,0.13040470924936787,5.999999999999998,,16,1.6783776019697383,0.36111592217647764,1.7320302326131045,0.9093110748925439,True,0.38021005674408004,0.14455968724933654,6,0.008106765885725009,Raw,V1_03_difficult:1403715944584058112:1403715944784058112,0.037848,formal_public_module_evidence,0.018466795458040863,0.07260436793191885,0.08823389631241912,0.12045457832708155,0.6374841907263381,0,0,V1_03_difficult,4,OK,True,1160,1403715944584058112,4.1267935814734074e-10,1403715944784058112,342,True,358
0.1045896446787223,0.002006,0.033333333333333326,0.9166666666666666,418,0.16049810369152967,5.999999999999998,,16,1.6783776019697383,0.36111592217647764,1.7320302326131045,0.9090979662802847,True,0.38021005674408004,0.14455968724933654,6,0.008106765885725009,Global-DoF,V1_03_difficult:1403715944584058112:1403715944784058112,0.037848,formal_public_module_evidence,0.018466795458040863,0.07260436793191885,0.08823389631241912,0.12045457832708155,0.6374841907263381,0,0,V1_03_difficult,4,OK,True,1160,1403715944584058112,4.1267935814734074e-10,1403715944784058112,342,True,358
0.13473603434170564,0.485101,0.033333333333333326,0.9166666666666666,418,0.16541021121267344,5.999999999999998,,16,1.6783776019697383,0.36111592217647764,1.7320302326131045,0.9124968777102541,True,0.38021005674408004,0.14455968724933654,6,0.008106765885725009,DPR-Exact-Block,V1_03_difficult:1403715944584058112:1403715944784058112,0.037848,formal_public_module_evidence,0.018466795458040863,0.07260436793191885,0.08823389631241912,0.12045457832708155,0.6374841907263381,0,0,V1_03_difficult,4,OK,True,1160,1403715944584058112,4.1267935814734074e-10,1403715944784058112,342,True,358
0.14281011691933593,0.17946,0.008333333333333415,0.9583333333333334,418,0.1667511530700829,5.999999999999998,,16,1.6783776019697383,0.36111592217647764,1.7320302326131045,0.9135430536169693,True,0.38021005674408004,0.14455968724933654,6,0.008106765885725009,DUC-K16,V1_03_difficult:1403715944584058112:1403715944784058112,0.037848,formal_public_module_evidence,0.018466795458040863,0.07260436793191885,0.08823389631241912,0.12045457832708155,0.6374841907263381,0,0,V1_03_difficult,4,OK,True,1160,1403715944584058112,4.1267935814734074e-10,1403715944784058112,342,True,358
0.16467001236817982,0.069508,0.008333333333333415,0.9583333333333334,418,0.17043644918410633,5.999999999999998,,16,1.6783776019697383,0.36111592217647764,1.7320302326131045,0.9166578273036858,True,0.38021005674408004,0.14455968724933654,6,0.008106765885725009,Permuted-K16,V1_03_difficult:1403715944584058112:1403715944784058112,0.037848,formal_public_module_evidence,0.018466795458040863,0.07260436793191885,0.08823389631241912,0.12045457832708155,0.6374841907263381,0,0,V1_03_difficult,4,OK,True,1160,1403715944584058112,4.1267935814734074e-10,1403715944784058112,342,True,358
0.02741657610126342,0.005915,0.033333333333333326,0.9166666666666666,418,0.1116268887656845,5.999999999999998,,48,1.4990114752231263,0.3341061040533149,1.7361021408458601,0.6182395940518832,True,0.3295573305209018,0.10860803410006292,6,0.008373280125669291,Raw,V1_03_difficult:1403715944584058112:1403715944784058112,0.037765,formal_public_module_evidence,0.011371991459415698,0.042783055549570154,0.06538085659179356,0.5408228621034818,1.018194427227746,3,0,V1_03_difficult,4,OK,True,1160,1403715944584058112,4.5482972044720105e-10,1403715944784058112,342,True,358
0.09195509723883458,0.002186,0.033333333333333326,0.9166666666666666,418,0.11906868135006346,5.999999999999998,,48,1.4990114752231263,0.3341061040533149,1.7361021408458601,0.6219683747558337,True,0.3295573305209018,0.10860803410006292,6,0.008373280125669291,Global-DoF,V1_03_difficult:1403715944584058112:1403715944784058112,0.037765,formal_public_module_evidence,0.011371991459415698,0.042783055549570154,0.06538085659179356,0.5408228621034818,1.018194427227746,3,0,V1_03_difficult,4,OK,True,1160,1403715944584058112,4.5482972044720105e-10,1403715944784058112,342,True,358
0.09753152902254524,1.271652,0.033333333333333326,0.9166666666666666,418,0.11973451449030387,5.999999999999998,,48,1.4990114752231263,0.3341061040533149,1.7361021408458601,0.6224724419917177,True,0.3295573305209018,0.10860803410006292,6,0.008373280125669291,DPR-Exact-Block,V1_03_difficult:1403715944584058112:1403715944784058112,0.037765,formal_public_module_evidence,0.011371991459415698,0.042783055549570154,0.06538085659179356,0.5408228621034818,1.018194427227746,3,0,V1_03_difficult,4,OK,True,1160,1403715944584058112,4.5482972044720105e-10,1403715944784058112,342,True,358
0.08912299606100123,0.314797,0.033333333333333326,0.9166666666666666,418,0.11873194385976554,5.999999999999998,,48,1.4990114752231263,0.3341061040533149,1.7361021408458601,0.6217232251657892,True,0.3295573305209018,0.10860803410006292,6,0.008373280125669291,DUC-K16,V1_03_difficult:1403715944584058112:1403715944784058112,0.037765,formal_public_module_evidence,0.011371991459415698,0.042783055549570154,0.06538085659179356,0.5408228621034818,1.018194427227746,3,0,V1_03_difficult,4,OK,True,1160,1403715944584058112,4.5482972044720105e-10,1403715944784058112,342,True,358
0.10345650180305475,0.109618,0.033333333333333326,0.9166666666666666,418,0.12044604404463027,5.999999999999998,,48,1.4990114752231263,0.3341061040533149,1.7361021408458601,0.6230389176918556,True,0.3295573305209018,0.10860803410006292,6,0.008373280125669291,Permuted-K16,V1_03_difficult:1403715944584058112:1403715944784058112,0.037765,formal_public_module_evidence,0.011371991459415698,0.042783055549570154,0.06538085659179356,0.5408228621034818,1.018194427227746,3,0,V1_03_difficult,4,OK,True,1160,1403715944584058112,4.5482972044720105e-10,1403715944784058112,342,True,358
,,,,1139,,,INSUFFICIENT_TRACKS,16,,,,,,,,,,Raw,V1_03_difficult:1403715945084058112:1403715945284058112,,formal_public_module_evidence,,,,,,,,V1_03_difficult,,,,1170,1403715945084058112,,1403715945284058112,12,False,907
,,,,1139,,,INSUFFICIENT_TRACKS,16,,,,,,,,,,Global-DoF,V1_03_difficult:1403715945084058112:1403715945284058112,,formal_public_module_evidence,,,,,,,,V1_03_difficult,,,,1170,1403715945084058112,,1403715945284058112,12,False,907
,,,,1139,,,INSUFFICIENT_TRACKS,16,,,,,,,,,,DPR-Exact-Block,V1_03_difficult:1403715945084058112:1403715945284058112,,formal_public_module_evidence,,,,,,,,V1_03_difficult,,,,1170,1403715945084058112,,1403715945284058112,12,False,907
,,,,1139,,,INSUFFICIENT_TRACKS,16,,,,,,,,,,DUC-K16,V1_03_difficult:1403715945084058112:1403715945284058112,,formal_public_module_evidence,,,,,,,,V1_03_difficult,,,,1170,1403715945084058112,,1403715945284058112,12,False,907
,,,,1139,,,INSUFFICIENT_TRACKS,16,,,,,,,,,,Permuted-K16,V1_03_difficult:1403715945084058112:1403715945284058112,,formal_public_module_evidence,,,,,,,,V1_03_difficult,,,,1170,1403715945084058112,,1403715945284058112,12,False,907
,,,,1139,,,INSUFFICIENT_TRACKS,48,,,,,,,,,,Raw,V1_03_difficult:1403715945084058112:1403715945284058112,,formal_public_module_evidence,,,,,,,,V1_03_difficult,,,,1170,1403715945084058112,,1403715945284058112,12,False,907
,,,,1139,,,INSUFFICIENT_TRACKS,48,,,,,,,,,,Global-DoF,V1_03_difficult:1403715945084058112:1403715945284058112,,formal_public_module_evidence,,,,,,,,V1_03_difficult,,,,1170,1403715945084058112,,1403715945284058112,12,False,907
,,,,1139,,,INSUFFICIENT_TRACKS,48,,,,,,,,,,DPR-Exact-Block,V1_03_difficult:1403715945084058112:1403715945284058112,,formal_public_module_evidence,,,,,,,,V1_03_difficult,,,,1170,1403715945084058112,,1403715945284058112,12,False,907
,,,,1139,,,INSUFFICIENT_TRACKS,48,,,,,,,,,,DUC-K16,V1_03_difficult:1403715945084058112:1403715945284058112,,formal_public_module_evidence,,,,,,,,V1_03_difficult,,,,1170,1403715945084058112,,1403715945284058112,12,False,907
,,,,1139,,,INSUFFICIENT_TRACKS,48,,,,,,,,,,Permuted-K16,V1_03_difficult:1403715945084058112:1403715945284058112,,formal_public_module_evidence,,,,,,,,V1_03_difficult,,,,1170,1403715945084058112,,1403715945284058112,12,False,907
2.331644949520477,0.005995,0.15833333333333333,0.7916666666666666,292,0.6366854874701411,6.0,,16,2.3894030511444333,0.7979257405737336,2.30893935848655,11.68125972183156,True,2.560193219403325,6.554589320678761,6,0.06869883905168173,Raw,V1_03_difficult:1403715945584058112:1403715945784058112,0.03869,formal_public_module_evidence,0.03449127402046098,0.11575839615050221,0.14046647316820396,0.47991877527789306,1.849623005797362,0,0,V1_03_difficult,4,OK,True,1180,1403715945584058112,2.472339406617529e-09,1403715945784058112,73,True,226
2.1240055847422323,0.001985,0.11666666666666659,0.8333333333333334,292,0.7836129076555582,6.0,,16,2.3894030511444333,0.7979257405737336,2.30893935848655,9.958612435172812,True,2.560193219403325,6.554589320678761,6,0.06869883905168173,Global-DoF,V1_03_difficult:1403715945584058112:1403715945784058112,0.03869,formal_public_module_evidence,0.03449127402046098,0.11575839615050221,0.14046647316820396,0.47991877527789306,1.849623005797362,0,0,V1_03_difficult,4,OK,True,1180,1403715945584058112,2.472339406617529e-09,1403715945784058112,73,True,226
1.9734627878181377,0.489053,0.11666666666666659,0.8333333333333334,292,0.9109226209872572,6.0,,16,2.3894030511444333,0.7979257405737336,2.30893935848655,8.940129803171727,True,2.560193219403325,6.554589320678761,6,0.06869883905168173,DPR-Exact-Block,V1_03_difficult:1403715945584058112:1403715945784058112,0.03869,formal_public_module_evidence,0.03449127402046098,0.11575839615050221,0.14046647316820396,0.47991877527789306,1.849623005797362,0,0,V1_03_difficult,4,OK,True,1180,1403715945584058112,2.472339406617529e-09,1403715945784058112,73,True,226
2.0446353606844583,0.189098,0.11666666666666659,0.8333333333333334,292,0.8483432944595175,6.0,,16,2.3894030511444333,0.7979257405737336,2.30893935848655,9.399747866280274,True,2.560193219403325,6.554589320678761,6,0.06869883905168173,DUC-K16,V1_03_difficult:1403715945584058112:1403715945784058112,0.03869,formal_public_module_evidence,0.03449127402046098,0.11575839615050221,0.14046647316820396,0.47991877527789306,1.849623005797362,0,0,V1_03_difficult,4,OK,True,1180,1403715945584058112,2.472339406617529e-09,1403715945784058112,73,True,226
2.1585342638198823,0.072594,0.11666666666666659,0.8333333333333334,292,0.7570175820365224,6.0,,16,2.3894030511444333,0.7979257405737336,2.30893935848655,10.217945634720762,True,2.560193219403325,6.554589320678761,6,0.06869883905168173,Permuted-K16,V1_03_difficult:1403715945584058112:1403715945784058112,0.03869,formal_public_module_evidence,0.03449127402046098,0.11575839615050221,0.14046647316820396,0.47991877527789306,1.849623005797362,0,0,V1_03_difficult,4,OK,True,1180,1403715945584058112,2.472339406617529e-09,1403715945784058112,73,True,226
0.23822293651196214,0.006024,0.033333333333333326,0.9166666666666666,292,3.832275585904503,6.0,,48,2.401259229939705,1.9576198777864162,2.3204320180935136,4.450327906879006,True,2.205249943447343,4.863127313074511,6,0.05162189348531876,Raw,V1_03_difficult:1403715945584058112:1403715945784058112,0.038468,formal_public_module_evidence,0.011485587390439145,0.03653420664841876,0.0552959405853047,0.4815903253841796,1.4435616915702412,4,0,V1_03_difficult,4,OK,True,1180,1403715945584058112,2.5137396358001456e-09,1403715945784058112,73,True,226
0.17368441537439094,0.002043,0.033333333333333326,0.9166666666666666,292,4.087760624964803,6.0,,48,2.401259229939705,1.9576198777864162,2.3204320180935136,4.435554423894248,True,2.205249943447343,4.863127313074511,6,0.05162189348531876,Global-DoF,V1_03_difficult:1403715945584058112:1403715945784058112,0.038468,formal_public_module_evidence,0.011485587390439145,0.03653420664841876,0.0552959405853047,0.4815903253841796,1.4435616915702412,4,0,V1_03_difficult,4,OK,True,1180,1403715945584058112,2.5137396358001456e-09,1403715945784058112,73,True,226
0.1573654673379013,1.2774,0.033333333333333326,0.9166666666666666,292,4.15501585293021,6.0,,48,2.401259229939705,1.9576198777864162,2.3204320180935136,4.432616597324649,True,2.205249943447343,4.863127313074511,6,0.05162189348531876,DPR-Exact-Block,V1_03_difficult:1403715945584058112:1403715945784058112,0.038468,formal_public_module_evidence,0.011485587390439145,0.03653420664841876,0.0552959405853047,0.4815903253841796,1.4435616915702412,4,0,V1_03_difficult,4,OK,True,1180,1403715945584058112,2.5137396358001456e-09,1403715945784058112,73,True,226
0.21036747704867867,0.315027,0.033333333333333326,0.9166666666666666,292,3.9405260671404356,6.0,,48,2.401259229939705,1.9576198777864162,2.3204320180935136,4.443322792022034,True,2.205249943447343,4.863127313074511,6,0.05162189348531876,DUC-K16,V1_03_difficult:1403715945584058112:1403715945784058112,0.038468,formal_public_module_evidence,0.011485587390439145,0.03653420664841876,0.0552959405853047,0.4815903253841796,1.4435616915702412,4,0,V1_03_difficult,4,OK,True,1180,1403715945584058112,2.5137396358001456e-09,1403715945784058112,73,True,226
0.2012397625383228,0.110947,0.033333333333333326,0.9166666666666666,292,3.9766587174942245,6.0,,48,2.401259229939705,1.9576198777864162,2.3204320180935136,4.441236961482184,True,2.205249943447343,4.863127313074511,6,0.05162189348531876,Permuted-K16,V1_03_difficult:1403715945584058112:1403715945784058112,0.038468,formal_public_module_evidence,0.011485587390439145,0.03653420664841876,0.0552959405853047,0.4815903253841796,1.4435616915702412,4,0,V1_03_difficult,4,OK,True,1180,1403715945584058112,2.5137396358001456e-09,1403715945784058112,73,True,226
0.07431737041349522,0.006691,0.07499999999999996,0.875,735,0.1981013827114966,6.0,,16,2.114702395838816,0.4450858149969471,2.109434059125852,1.296049327326772,True,0.4619357404491793,0.21338462830433155,6,0.0636267625701723,Raw,V1_03_difficult:1403715946084058112:1403715946284058112,0.037445,formal_public_module_evidence,0.020093308805462895,0.1122038160796984,0.1154038627730368,0.19213399552274674,0.8060623165086138,0,0,V1_03_difficult,4,OK,True,1190,1403715946084058112,4.567996494260153e-09,1403715946284058112,521,True,630
0.1333219943647492,0.002092,0.07499999999999996,0.875,735,0.24381708641414968,6.0,,16,2.114702395838816,0.4450858149969471,2.109434059125852,1.3017233284137903,True,0.4619357404491793,0.21338462830433155,6,0.0636267625701723,Global-DoF,V1_03_difficult:1403715946084058112:1403715946284058112,0.037445,formal_public_module_evidence,0.020093308805462895,0.1122038160796984,0.1154038627730368,0.19213399552274674,0.8060623165086138,0,0,V1_03_difficult,4,OK,True,1190,1403715946084058112,4.567996494260153e-09,1403715946284058112,521,True,630
0.1751287044067371,0.457317,0.07499999999999996,0.875,735,0.2542263490966896,6.0,,16,2.114702395838816,0.4450858149969471,2.109434059125852,1.3076957816975976,True,0.4619357404491793,0.21338462830433155,6,0.0636267625701723,DPR-Exact-Block,V1_03_difficult:1403715946084058112:1403715946284058112,0.037445,formal_public_module_evidence,0.020093308805462895,0.1122038160796984,0.1154038627730368,0.19213399552274674,0.8060623165086138,0,0,V1_03_difficult,4,OK,True,1190,1403715946084058112,4.567996494260153e-09,1403715946284058112,521,True,630
0.10938758035722454,0.178518,0.07499999999999996,0.875,735,0.2380507495436328,6.0,,16,2.114702395838816,0.4450858149969471,2.109434059125852,1.298988601491037,True,0.4619357404491793,0.21338462830433155,6,0.0636267625701723,DUC-K16,V1_03_difficult:1403715946084058112:1403715946284058112,0.037445,formal_public_module_evidence,0.020093308805462895,0.1122038160796984,0.1154038627730368,0.19213399552274674,0.8060623165086138,0,0,V1_03_difficult,4,OK,True,1190,1403715946084058112,4.567996494260153e-09,1403715946284058112,521,True,630
0.042238002891898274,0.070378,0.07499999999999996,0.875,735,0.22259062161666077,6.0,,16,2.114702395838816,0.4450858149969471,2.109434059125852,1.2940976882263298,True,0.4619357404491793,0.21338462830433155,6,0.0636267625701723,Permuted-K16,V1_03_difficult:1403715946084058112:1403715946284058112,0.037445,formal_public_module_evidence,0.020093308805462895,0.1122038160796984,0.1154038627730368,0.19213399552274674,0.8060623165086138,0,0,V1_03_difficult,4,OK,True,1190,1403715946084058112,4.567996494260153e-09,1403715946284058112,521,True,630
0.43204002565711846,0.006504,0.050000000000000044,1.0,735,0.28199185445313985,6.000000000000002,,48,2.11235051500681,0.5310290523626178,2.107072842602887,1.2211833652034658,True,0.42786029102864753,0.18306442863911898,6,0.030138047184087524,Raw,V1_03_difficult:1403715946084058112:1403715946284058112,0.038315,formal_public_module_evidence,0.010671934060864419,0.040341362366987925,0.056871108678412156,0.49236952614332974,1.0,2,0,V1_03_difficult,4,OK,True,1190,1403715946084058112,1.096854971872775e-11,1403715946284058112,521,True,630
0.4965785467946896,0.002152,0.050000000000000044,1.0,735,0.30079131141668247,6.000000000000002,,48,2.11235051500681,0.5310290523626178,2.107072842602887,1.245147924330208,True,0.42786029102864753,0.18306442863911898,6,0.030138047184087524,Global-DoF,V1_03_difficult:1403715946084058112:1403715946284058112,0.038315,formal_public_module_evidence,0.010671934060864419,0.040341362366987925,0.056871108678412156,0.49236952614332974,1.0,2,0,V1_03_difficult,4,OK,True,1190,1403715946084058112,1.096854971872775e-11,1403715946284058112,521,True,630
0.5081957925040251,1.265828,0.050000000000000044,1.0,735,0.3043060542751705,6.000000000000002,,48,2.11235051500681,0.5310290523626178,2.107072842602887,1.2497357152580177,True,0.42786029102864753,0.18306442863911898,6,0.030138047184087524,DPR-Exact-Block,V1_03_difficult:1403715946084058112:1403715946284058112,0.038315,formal_public_module_evidence,0.010671934060864419,0.040341362366987925,0.056871108678412156,0.49236952614332974,1.0,2,0,V1_03_difficult,4,OK,True,1190,1403715946084058112,1.096854971872775e-11,1403715946284058112,521,True,630
0.47759425820671003,0.315067,0.050000000000000044,1.0,735,0.2951348640530219,6.000000000000002,,48,2.11235051500681,0.5310290523626178,2.107072842602887,1.2378280225227845,True,0.42786029102864753,0.18306442863911898,6,0.030138047184087524,DUC-K16,V1_03_difficult:1403715946084058112:1403715946284058112,0.038315,formal_public_module_evidence,0.010671934060864419,0.040341362366987925,0.056871108678412156,0.49236952614332974,1.0,2,0,V1_03_difficult,4,OK,True,1190,1403715946084058112,1.096854971872775e-11,1403715946284058112,521,True,630
0.4677363242093313,0.106472,0.050000000000000044,1.0,735,0.29223973747162635,6.000000000000002,,48,2.11235051500681,0.5310290523626178,2.107072842602887,1.2341149449050064,True,0.42786029102864753,0.18306442863911898,6,0.030138047184087524,Permuted-K16,V1_03_difficult:1403715946084058112:1403715946284058112,0.038315,formal_public_module_evidence,0.010671934060864419,0.040341362366987925,0.056871108678412156,0.49236952614332974,1.0,2,0,V1_03_difficult,4,OK,True,1190,1403715946084058112,1.096854971872775e-11,1403715946284058112,521,True,630
,,,,273,,,INSUFFICIENT_TRACKS,16,,,,,,,,,,Raw,V1_03_difficult:1403715946584058112:1403715946784058112,,formal_public_module_evidence,,,,,,,,V1_03_difficult,,,,1200,1403715946584058112,,1403715946784058112,20,False,247
,,,,273,,,INSUFFICIENT_TRACKS,16,,,,,,,,,,Global-DoF,V1_03_difficult:1403715946584058112:1403715946784058112,,formal_public_module_evidence,,,,,,,,V1_03_difficult,,,,1200,1403715946584058112,,1403715946784058112,20,False,247
,,,,273,,,INSUFFICIENT_TRACKS,16,,,,,,,,,,DPR-Exact-Block,V1_03_difficult:1403715946584058112:1403715946784058112,,formal_public_module_evidence,,,,,,,,V1_03_difficult,,,,1200,1403715946584058112,,1403715946784058112,20,False,247
,,,,273,,,INSUFFICIENT_TRACKS,16,,,,,,,,,,DUC-K16,V1_03_difficult:1403715946584058112:1403715946784058112,,formal_public_module_evidence,,,,,,,,V1_03_difficult,,,,1200,1403715946584058112,,1403715946784058112,20,False,247
,,,,273,,,INSUFFICIENT_TRACKS,16,,,,,,,,,,Permuted-K16,V1_03_difficult:1403715946584058112:1403715946784058112,,formal_public_module_evidence,,,,,,,,V1_03_difficult,,,,1200,1403715946584058112,,1403715946784058112,20,False,247
,,,,273,,,INSUFFICIENT_TRACKS,48,,,,,,,,,,Raw,V1_03_difficult:1403715946584058112:1403715946784058112,,formal_public_module_evidence,,,,,,,,V1_03_difficult,,,,1200,1403715946584058112,,1403715946784058112,20,False,247
,,,,273,,,INSUFFICIENT_TRACKS,48,,,,,,,,,,Global-DoF,V1_03_difficult:1403715946584058112:1403715946784058112,,formal_public_module_evidence,,,,,,,,V1_03_difficult,,,,1200,1403715946584058112,,1403715946784058112,20,False,247
,,,,273,,,INSUFFICIENT_TRACKS,48,,,,,,,,,,DPR-Exact-Block,V1_03_difficult:1403715946584058112:1403715946784058112,,formal_public_module_evidence,,,,,,,,V1_03_difficult,,,,1200,1403715946584058112,,1403715946784058112,20,False,247
,,,,273,,,INSUFFICIENT_TRACKS,48,,,,,,,,,,DUC-K16,V1_03_difficult:1403715946584058112:1403715946784058112,,formal_public_module_evidence,,,,,,,,V1_03_difficult,,,,1200,1403715946584058112,,1403715946784058112,20,False,247
,,,,273,,,INSUFFICIENT_TRACKS,48,,,,,,,,,,Permuted-K16,V1_03_difficult:1403715946584058112:1403715946784058112,,formal_public_module_evidence,,,,,,,,V1_03_difficult,,,,1200,1403715946584058112,,1403715946784058112,20,False,247
,,,,156,,,INSUFFICIENT_TRACKS,16,,,,,,,,,,Raw,V1_03_difficult:1403715947084058112:1403715947284058112,,formal_public_module_evidence,,,,,,,,V1_03_difficult,,,,1210,1403715947084058112,,1403715947284058112,67,False,112
,,,,156,,,INSUFFICIENT_TRACKS,16,,,,,,,,,,Global-DoF,V1_03_difficult:1403715947084058112:1403715947284058112,,formal_public_module_evidence,,,,,,,,V1_03_difficult,,,,1210,1403715947084058112,,1403715947284058112,67,False,112
,,,,156,,,INSUFFICIENT_TRACKS,16,,,,,,,,,,DPR-Exact-Block,V1_03_difficult:1403715947084058112:1403715947284058112,,formal_public_module_evidence,,,,,,,,V1_03_difficult,,,,1210,1403715947084058112,,1403715947284058112,67,False,112
,,,,156,,,INSUFFICIENT_TRACKS,16,,,,,,,,,,DUC-K16,V1_03_difficult:1403715947084058112:1403715947284058112,,formal_public_module_evidence,,,,,,,,V1_03_difficult,,,,1210,1403715947084058112,,1403715947284058112,67,False,112
,,,,156,,,INSUFFICIENT_TRACKS,16,,,,,,,,,,Permuted-K16,V1_03_difficult:1403715947084058112:1403715947284058112,,formal_public_module_evidence,,,,,,,,V1_03_difficult,,,,1210,1403715947084058112,,1403715947284058112,67,False,112
,,,,156,,,INSUFFICIENT_TRACKS,48,,,,,,,,,,Raw,V1_03_difficult:1403715947084058112:1403715947284058112,,formal_public_module_evidence,,,,,,,,V1_03_difficult,,,,1210,1403715947084058112,,1403715947284058112,67,False,112
,,,,156,,,INSUFFICIENT_TRACKS,48,,,,,,,,,,Global-DoF,V1_03_difficult:1403715947084058112:1403715947284058112,,formal_public_module_evidence,,,,,,,,V1_03_difficult,,,,1210,1403715947084058112,,1403715947284058112,67,False,112
,,,,156,,,INSUFFICIENT_TRACKS,48,,,,,,,,,,DPR-Exact-Block,V1_03_difficult:1403715947084058112:1403715947284058112,,formal_public_module_evidence,,,,,,,,V1_03_difficult,,,,1210,1403715947084058112,,1403715947284058112,67,False,112
,,,,156,,,INSUFFICIENT_TRACKS,48,,,,,,,,,,DUC-K16,V1_03_difficult:1403715947084058112:1403715947284058112,,formal_public_module_evidence,,,,,,,,V1_03_difficult,,,,1210,1403715947084058112,,1403715947284058112,67,False,112
,,,,156,,,INSUFFICIENT_TRACKS,48,,,,,,,,,,Permuted-K16,V1_03_difficult:1403715947084058112:1403715947284058112,,formal_public_module_evidence,,,,,,,,V1_03_difficult,,,,1210,1403715947084058112,,1403715947284058112,67,False,112
,,,,156,,,INSUFFICIENT_TRACKS,16,,,,,,,,,,Raw,V1_03_difficult:1403715947584058112:1403715947784058112,,formal_public_module_evidence,,,,,,,,V1_03_difficult,,,,1220,1403715947584058112,,1403715947784058112,43,False,116
,,,,156,,,INSUFFICIENT_TRACKS,16,,,,,,,,,,Global-DoF,V1_03_difficult:1403715947584058112:1403715947784058112,,formal_public_module_evidence,,,,,,,,V1_03_difficult,,,,1220,1403715947584058112,,1403715947784058112,43,False,116
,,,,156,,,INSUFFICIENT_TRACKS,16,,,,,,,,,,DPR-Exact-Block,V1_03_difficult:1403715947584058112:1403715947784058112,,formal_public_module_evidence,,,,,,,,V1_03_difficult,,,,1220,1403715947584058112,,1403715947784058112,43,False,116
,,,,156,,,INSUFFICIENT_TRACKS,16,,,,,,,,,,DUC-K16,V1_03_difficult:1403715947584058112:1403715947784058112,,formal_public_module_evidence,,,,,,,,V1_03_difficult,,,,1220,1403715947584058112,,1403715947784058112,43,False,116
,,,,156,,,INSUFFICIENT_TRACKS,16,,,,,,,,,,Permuted-K16,V1_03_difficult:1403715947584058112:1403715947784058112,,formal_public_module_evidence,,,,,,,,V1_03_difficult,,,,1220,1403715947584058112,,1403715947784058112,43,False,116
,,,,156,,,INSUFFICIENT_TRACKS,48,,,,,,,,,,Raw,V1_03_difficult:1403715947584058112:1403715947784058112,,formal_public_module_evidence,,,,,,,,V1_03_difficult,,,,1220,1403715947584058112,,1403715947784058112,43,False,116
,,,,156,,,INSUFFICIENT_TRACKS,48,,,,,,,,,,Global-DoF,V1_03_difficult:1403715947584058112:1403715947784058112,,formal_public_module_evidence,,,,,,,,V1_03_difficult,,,,1220,1403715947584058112,,1403715947784058112,43,False,116
,,,,156,,,INSUFFICIENT_TRACKS,48,,,,,,,,,,DPR-Exact-Block,V1_03_difficult:1403715947584058112:1403715947784058112,,formal_public_module_evidence,,,,,,,,V1_03_difficult,,,,1220,1403715947584058112,,1403715947784058112,43,False,116
,,,,156,,,INSUFFICIENT_TRACKS,48,,,,,,,,,,DUC-K16,V1_03_difficult:1403715947584058112:1403715947784058112,,formal_public_module_evidence,,,,,,,,V1_03_difficult,,,,1220,1403715947584058112,,1403715947784058112,43,False,116
,,,,156,,,INSUFFICIENT_TRACKS,48,,,,,,,,,,Permuted-K16,V1_03_difficult:1403715947584058112:1403715947784058112,,formal_public_module_evidence,,,,,,,,V1_03_difficult,,,,1220,1403715947584058112,,1403715947784058112,43,False,116
3.058769002938332,0.006333,0.19999999999999996,0.75,608,0.03166660104565458,6.0,,16,1.323518493836971,0.17795111982129974,1.7869839197497548,19.68670347271124,True,0.8213040700098588,0.6745403754147591,6,0.14638650946576437,Raw,V1_03_difficult:1403715948084058112:1403715948284058112,0.039311,formal_public_module_evidence,0.029464414998278565,0.10983719257887614,0.12304006853770431,0.28023858330026646,0.5751638220120123,0,0,V1_03_difficult,6,OK,True,1230,1403715948084058112,2.905961865030957e-08,1403715948284058112,520,True,549
2.8511296381600872,0.001922,0.07499999999999996,0.875,608,0.038974278210036406,6.0,,16,1.323518493836971,0.17795111982129974,1.7869839197497548,15.900345496002695,True,0.8213040700098588,0.6745403754147591,6,0.14638650946576437,Global-DoF,V1_03_difficult:1403715948084058112:1403715948284058112,0.039311,formal_public_module_evidence,0.029464414998278565,0.10983719257887614,0.12304006853770431,0.28023858330026646,0.5751638220120123,0,0,V1_03_difficult,6,OK,True,1230,1403715948084058112,2.905961865030957e-08,1403715948284058112,520,True,549
2.775162033372825,0.450205,0.07499999999999996,0.875,608,0.04205042528888493,6.0,,16,1.323518493836971,0.17795111982129974,1.7869839197497548,14.710217286720725,True,0.8213040700098588,0.6745403754147591,6,0.14638650946576437,DPR-Exact-Block,V1_03_difficult:1403715948084058112:1403715948284058112,0.039311,formal_public_module_evidence,0.029464414998278565,0.10983719257887614,0.12304006853770431,0.28023858330026646,0.5751638220120123,0,0,V1_03_difficult,6,OK,True,1230,1403715948084058112,2.905961865030957e-08,1403715948284058112,520,True,549
2.6385472036477102,0.185638,0.07499999999999996,0.875,608,0.048206040268475706,6.0,,16,1.323518493836971,0.17795111982129974,1.7869839197497548,12.798466175149763,True,0.8213040700098588,0.6745403754147591,6,0.14638650946576437,DUC-K16,V1_03_difficult:1403715948084058112:1403715948284058112,0.039311,formal_public_module_evidence,0.029464414998278565,0.10983719257887614,0.12304006853770431,0.28023858330026646,0.5751638220120123,0,0,V1_03_difficult,6,OK,True,1230,1403715948084058112,2.905961865030957e-08,1403715948284058112,520,True,549
2.6760781365939086,0.070635,0.07499999999999996,0.875,608,0.04643035263720724,6.0,,16,1.323518493836971,0.17795111982129974,1.7869839197497548,13.296079756929808,True,0.8213040700098588,0.6745403754147591,6,0.14638650946576437,Permuted-K16,V1_03_difficult:1403715948084058112:1403715948284058112,0.039311,formal_public_module_evidence,0.029464414998278565,0.10983719257887614,0.12304006853770431,0.28023858330026646,0.5751638220120123,0,0,V1_03_difficult,6,OK,True,1230,1403715948084058112,2.905961865030957e-08,1403715948284058112,520,True,549
2.048346964227836,0.006353,0.033333333333333326,0.9166666666666666,608,0.0873587008375744,6.0,,48,1.2097871900459447,0.2955650534782054,1.7870279742939066,7.155215523007182,True,0.8230874411430144,0.6774729357673551,6,0.01911221035152988,Raw,V1_03_difficult:1403715948084058112:1403715948284058112,0.038863,formal_public_module_evidence,0.011387621537746917,0.03270098407034737,0.053177549420364144,0.42318095615244716,1.0728035730464378,6,0,V1_03_difficult,6,OK,True,1230,1403715948084058112,6.4556387471429685e-09,1403715948284058112,520,True,549
1.9838084430902645,0.002,0.033333333333333326,0.9166666666666666,608,0.09318261422674604,6.0,,48,1.2097871900459447,0.2955650534782054,1.7870279742939066,6.7350621007035825,True,0.8230874411430144,0.6774729357673551,6,0.01911221035152988,Global-DoF,V1_03_difficult:1403715948084058112:1403715948284058112,0.038863,formal_public_module_evidence,0.011387621537746917,0.03270098407034737,0.053177549420364144,0.42318095615244716,1.0728035730464378,6,0,V1_03_difficult,6,OK,True,1230,1403715948084058112,6.4556387471429685e-09,1403715948284058112,520,True,549
1.9900472676273018,1.287823,0.033333333333333326,0.9166666666666666,608,0.09260307395151028,6.0,,48,1.2097871900459447,0.2955650534782054,1.7870279742939066,6.774323682954368,True,0.8230874411430144,0.6774729357673551,6,0.01911221035152988,DPR-Exact-Block,V1_03_difficult:1403715948084058112:1403715948284058112,0.038863,formal_public_module_evidence,0.011387621537746917,0.03270098407034737,0.053177549420364144,0.42318095615244716,1.0728035730464378,6,0,V1_03_difficult,6,OK,True,1230,1403715948084058112,6.4556387471429685e-09,1403715948284058112,520,True,549
2.0093444772270863,0.313012,0.033333333333333326,0.9166666666666666,608,0.09083322452295074,6.0,,48,1.2097871900459447,0.2955650534782054,1.7870279742939066,6.897573490966874,True,0.8230874411430144,0.6774729357673551,6,0.01911221035152988,DUC-K16,V1_03_difficult:1403715948084058112:1403715948284058112,0.038863,formal_public_module_evidence,0.011387621537746917,0.03270098407034737,0.053177549420364144,0.42318095615244716,1.0728035730464378,6,0,V1_03_difficult,6,OK,True,1230,1403715948084058112,6.4556387471429685e-09,1403715948284058112,520,True,549
1.9136999210473098,0.106187,0.033333333333333326,0.9166666666666666,608,0.09994996229440635,6.0,,48,1.2097871900459447,0.2955650534782054,1.7870279742939066,6.312912445020237,True,0.8230874411430144,0.6774729357673551,6,0.01911221035152988,Permuted-K16,V1_03_difficult:1403715948084058112:1403715948284058112,0.038863,formal_public_module_evidence,0.011387621537746917,0.03270098407034737,0.053177549420364144,0.42318095615244716,1.0728035730464378,6,0,V1_03_difficult,6,OK,True,1230,1403715948084058112,6.4556387471429685e-09,1403715948284058112,520,True,549
,,,,486,,,INSUFFICIENT_TRACKS,16,,,,,,,,,,Raw,V1_03_difficult:1403715948584058112:1403715948784058112,,formal_public_module_evidence,,,,,,,,V1_03_difficult,,,,1240,1403715948584058112,,1403715948784058112,32,False,377
,,,,486,,,INSUFFICIENT_TRACKS,16,,,,,,,,,,Global-DoF,V1_03_difficult:1403715948584058112:1403715948784058112,,formal_public_module_evidence,,,,,,,,V1_03_difficult,,,,1240,1403715948584058112,,1403715948784058112,32,False,377
,,,,486,,,INSUFFICIENT_TRACKS,16,,,,,,,,,,DPR-Exact-Block,V1_03_difficult:1403715948584058112:1403715948784058112,,formal_public_module_evidence,,,,,,,,V1_03_difficult,,,,1240,1403715948584058112,,1403715948784058112,32,False,377
,,,,486,,,INSUFFICIENT_TRACKS,16,,,,,,,,,,DUC-K16,V1_03_difficult:1403715948584058112:1403715948784058112,,formal_public_module_evidence,,,,,,,,V1_03_difficult,,,,1240,1403715948584058112,,1403715948784058112,32,False,377
,,,,486,,,INSUFFICIENT_TRACKS,16,,,,,,,,,,Permuted-K16,V1_03_difficult:1403715948584058112:1403715948784058112,,formal_public_module_evidence,,,,,,,,V1_03_difficult,,,,1240,1403715948584058112,,1403715948784058112,32,False,377
,,,,486,,,INSUFFICIENT_TRACKS,48,,,,,,,,,,Raw,V1_03_difficult:1403715948584058112:1403715948784058112,,formal_public_module_evidence,,,,,,,,V1_03_difficult,,,,1240,1403715948584058112,,1403715948784058112,32,False,377
,,,,486,,,INSUFFICIENT_TRACKS,48,,,,,,,,,,Global-DoF,V1_03_difficult:1403715948584058112:1403715948784058112,,formal_public_module_evidence,,,,,,,,V1_03_difficult,,,,1240,1403715948584058112,,1403715948784058112,32,False,377
,,,,486,,,INSUFFICIENT_TRACKS,48,,,,,,,,,,DPR-Exact-Block,V1_03_difficult:1403715948584058112:1403715948784058112,,formal_public_module_evidence,,,,,,,,V1_03_difficult,,,,1240,1403715948584058112,,1403715948784058112,32,False,377
,,,,486,,,INSUFFICIENT_TRACKS,48,,,,,,,,,,DUC-K16,V1_03_difficult:1403715948584058112:1403715948784058112,,formal_public_module_evidence,,,,,,,,V1_03_difficult,,,,1240,1403715948584058112,,1403715948784058112,32,False,377
,,,,486,,,INSUFFICIENT_TRACKS,48,,,,,,,,,,Permuted-K16,V1_03_difficult:1403715948584058112:1403715948784058112,,formal_public_module_evidence,,,,,,,,V1_03_difficult,,,,1240,1403715948584058112,,1403715948784058112,32,False,377
,,,,199,,,INSUFFICIENT_TRACKS,16,,,,,,,,,,Raw,V1_03_difficult:1403715949084058112:1403715949284058112,,formal_public_module_evidence,,,,,,,,V1_03_difficult,,,,1250,1403715949084058112,,1403715949284058112,22,False,146
,,,,199,,,INSUFFICIENT_TRACKS,16,,,,,,,,,,Global-DoF,V1_03_difficult:1403715949084058112:1403715949284058112,,formal_public_module_evidence,,,,,,,,V1_03_difficult,,,,1250,1403715949084058112,,1403715949284058112,22,False,146
,,,,199,,,INSUFFICIENT_TRACKS,16,,,,,,,,,,DPR-Exact-Block,V1_03_difficult:1403715949084058112:1403715949284058112,,formal_public_module_evidence,,,,,,,,V1_03_difficult,,,,1250,1403715949084058112,,1403715949284058112,22,False,146
,,,,199,,,INSUFFICIENT_TRACKS,16,,,,,,,,,,DUC-K16,V1_03_difficult:1403715949084058112:1403715949284058112,,formal_public_module_evidence,,,,,,,,V1_03_difficult,,,,1250,1403715949084058112,,1403715949284058112,22,False,146
,,,,199,,,INSUFFICIENT_TRACKS,16,,,,,,,,,,Permuted-K16,V1_03_difficult:1403715949084058112:1403715949284058112,,formal_public_module_evidence,,,,,,,,V1_03_difficult,,,,1250,1403715949084058112,,1403715949284058112,22,False,146
,,,,199,,,INSUFFICIENT_TRACKS,48,,,,,,,,,,Raw,V1_03_difficult:1403715949084058112:1403715949284058112,,formal_public_module_evidence,,,,,,,,V1_03_difficult,,,,1250,1403715949084058112,,1403715949284058112,22,False,146
,,,,199,,,INSUFFICIENT_TRACKS,48,,,,,,,,,,Global-DoF,V1_03_difficult:1403715949084058112:1403715949284058112,,formal_public_module_evidence,,,,,,,,V1_03_difficult,,,,1250,1403715949084058112,,1403715949284058112,22,False,146
,,,,199,,,INSUFFICIENT_TRACKS,48,,,,,,,,,,DPR-Exact-Block,V1_03_difficult:1403715949084058112:1403715949284058112,,formal_public_module_evidence,,,,,,,,V1_03_difficult,,,,1250,1403715949084058112,,1403715949284058112,22,False,146
,,,,199,,,INSUFFICIENT_TRACKS,48,,,,,,,,,,DUC-K16,V1_03_difficult:1403715949084058112:1403715949284058112,,formal_public_module_evidence,,,,,,,,V1_03_difficult,,,,1250,1403715949084058112,,1403715949284058112,22,False,146
,,,,199,,,INSUFFICIENT_TRACKS,48,,,,,,,,,,Permuted-K16,V1_03_difficult:1403715949084058112:1403715949284058112,,formal_public_module_evidence,,,,,,,,V1_03_difficult,,,,1250,1403715949084058112,,1403715949284058112,22,False,146
1.0242146408234933,0.006358,0.15833333333333333,0.7916666666666666,481,0.06358603602124233,5.999999999999998,,16,1.765523732749281,0.25216271734981427,1.71272376186462,1.8674231231222487,True,0.4208102011117121,0.17708122535967954,6,0.08696154321029215,Raw,V1_03_difficult:1403715949584058112:1403715949784058112,0.040207,formal_public_module_evidence,0.019210618922162914,0.1603720707524697,0.11350212847405557,0.22842416363666918,0.6275627709207985,0,0,V1_03_difficult,4,OK,True,1260,1403715949584058112,3.609242941910376e-11,1403715949784058112,353,True,406
0.8165752760452488,0.001978,0.15833333333333333,0.7916666666666666,481,0.07825973664152902,5.999999999999998,,16,1.765523732749281,0.25216271734981427,1.71272376186462,1.5528923412373514,True,0.4208102011117121,0.17708122535967954,6,0.08696154321029215,Global-DoF,V1_03_difficult:1403715949584058112:1403715949784058112,0.040207,formal_public_module_evidence,0.019210618922162914,0.1603720707524697,0.11350212847405557,0.22842416363666918,0.6275627709207985,0,0,V1_03_difficult,4,OK,True,1260,1403715949584058112,3.609242941910376e-11,1403715949784058112,353,True,406
0.7408562266438978,0.485618,0.11666666666666659,0.8333333333333334,481,0.084415606952396,5.999999999999998,,16,1.765523732749281,0.25216271734981427,1.71272376186462,1.4636049672672282,True,0.4208102011117121,0.17708122535967954,6,0.08696154321029215,DPR-Exact-Block,V1_03_difficult:1403715949584058112:1403715949784058112,0.040207,formal_public_module_evidence,0.019210618922162914,0.1603720707524697,0.11350212847405557,0.22842416363666918,0.6275627709207985,0,0,V1_03_difficult,4,OK,True,1260,1403715949584058112,3.609242941910376e-11,1403715949784058112,353,True,406
0.8318335045712585,0.184534,0.15833333333333333,0.7916666666666666,481,0.07707469550078218,5.999999999999998,,16,1.765523732749281,0.25216271734981427,1.71272376186462,1.5724242182887362,True,0.4208102011117121,0.17708122535967954,6,0.08696154321029215,DUC-K16,V1_03_difficult:1403715949584058112:1403715949784058112,0.040207,formal_public_module_evidence,0.019210618922162914,0.1603720707524697,0.11350212847405557,0.22842416363666918,0.6275627709207985,0,0,V1_03_difficult,4,OK,True,1260,1403715949584058112,3.609242941910376e-11,1403715949784058112,353,True,406
0.724703785233364,0.071323,0.11666666666666659,0.8333333333333334,481,0.0857901967021289,5.999999999999998,,16,1.765523732749281,0.25216271734981427,1.71272376186462,1.446146116541934,True,0.4208102011117121,0.17708122535967954,6,0.08696154321029215,Permuted-K16,V1_03_difficult:1403715949584058112:1403715949784058112,0.040207,formal_public_module_evidence,0.019210618922162914,0.1603720707524697,0.11350212847405557,0.22842416363666918,0.6275627709207985,0,0,V1_03_difficult,4,OK,True,1260,1403715949584058112,3.609242941910376e-11,1403715949784058112,353,True,406
0.42372501153241116,0.005981,0.033333333333333326,0.9166666666666666,481,0.3494490476557442,6.0,,48,1.7267732215599565,0.5911421552010516,1.7159639914578486,1.4410834177553777,True,0.47827889087002406,0.2287506974518604,6,0.035074385810560216,Raw,V1_03_difficult:1403715949584058112:1403715949784058112,0.039157,formal_public_module_evidence,0.016399492068459642,0.04659055471011061,0.07268918640188088,0.49461652659381883,1.593598555109308,1,0,V1_03_difficult,4,OK,True,1260,1403715949584058112,5.451194106172205e-10,1403715949784058112,353,True,406
0.48826353266998246,0.001972,0.033333333333333326,0.9166666666666666,481,0.3727456508327938,6.0,,48,1.7267732215599565,0.5911421552010516,1.7159639914578486,1.4647091972882678,True,0.47827889087002406,0.2287506974518604,6,0.035074385810560216,Global-DoF,V1_03_difficult:1403715949584058112:1403715949784058112,0.039157,formal_public_module_evidence,0.016399492068459642,0.04659055471011061,0.07268918640188088,0.49461652659381883,1.593598555109308,1,0,V1_03_difficult,4,OK,True,1260,1403715949584058112,5.451194106172205e-10,1403715949784058112,353,True,406
0.5338567957015266,1.283681,0.008333333333333415,0.9583333333333334,481,0.3901337187012168,6.0,,48,1.7267732215599565,0.5911421552010516,1.7159639914578486,1.4829505489005539,True,0.47827889087002406,0.2287506974518604,6,0.035074385810560216,DPR-Exact-Block,V1_03_difficult:1403715949584058112:1403715949784058112,0.039157,formal_public_module_evidence,0.016399492068459642,0.04659055471011061,0.07268918640188088,0.49461652659381883,1.593598555109308,1,0,V1_03_difficult,4,OK,True,1260,1403715949584058112,5.451194106172205e-10,1403715949784058112,353,True,406
0.4981525313457581,0.313026,0.008333333333333415,0.9583333333333334,481,0.37645001813378176,6.0,,48,1.7267732215599565,0.5911421552010516,1.7159639914578486,1.4685593137130029,True,0.47827889087002406,0.2287506974518604,6,0.035074385810560216,DUC-K16,V1_03_difficult:1403715949584058112:1403715949784058112,0.039157,formal_public_module_evidence,0.016399492068459642,0.04659055471011061,0.07268918640188088,0.49461652659381883,1.593598555109308,1,0,V1_03_difficult,4,OK,True,1260,1403715949584058112,5.451194106172205e-10,1403715949784058112,353,True,406
0.45324713316134346,0.10806,0.033333333333333326,0.9166666666666666,481,0.3599193167822532,6.0,,48,1.7267732215599565,0.5911421552010516,1.7159639914578486,1.4515627197153236,True,0.47827889087002406,0.2287506974518604,6,0.035074385810560216,Permuted-K16,V1_03_difficult:1403715949584058112:1403715949784058112,0.039157,formal_public_module_evidence,0.016399492068459642,0.04659055471011061,0.07268918640188088,0.49461652659381883,1.593598555109308,1,0,V1_03_difficult,4,OK,True,1260,1403715949584058112,5.451194106172205e-10,1403715949784058112,353,True,406
4.11280372572697,0.006884,0.575,0.375,644,0.20290763092872136,5.999999999999999,,16,2.7440311250118237,0.450452695550511,2.0275520341273223,61.360707863893175,True,3.521544427121675,12.401275152191724,6,0.023765166753777045,Raw,V1_03_difficult:1403715950084058112:1403715950284058112,0.040749,formal_public_module_evidence,0.022189295848430213,0.0609011852267515,0.08029919152169135,0.2326226103072644,0.6364366533255412,0,0,V1_03_difficult,7,OK,True,1270,1403715950084058112,2.5433920445431264e-09,1403715950284058112,153,True,555
3.905164360948725,0.00203,0.49166666666666664,0.4583333333333333,644,0.24973246883534939,5.999999999999999,,16,2.7440311250118237,0.450452695550511,2.0275520341273223,50.10875312472776,True,3.521544427121675,12.401275152191724,6,0.023765166753777045,Global-DoF,V1_03_difficult:1403715950084058112:1403715950284058112,0.040749,formal_public_module_evidence,0.022189295848430213,0.0609011852267515,0.08029919152169135,0.2326226103072644,0.6364366533255412,0,0,V1_03_difficult,7,OK,True,1270,1403715950084058112,2.5433920445431264e-09,1403715950284058112,153,True,555
3.9086637308169894,0.455342,0.49166666666666664,0.4583333333333333,644,0.2488600898374021,5.999999999999999,,16,2.7440311250118237,0.450452695550511,2.0275520341273223,50.2793307097214,True,3.521544427121675,12.401275152191724,6,0.023765166753777045,DPR-Exact-Block,V1_03_difficult:1403715950084058112:1403715950284058112,0.040749,formal_public_module_evidence,0.022189295848430213,0.0609011852267515,0.08029919152169135,0.2326226103072644,0.6364366533255412,0,0,V1_03_difficult,7,OK,True,1270,1403715950084058112,2.5433920445431264e-09,1403715950284058112,153,True,555
3.8851765598416823,0.179834,0.49166666666666664,0.4583333333333333,644,0.2547742913707479,5.999999999999999,,16,2.7440311250118237,0.450452695550511,2.0275520341273223,49.14603565449306,True,3.521544427121675,12.401275152191724,6,0.023765166753777045,DUC-K16,V1_03_difficult:1403715950084058112:1403715950284058112,0.040749,formal_public_module_evidence,0.022189295848430213,0.0609011852267515,0.08029919152169135,0.2326226103072644,0.6364366533255412,0,0,V1_03_difficult,7,OK,True,1270,1403715950084058112,2.5433920445431264e-09,1403715950284058112,153,True,555
3.893448301488722,0.069569,0.49166666666666664,0.4583333333333333,644,0.2526755563178661,5.999999999999999,,16,2.7440311250118237,0.450452695550511,2.0275520341273223,49.54206520255511,True,3.521544427121675,12.401275152191724,6,0.023765166753777045,Permuted-K16,V1_03_difficult:1403715950084058112:1403715950284058112,0.040749,formal_public_module_evidence,0.022189295848430213,0.0609011852267515,0.08029919152169135,0.2326226103072644,0.6364366533255412,0,0,V1_03_difficult,7,OK,True,1270,1403715950084058112,2.5433920445431264e-09,1403715950284058112,153,True,555
0.3145751123387298,0.006545,0.033333333333333326,0.9166666666666666,644,7.531801556761401,6.0,,48,2.1192059813307678,2.744412789060968,2.0157013381455107,5.226688558522864,True,3.211874387450351,10.316137080759567,6,0.013286484898367812,Raw,V1_03_difficult:1403715950084058112:1403715950284058112,0.038386,formal_public_module_evidence,0.013829950801303004,0.058837367525429646,0.07198436018106025,0.583883288023211,1.51255864149676,6,0,V1_03_difficult,4,OK,True,1270,1403715950084058112,6.26450582867143e-09,1403715950284058112,153,True,555
0.25003659120115845,0.00201,0.033333333333333326,0.9166666666666666,644,8.033921660545497,6.0,,48,2.1192059813307678,2.744412789060968,2.0157013381455107,5.205622252888457,True,3.211874387450351,10.316137080759567,6,0.013286484898367812,Global-DoF,V1_03_difficult:1403715950084058112:1403715950284058112,0.038386,formal_public_module_evidence,0.013829950801303004,0.058837367525429646,0.07198436018106025,0.583883288023211,1.51255864149676,6,0,V1_03_difficult,4,OK,True,1270,1403715950084058112,6.26450582867143e-09,1403715950284058112,153,True,555
0.27303573090374333,1.288008,0.033333333333333326,0.9166666666666666,644,7.851256990837812,6.0,,48,2.1192059813307678,2.744412789060968,2.0157013381455107,5.2124979041128565,True,3.211874387450351,10.316137080759567,6,0.013286484898367812,DPR-Exact-Block,V1_03_difficult:1403715950084058112:1403715950284058112,0.038386,formal_public_module_evidence,0.013829950801303004,0.058837367525429646,0.07198436018106025,0.583883288023211,1.51255864149676,6,0,V1_03_difficult,4,OK,True,1270,1403715950084058112,6.26450582867143e-09,1403715950284058112,153,True,555
0.25983673723064454,0.316058,0.033333333333333326,0.9166666666666666,644,7.955572598279783,6.0,,48,2.1192059813307678,2.744412789060968,2.0157013381455107,5.208468068831187,True,3.211874387450351,10.316137080759567,6,0.013286484898367812,DUC-K16,V1_03_difficult:1403715950084058112:1403715950284058112,0.038386,formal_public_module_evidence,0.013829950801303004,0.058837367525429646,0.07198436018106025,0.583883288023211,1.51255864149676,6,0,V1_03_difficult,4,OK,True,1270,1403715950084058112,6.26450582867143e-09,1403715950284058112,153,True,555
0.11110686652508468,0.107501,0.033333333333333326,0.9166666666666666,644,9.231324240576997,6.0,,48,2.1192059813307678,2.744412789060968,2.0157013381455107,5.177993901330971,True,3.211874387450351,10.316137080759567,6,0.013286484898367812,Permuted-K16,V1_03_difficult:1403715950084058112:1403715950284058112,0.038386,formal_public_module_evidence,0.013829950801303004,0.058837367525429646,0.07198436018106025,0.583883288023211,1.51255864149676,6,0,V1_03_difficult,4,OK,True,1270,1403715950084058112,6.26450582867143e-09,1403715950284058112,153,True,555
,,,,119,,,INSUFFICIENT_TRACKS,16,,,,,,,,,,Raw,V1_03_difficult:1403715950584058112:1403715950784058112,,formal_public_module_evidence,,,,,,,,V1_03_difficult,,,,1280,1403715950584058112,,1403715950784058112,5,False,113
,,,,119,,,INSUFFICIENT_TRACKS,16,,,,,,,,,,Global-DoF,V1_03_difficult:1403715950584058112:1403715950784058112,,formal_public_module_evidence,,,,,,,,V1_03_difficult,,,,1280,1403715950584058112,,1403715950784058112,5,False,113
,,,,119,,,INSUFFICIENT_TRACKS,16,,,,,,,,,,DPR-Exact-Block,V1_03_difficult:1403715950584058112:1403715950784058112,,formal_public_module_evidence,,,,,,,,V1_03_difficult,,,,1280,1403715950584058112,,1403715950784058112,5,False,113
,,,,119,,,INSUFFICIENT_TRACKS,16,,,,,,,,,,DUC-K16,V1_03_difficult:1403715950584058112:1403715950784058112,,formal_public_module_evidence,,,,,,,,V1_03_difficult,,,,1280,1403715950584058112,,1403715950784058112,5,False,113
,,,,119,,,INSUFFICIENT_TRACKS,16,,,,,,,,,,Permuted-K16,V1_03_difficult:1403715950584058112:1403715950784058112,,formal_public_module_evidence,,,,,,,,V1_03_difficult,,,,1280,1403715950584058112,,1403715950784058112,5,False,113
,,,,119,,,INSUFFICIENT_TRACKS,48,,,,,,,,,,Raw,V1_03_difficult:1403715950584058112:1403715950784058112,,formal_public_module_evidence,,,,,,,,V1_03_difficult,,,,1280,1403715950584058112,,1403715950784058112,5,False,113
,,,,119,,,INSUFFICIENT_TRACKS,48,,,,,,,,,,Global-DoF,V1_03_difficult:1403715950584058112:1403715950784058112,,formal_public_module_evidence,,,,,,,,V1_03_difficult,,,,1280,1403715950584058112,,1403715950784058112,5,False,113
,,,,119,,,INSUFFICIENT_TRACKS,48,,,,,,,,,,DPR-Exact-Block,V1_03_difficult:1403715950584058112:1403715950784058112,,formal_public_module_evidence,,,,,,,,V1_03_difficult,,,,1280,1403715950584058112,,1403715950784058112,5,False,113
,,,,119,,,INSUFFICIENT_TRACKS,48,,,,,,,,,,DUC-K16,V1_03_difficult:1403715950584058112:1403715950784058112,,formal_public_module_evidence,,,,,,,,V1_03_difficult,,,,1280,1403715950584058112,,1403715950784058112,5,False,113
,,,,119,,,INSUFFICIENT_TRACKS,48,,,,,,,,,,Permuted-K16,V1_03_difficult:1403715950584058112:1403715950784058112,,formal_public_module_evidence,,,,,,,,V1_03_difficult,,,,1280,1403715950584058112,,1403715950784058112,5,False,113
,,,,167,,,INSUFFICIENT_TRACKS,16,,,,,,,,,,Raw,V1_03_difficult:1403715951084058112:1403715951284058112,,formal_public_module_evidence,,,,,,,,V1_03_difficult,,,,1290,1403715951084058112,,1403715951284058112,56,False,167
,,,,167,,,INSUFFICIENT_TRACKS,16,,,,,,,,,,Global-DoF,V1_03_difficult:1403715951084058112:1403715951284058112,,formal_public_module_evidence,,,,,,,,V1_03_difficult,,,,1290,1403715951084058112,,1403715951284058112,56,False,167
,,,,167,,,INSUFFICIENT_TRACKS,16,,,,,,,,,,DPR-Exact-Block,V1_03_difficult:1403715951084058112:1403715951284058112,,formal_public_module_evidence,,,,,,,,V1_03_difficult,,,,1290,1403715951084058112,,1403715951284058112,56,False,167
,,,,167,,,INSUFFICIENT_TRACKS,16,,,,,,,,,,DUC-K16,V1_03_difficult:1403715951084058112:1403715951284058112,,formal_public_module_evidence,,,,,,,,V1_03_difficult,,,,1290,1403715951084058112,,1403715951284058112,56,False,167
,,,,167,,,INSUFFICIENT_TRACKS,16,,,,,,,,,,Permuted-K16,V1_03_difficult:1403715951084058112:1403715951284058112,,formal_public_module_evidence,,,,,,,,V1_03_difficult,,,,1290,1403715951084058112,,1403715951284058112,56,False,167
,,,,167,,,INSUFFICIENT_TRACKS,48,,,,,,,,,,Raw,V1_03_difficult:1403715951084058112:1403715951284058112,,formal_public_module_evidence,,,,,,,,V1_03_difficult,,,,1290,1403715951084058112,,1403715951284058112,56,False,167
,,,,167,,,INSUFFICIENT_TRACKS,48,,,,,,,,,,Global-DoF,V1_03_difficult:1403715951084058112:1403715951284058112,,formal_public_module_evidence,,,,,,,,V1_03_difficult,,,,1290,1403715951084058112,,1403715951284058112,56,False,167
,,,,167,,,INSUFFICIENT_TRACKS,48,,,,,,,,,,DPR-Exact-Block,V1_03_difficult:1403715951084058112:1403715951284058112,,formal_public_module_evidence,,,,,,,,V1_03_difficult,,,,1290,1403715951084058112,,1403715951284058112,56,False,167
,,,,167,,,INSUFFICIENT_TRACKS,48,,,,,,,,,,DUC-K16,V1_03_difficult:1403715951084058112:1403715951284058112,,formal_public_module_evidence,,,,,,,,V1_03_difficult,,,,1290,1403715951084058112,,1403715951284058112,56,False,167
,,,,167,,,INSUFFICIENT_TRACKS,48,,,,,,,,,,Permuted-K16,V1_03_difficult:1403715951084058112:1403715951284058112,,formal_public_module_evidence,,,,,,,,V1_03_difficult,,,,1290,1403715951084058112,,1403715951284058112,56,False,167
0.28928499597761453,0.006466,0.050000000000000044,1.0,483,1.8590166381235558,6.000000000000002,,16,1.297241065171343,1.3634576040799933,1.289610986747184,3.2067234955006234,True,1.179842944078437,1.3920293726916741,6,0.07926511892198862,Raw,V1_03_difficult:1403715951584058112:1403715951784058112,0.040126,formal_public_module_evidence,0.02599672273751924,0.0917628807505737,0.0988696970593215,0.3802759927503341,0.922337694920627,1,0,V1_03_difficult,5,OK,True,1300,1403715951584058112,6.49367367178992e-10,1403715951784058112,384,True,456
0.4969243607558591,0.001961,0.050000000000000044,1.0,483,2.28802047769053,6.000000000000002,,16,1.297241065171343,1.3634576040799933,1.289610986747184,3.2739630908377833,True,1.179842944078437,1.3920293726916741,6,0.07926511892198862,Global-DoF,V1_03_difficult:1403715951584058112:1403715951784058112,0.040126,formal_public_module_evidence,0.02599672273751924,0.0917628807505737,0.0988696970593215,0.3802759927503341,0.922337694920627,1,0,V1_03_difficult,5,OK,True,1300,1403715951584058112,6.49367367178992e-10,1403715951784058112,384,True,456
0.8650136134698228,0.497604,0.050000000000000044,1.0,483,3.306123239504224,6.000000000000002,,16,1.297241065171343,1.3634576040799933,1.289610986747184,3.454699163334108,True,1.179842944078437,1.3920293726916741,6,0.07926511892198862,DPR-Exact-Block,V1_03_difficult:1403715951584058112:1403715951784058112,0.040126,formal_public_module_evidence,0.02599672273751924,0.0917628807505737,0.0988696970593215,0.3802759927503341,0.922337694920627,1,0,V1_03_difficult,5,OK,True,1300,1403715951584058112,6.49367367178992e-10,1403715951784058112,384,True,456
0.9412939775552773,0.186249,0.050000000000000044,1.0,483,3.5681834912542767,6.000000000000002,,16,1.297241065171343,1.3634576040799933,1.289610986747184,3.5000564053212315,True,1.179842944078437,1.3920293726916741,6,0.07926511892198862,DUC-K16,V1_03_difficult:1403715951584058112:1403715951784058112,0.040126,formal_public_module_evidence,0.02599672273751924,0.0917628807505737,0.0988696970593215,0.3802759927503341,0.922337694920627,1,0,V1_03_difficult,5,OK,True,1300,1403715951584058112,6.49367367178992e-10,1403715951784058112,384,True,456
0.8118436591176229,0.071257,0.050000000000000044,1.0,483,3.1349283591526036,6.000000000000002,,16,1.297241065171343,1.3634576040799933,1.289610986747184,3.424522043470699,True,1.179842944078437,1.3920293726916741,6,0.07926511892198862,Permuted-K16,V1_03_difficult:1403715951584058112:1403715951784058112,0.040126,formal_public_module_evidence,0.02599672273751924,0.0917628807505737,0.0988696970593215,0.3802759927503341,0.922337694920627,1,0,V1_03_difficult,5,OK,True,1300,1403715951584058112,6.49367367178992e-10,1403715951784058112,384,True,456
0.47309251632440436,0.006969,0.008333333333333415,0.9583333333333334,483,2.0873987959114513,6.0,,48,1.299813446083919,1.4447833041364546,1.292301463188697,3.1968681861170083,True,1.1404387874483135,1.3006006279165794,6,0.08115873785571326,Raw,V1_03_difficult:1403715951584058112:1403715951784058112,0.040197,formal_public_module_evidence,0.01577575842178136,0.04441914531684629,0.06588256423774978,0.6360473999939205,1.6189706771373997,6,0,V1_03_difficult,5,OK,True,1300,1403715951584058112,4.769941040711737e-10,1403715951784058112,384,True,456
0.5376310374619755,0.002016,0.008333333333333415,0.9583333333333334,483,2.2265587156388813,6.0,,48,1.299813446083919,1.4447833041364546,1.292301463188697,3.2224646807457966,True,1.1404387874483135,1.3006006279165794,6,0.08115873785571326,Global-DoF,V1_03_difficult:1403715951584058112:1403715951784058112,0.040197,formal_public_module_evidence,0.01577575842178136,0.04441914531684629,0.06588256423774978,0.6360473999939205,1.6189706771373997,6,0,V1_03_difficult,5,OK,True,1300,1403715951584058112,4.769941040711737e-10,1403715951784058112,384,True,456
0.7474465027892747,1.289468,0.008333333333333415,0.9583333333333334,483,2.7463497931652863,6.0,,48,1.299813446083919,1.4447833041364546,1.292301463188697,3.3217240291660084,True,1.1404387874483135,1.3006006279165794,6,0.08115873785571326,DPR-Exact-Block,V1_03_difficult:1403715951584058112:1403715951784058112,0.040197,formal_public_module_evidence,0.01577575842178136,0.04441914531684629,0.06588256423774978,0.6360473999939205,1.6189706771373997,6,0,V1_03_difficult,5,OK,True,1300,1403715951584058112,4.769941040711737e-10,1403715951784058112,384,True,456
0.8254798741956898,0.31719,0.008333333333333415,0.9583333333333334,483,2.96924007608888,6.0,,48,1.299813446083919,1.4447833041364546,1.292301463188697,3.3642078650983174,True,1.1404387874483135,1.3006006279165794,6,0.08115873785571326,DUC-K16,V1_03_difficult:1403715951584058112:1403715951784058112,0.040197,formal_public_module_evidence,0.01577575842178136,0.04441914531684629,0.06588256423774978,0.6360473999939205,1.6189706771373997,6,0,V1_03_difficult,5,OK,True,1300,1403715951584058112,4.769941040711737e-10,1403715951784058112,384,True,456
0.5481780335419262,0.107068,0.008333333333333415,0.9583333333333334,483,2.2501664984388063,6.0,,48,1.299813446083919,1.4447833041364546,1.292301463188697,3.2268832309690993,True,1.1404387874483135,1.3006006279165794,6,0.08115873785571326,Permuted-K16,V1_03_difficult:1403715951584058112:1403715951784058112,0.040197,formal_public_module_evidence,0.01577575842178136,0.04441914531684629,0.06588256423774978,0.6360473999939205,1.6189706771373997,6,0,V1_03_difficult,5,OK,True,1300,1403715951584058112,4.769941040711737e-10,1403715951784058112,384,True,456
,,,,1200,,,INSUFFICIENT_TRACKS,16,,,,,,,,,,Raw,V1_03_difficult:1403715952084058112:1403715952284058112,,formal_public_module_evidence,,,,,,,,V1_03_difficult,,,,1310,1403715952084058112,,1403715952284058112,5,False,585
,,,,1200,,,INSUFFICIENT_TRACKS,16,,,,,,,,,,Global-DoF,V1_03_difficult:1403715952084058112:1403715952284058112,,formal_public_module_evidence,,,,,,,,V1_03_difficult,,,,1310,1403715952084058112,,1403715952284058112,5,False,585
,,,,1200,,,INSUFFICIENT_TRACKS,16,,,,,,,,,,DPR-Exact-Block,V1_03_difficult:1403715952084058112:1403715952284058112,,formal_public_module_evidence,,,,,,,,V1_03_difficult,,,,1310,1403715952084058112,,1403715952284058112,5,False,585
,,,,1200,,,INSUFFICIENT_TRACKS,16,,,,,,,,,,DUC-K16,V1_03_difficult:1403715952084058112:1403715952284058112,,formal_public_module_evidence,,,,,,,,V1_03_difficult,,,,1310,1403715952084058112,,1403715952284058112,5,False,585
,,,,1200,,,INSUFFICIENT_TRACKS,16,,,,,,,,,,Permuted-K16,V1_03_difficult:1403715952084058112:1403715952284058112,,formal_public_module_evidence,,,,,,,,V1_03_difficult,,,,1310,1403715952084058112,,1403715952284058112,5,False,585
,,,,1200,,,INSUFFICIENT_TRACKS,48,,,,,,,,,,Raw,V1_03_difficult:1403715952084058112:1403715952284058112,,formal_public_module_evidence,,,,,,,,V1_03_difficult,,,,1310,1403715952084058112,,1403715952284058112,5,False,585
,,,,1200,,,INSUFFICIENT_TRACKS,48,,,,,,,,,,Global-DoF,V1_03_difficult:1403715952084058112:1403715952284058112,,formal_public_module_evidence,,,,,,,,V1_03_difficult,,,,1310,1403715952084058112,,1403715952284058112,5,False,585
,,,,1200,,,INSUFFICIENT_TRACKS,48,,,,,,,,,,DPR-Exact-Block,V1_03_difficult:1403715952084058112:1403715952284058112,,formal_public_module_evidence,,,,,,,,V1_03_difficult,,,,1310,1403715952084058112,,1403715952284058112,5,False,585
,,,,1200,,,INSUFFICIENT_TRACKS,48,,,,,,,,,,DUC-K16,V1_03_difficult:1403715952084058112:1403715952284058112,,formal_public_module_evidence,,,,,,,,V1_03_difficult,,,,1310,1403715952084058112,,1403715952284058112,5,False,585
,,,,1200,,,INSUFFICIENT_TRACKS,48,,,,,,,,,,Permuted-K16,V1_03_difficult:1403715952084058112:1403715952284058112,,formal_public_module_evidence,,,,,,,,V1_03_difficult,,,,1310,1403715952084058112,,1403715952284058112,5,False,585
,,,,178,,,INSUFFICIENT_TRACKS,16,,,,,,,,,,Raw,V1_03_difficult:1403715952584058112:1403715952784058112,,formal_public_module_evidence,,,,,,,,V1_03_difficult,,,,1320,1403715952584058112,,1403715952784058112,29,False,130
,,,,178,,,INSUFFICIENT_TRACKS,16,,,,,,,,,,Global-DoF,V1_03_difficult:1403715952584058112:1403715952784058112,,formal_public_module_evidence,,,,,,,,V1_03_difficult,,,,1320,1403715952584058112,,1403715952784058112,29,False,130
,,,,178,,,INSUFFICIENT_TRACKS,16,,,,,,,,,,DPR-Exact-Block,V1_03_difficult:1403715952584058112:1403715952784058112,,formal_public_module_evidence,,,,,,,,V1_03_difficult,,,,1320,1403715952584058112,,1403715952784058112,29,False,130
,,,,178,,,INSUFFICIENT_TRACKS,16,,,,,,,,,,DUC-K16,V1_03_difficult:1403715952584058112:1403715952784058112,,formal_public_module_evidence,,,,,,,,V1_03_difficult,,,,1320,1403715952584058112,,1403715952784058112,29,False,130
,,,,178,,,INSUFFICIENT_TRACKS,16,,,,,,,,,,Permuted-K16,V1_03_difficult:1403715952584058112:1403715952784058112,,formal_public_module_evidence,,,,,,,,V1_03_difficult,,,,1320,1403715952584058112,,1403715952784058112,29,False,130
,,,,178,,,INSUFFICIENT_TRACKS,48,,,,,,,,,,Raw,V1_03_difficult:1403715952584058112:1403715952784058112,,formal_public_module_evidence,,,,,,,,V1_03_difficult,,,,1320,1403715952584058112,,1403715952784058112,29,False,130
,,,,178,,,INSUFFICIENT_TRACKS,48,,,,,,,,,,Global-DoF,V1_03_difficult:1403715952584058112:1403715952784058112,,formal_public_module_evidence,,,,,,,,V1_03_difficult,,,,1320,1403715952584058112,,1403715952784058112,29,False,130
,,,,178,,,INSUFFICIENT_TRACKS,48,,,,,,,,,,DPR-Exact-Block,V1_03_difficult:1403715952584058112:1403715952784058112,,formal_public_module_evidence,,,,,,,,V1_03_difficult,,,,1320,1403715952584058112,,1403715952784058112,29,False,130
,,,,178,,,INSUFFICIENT_TRACKS,48,,,,,,,,,,DUC-K16,V1_03_difficult:1403715952584058112:1403715952784058112,,formal_public_module_evidence,,,,,,,,V1_03_difficult,,,,1320,1403715952584058112,,1403715952784058112,29,False,130
,,,,178,,,INSUFFICIENT_TRACKS,48,,,,,,,,,,Permuted-K16,V1_03_difficult:1403715952584058112:1403715952784058112,,formal_public_module_evidence,,,,,,,,V1_03_difficult,,,,1320,1403715952584058112,,1403715952784058112,29,False,130
,,,,197,,,INSUFFICIENT_TRACKS,16,,,,,,,,,,Raw,V1_03_difficult:1403715953084058112:1403715953284058112,,formal_public_module_evidence,,,,,,,,V1_03_difficult,,,,1330,1403715953084058112,,1403715953284058112,33,False,103
,,,,197,,,INSUFFICIENT_TRACKS,16,,,,,,,,,,Global-DoF,V1_03_difficult:1403715953084058112:1403715953284058112,,formal_public_module_evidence,,,,,,,,V1_03_difficult,,,,1330,1403715953084058112,,1403715953284058112,33,False,103
,,,,197,,,INSUFFICIENT_TRACKS,16,,,,,,,,,,DPR-Exact-Block,V1_03_difficult:1403715953084058112:1403715953284058112,,formal_public_module_evidence,,,,,,,,V1_03_difficult,,,,1330,1403715953084058112,,1403715953284058112,33,False,103
,,,,197,,,INSUFFICIENT_TRACKS,16,,,,,,,,,,DUC-K16,V1_03_difficult:1403715953084058112:1403715953284058112,,formal_public_module_evidence,,,,,,,,V1_03_difficult,,,,1330,1403715953084058112,,1403715953284058112,33,False,103
,,,,197,,,INSUFFICIENT_TRACKS,16,,,,,,,,,,Permuted-K16,V1_03_difficult:1403715953084058112:1403715953284058112,,formal_public_module_evidence,,,,,,,,V1_03_difficult,,,,1330,1403715953084058112,,1403715953284058112,33,False,103
,,,,197,,,INSUFFICIENT_TRACKS,48,,,,,,,,,,Raw,V1_03_difficult:1403715953084058112:1403715953284058112,,formal_public_module_evidence,,,,,,,,V1_03_difficult,,,,1330,1403715953084058112,,1403715953284058112,33,False,103
,,,,197,,,INSUFFICIENT_TRACKS,48,,,,,,,,,,Global-DoF,V1_03_difficult:1403715953084058112:1403715953284058112,,formal_public_module_evidence,,,,,,,,V1_03_difficult,,,,1330,1403715953084058112,,1403715953284058112,33,False,103
,,,,197,,,INSUFFICIENT_TRACKS,48,,,,,,,,,,DPR-Exact-Block,V1_03_difficult:1403715953084058112:1403715953284058112,,formal_public_module_evidence,,,,,,,,V1_03_difficult,,,,1330,1403715953084058112,,1403715953284058112,33,False,103
,,,,197,,,INSUFFICIENT_TRACKS,48,,,,,,,,,,DUC-K16,V1_03_difficult:1403715953084058112:1403715953284058112,,formal_public_module_evidence,,,,,,,,V1_03_difficult,,,,1330,1403715953084058112,,1403715953284058112,33,False,103
,,,,197,,,INSUFFICIENT_TRACKS,48,,,,,,,,,,Permuted-K16,V1_03_difficult:1403715953084058112:1403715953284058112,,formal_public_module_evidence,,,,,,,,V1_03_difficult,,,,1330,1403715953084058112,,1403715953284058112,33,False,103
,,,,157,,,INSUFFICIENT_TRACKS,16,,,,,,,,,,Raw,V1_03_difficult:1403715953584058112:1403715953784058112,,formal_public_module_evidence,,,,,,,,V1_03_difficult,,,,1340,1403715953584058112,,1403715953784058112,0,False,127
,,,,157,,,INSUFFICIENT_TRACKS,16,,,,,,,,,,Global-DoF,V1_03_difficult:1403715953584058112:1403715953784058112,,formal_public_module_evidence,,,,,,,,V1_03_difficult,,,,1340,1403715953584058112,,1403715953784058112,0,False,127
,,,,157,,,INSUFFICIENT_TRACKS,16,,,,,,,,,,DPR-Exact-Block,V1_03_difficult:1403715953584058112:1403715953784058112,,formal_public_module_evidence,,,,,,,,V1_03_difficult,,,,1340,1403715953584058112,,1403715953784058112,0,False,127
,,,,157,,,INSUFFICIENT_TRACKS,16,,,,,,,,,,DUC-K16,V1_03_difficult:1403715953584058112:1403715953784058112,,formal_public_module_evidence,,,,,,,,V1_03_difficult,,,,1340,1403715953584058112,,1403715953784058112,0,False,127
,,,,157,,,INSUFFICIENT_TRACKS,16,,,,,,,,,,Permuted-K16,V1_03_difficult:1403715953584058112:1403715953784058112,,formal_public_module_evidence,,,,,,,,V1_03_difficult,,,,1340,1403715953584058112,,1403715953784058112,0,False,127
,,,,157,,,INSUFFICIENT_TRACKS,48,,,,,,,,,,Raw,V1_03_difficult:1403715953584058112:1403715953784058112,,formal_public_module_evidence,,,,,,,,V1_03_difficult,,,,1340,1403715953584058112,,1403715953784058112,0,False,127
,,,,157,,,INSUFFICIENT_TRACKS,48,,,,,,,,,,Global-DoF,V1_03_difficult:1403715953584058112:1403715953784058112,,formal_public_module_evidence,,,,,,,,V1_03_difficult,,,,1340,1403715953584058112,,1403715953784058112,0,False,127
,,,,157,,,INSUFFICIENT_TRACKS,48,,,,,,,,,,DPR-Exact-Block,V1_03_difficult:1403715953584058112:1403715953784058112,,formal_public_module_evidence,,,,,,,,V1_03_difficult,,,,1340,1403715953584058112,,1403715953784058112,0,False,127
,,,,157,,,INSUFFICIENT_TRACKS,48,,,,,,,,,,DUC-K16,V1_03_difficult:1403715953584058112:1403715953784058112,,formal_public_module_evidence,,,,,,,,V1_03_difficult,,,,1340,1403715953584058112,,1403715953784058112,0,False,127
,,,,157,,,INSUFFICIENT_TRACKS,48,,,,,,,,,,Permuted-K16,V1_03_difficult:1403715953584058112:1403715953784058112,,formal_public_module_evidence,,,,,,,,V1_03_difficult,,,,1340,1403715953584058112,,1403715953784058112,0,False,127
,,,,411,,,INSUFFICIENT_TRACKS,16,,,,,,,,,,Raw,V1_03_difficult:1403715954084058112:1403715954284058112,,formal_public_module_evidence,,,,,,,,V1_03_difficult,,,,1350,1403715954084058112,,1403715954284058112,27,False,253
,,,,411,,,INSUFFICIENT_TRACKS,16,,,,,,,,,,Global-DoF,V1_03_difficult:1403715954084058112:1403715954284058112,,formal_public_module_evidence,,,,,,,,V1_03_difficult,,,,1350,1403715954084058112,,1403715954284058112,27,False,253
,,,,411,,,INSUFFICIENT_TRACKS,16,,,,,,,,,,DPR-Exact-Block,V1_03_difficult:1403715954084058112:1403715954284058112,,formal_public_module_evidence,,,,,,,,V1_03_difficult,,,,1350,1403715954084058112,,1403715954284058112,27,False,253
,,,,411,,,INSUFFICIENT_TRACKS,16,,,,,,,,,,DUC-K16,V1_03_difficult:1403715954084058112:1403715954284058112,,formal_public_module_evidence,,,,,,,,V1_03_difficult,,,,1350,1403715954084058112,,1403715954284058112,27,False,253
,,,,411,,,INSUFFICIENT_TRACKS,16,,,,,,,,,,Permuted-K16,V1_03_difficult:1403715954084058112:1403715954284058112,,formal_public_module_evidence,,,,,,,,V1_03_difficult,,,,1350,1403715954084058112,,1403715954284058112,27,False,253
,,,,411,,,INSUFFICIENT_TRACKS,48,,,,,,,,,,Raw,V1_03_difficult:1403715954084058112:1403715954284058112,,formal_public_module_evidence,,,,,,,,V1_03_difficult,,,,1350,1403715954084058112,,1403715954284058112,27,False,253
,,,,411,,,INSUFFICIENT_TRACKS,48,,,,,,,,,,Global-DoF,V1_03_difficult:1403715954084058112:1403715954284058112,,formal_public_module_evidence,,,,,,,,V1_03_difficult,,,,1350,1403715954084058112,,1403715954284058112,27,False,253
,,,,411,,,INSUFFICIENT_TRACKS,48,,,,,,,,,,DPR-Exact-Block,V1_03_difficult:1403715954084058112:1403715954284058112,,formal_public_module_evidence,,,,,,,,V1_03_difficult,,,,1350,1403715954084058112,,1403715954284058112,27,False,253
,,,,411,,,INSUFFICIENT_TRACKS,48,,,,,,,,,,DUC-K16,V1_03_difficult:1403715954084058112:1403715954284058112,,formal_public_module_evidence,,,,,,,,V1_03_difficult,,,,1350,1403715954084058112,,1403715954284058112,27,False,253
,,,,411,,,INSUFFICIENT_TRACKS,48,,,,,,,,,,Permuted-K16,V1_03_difficult:1403715954084058112:1403715954284058112,,formal_public_module_evidence,,,,,,,,V1_03_difficult,,,,1350,1403715954084058112,,1403715954284058112,27,False,253
,,,,154,,,INSUFFICIENT_TRACKS,16,,,,,,,,,,Raw,V1_03_difficult:1403715954584058112:1403715954784058112,,formal_public_module_evidence,,,,,,,,V1_03_difficult,,,,1360,1403715954584058112,,1403715954784058112,59,False,94
,,,,154,,,INSUFFICIENT_TRACKS,16,,,,,,,,,,Global-DoF,V1_03_difficult:1403715954584058112:1403715954784058112,,formal_public_module_evidence,,,,,,,,V1_03_difficult,,,,1360,1403715954584058112,,1403715954784058112,59,False,94
,,,,154,,,INSUFFICIENT_TRACKS,16,,,,,,,,,,DPR-Exact-Block,V1_03_difficult:1403715954584058112:1403715954784058112,,formal_public_module_evidence,,,,,,,,V1_03_difficult,,,,1360,1403715954584058112,,1403715954784058112,59,False,94
,,,,154,,,INSUFFICIENT_TRACKS,16,,,,,,,,,,DUC-K16,V1_03_difficult:1403715954584058112:1403715954784058112,,formal_public_module_evidence,,,,,,,,V1_03_difficult,,,,1360,1403715954584058112,,1403715954784058112,59,False,94
,,,,154,,,INSUFFICIENT_TRACKS,16,,,,,,,,,,Permuted-K16,V1_03_difficult:1403715954584058112:1403715954784058112,,formal_public_module_evidence,,,,,,,,V1_03_difficult,,,,1360,1403715954584058112,,1403715954784058112,59,False,94
,,,,154,,,INSUFFICIENT_TRACKS,48,,,,,,,,,,Raw,V1_03_difficult:1403715954584058112:1403715954784058112,,formal_public_module_evidence,,,,,,,,V1_03_difficult,,,,1360,1403715954584058112,,1403715954784058112,59,False,94
,,,,154,,,INSUFFICIENT_TRACKS,48,,,,,,,,,,Global-DoF,V1_03_difficult:1403715954584058112:1403715954784058112,,formal_public_module_evidence,,,,,,,,V1_03_difficult,,,,1360,1403715954584058112,,1403715954784058112,59,False,94
,,,,154,,,INSUFFICIENT_TRACKS,48,,,,,,,,,,DPR-Exact-Block,V1_03_difficult:1403715954584058112:1403715954784058112,,formal_public_module_evidence,,,,,,,,V1_03_difficult,,,,1360,1403715954584058112,,1403715954784058112,59,False,94
,,,,154,,,INSUFFICIENT_TRACKS,48,,,,,,,,,,DUC-K16,V1_03_difficult:1403715954584058112:1403715954784058112,,formal_public_module_evidence,,,,,,,,V1_03_difficult,,,,1360,1403715954584058112,,1403715954784058112,59,False,94
,,,,154,,,INSUFFICIENT_TRACKS,48,,,,,,,,,,Permuted-K16,V1_03_difficult:1403715954584058112:1403715954784058112,,formal_public_module_evidence,,,,,,,,V1_03_difficult,,,,1360,1403715954584058112,,1403715954784058112,59,False,94
,,,,103,,,INSUFFICIENT_TRACKS,16,,,,,,,,,,Raw,V1_03_difficult:1403715955084058112:1403715955284058112,,formal_public_module_evidence,,,,,,,,V1_03_difficult,,,,1370,1403715955084058112,,1403715955284058112,22,False,82
,,,,103,,,INSUFFICIENT_TRACKS,16,,,,,,,,,,Global-DoF,V1_03_difficult:1403715955084058112:1403715955284058112,,formal_public_module_evidence,,,,,,,,V1_03_difficult,,,,1370,1403715955084058112,,1403715955284058112,22,False,82
,,,,103,,,INSUFFICIENT_TRACKS,16,,,,,,,,,,DPR-Exact-Block,V1_03_difficult:1403715955084058112:1403715955284058112,,formal_public_module_evidence,,,,,,,,V1_03_difficult,,,,1370,1403715955084058112,,1403715955284058112,22,False,82
,,,,103,,,INSUFFICIENT_TRACKS,16,,,,,,,,,,DUC-K16,V1_03_difficult:1403715955084058112:1403715955284058112,,formal_public_module_evidence,,,,,,,,V1_03_difficult,,,,1370,1403715955084058112,,1403715955284058112,22,False,82
,,,,103,,,INSUFFICIENT_TRACKS,16,,,,,,,,,,Permuted-K16,V1_03_difficult:1403715955084058112:1403715955284058112,,formal_public_module_evidence,,,,,,,,V1_03_difficult,,,,1370,1403715955084058112,,1403715955284058112,22,False,82
,,,,103,,,INSUFFICIENT_TRACKS,48,,,,,,,,,,Raw,V1_03_difficult:1403715955084058112:1403715955284058112,,formal_public_module_evidence,,,,,,,,V1_03_difficult,,,,1370,1403715955084058112,,1403715955284058112,22,False,82
,,,,103,,,INSUFFICIENT_TRACKS,48,,,,,,,,,,Global-DoF,V1_03_difficult:1403715955084058112:1403715955284058112,,formal_public_module_evidence,,,,,,,,V1_03_difficult,,,,1370,1403715955084058112,,1403715955284058112,22,False,82
,,,,103,,,INSUFFICIENT_TRACKS,48,,,,,,,,,,DPR-Exact-Block,V1_03_difficult:1403715955084058112:1403715955284058112,,formal_public_module_evidence,,,,,,,,V1_03_difficult,,,,1370,1403715955084058112,,1403715955284058112,22,False,82
,,,,103,,,INSUFFICIENT_TRACKS,48,,,,,,,,,,DUC-K16,V1_03_difficult:1403715955084058112:1403715955284058112,,formal_public_module_evidence,,,,,,,,V1_03_difficult,,,,1370,1403715955084058112,,1403715955284058112,22,False,82
,,,,103,,,INSUFFICIENT_TRACKS,48,,,,,,,,,,Permuted-K16,V1_03_difficult:1403715955084058112:1403715955284058112,,formal_public_module_evidence,,,,,,,,V1_03_difficult,,,,1370,1403715955084058112,,1403715955284058112,22,False,82
2.142801380624886,0.006484,0.11666666666666659,0.8333333333333334,331,1.242313560329815,5.999999999999999,,16,1.5248092662128745,1.1145912077213846,1.1092566512706818,10.578133652697487,True,3.254011028983874,10.58858777674869,6,0.0893745549266094,Raw,V1_03_difficult:1403715955584058112:1403715955784058112,0.041547,formal_public_module_evidence,0.016362618532286488,0.0648119440865294,0.0672643776753716,0.14320840914169275,0.5152947238274895,0,0,V1_03_difficult,4,OK,True,1380,1403715955584058112,5.423620941551208e-09,1403715955784058112,151,True,284
1.9351620158466412,0.002094,0.07499999999999996,0.875,331,1.5290013050213107,5.999999999999999,,16,1.5248092662128745,1.1145912077213846,1.1092566512706818,9.187657797986942,True,3.254011028983874,10.58858777674869,6,0.0893745549266094,Global-DoF,V1_03_difficult:1403715955584058112:1403715955784058112,0.041547,formal_public_module_evidence,0.016362618532286488,0.0648119440865294,0.0672643776753716,0.14320840914169275,0.5152947238274895,0,0,V1_03_difficult,4,OK,True,1380,1403715955584058112,5.423620941551208e-09,1403715955784058112,151,True,284
1.8149492337425484,0.459214,0.07499999999999996,0.875,331,1.7243110209670591,5.999999999999999,,16,1.5248092662128745,1.1145912077213846,1.1092566512706818,8.523469054876935,True,3.254011028983874,10.58858777674869,6,0.0893745549266094,DPR-Exact-Block,V1_03_difficult:1403715955584058112:1403715955784058112,0.041547,formal_public_module_evidence,0.016362618532286488,0.0648119440865294,0.0672643776753716,0.14320840914169275,0.5152947238274895,0,0,V1_03_difficult,4,OK,True,1380,1403715955584058112,5.423620941551208e-09,1403715955784058112,151,True,284
1.9085728470193815,0.182377,0.07499999999999996,0.875,331,1.5702014909130808,5.999999999999999,,16,1.5248092662128745,1.1145912077213846,1.1092566512706818,9.032538997379334,True,3.254011028983874,10.58858777674869,6,0.0893745549266094,DUC-K16,V1_03_difficult:1403715955584058112:1403715955784058112,0.041547,formal_public_module_evidence,0.016362618532286488,0.0648119440865294,0.0672643776753716,0.14320840914169275,0.5152947238274895,0,0,V1_03_difficult,4,OK,True,1380,1403715955584058112,5.423620941551208e-09,1403715955784058112,151,True,284
1.9239469673872511,0.070109,0.07499999999999996,0.875,331,1.5462456460666394,5.999999999999999,,16,1.5248092662128745,1.1145912077213846,1.1092566512706818,9.121640665543925,True,3.254011028983874,10.58858777674869,6,0.0893745549266094,Permuted-K16,V1_03_difficult:1403715955584058112:1403715955784058112,0.041547,formal_public_module_evidence,0.016362618532286488,0.0648119440865294,0.0672643776753716,0.14320840914169275,0.5152947238274895,0,0,V1_03_difficult,4,OK,True,1380,1403715955584058112,5.423620941551208e-09,1403715955784058112,151,True,284
0.18060970478735797,0.00645,0.07499999999999996,0.875,331,13.165123063607822,6.0,,48,1.4409642847956283,3.6283774698352187,1.1072052750355585,5.613395741951912,True,3.9712877911411626,15.771126720066853,6,0.04055846483575021,Raw,V1_03_difficult:1403715955584058112:1403715955784058112,0.039223,formal_public_module_evidence,0.01173595438244518,0.04312027954938553,0.05919086176778262,0.5107316134050675,1.1262044995119562,5,0,V1_03_difficult,4,OK,True,1380,1403715955584058112,3.250330206009102e-08,1403715955784058112,151,True,284
0.11607118364978672,0.002081,0.033333333333333326,0.9166666666666666,331,14.042797934515011,6.0,,48,1.4409642847956283,3.6283774698352187,1.1072052750355585,5.6030625421612585,True,3.9712877911411626,15.771126720066853,6,0.04055846483575021,Global-DoF,V1_03_difficult:1403715955584058112:1403715955784058112,0.039223,formal_public_module_evidence,0.01173595438244518,0.04312027954938553,0.05919086176778262,0.5107316134050675,1.1262044995119562,5,0,V1_03_difficult,4,OK,True,1380,1403715955584058112,3.250330206009102e-08,1403715955784058112,151,True,284
0.09705545298437457,1.282515,0.033333333333333326,0.9166666666666666,331,14.312387091701913,6.0,,48,1.4409642847956283,3.6283774698352187,1.1072052750355585,5.600923935664553,True,3.9712877911411626,15.771126720066853,6,0.04055846483575021,DPR-Exact-Block,V1_03_difficult:1403715955584058112:1403715955784058112,0.039223,formal_public_module_evidence,0.01173595438244518,0.04312027954938553,0.05919086176778262,0.5107316134050675,1.1262044995119562,5,0,V1_03_difficult,4,OK,True,1380,1403715955584058112,3.250330206009102e-08,1403715955784058112,151,True,284
0.05729789853717971,0.320406,0.033333333333333326,0.9166666666666666,331,14.89287554027635,6.0,,48,1.4409642847956283,3.6283774698352187,1.1072052750355585,5.597731242742385,True,3.9712877911411626,15.771126720066853,6,0.04055846483575021,DUC-K16,V1_03_difficult:1403715955584058112:1403715955784058112,0.039223,formal_public_module_evidence,0.01173595438244518,0.04312027954938553,0.05919086176778262,0.5107316134050675,1.1262044995119562,5,0,V1_03_difficult,4,OK,True,1380,1403715955584058112,3.250330206009102e-08,1403715955784058112,151,True,284
0.1271741078849097,0.10708,0.033333333333333326,0.9166666666666666,331,13.887744180888463,6.0,,48,1.4409642847956283,3.6283774698352187,1.1072052750355585,5.60449852404997,True,3.9712877911411626,15.771126720066853,6,0.04055846483575021,Permuted-K16,V1_03_difficult:1403715955584058112:1403715955784058112,0.039223,formal_public_module_evidence,0.01173595438244518,0.04312027954938553,0.05919086176778262,0.5107316134050675,1.1262044995119562,5,0,V1_03_difficult,4,OK,True,1380,1403715955584058112,3.250330206009102e-08,1403715955784058112,151,True,284
,,,,174,,,INSUFFICIENT_TRACKS,16,,,,,,,,,,Raw,V1_03_difficult:1403715956084058112:1403715956284058112,,formal_public_module_evidence,,,,,,,,V1_03_difficult,,,,1390,1403715956084058112,,1403715956284058112,48,False,128
,,,,174,,,INSUFFICIENT_TRACKS,16,,,,,,,,,,Global-DoF,V1_03_difficult:1403715956084058112:1403715956284058112,,formal_public_module_evidence,,,,,,,,V1_03_difficult,,,,1390,1403715956084058112,,1403715956284058112,48,False,128
,,,,174,,,INSUFFICIENT_TRACKS,16,,,,,,,,,,DPR-Exact-Block,V1_03_difficult:1403715956084058112:1403715956284058112,,formal_public_module_evidence,,,,,,,,V1_03_difficult,,,,1390,1403715956084058112,,1403715956284058112,48,False,128
,,,,174,,,INSUFFICIENT_TRACKS,16,,,,,,,,,,DUC-K16,V1_03_difficult:1403715956084058112:1403715956284058112,,formal_public_module_evidence,,,,,,,,V1_03_difficult,,,,1390,1403715956084058112,,1403715956284058112,48,False,128
,,,,174,,,INSUFFICIENT_TRACKS,16,,,,,,,,,,Permuted-K16,V1_03_difficult:1403715956084058112:1403715956284058112,,formal_public_module_evidence,,,,,,,,V1_03_difficult,,,,1390,1403715956084058112,,1403715956284058112,48,False,128
,,,,174,,,INSUFFICIENT_TRACKS,48,,,,,,,,,,Raw,V1_03_difficult:1403715956084058112:1403715956284058112,,formal_public_module_evidence,,,,,,,,V1_03_difficult,,,,1390,1403715956084058112,,1403715956284058112,48,False,128
,,,,174,,,INSUFFICIENT_TRACKS,48,,,,,,,,,,Global-DoF,V1_03_difficult:1403715956084058112:1403715956284058112,,formal_public_module_evidence,,,,,,,,V1_03_difficult,,,,1390,1403715956084058112,,1403715956284058112,48,False,128
,,,,174,,,INSUFFICIENT_TRACKS,48,,,,,,,,,,DPR-Exact-Block,V1_03_difficult:1403715956084058112:1403715956284058112,,formal_public_module_evidence,,,,,,,,V1_03_difficult,,,,1390,1403715956084058112,,1403715956284058112,48,False,128
,,,,174,,,INSUFFICIENT_TRACKS,48,,,,,,,,,,DUC-K16,V1_03_difficult:1403715956084058112:1403715956284058112,,formal_public_module_evidence,,,,,,,,V1_03_difficult,,,,1390,1403715956084058112,,1403715956284058112,48,False,128
,,,,174,,,INSUFFICIENT_TRACKS,48,,,,,,,,,,Permuted-K16,V1_03_difficult:1403715956084058112:1403715956284058112,,formal_public_module_evidence,,,,,,,,V1_03_difficult,,,,1390,1403715956084058112,,1403715956284058112,48,False,128
0.08049872540733358,0.006333,0.033333333333333326,0.9166666666666666,229,1.681302514182065,5.999999999999999,,16,2.2766416975440253,1.2966504980842235,2.218115194205559,3.4412733306936083,True,1.3499043826083,1.8222418421850952,6,0.031864802456898156,Raw,V1_03_difficult:1403715956584058112:1403715956784058112,0.039525,formal_public_module_evidence,0.028173503501970953,0.0582576232193904,0.08992803397166985,0.1924281700390847,0.7380484423795043,0,0,V1_03_difficult,5,OK,True,1400,1403715956584058112,2.5683415193859877e-08,1403715956784058112,127,True,184
0.12714063937091116,0.001991,0.008333333333333415,0.9583333333333334,229,2.0692954020702343,5.999999999999999,,16,2.2766416975440253,1.2966504980842235,2.218115194205559,3.4456950457463225,True,1.3499043826083,1.8222418421850952,6,0.031864802456898156,Global-DoF,V1_03_difficult:1403715956584058112:1403715956784058112,0.039525,formal_public_module_evidence,0.028173503501970953,0.0582576232193904,0.08992803397166985,0.1924281700390847,0.7380484423795043,0,0,V1_03_difficult,5,OK,True,1400,1403715956584058112,2.5683415193859877e-08,1403715956784058112,127,True,184
0.1028491979027509,0.446166,0.008333333333333415,0.9583333333333334,229,2.019634839185901,5.999999999999999,,16,2.2766416975440253,1.2966504980842235,2.218115194205559,3.443056815180237,True,1.3499043826083,1.8222418421850952,6,0.031864802456898156,DPR-Exact-Block,V1_03_difficult:1403715956584058112:1403715956784058112,0.039525,formal_public_module_evidence,0.028173503501970953,0.0582576232193904,0.08992803397166985,0.1924281700390847,0.7380484423795043,0,0,V1_03_difficult,5,OK,True,1400,1403715956584058112,2.5683415193859877e-08,1403715956784058112,127,True,184
0.13421685100894587,0.181321,0.008333333333333415,0.9583333333333334,229,2.083990104371629,5.999999999999999,,16,2.2766416975440253,1.2966504980842235,2.218115194205559,3.4465618713345005,True,1.3499043826083,1.8222418421850952,6,0.031864802456898156,DUC-K16,V1_03_difficult:1403715956584058112:1403715956784058112,0.039525,formal_public_module_evidence,0.028173503501970953,0.0582576232193904,0.08992803397166985,0.1924281700390847,0.7380484423795043,0,0,V1_03_difficult,5,OK,True,1400,1403715956584058112,2.5683415193859877e-08,1403715956784058112,127,True,184
0.25718344433207985,0.075531,0.050000000000000044,1.0,229,2.356673212507073,5.999999999999999,,16,2.2766416975440253,1.2966504980842235,2.218115194205559,3.4683543919920425,True,1.3499043826083,1.8222418421850952,6,0.031864802456898156,Permuted-K16,V1_03_difficult:1403715956584058112:1403715956784058112,0.039525,formal_public_module_evidence,0.028173503501970953,0.0582576232193904,0.08992803397166985,0.1924281700390847,0.7380484423795043,0,0,V1_03_difficult,5,OK,True,1400,1403715956584058112,2.5683415193859877e-08,1403715956784058112,127,True,184
0.00251679076740568,0.006441,0.033333333333333326,0.9166666666666666,229,1.5172506906216048,6.0,,48,2.2230164392719662,1.2317673037638257,2.2202553402368133,3.252263381018062,True,1.2302182283540666,1.5134368893746182,6,0.01144559964518721,Raw,V1_03_difficult:1403715956584058112:1403715956784058112,0.040536,formal_public_module_evidence,0.02106331312298676,0.05446631344170706,0.08282075130354989,0.7716174146251937,1.234957886404535,4,0,V1_03_difficult,4,OK,True,1400,1403715956584058112,9.915748804076017e-09,1403715956784058112,127,True,184
0.06705531190497652,0.002058,0.008333333333333415,0.9583333333333334,229,1.6184007366630446,6.0,,48,2.2230164392719662,1.2317673037638257,2.2202553402368133,3.254459003799686,True,1.2302182283540666,1.5134368893746182,6,0.01144559964518721,Global-DoF,V1_03_difficult:1403715956584058112:1403715956784058112,0.040536,formal_public_module_evidence,0.02106331312298676,0.05446631344170706,0.08282075130354989,0.7716174146251937,1.234957886404535,4,0,V1_03_difficult,4,OK,True,1400,1403715956584058112,9.915748804076017e-09,1403715956784058112,127,True,184
0.053450656366954175,1.289958,0.008333333333333415,0.9583333333333334,229,1.5965320474096092,6.0,,48,2.2230164392719662,1.2317673037638257,2.2202553402368133,3.253663588203168,True,1.2302182283540666,1.5134368893746182,6,0.01144559964518721,DPR-Exact-Block,V1_03_difficult:1403715956584058112:1403715956784058112,0.040536,formal_public_module_evidence,0.02106331312298676,0.05446631344170706,0.08282075130354989,0.7716174146251937,1.234957886404535,4,0,V1_03_difficult,4,OK,True,1400,1403715956584058112,9.915748804076017e-09,1403715956784058112,127,True,184
0.0648312506829371,0.31555,0.008333333333333415,0.9583333333333334,229,1.6148053140449707,6.0,,48,2.2230164392719662,1.2317673037638257,2.2202553402368133,3.254317073453199,True,1.2302182283540666,1.5134368893746182,6,0.01144559964518721,DUC-K16,V1_03_difficult:1403715956584058112:1403715956784058112,0.040536,formal_public_module_evidence,0.02106331312298676,0.05446631344170706,0.08282075130354989,0.7716174146251937,1.234957886404535,4,0,V1_03_difficult,4,OK,True,1400,1403715956584058112,9.915748804076017e-09,1403715956784058112,127,True,184
0.06460280419591885,0.106052,0.008333333333333415,0.9583333333333334,229,1.6144364595771166,6.0,,48,2.2230164392719662,1.2317673037638257,2.2202553402368133,3.2543027573211964,True,1.2302182283540666,1.5134368893746182,6,0.01144559964518721,Permuted-K16,V1_03_difficult:1403715956584058112:1403715956784058112,0.040536,formal_public_module_evidence,0.02106331312298676,0.05446631344170706,0.08282075130354989,0.7716174146251937,1.234957886404535,4,0,V1_03_difficult,4,OK,True,1400,1403715956584058112,9.915748804076017e-09,1403715956784058112,127,True,184
0.11695417060176401,0.006342,0.07499999999999996,0.875,256,2.305206883968744,6.000000000000001,,16,2.6831753200772797,1.5182907771467045,2.677797673871559,3.7971154064175874,True,1.6097232965485204,2.5912090914510357,6,0.007191026671027556,Raw,V1_03_difficult:1403715957084058112:1403715957284058112,0.038187,formal_public_module_evidence,0.01980716900330093,0.050804397785371824,0.07340430090793512,0.14999617016242678,0.5880378365095498,0,0,V1_03_difficult,5,OK,True,1410,1403715957084058112,3.2825535072102747e-10,1403715957284058112,105,True,196
0.09068519417648066,0.002015,0.07499999999999996,0.875,256,2.8371777033461467,6.000000000000001,,16,2.6831753200772797,1.5182907771467045,2.677797673871559,3.7939920374794522,True,1.6097232965485204,2.5912090914510357,6,0.007191026671027556,Global-DoF,V1_03_difficult:1403715957084058112:1403715957284058112,0.038187,formal_public_module_evidence,0.01980716900330093,0.050804397785371824,0.07340430090793512,0.14999617016242678,0.5880378365095498,0,0,V1_03_difficult,5,OK,True,1410,1403715957084058112,3.2825535072102747e-10,1403715957284058112,105,True,196
0.10738730021686879,0.484646,0.07499999999999996,0.875,256,2.884962488645261,6.000000000000001,,16,2.6831753200772797,1.5182907771467045,2.677797673871559,3.795566705265872,True,1.6097232965485204,2.5912090914510357,6,0.007191026671027556,DPR-Exact-Block,V1_03_difficult:1403715957084058112:1403715957284058112,0.038187,formal_public_module_evidence,0.01980716900330093,0.050804397785371824,0.07340430090793512,0.14999617016242678,0.5880378365095498,0,0,V1_03_difficult,5,OK,True,1410,1403715957084058112,3.2825535072102747e-10,1403715957284058112,105,True,196
0.11455259474232626,0.178336,0.07499999999999996,0.875,256,2.905708330846023,6.000000000000001,,16,2.6831753200772797,1.5182907771467045,2.677797673871559,3.7963192936401207,True,1.6097232965485204,2.5912090914510357,6,0.007191026671027556,DUC-K16,V1_03_difficult:1403715957084058112:1403715957284058112,0.038187,formal_public_module_evidence,0.01980716900330093,0.050804397785371824,0.07340430090793512,0.14999617016242678,0.5880378365095498,0,0,V1_03_difficult,5,OK,True,1410,1403715957084058112,3.2825535072102747e-10,1403715957284058112,105,True,196
0.07379370144531447,0.06959,0.07499999999999996,0.875,256,2.7896560227658873,6.000000000000001,,16,2.6831753200772797,1.5182907771467045,2.677797673871559,3.7926586625432175,True,1.6097232965485204,2.5912090914510357,6,0.007191026671027556,Permuted-K16,V1_03_difficult:1403715957084058112:1403715957284058112,0.038187,formal_public_module_evidence,0.01980716900330093,0.050804397785371824,0.07340430090793512,0.14999617016242678,0.5880378365095498,0,0,V1_03_difficult,5,OK,True,1410,1403715957084058112,3.2825535072102747e-10,1403715957284058112,105,True,196
0.5505839951280693,0.006468,0.008333333333333415,0.9583333333333334,256,5.859235665213802,6.0,,48,2.649825548236601,2.4205858103388533,2.661611179881638,4.18250920180122,True,1.8380727122857714,3.3785112956495724,6,0.013263108682252334,Raw,V1_03_difficult:1403715957084058112:1403715957284058112,0.03862,formal_public_module_evidence,0.011665598566945545,0.032210380483783385,0.05601140128009716,0.41422424925478973,0.961765109160554,0,0,V1_03_difficult,5,OK,True,1410,1403715957084058112,2.161456713778e-09,1403715957284058112,105,True,196
0.6151225162656405,0.002012,0.008333333333333415,0.9583333333333334,256,6.249851376228055,6.0,,48,2.649825548236601,2.4205858103388533,2.661611179881638,4.211009412134579,True,1.8380727122857714,3.3785112956495724,6,0.013263108682252334,Global-DoF,V1_03_difficult:1403715957084058112:1403715957284058112,0.03862,formal_public_module_evidence,0.011665598566945545,0.032210380483783385,0.05601140128009716,0.41422424925478973,0.961765109160554,0,0,V1_03_difficult,5,OK,True,1410,1403715957084058112,2.161456713778e-09,1403715957284058112,105,True,196
0.633151643289912,1.276246,0.008333333333333415,0.9583333333333334,256,6.36355262786671,6.0,,48,2.649825548236601,2.4205858103388533,2.661611179881638,4.21937978102875,True,1.8380727122857714,3.3785112956495724,6,0.013263108682252334,DPR-Exact-Block,V1_03_difficult:1403715957084058112:1403715957284058112,0.03862,formal_public_module_evidence,0.011665598566945545,0.032210380483783385,0.05601140128009716,0.41422424925478973,0.961765109160554,0,0,V1_03_difficult,5,OK,True,1410,1403715957084058112,2.161456713778e-09,1403715957284058112,105,True,196
0.646327566996018,0.312503,0.050000000000000044,1.0,256,6.447953117975338,6.0,,48,2.649825548236601,2.4205858103388533,2.661611179881638,4.225606280370481,True,1.8380727122857714,3.3785112956495724,6,0.013263108682252334,DUC-K16,V1_03_difficult:1403715957084058112:1403715957284058112,0.03862,formal_public_module_evidence,0.011665598566945545,0.032210380483783385,0.05601140128009716,0.41422424925478973,0.961765109160554,0,0,V1_03_difficult,5,OK,True,1410,1403715957084058112,2.161456713778e-09,1403715957284058112,105,True,196
0.6337044968391331,0.103816,0.008333333333333415,0.9583333333333334,256,6.367071713202457,6.0,,48,2.649825548236601,2.4205858103388533,2.661611179881638,4.219639196957633,True,1.8380727122857714,3.3785112956495724,6,0.013263108682252334,Permuted-K16,V1_03_difficult:1403715957084058112:1403715957284058112,0.03862,formal_public_module_evidence,0.011665598566945545,0.032210380483783385,0.05601140128009716,0.41422424925478973,0.961765109160554,0,0,V1_03_difficult,5,OK,True,1410,1403715957084058112,2.161456713778e-09,1403715957284058112,105,True,196
0.6227859938061204,0.006168,0.07499999999999996,0.875,242,51.67252204788777,6.0,,16,1.997303433366556,7.188360177946551,3.052783220049026,7.646917443037551,True,9.814452780608311,96.3234833827902,6,0.22883854859080055,Raw,V1_03_difficult:1403715957584058112:1403715957784058112,0.038032,formal_public_module_evidence,0.02928395270937717,0.0647189004962194,0.09673828916360522,0.2538017606592707,1.0,2,0,V1_03_difficult,6,OK,True,1420,1403715957584058112,7.147456413823233e-08,1403715957784058112,76,True,179
0.41514662902787614,0.001989,0.07499999999999996,0.875,242,63.59695021278493,6.0,,16,1.997303433366556,7.188360177946551,3.052783220049026,7.505035390658425,True,9.814452780608311,96.3234833827902,6,0.22883854859080055,Global-DoF,V1_03_difficult:1403715957584058112:1403715957784058112,0.038032,formal_public_module_evidence,0.02928395270937717,0.0647189004962194,0.09673828916360522,0.2538017606592707,1.0,2,0,V1_03_difficult,6,OK,True,1420,1403715957584058112,7.147456413823233e-08,1403715957784058112,76,True,179
0.04704071531789369,0.499369,0.033333333333333326,0.9166666666666666,242,100.96287357653021,6.0,,16,1.997303433366556,7.188360177946551,3.052783220049026,7.406678479731743,True,9.814452780608311,96.3234833827902,6,0.22883854859080055,DPR-Exact-Block,V1_03_difficult:1403715957584058112:1403715957784058112,0.038032,formal_public_module_evidence,0.02928395270937717,0.0647189004962194,0.09673828916360522,0.2538017606592707,1.0,2,0,V1_03_difficult,6,OK,True,1420,1403715957584058112,7.147456413823233e-08,1403715957784058112,76,True,179
0.2128168068231231,0.178228,0.033333333333333326,0.9166666666666666,242,77.85867612572055,6.0,,16,1.997303433366556,7.188360177946551,3.052783220049026,7.429930396761449,True,9.814452780608311,96.3234833827902,6,0.22883854859080055,DUC-K16,V1_03_difficult:1403715957584058112:1403715957784058112,0.038032,formal_public_module_evidence,0.02928395270937717,0.0647189004962194,0.09673828916360522,0.2538017606592707,1.0,2,0,V1_03_difficult,6,OK,True,1420,1403715957584058112,7.147456413823233e-08,1403715957784058112,76,True,179
0.22086869490243144,0.069939,0.033333333333333326,0.9166666666666666,242,77.23428392105413,6.0,,16,1.997303433366556,7.188360177946551,3.052783220049026,7.431880178493348,True,9.814452780608311,96.3234833827902,6,0.22883854859080055,Permuted-K16,V1_03_difficult:1403715957584058112:1403715957784058112,0.038032,formal_public_module_evidence,0.02928395270937717,0.0647189004962194,0.09673828916360522,0.2538017606592707,1.0,2,0,V1_03_difficult,6,OK,True,1420,1403715957584058112,7.147456413823233e-08,1403715957784058112,76,True,179
0.5773690895586462,0.006575,0.050000000000000044,1.0,242,118.95232417899668,6.000000000000002,,48,1.8441774381903286,10.906526678049097,2.887114569443827,7.177973190539011,True,8.171698998971339,66.77666452978919,6,0.032660776169060046,Raw,V1_03_difficult:1403715957584058112:1403715957784058112,0.038607,formal_public_module_evidence,0.012820464974967916,0.03460895607694375,0.05392126517434914,0.46935583565348227,1.2998035128029006,3,0,V1_03_difficult,6,OK,True,1420,1403715957584058112,3.2997820643574076e-08,1403715957784058112,76,True,179
0.6419076106962175,0.00192,0.050000000000000044,1.0,242,126.88247912426313,6.000000000000002,,48,1.8441774381903286,10.906526678049097,2.887114569443827,7.207425877398712,True,8.171698998971339,66.77666452978919,6,0.032660776169060046,Global-DoF,V1_03_difficult:1403715957584058112:1403715957784058112,0.038607,formal_public_module_evidence,0.012820464974967916,0.03460895607694375,0.05392126517434914,0.46935583565348227,1.2998035128029006,3,0,V1_03_difficult,6,OK,True,1420,1403715957584058112,3.2997820643574076e-08,1403715957784058112,76,True,179
0.7220085355376202,1.279741,0.050000000000000044,1.0,242,137.46402158436055,6.000000000000002,,48,1.8441774381903286,10.906526678049097,2.887114569443827,7.247014866002523,True,8.171698998971339,66.77666452978919,6,0.032660776169060046,DPR-Exact-Block,V1_03_difficult:1403715957584058112:1403715957784058112,0.038607,formal_public_module_evidence,0.012820464974967916,0.03460895607694375,0.05392126517434914,0.46935583565348227,1.2998035128029006,3,0,V1_03_difficult,6,OK,True,1420,1403715957584058112,3.2997820643574076e-08,1403715957784058112,76,True,179
0.7541472846862597,0.312074,0.050000000000000044,1.0,242,141.9537032246262,6.000000000000002,,48,1.8441774381903286,10.906526678049097,2.887114569443827,7.263789608126473,True,8.171698998971339,66.77666452978919,6,0.032660776169060046,DUC-K16,V1_03_difficult:1403715957584058112:1403715957784058112,0.038607,formal_public_module_evidence,0.012820464974967916,0.03460895607694375,0.05392126517434914,0.46935583565348227,1.2998035128029006,3,0,V1_03_difficult,6,OK,True,1420,1403715957584058112,3.2997820643574076e-08,1403715957784058112,76,True,179
0.6805606025362572,0.108652,0.050000000000000044,1.0,242,131.88288430751726,6.000000000000002,,48,1.8441774381903286,10.906526678049097,2.887114569443827,7.2261244162591565,True,8.171698998971339,66.77666452978919,6,0.032660776169060046,Permuted-K16,V1_03_difficult:1403715957584058112:1403715957784058112,0.038607,formal_public_module_evidence,0.012820464974967916,0.03460895607694375,0.05392126517434914,0.46935583565348227,1.2998035128029006,3,0,V1_03_difficult,6,OK,True,1420,1403715957584058112,3.2997820643574076e-08,1403715957784058112,76,True,179
,,,,299,,,INSUFFICIENT_TRACKS,16,,,,,,,,,,Raw,V1_03_difficult:1403715958084058112:1403715958284058112,,formal_public_module_evidence,,,,,,,,V1_03_difficult,,,,1430,1403715958084058112,,1403715958284058112,11,False,237
,,,,299,,,INSUFFICIENT_TRACKS,16,,,,,,,,,,Global-DoF,V1_03_difficult:1403715958084058112:1403715958284058112,,formal_public_module_evidence,,,,,,,,V1_03_difficult,,,,1430,1403715958084058112,,1403715958284058112,11,False,237
,,,,299,,,INSUFFICIENT_TRACKS,16,,,,,,,,,,DPR-Exact-Block,V1_03_difficult:1403715958084058112:1403715958284058112,,formal_public_module_evidence,,,,,,,,V1_03_difficult,,,,1430,1403715958084058112,,1403715958284058112,11,False,237
,,,,299,,,INSUFFICIENT_TRACKS,16,,,,,,,,,,DUC-K16,V1_03_difficult:1403715958084058112:1403715958284058112,,formal_public_module_evidence,,,,,,,,V1_03_difficult,,,,1430,1403715958084058112,,1403715958284058112,11,False,237
,,,,299,,,INSUFFICIENT_TRACKS,16,,,,,,,,,,Permuted-K16,V1_03_difficult:1403715958084058112:1403715958284058112,,formal_public_module_evidence,,,,,,,,V1_03_difficult,,,,1430,1403715958084058112,,1403715958284058112,11,False,237
,,,,299,,,INSUFFICIENT_TRACKS,48,,,,,,,,,,Raw,V1_03_difficult:1403715958084058112:1403715958284058112,,formal_public_module_evidence,,,,,,,,V1_03_difficult,,,,1430,1403715958084058112,,1403715958284058112,11,False,237
,,,,299,,,INSUFFICIENT_TRACKS,48,,,,,,,,,,Global-DoF,V1_03_difficult:1403715958084058112:1403715958284058112,,formal_public_module_evidence,,,,,,,,V1_03_difficult,,,,1430,1403715958084058112,,1403715958284058112,11,False,237
,,,,299,,,INSUFFICIENT_TRACKS,48,,,,,,,,,,DPR-Exact-Block,V1_03_difficult:1403715958084058112:1403715958284058112,,formal_public_module_evidence,,,,,,,,V1_03_difficult,,,,1430,1403715958084058112,,1403715958284058112,11,False,237
,,,,299,,,INSUFFICIENT_TRACKS,48,,,,,,,,,,DUC-K16,V1_03_difficult:1403715958084058112:1403715958284058112,,formal_public_module_evidence,,,,,,,,V1_03_difficult,,,,1430,1403715958084058112,,1403715958284058112,11,False,237
,,,,299,,,INSUFFICIENT_TRACKS,48,,,,,,,,,,Permuted-K16,V1_03_difficult:1403715958084058112:1403715958284058112,,formal_public_module_evidence,,,,,,,,V1_03_difficult,,,,1430,1403715958084058112,,1403715958284058112,11,False,237
1.3290042281175158,0.006621,0.2833333333333333,0.6666666666666666,267,0.26799485541268725,6.0,,16,3.4594137043689095,0.5176821953792571,3.239820403011685,4.298369776356222,True,1.0061270607358392,1.0122916623449392,6,0.06718837506651887,Raw,V1_03_difficult:1403715958584058112:1403715958784058112,0.038236,formal_public_module_evidence,0.0347783774033365,0.11122821824556034,0.14715955885655707,0.4789650381245855,1.0,2,0,V1_03_difficult,5,OK,True,1440,1403715958584058112,5.036424509743229e-10,1403715958784058112,166,True,245
1.121364863339271,0.002106,0.2833333333333333,0.6666666666666666,267,0.3298398220463844,6.0,,16,3.4594137043689095,0.5176821953792571,3.239820403011685,3.7977691027300176,True,1.0061270607358392,1.0122916623449392,6,0.06718837506651887,Global-DoF,V1_03_difficult:1403715958584058112:1403715958784058112,0.038236,formal_public_module_evidence,0.0347783774033365,0.11122821824556034,0.14715955885655707,0.4789650381245855,1.0,2,0,V1_03_difficult,5,OK,True,1440,1403715958584058112,5.036424509743229e-10,1403715958784058112,166,True,245
1.0507492219610797,0.491426,0.24166666666666659,0.7083333333333334,267,0.3539737614757445,6.0,,16,3.4594137043689095,0.5176821953792571,3.239820403011685,3.6591375129749166,True,1.0061270607358392,1.0122916623449392,6,0.06718837506651887,DPR-Exact-Block,V1_03_difficult:1403715958584058112:1403715958784058112,0.038236,formal_public_module_evidence,0.0347783774033365,0.11122821824556034,0.14715955885655707,0.4789650381245855,1.0,2,0,V1_03_difficult,5,OK,True,1440,1403715958584058112,5.036424509743229e-10,1403715958784058112,166,True,245
1.1203012230173957,0.179429,0.2833333333333333,0.6666666666666666,267,0.3301908396260057,6.0,,16,3.4594137043689095,0.5176821953792571,3.239820403011685,3.79557012361582,True,1.0061270607358392,1.0122916623449392,6,0.06718837506651887,DUC-K16,V1_03_difficult:1403715958584058112:1403715958784058112,0.038236,formal_public_module_evidence,0.0347783774033365,0.11122821824556034,0.14715955885655707,0.4789650381245855,1.0,2,0,V1_03_difficult,5,OK,True,1440,1403715958584058112,5.036424509743229e-10,1403715958784058112,166,True,245
1.2393069666147452,0.069505,0.2833333333333333,0.6666666666666666,267,0.2931443194523344,6.0,,16,3.4594137043689095,0.5176821953792571,3.239820403011685,4.064006271966062,True,1.0061270607358392,1.0122916623449392,6,0.06718837506651887,Permuted-K16,V1_03_difficult:1403715958584058112:1403715958784058112,0.038236,formal_public_module_evidence,0.0347783774033365,0.11122821824556034,0.14715955885655707,0.4789650381245855,1.0,2,0,V1_03_difficult,5,OK,True,1440,1403715958584058112,5.036424509743229e-10,1403715958784058112,166,True,245
0.6581159791018822,0.006026,0.15833333333333333,0.7916666666666666,267,0.4875252040038702,5.999999999999998,,48,3.2195484235367817,0.6982300509172247,3.25028514505808,3.050614353910813,True,0.9703012825646117,0.9414845789465304,6,0.05791179553223147,Raw,V1_03_difficult:1403715958584058112:1403715958784058112,0.03875,formal_public_module_evidence,0.020942742359314925,0.053759672523338076,0.08738770879556035,0.6565652722549971,1.8539567990490355,1,0,V1_03_difficult,4,OK,True,1440,1403715958584058112,1.7259610506353302e-09,1403715958784058112,166,True,245
0.5935774579643109,0.002047,0.11666666666666659,0.8333333333333334,267,0.520026884270795,5.999999999999998,,48,3.2195484235367817,0.6982300509172247,3.25028514505808,2.994455963994548,True,0.9703012825646117,0.9414845789465304,6,0.05791179553223147,Global-DoF,V1_03_difficult:1403715958584058112:1403715958784058112,0.03875,formal_public_module_evidence,0.020942742359314925,0.053759672523338076,0.08738770879556035,0.6565652722549971,1.8539567990490355,1,0,V1_03_difficult,4,OK,True,1440,1403715958584058112,1.7259610506353302e-09,1403715958784058112,166,True,245
0.5934582676063226,1.291355,0.11666666666666659,0.8333333333333334,267,0.5200888701552813,5.999999999999998,,48,3.2195484235367817,0.6982300509172247,3.25028514505808,2.994359378591438,True,0.9703012825646117,0.9414845789465304,6,0.05791179553223147,DPR-Exact-Block,V1_03_difficult:1403715958584058112:1403715958784058112,0.03875,formal_public_module_evidence,0.020942742359314925,0.053759672523338076,0.08738770879556035,0.6565652722549971,1.8539567990490355,1,0,V1_03_difficult,4,OK,True,1440,1403715958584058112,1.7259610506353302e-09,1403715958784058112,166,True,245
0.5371613067077715,0.31829,0.07499999999999996,0.875,267,0.5502081504623032,5.999999999999998,,48,3.2195484235367817,0.6982300509172247,3.25028514505808,2.9515610018675127,True,0.9703012825646117,0.9414845789465304,6,0.05791179553223147,DUC-K16,V1_03_difficult:1403715958584058112:1403715958784058112,0.03875,formal_public_module_evidence,0.020942742359314925,0.053759672523338076,0.08738770879556035,0.6565652722549971,1.8539567990490355,1,0,V1_03_difficult,4,OK,True,1440,1403715958584058112,1.7259610506353302e-09,1403715958784058112,166,True,245
0.5777927568743709,0.106045,0.11666666666666659,0.8333333333333334,267,0.5283004795272852,5.999999999999998,,48,3.2195484235367817,0.6982300509172247,3.25028514505808,2.9818875564995335,True,0.9703012825646117,0.9414845789465304,6,0.05791179553223147,Permuted-K16,V1_03_difficult:1403715958584058112:1403715958784058112,0.03875,formal_public_module_evidence,0.020942742359314925,0.053759672523338076,0.08738770879556035,0.6565652722549971,1.8539567990490355,1,0,V1_03_difficult,4,OK,True,1440,1403715958584058112,1.7259610506353302e-09,1403715958784058112,166,True,245
0.36801811888097746,0.006062,0.008333333333333415,0.9583333333333334,211,2.2369951411629003,6.0,,16,3.3860098921233663,1.4956587649470383,3.261264243743334,3.3351152182958024,True,1.244280804327662,1.5482347200182935,6,0.025353573291615028,Raw,V1_03_difficult:1403715959084058112:1403715959284058112,0.038839,formal_public_module_evidence,0.025856143559526756,0.0681499031360332,0.0937512992592986,0.23883567359499855,0.6183295268584784,0,0,V1_03_difficult,5,OK,True,1450,1403715959084058112,1.4442488958224161e-08,1403715959284058112,109,True,186
0.5756574836592216,0.002058,0.008333333333333415,0.9583333333333334,211,2.753224789123569,6.0,,16,3.3860098921233663,1.4956587649470383,3.261264243743334,3.412984962809015,True,1.244280804327662,1.5482347200182935,6,0.025353573291615028,Global-DoF,V1_03_difficult:1403715959084058112:1403715959284058112,0.038839,formal_public_module_evidence,0.025856143559526756,0.0681499031360332,0.0937512992592986,0.23883567359499855,0.6183295268584784,0,0,V1_03_difficult,5,OK,True,1450,1403715959084058112,1.4442488958224161e-08,1403715959284058112,109,True,186
0.6482703305112472,0.483521,0.008333333333333415,0.9583333333333334,211,2.9605815602740635,6.0,,16,3.3860098921233663,1.4956587649470383,3.261264243743334,3.4462123132927545,True,1.244280804327662,1.5482347200182935,6,0.025353573291615028,DPR-Exact-Block,V1_03_difficult:1403715959084058112:1403715959284058112,0.038839,formal_public_module_evidence,0.025856143559526756,0.0681499031360332,0.0937512992592986,0.23883567359499855,0.6183295268584784,0,0,V1_03_difficult,5,OK,True,1450,1403715959084058112,1.4442488958224161e-08,1403715959284058112,109,True,186
0.6225898174839838,0.176649,0.008333333333333415,0.9583333333333334,211,2.885520238699851,6.0,,16,3.3860098921233663,1.4956587649470383,3.261264243743334,3.434135337651974,True,1.244280804327662,1.5482347200182935,6,0.025353573291615028,DUC-K16,V1_03_difficult:1403715959084058112:1403715959284058112,0.038839,formal_public_module_evidence,0.025856143559526756,0.0681499031360332,0.0937512992592986,0.23883567359499855,0.6183295268584784,0,0,V1_03_difficult,5,OK,True,1450,1403715959084058112,1.4442488958224161e-08,1403715959284058112,109,True,186
0.7142777985727933,0.070837,0.050000000000000044,1.0,211,3.162595939406666,6.0,,16,3.3860098921233663,1.4956587649470383,3.261264243743334,3.4788157912176474,True,1.244280804327662,1.5482347200182935,6,0.025353573291615028,Permuted-K16,V1_03_difficult:1403715959084058112:1403715959284058112,0.038839,formal_public_module_evidence,0.025856143559526756,0.0681499031360332,0.0937512992592986,0.23883567359499855,0.6183295268584784,0,0,V1_03_difficult,5,OK,True,1450,1403715959084058112,1.4442488958224161e-08,1403715959284058112,109,True,186
1.522094559488466,0.00611,0.050000000000000044,1.0,211,5.399818152976464,6.0,,48,2.999059666024411,2.3237508801453877,3.248809603077524,3.742496605361334,True,1.0856027460628481,1.178533322259197,6,0.004195313364965814,Raw,V1_03_difficult:1403715959084058112:1403715959284058112,0.038199,formal_public_module_evidence,0.011738411345096011,0.049762241596830147,0.05721211308355876,0.4266161089209227,1.3640490245270431,2,0,V1_03_difficult,5,OK,True,1450,1403715959084058112,3.961512595799605e-10,1403715959284058112,109,True,186
1.5866330806260374,0.002056,0.050000000000000044,1.0,211,5.759806029841561,6.0,,48,2.999059666024411,2.3237508801453877,3.248809603077524,3.793394235166185,True,1.0856027460628481,1.178533322259197,6,0.004195313364965814,Global-DoF,V1_03_difficult:1403715959084058112:1403715959284058112,0.038199,formal_public_module_evidence,0.011738411345096011,0.049762241596830147,0.05721211308355876,0.4266161089209227,1.3640490245270431,2,0,V1_03_difficult,5,OK,True,1450,1403715959084058112,3.961512595799605e-10,1403715959284058112,109,True,186
1.5933170528841014,1.280035,0.050000000000000044,1.0,211,5.798433361756523,6.0,,48,2.999059666024411,2.3237508801453877,3.248809603077524,3.798715137770125,True,1.0856027460628481,1.178533322259197,6,0.004195313364965814,DPR-Exact-Block,V1_03_difficult:1403715959084058112:1403715959284058112,0.038199,formal_public_module_evidence,0.011738411345096011,0.049762241596830147,0.05721211308355876,0.4266161089209227,1.3640490245270431,2,0,V1_03_difficult,5,OK,True,1450,1403715959084058112,3.961512595799605e-10,1403715959284058112,109,True,186
1.589112914500894,0.312445,0.050000000000000044,1.0,211,5.774107116778082,6.0,,48,2.999059666024411,2.3237508801453877,3.248809603077524,3.7953672904978952,True,1.0856027460628481,1.178533322259197,6,0.004195313364965814,DUC-K16,V1_03_difficult:1403715959084058112:1403715959284058112,0.038199,formal_public_module_evidence,0.011738411345096011,0.049762241596830147,0.05721211308355876,0.4266161089209227,1.3640490245270431,2,0,V1_03_difficult,5,OK,True,1450,1403715959084058112,3.961512595799605e-10,1403715959284058112,109,True,186
1.578905831534326,0.109033,0.050000000000000044,1.0,211,5.715470091956328,6.0,,48,2.999059666024411,2.3237508801453877,3.248809603077524,3.7872542090878825,True,1.0856027460628481,1.178533322259197,6,0.004195313364965814,Permuted-K16,V1_03_difficult:1403715959084058112:1403715959284058112,0.038199,formal_public_module_evidence,0.011738411345096011,0.049762241596830147,0.05721211308355876,0.4266161089209227,1.3640490245270431,2,0,V1_03_difficult,5,OK,True,1450,1403715959084058112,3.961512595799605e-10,1403715959284058112,109,True,186
0.3382156898026442,0.006166,0.008333333333333415,0.9583333333333334,527,2.9756657451757555,6.000000000000001,,16,0.7503598601490109,1.7250118101554424,0.7041817848276495,3.6413863357988276,True,1.4566307334536255,2.121773093641647,6,0.1676493265727652,Raw,V1_03_difficult:1403715959584058112:1403715959784058112,0.038269,formal_public_module_evidence,0.03856471362398134,0.16491190494197933,0.15841220127389344,0.2911612203204559,0.895765902984225,0,0,V1_03_difficult,4,OK,True,1460,1403715959584058112,7.550432797403303e-09,1403715959784058112,156,True,485
0.5458550545808887,0.001918,0.008333333333333415,0.9583333333333334,527,3.662357840216314,6.000000000000001,,16,0.7503598601490109,1.7250118101554424,0.7041817848276495,3.715330423914098,True,1.4566307334536255,2.121773093641647,6,0.1676493265727652,Global-DoF,V1_03_difficult:1403715959584058112:1403715959784058112,0.038269,formal_public_module_evidence,0.03856471362398134,0.16491190494197933,0.15841220127389344,0.2911612203204559,0.895765902984225,0,0,V1_03_difficult,4,OK,True,1460,1403715959584058112,7.550432797403303e-09,1403715959784058112,156,True,485
0.5512505725641157,0.482253,0.008333333333333415,0.9583333333333334,527,3.682171562383919,6.000000000000001,,16,0.7503598601490109,1.7250118101554424,0.7041817848276495,3.7176084867682397,True,1.4566307334536255,2.121773093641647,6,0.1676493265727652,DPR-Exact-Block,V1_03_difficult:1403715959584058112:1403715959784058112,0.038269,formal_public_module_evidence,0.03856471362398134,0.16491190494197933,0.15841220127389344,0.2911612203204559,0.895765902984225,0,0,V1_03_difficult,4,OK,True,1460,1403715959584058112,7.550432797403303e-09,1403715959784058112,156,True,485
0.7062431777922109,0.18189,0.050000000000000044,1.0,527,4.299485145142969,6.000000000000001,,16,0.7503598601490109,1.7250118101554424,0.7041817848276495,3.7898670393642244,True,1.4566307334536255,2.121773093641647,6,0.1676493265727652,DUC-K16,V1_03_difficult:1403715959584058112:1403715959784058112,0.038269,formal_public_module_evidence,0.03856471362398134,0.16491190494197933,0.15841220127389344,0.2911612203204559,0.895765902984225,0,0,V1_03_difficult,4,OK,True,1460,1403715959584058112,7.550432797403303e-09,1403715959784058112,156,True,485
0.5569011486943971,0.069286,0.008333333333333415,0.9583333333333334,527,3.703036848047189,6.000000000000001,,16,0.7503598601490109,1.7250118101554424,0.7041817848276495,3.720012220417884,True,1.4566307334536255,2.121773093641647,6,0.1676493265727652,Permuted-K16,V1_03_difficult:1403715959584058112:1403715959784058112,0.038269,formal_public_module_evidence,0.03856471362398134,0.16491190494197933,0.15841220127389344,0.2911612203204559,0.895765902984225,0,0,V1_03_difficult,4,OK,True,1460,1403715959584058112,7.550432797403303e-09,1403715959784058112,156,True,485
0.4337585583075236,0.006143,0.008333333333333415,0.9583333333333334,527,2.996489421993914,6.0,,48,0.7241482524613551,1.73103709434371,0.7018785230866051,3.583387184601854,True,1.393531853406579,1.9419310264587752,6,0.00918593905868681,Raw,V1_03_difficult:1403715959584058112:1403715959784058112,0.038935,formal_public_module_evidence,0.012037964490024144,0.03155818018836462,0.05061894619090728,0.35881866239463883,1.0,5,0,V1_03_difficult,4,OK,True,1460,1403715959584058112,2.9298398981438025e-10,1403715959784058112,156,True,485
0.49829707944509477,0.001988,0.008333333333333415,0.9583333333333334,527,3.196255383460175,6.0,,48,0.7241482524613551,1.73103709434371,0.7018785230866051,3.607421411526729,True,1.393531853406579,1.9419310264587752,6,0.00918593905868681,Global-DoF,V1_03_difficult:1403715959584058112:1403715959784058112,0.038935,formal_public_module_evidence,0.012037964490024144,0.03155818018836462,0.05061894619090728,0.35881866239463883,1.0,5,0,V1_03_difficult,4,OK,True,1460,1403715959584058112,2.9298398981438025e-10,1403715959784058112,156,True,485
0.5053809689452856,1.281272,0.008333333333333415,0.9583333333333334,527,3.2189776895438875,6.0,,48,0.7241482524613551,1.73103709434371,0.7018785230866051,3.610216590171008,True,1.393531853406579,1.9419310264587752,6,0.00918593905868681,DPR-Exact-Block,V1_03_difficult:1403715959584058112:1403715959784058112,0.038935,formal_public_module_evidence,0.012037964490024144,0.03155818018836462,0.05061894619090728,0.35881866239463883,1.0,5,0,V1_03_difficult,4,OK,True,1460,1403715959584058112,2.9298398981438025e-10,1403715959784058112,156,True,485
0.4961525789807968,0.317682,0.008333333333333415,0.9583333333333334,527,3.189408356656465,6.0,,48,0.7241482524613551,1.73103709434371,0.7018785230866051,3.606581231286404,True,1.393531853406579,1.9419310264587752,6,0.00918593905868681,DUC-K16,V1_03_difficult:1403715959584058112:1403715959784058112,0.038935,formal_public_module_evidence,0.012037964490024144,0.03155818018836462,0.05061894619090728,0.35881866239463883,1.0,5,0,V1_03_difficult,4,OK,True,1460,1403715959584058112,2.9298398981438025e-10,1403715959784058112,156,True,485
0.4852111500056659,0.104528,0.008333333333333415,0.9583333333333334,527,3.1547018870747174,6.0,,48,0.7241482524613551,1.73103709434371,0.7018785230866051,3.6023382749188126,True,1.393531853406579,1.9419310264587752,6,0.00918593905868681,Permuted-K16,V1_03_difficult:1403715959584058112:1403715959784058112,0.038935,formal_public_module_evidence,0.012037964490024144,0.03155818018836462,0.05061894619090728,0.35881866239463883,1.0,5,0,V1_03_difficult,4,OK,True,1460,1403715959584058112,2.9298398981438025e-10,1403715959784058112,156,True,485
1.3600276054406577,0.006549,0.11666666666666659,0.8333333333333334,305,6.096383941027941,5.999999999999999,,16,2.4557341424236707,2.4690856487833592,2.3422650778630034,7.5418737246752485,True,4.873740451515389,23.753345988737433,6,0.08211165815930999,Raw,V1_03_difficult:1403715960084058112:1403715960284058112,0.037524,formal_public_module_evidence,0.03788168893640459,0.1042843369577123,0.13721817941201148,0.4416529082918968,1.0585080340938786,0,0,V1_03_difficult,5,OK,True,1470,1403715960084058112,1.8779308230658513e-09,1403715960284058112,88,True,258
1.152388240662413,0.001998,0.11666666666666659,0.8333333333333334,305,7.503241773572851,5.999999999999999,,16,2.4557341424236707,2.4690856487833592,2.3422650778630034,7.018956678313596,True,4.873740451515389,23.753345988737433,6,0.08211165815930999,Global-DoF,V1_03_difficult:1403715960084058112:1403715960284058112,0.037524,formal_public_module_evidence,0.03788168893640459,0.1042843369577123,0.13721817941201148,0.4416529082918968,1.0585080340938786,0,0,V1_03_difficult,5,OK,True,1470,1403715960084058112,1.8779308230658513e-09,1403715960284058112,88,True,258
0.9559971708997387,0.446113,0.033333333333333326,0.9166666666666666,305,9.131465836785505,5.999999999999999,,16,2.4557341424236707,2.4690856487833592,2.3422650778630034,6.650866493829549,True,4.873740451515389,23.753345988737433,6,0.08211165815930999,DPR-Exact-Block,V1_03_difficult:1403715960084058112:1403715960284058112,0.037524,formal_public_module_evidence,0.03788168893640459,0.1042843369577123,0.13721817941201148,0.4416529082918968,1.0585080340938786,0,0,V1_03_difficult,5,OK,True,1470,1403715960084058112,1.8779308230658513e-09,1403715960284058112,88,True,258
1.0416766986409738,0.177963,0.033333333333333326,0.9166666666666666,305,8.381666035501956,5.999999999999999,,16,2.4557341424236707,2.4690856487833592,2.3422650778630034,6.797888509875154,True,4.873740451515389,23.753345988737433,6,0.08211165815930999,DUC-K16,V1_03_difficult:1403715960084058112:1403715960284058112,0.037524,formal_public_module_evidence,0.03788168893640459,0.1042843369577123,0.13721817941201148,0.4416529082918968,1.0585080340938786,0,0,V1_03_difficult,5,OK,True,1470,1403715960084058112,1.8779308230658513e-09,1403715960284058112,88,True,258
1.218511208427762,0.076658,0.11666666666666659,0.8333333333333334,305,7.023152532010195,5.999999999999999,,16,2.4557341424236707,2.4690856487833592,2.3422650778630034,7.16923793133448,True,4.873740451515389,23.753345988737433,6,0.08211165815930999,Permuted-K16,V1_03_difficult:1403715960084058112:1403715960284058112,0.037524,formal_public_module_evidence,0.03788168893640459,0.1042843369577123,0.13721817941201148,0.4416529082918968,1.0585080340938786,0,0,V1_03_difficult,5,OK,True,1470,1403715960084058112,1.8779308230658513e-09,1403715960284058112,88,True,258
1.2387479664686831,0.006584,0.033333333333333326,0.9166666666666666,305,7.154080550823461,6.0,,48,2.4766334116321014,2.6747113023321716,2.3611715797068262,7.25684959492571,True,4.968984202461404,24.69080400431099,6,0.018604614509604267,Raw,V1_03_difficult:1403715960084058112:1403715960284058112,0.038725,formal_public_module_evidence,0.009643159337380025,0.026470156624381555,0.04852642523907567,0.4095783767843448,1.0,5,0,V1_03_difficult,5,OK,True,1470,1403715960084058112,4.5483626987359303e-10,1403715960284058112,88,True,258
1.174209445331112,0.002035,0.033333333333333326,0.9166666666666666,305,7.631019254211692,6.0,,48,2.4766334116321014,2.6747113023321716,2.3611715797068262,7.105682514301247,True,4.968984202461404,24.69080400431099,6,0.018604614509604267,Global-DoF,V1_03_difficult:1403715960084058112:1403715960284058112,0.038725,formal_public_module_evidence,0.009643159337380025,0.026470156624381555,0.04852642523907567,0.4095783767843448,1.0,5,0,V1_03_difficult,5,OK,True,1470,1403715960084058112,4.5483626987359303e-10,1403715960284058112,88,True,258
1.1555810609920052,1.272534,0.033333333333333326,0.9166666666666666,305,7.774505119391514,6.0,,48,2.4766334116321014,2.6747113023321716,2.3611715797068262,7.0645951268626215,True,4.968984202461404,24.69080400431099,6,0.018604614509604267,DPR-Exact-Block,V1_03_difficult:1403715960084058112:1403715960284058112,0.038725,formal_public_module_evidence,0.009643159337380025,0.026470156624381555,0.04852642523907567,0.4095783767843448,1.0,5,0,V1_03_difficult,5,OK,True,1470,1403715960084058112,4.5483626987359303e-10,1403715960284058112,88,True,258
1.1743609182955685,0.322105,0.033333333333333326,0.9166666666666666,305,7.62986344864229,6.0,,48,2.4766334116321014,2.6747113023321716,2.3611715797068262,7.106021181961612,True,4.968984202461404,24.69080400431099,6,0.018604614509604267,DUC-K16,V1_03_difficult:1403715960084058112:1403715960284058112,0.038725,formal_public_module_evidence,0.009643159337380025,0.026470156624381555,0.04852642523907567,0.4095783767843448,1.0,5,0,V1_03_difficult,5,OK,True,1470,1403715960084058112,4.5483626987359303e-10,1403715960284058112,88,True,258
1.1981675370683278,0.103998,0.033333333333333326,0.9166666666666666,305,7.450367274181441,6.0,,48,2.4766334116321014,2.6747113023321716,2.3611715797068262,7.160178898621138,True,4.968984202461404,24.69080400431099,6,0.018604614509604267,Permuted-K16,V1_03_difficult:1403715960084058112:1403715960284058112,0.038725,formal_public_module_evidence,0.009643159337380025,0.026470156624381555,0.04852642523907567,0.4095783767843448,1.0,5,0,V1_03_difficult,5,OK,True,1470,1403715960084058112,4.5483626987359303e-10,1403715960284058112,88,True,258
0.5704264238266159,0.006308,0.07499999999999996,0.875,312,0.4925467976370891,6.0,,16,3.3964285168025805,0.701816783524795,3.410163565399698,2.89873250753568,True,0.9334483105144248,0.871325748402234,6,0.0637431885481774,Raw,V1_03_difficult:1403715960584058112:1403715960784058112,0.0376,formal_public_module_evidence,0.023845762907817425,0.09969230216864056,0.11903833011068514,0.3299289617490273,0.8425976168515339,0,0,V1_03_difficult,6,OK,True,1480,1403715960584058112,1.9992582076582124e-11,1403715960784058112,123,True,272
0.3627870590483714,0.001971,0.07499999999999996,0.875,312,0.6062114432456481,6.0,,16,3.3964285168025805,0.701816783524795,3.410163565399698,2.774680389171254,True,0.9334483105144248,0.871325748402234,6,0.0637431885481774,Global-DoF,V1_03_difficult:1403715960584058112:1403715960784058112,0.0376,formal_public_module_evidence,0.023845762907817425,0.09969230216864056,0.11903833011068514,0.3299289617490273,0.8425976168515339,0,0,V1_03_difficult,6,OK,True,1480,1403715960584058112,1.9992582076582124e-11,1403715960784058112,123,True,272
0.3729885150112433,0.45757,0.07499999999999996,0.875,312,0.6000586410335289,6.0,,16,3.3964285168025805,0.701816783524795,3.410163565399698,2.779216835679703,True,0.9334483105144248,0.871325748402234,6,0.0637431885481774,DPR-Exact-Block,V1_03_difficult:1403715960584058112:1403715960784058112,0.0376,formal_public_module_evidence,0.023845762907817425,0.09969230216864056,0.11903833011068514,0.3299289617490273,0.8425976168515339,0,0,V1_03_difficult,6,OK,True,1480,1403715960584058112,1.9992582076582124e-11,1403715960784058112,123,True,272
0.3111945173712541,0.178664,0.07499999999999996,0.875,312,0.6383082921288922,6.0,,16,3.3964285168025805,0.701816783524795,3.410163565399698,2.7539978927826922,True,0.9334483105144248,0.871325748402234,6,0.0637431885481774,DUC-K16,V1_03_difficult:1403715960584058112:1403715960784058112,0.0376,formal_public_module_evidence,0.023845762907817425,0.09969230216864056,0.11903833011068514,0.3299289617490273,0.8425976168515339,0,0,V1_03_difficult,6,OK,True,1480,1403715960584058112,1.9992582076582124e-11,1403715960784058112,123,True,272
0.3787683352417766,0.06876,0.07499999999999996,0.875,312,0.5966004135543663,6.0,,16,3.3964285168025805,0.701816783524795,3.410163565399698,2.7818540064180994,True,0.9334483105144248,0.871325748402234,6,0.0637431885481774,Permuted-K16,V1_03_difficult:1403715960584058112:1403715960784058112,0.0376,formal_public_module_evidence,0.023845762907817425,0.09969230216864056,0.11903833011068514,0.3299289617490273,0.8425976168515339,0,0,V1_03_difficult,6,OK,True,1480,1403715960584058112,1.9992582076582124e-11,1403715960784058112,123,True,272
0.293469771615797,0.006179,0.07499999999999996,0.875,312,0.6619368413027008,6.0,,48,3.1487230608206,0.8135950106181212,3.4079345425328564,2.7663645732640734,True,0.9421811861330625,0.8877053875031046,6,0.0074208289061310495,Raw,V1_03_difficult:1403715960584058112:1403715960784058112,0.038445,formal_public_module_evidence,0.010230349811792605,0.04887010272016709,0.057631444329745325,0.404967775874736,1.0358620504577085,5,0,V1_03_difficult,6,OK,True,1480,1403715960584058112,6.364950751949295e-12,1403715960784058112,123,True,272
0.22893125047822613,0.001976,0.07499999999999996,0.875,312,0.706065964056214,6.0,,48,3.1487230608206,0.8135950106181212,3.4079345425328564,2.747086054380492,True,0.9421811861330625,0.8877053875031046,6,0.0074208289061310495,Global-DoF,V1_03_difficult:1403715960584058112:1403715960784058112,0.038445,formal_public_module_evidence,0.010230349811792605,0.04887010272016709,0.057631444329745325,0.404967775874736,1.0358620504577085,5,0,V1_03_difficult,6,OK,True,1480,1403715960584058112,6.364950751949295e-12,1403715960784058112,123,True,272
0.2323026546644483,1.285442,0.07499999999999996,0.875,312,0.7036895385057137,6.0,,48,3.1487230608206,0.8135950106181212,3.4079345425328564,2.747960520238676,True,0.9421811861330625,0.8877053875031046,6,0.0074208289061310495,DPR-Exact-Block,V1_03_difficult:1403715960584058112:1403715960784058112,0.038445,formal_public_module_evidence,0.010230349811792605,0.04887010272016709,0.057631444329745325,0.404967775874736,1.0358620504577085,5,0,V1_03_difficult,6,OK,True,1480,1403715960584058112,6.364950751949295e-12,1403715960784058112,123,True,272
0.23975115490254661,0.316857,0.07499999999999996,0.875,312,0.6984675788374285,6.0,,48,3.1487230608206,0.8135950106181212,3.4079345425328564,2.7499433951986596,True,0.9421811861330625,0.8877053875031046,6,0.0074208289061310495,DUC-K16,V1_03_difficult:1403715960584058112:1403715960784058112,0.038445,formal_public_module_evidence,0.010230349811792605,0.04887010272016709,0.057631444329745325,0.404967775874736,1.0358620504577085,5,0,V1_03_difficult,6,OK,True,1480,1403715960584058112,6.364950751949295e-12,1403715960784058112,123,True,272
0.22475548310539295,0.104241,0.07499999999999996,0.875,312,0.7090204956972146,6.0,,48,3.1487230608206,0.8135950106181212,3.4079345425328564,2.7460227610004906,True,0.9421811861330625,0.8877053875031046,6,0.0074208289061310495,Permuted-K16,V1_03_difficult:1403715960584058112:1403715960784058112,0.038445,formal_public_module_evidence,0.010230349811792605,0.04887010272016709,0.057631444329745325,0.404967775874736,1.0358620504577085,5,0,V1_03_difficult,6,OK,True,1480,1403715960584058112,6.364950751949295e-12,1403715960784058112,123,True,272
,,,,292,,,INSUFFICIENT_TRACKS,16,,,,,,,,,,Raw,V1_03_difficult:1403715961084058112:1403715961284058112,,formal_public_module_evidence,,,,,,,,V1_03_difficult,,,,1490,1403715961084058112,,1403715961284058112,0,False,243
,,,,292,,,INSUFFICIENT_TRACKS,16,,,,,,,,,,Global-DoF,V1_03_difficult:1403715961084058112:1403715961284058112,,formal_public_module_evidence,,,,,,,,V1_03_difficult,,,,1490,1403715961084058112,,1403715961284058112,0,False,243
,,,,292,,,INSUFFICIENT_TRACKS,16,,,,,,,,,,DPR-Exact-Block,V1_03_difficult:1403715961084058112:1403715961284058112,,formal_public_module_evidence,,,,,,,,V1_03_difficult,,,,1490,1403715961084058112,,1403715961284058112,0,False,243
,,,,292,,,INSUFFICIENT_TRACKS,16,,,,,,,,,,DUC-K16,V1_03_difficult:1403715961084058112:1403715961284058112,,formal_public_module_evidence,,,,,,,,V1_03_difficult,,,,1490,1403715961084058112,,1403715961284058112,0,False,243
,,,,292,,,INSUFFICIENT_TRACKS,16,,,,,,,,,,Permuted-K16,V1_03_difficult:1403715961084058112:1403715961284058112,,formal_public_module_evidence,,,,,,,,V1_03_difficult,,,,1490,1403715961084058112,,1403715961284058112,0,False,243
,,,,292,,,INSUFFICIENT_TRACKS,48,,,,,,,,,,Raw,V1_03_difficult:1403715961084058112:1403715961284058112,,formal_public_module_evidence,,,,,,,,V1_03_difficult,,,,1490,1403715961084058112,,1403715961284058112,0,False,243
,,,,292,,,INSUFFICIENT_TRACKS,48,,,,,,,,,,Global-DoF,V1_03_difficult:1403715961084058112:1403715961284058112,,formal_public_module_evidence,,,,,,,,V1_03_difficult,,,,1490,1403715961084058112,,1403715961284058112,0,False,243
,,,,292,,,INSUFFICIENT_TRACKS,48,,,,,,,,,,DPR-Exact-Block,V1_03_difficult:1403715961084058112:1403715961284058112,,formal_public_module_evidence,,,,,,,,V1_03_difficult,,,,1490,1403715961084058112,,1403715961284058112,0,False,243
,,,,292,,,INSUFFICIENT_TRACKS,48,,,,,,,,,,DUC-K16,V1_03_difficult:1403715961084058112:1403715961284058112,,formal_public_module_evidence,,,,,,,,V1_03_difficult,,,,1490,1403715961084058112,,1403715961284058112,0,False,243
,,,,292,,,INSUFFICIENT_TRACKS,48,,,,,,,,,,Permuted-K16,V1_03_difficult:1403715961084058112:1403715961284058112,,formal_public_module_evidence,,,,,,,,V1_03_difficult,,,,1490,1403715961084058112,,1403715961284058112,0,False,243
,,,,360,,,INSUFFICIENT_TRACKS,16,,,,,,,,,,Raw,V1_03_difficult:1403715961584058112:1403715961784058112,,formal_public_module_evidence,,,,,,,,V1_03_difficult,,,,1500,1403715961584058112,,1403715961784058112,60,False,316
,,,,360,,,INSUFFICIENT_TRACKS,16,,,,,,,,,,Global-DoF,V1_03_difficult:1403715961584058112:1403715961784058112,,formal_public_module_evidence,,,,,,,,V1_03_difficult,,,,1500,1403715961584058112,,1403715961784058112,60,False,316
,,,,360,,,INSUFFICIENT_TRACKS,16,,,,,,,,,,DPR-Exact-Block,V1_03_difficult:1403715961584058112:1403715961784058112,,formal_public_module_evidence,,,,,,,,V1_03_difficult,,,,1500,1403715961584058112,,1403715961784058112,60,False,316
,,,,360,,,INSUFFICIENT_TRACKS,16,,,,,,,,,,DUC-K16,V1_03_difficult:1403715961584058112:1403715961784058112,,formal_public_module_evidence,,,,,,,,V1_03_difficult,,,,1500,1403715961584058112,,1403715961784058112,60,False,316
,,,,360,,,INSUFFICIENT_TRACKS,16,,,,,,,,,,Permuted-K16,V1_03_difficult:1403715961584058112:1403715961784058112,,formal_public_module_evidence,,,,,,,,V1_03_difficult,,,,1500,1403715961584058112,,1403715961784058112,60,False,316
,,,,360,,,INSUFFICIENT_TRACKS,48,,,,,,,,,,Raw,V1_03_difficult:1403715961584058112:1403715961784058112,,formal_public_module_evidence,,,,,,,,V1_03_difficult,,,,1500,1403715961584058112,,1403715961784058112,60,False,316
,,,,360,,,INSUFFICIENT_TRACKS,48,,,,,,,,,,Global-DoF,V1_03_difficult:1403715961584058112:1403715961784058112,,formal_public_module_evidence,,,,,,,,V1_03_difficult,,,,1500,1403715961584058112,,1403715961784058112,60,False,316
,,,,360,,,INSUFFICIENT_TRACKS,48,,,,,,,,,,DPR-Exact-Block,V1_03_difficult:1403715961584058112:1403715961784058112,,formal_public_module_evidence,,,,,,,,V1_03_difficult,,,,1500,1403715961584058112,,1403715961784058112,60,False,316
,,,,360,,,INSUFFICIENT_TRACKS,48,,,,,,,,,,DUC-K16,V1_03_difficult:1403715961584058112:1403715961784058112,,formal_public_module_evidence,,,,,,,,V1_03_difficult,,,,1500,1403715961584058112,,1403715961784058112,60,False,316
,,,,360,,,INSUFFICIENT_TRACKS,48,,,,,,,,,,Permuted-K16,V1_03_difficult:1403715961584058112:1403715961784058112,,formal_public_module_evidence,,,,,,,,V1_03_difficult,,,,1500,1403715961584058112,,1403715961784058112,60,False,316
,,,,176,,,INSUFFICIENT_TRACKS,16,,,,,,,,,,Raw,V1_03_difficult:1403715962084058112:1403715962284058112,,formal_public_module_evidence,,,,,,,,V1_03_difficult,,,,1510,1403715962084058112,,1403715962284058112,60,False,158
,,,,176,,,INSUFFICIENT_TRACKS,16,,,,,,,,,,Global-DoF,V1_03_difficult:1403715962084058112:1403715962284058112,,formal_public_module_evidence,,,,,,,,V1_03_difficult,,,,1510,1403715962084058112,,1403715962284058112,60,False,158
,,,,176,,,INSUFFICIENT_TRACKS,16,,,,,,,,,,DPR-Exact-Block,V1_03_difficult:1403715962084058112:1403715962284058112,,formal_public_module_evidence,,,,,,,,V1_03_difficult,,,,1510,1403715962084058112,,1403715962284058112,60,False,158
,,,,176,,,INSUFFICIENT_TRACKS,16,,,,,,,,,,DUC-K16,V1_03_difficult:1403715962084058112:1403715962284058112,,formal_public_module_evidence,,,,,,,,V1_03_difficult,,,,1510,1403715962084058112,,1403715962284058112,60,False,158
,,,,176,,,INSUFFICIENT_TRACKS,16,,,,,,,,,,Permuted-K16,V1_03_difficult:1403715962084058112:1403715962284058112,,formal_public_module_evidence,,,,,,,,V1_03_difficult,,,,1510,1403715962084058112,,1403715962284058112,60,False,158
,,,,176,,,INSUFFICIENT_TRACKS,48,,,,,,,,,,Raw,V1_03_difficult:1403715962084058112:1403715962284058112,,formal_public_module_evidence,,,,,,,,V1_03_difficult,,,,1510,1403715962084058112,,1403715962284058112,60,False,158
,,,,176,,,INSUFFICIENT_TRACKS,48,,,,,,,,,,Global-DoF,V1_03_difficult:1403715962084058112:1403715962284058112,,formal_public_module_evidence,,,,,,,,V1_03_difficult,,,,1510,1403715962084058112,,1403715962284058112,60,False,158
,,,,176,,,INSUFFICIENT_TRACKS,48,,,,,,,,,,DPR-Exact-Block,V1_03_difficult:1403715962084058112:1403715962284058112,,formal_public_module_evidence,,,,,,,,V1_03_difficult,,,,1510,1403715962084058112,,1403715962284058112,60,False,158
,,,,176,,,INSUFFICIENT_TRACKS,48,,,,,,,,,,DUC-K16,V1_03_difficult:1403715962084058112:1403715962284058112,,formal_public_module_evidence,,,,,,,,V1_03_difficult,,,,1510,1403715962084058112,,1403715962284058112,60,False,158
,,,,176,,,INSUFFICIENT_TRACKS,48,,,,,,,,,,Permuted-K16,V1_03_difficult:1403715962084058112:1403715962284058112,,formal_public_module_evidence,,,,,,,,V1_03_difficult,,,,1510,1403715962084058112,,1403715962284058112,60,False,158
,,,,198,,,INSUFFICIENT_TRACKS,16,,,,,,,,,,Raw,V1_03_difficult:1403715962584058112:1403715962784058112,,formal_public_module_evidence,,,,,,,,V1_03_difficult,,,,1520,1403715962584058112,,1403715962784058112,44,False,173
,,,,198,,,INSUFFICIENT_TRACKS,16,,,,,,,,,,Global-DoF,V1_03_difficult:1403715962584058112:1403715962784058112,,formal_public_module_evidence,,,,,,,,V1_03_difficult,,,,1520,1403715962584058112,,1403715962784058112,44,False,173
,,,,198,,,INSUFFICIENT_TRACKS,16,,,,,,,,,,DPR-Exact-Block,V1_03_difficult:1403715962584058112:1403715962784058112,,formal_public_module_evidence,,,,,,,,V1_03_difficult,,,,1520,1403715962584058112,,1403715962784058112,44,False,173
,,,,198,,,INSUFFICIENT_TRACKS,16,,,,,,,,,,DUC-K16,V1_03_difficult:1403715962584058112:1403715962784058112,,formal_public_module_evidence,,,,,,,,V1_03_difficult,,,,1520,1403715962584058112,,1403715962784058112,44,False,173
,,,,198,,,INSUFFICIENT_TRACKS,16,,,,,,,,,,Permuted-K16,V1_03_difficult:1403715962584058112:1403715962784058112,,formal_public_module_evidence,,,,,,,,V1_03_difficult,,,,1520,1403715962584058112,,1403715962784058112,44,False,173
,,,,198,,,INSUFFICIENT_TRACKS,48,,,,,,,,,,Raw,V1_03_difficult:1403715962584058112:1403715962784058112,,formal_public_module_evidence,,,,,,,,V1_03_difficult,,,,1520,1403715962584058112,,1403715962784058112,44,False,173
,,,,198,,,INSUFFICIENT_TRACKS,48,,,,,,,,,,Global-DoF,V1_03_difficult:1403715962584058112:1403715962784058112,,formal_public_module_evidence,,,,,,,,V1_03_difficult,,,,1520,1403715962584058112,,1403715962784058112,44,False,173
,,,,198,,,INSUFFICIENT_TRACKS,48,,,,,,,,,,DPR-Exact-Block,V1_03_difficult:1403715962584058112:1403715962784058112,,formal_public_module_evidence,,,,,,,,V1_03_difficult,,,,1520,1403715962584058112,,1403715962784058112,44,False,173
,,,,198,,,INSUFFICIENT_TRACKS,48,,,,,,,,,,DUC-K16,V1_03_difficult:1403715962584058112:1403715962784058112,,formal_public_module_evidence,,,,,,,,V1_03_difficult,,,,1520,1403715962584058112,,1403715962784058112,44,False,173
,,,,198,,,INSUFFICIENT_TRACKS,48,,,,,,,,,,Permuted-K16,V1_03_difficult:1403715962584058112:1403715962784058112,,formal_public_module_evidence,,,,,,,,V1_03_difficult,,,,1520,1403715962584058112,,1403715962784058112,44,False,173
,,,,461,,,INSUFFICIENT_TRACKS,16,,,,,,,,,,Raw,V1_03_difficult:1403715963084058112:1403715963284058112,,formal_public_module_evidence,,,,,,,,V1_03_difficult,,,,1530,1403715963084058112,,1403715963284058112,2,False,415
,,,,461,,,INSUFFICIENT_TRACKS,16,,,,,,,,,,Global-DoF,V1_03_difficult:1403715963084058112:1403715963284058112,,formal_public_module_evidence,,,,,,,,V1_03_difficult,,,,1530,1403715963084058112,,1403715963284058112,2,False,415
,,,,461,,,INSUFFICIENT_TRACKS,16,,,,,,,,,,DPR-Exact-Block,V1_03_difficult:1403715963084058112:1403715963284058112,,formal_public_module_evidence,,,,,,,,V1_03_difficult,,,,1530,1403715963084058112,,1403715963284058112,2,False,415
,,,,461,,,INSUFFICIENT_TRACKS,16,,,,,,,,,,DUC-K16,V1_03_difficult:1403715963084058112:1403715963284058112,,formal_public_module_evidence,,,,,,,,V1_03_difficult,,,,1530,1403715963084058112,,1403715963284058112,2,False,415
,,,,461,,,INSUFFICIENT_TRACKS,16,,,,,,,,,,Permuted-K16,V1_03_difficult:1403715963084058112:1403715963284058112,,formal_public_module_evidence,,,,,,,,V1_03_difficult,,,,1530,1403715963084058112,,1403715963284058112,2,False,415
,,,,461,,,INSUFFICIENT_TRACKS,48,,,,,,,,,,Raw,V1_03_difficult:1403715963084058112:1403715963284058112,,formal_public_module_evidence,,,,,,,,V1_03_difficult,,,,1530,1403715963084058112,,1403715963284058112,2,False,415
,,,,461,,,INSUFFICIENT_TRACKS,48,,,,,,,,,,Global-DoF,V1_03_difficult:1403715963084058112:1403715963284058112,,formal_public_module_evidence,,,,,,,,V1_03_difficult,,,,1530,1403715963084058112,,1403715963284058112,2,False,415
,,,,461,,,INSUFFICIENT_TRACKS,48,,,,,,,,,,DPR-Exact-Block,V1_03_difficult:1403715963084058112:1403715963284058112,,formal_public_module_evidence,,,,,,,,V1_03_difficult,,,,1530,1403715963084058112,,1403715963284058112,2,False,415
,,,,461,,,INSUFFICIENT_TRACKS,48,,,,,,,,,,DUC-K16,V1_03_difficult:1403715963084058112:1403715963284058112,,formal_public_module_evidence,,,,,,,,V1_03_difficult,,,,1530,1403715963084058112,,1403715963284058112,2,False,415
,,,,461,,,INSUFFICIENT_TRACKS,48,,,,,,,,,,Permuted-K16,V1_03_difficult:1403715963084058112:1403715963284058112,,formal_public_module_evidence,,,,,,,,V1_03_difficult,,,,1530,1403715963084058112,,1403715963284058112,2,False,415
,,,,683,,,INSUFFICIENT_TRACKS,16,,,,,,,,,,Raw,V1_03_difficult:1403715963584058112:1403715963784058112,,formal_public_module_evidence,,,,,,,,V1_03_difficult,,,,1540,1403715963584058112,,1403715963784058112,46,False,631
,,,,683,,,INSUFFICIENT_TRACKS,16,,,,,,,,,,Global-DoF,V1_03_difficult:1403715963584058112:1403715963784058112,,formal_public_module_evidence,,,,,,,,V1_03_difficult,,,,1540,1403715963584058112,,1403715963784058112,46,False,631
,,,,683,,,INSUFFICIENT_TRACKS,16,,,,,,,,,,DPR-Exact-Block,V1_03_difficult:1403715963584058112:1403715963784058112,,formal_public_module_evidence,,,,,,,,V1_03_difficult,,,,1540,1403715963584058112,,1403715963784058112,46,False,631
,,,,683,,,INSUFFICIENT_TRACKS,16,,,,,,,,,,DUC-K16,V1_03_difficult:1403715963584058112:1403715963784058112,,formal_public_module_evidence,,,,,,,,V1_03_difficult,,,,1540,1403715963584058112,,1403715963784058112,46,False,631
,,,,683,,,INSUFFICIENT_TRACKS,16,,,,,,,,,,Permuted-K16,V1_03_difficult:1403715963584058112:1403715963784058112,,formal_public_module_evidence,,,,,,,,V1_03_difficult,,,,1540,1403715963584058112,,1403715963784058112,46,False,631
,,,,683,,,INSUFFICIENT_TRACKS,48,,,,,,,,,,Raw,V1_03_difficult:1403715963584058112:1403715963784058112,,formal_public_module_evidence,,,,,,,,V1_03_difficult,,,,1540,1403715963584058112,,1403715963784058112,46,False,631
,,,,683,,,INSUFFICIENT_TRACKS,48,,,,,,,,,,Global-DoF,V1_03_difficult:1403715963584058112:1403715963784058112,,formal_public_module_evidence,,,,,,,,V1_03_difficult,,,,1540,1403715963584058112,,1403715963784058112,46,False,631
,,,,683,,,INSUFFICIENT_TRACKS,48,,,,,,,,,,DPR-Exact-Block,V1_03_difficult:1403715963584058112:1403715963784058112,,formal_public_module_evidence,,,,,,,,V1_03_difficult,,,,1540,1403715963584058112,,1403715963784058112,46,False,631
,,,,683,,,INSUFFICIENT_TRACKS,48,,,,,,,,,,DUC-K16,V1_03_difficult:1403715963584058112:1403715963784058112,,formal_public_module_evidence,,,,,,,,V1_03_difficult,,,,1540,1403715963584058112,,1403715963784058112,46,False,631
,,,,683,,,INSUFFICIENT_TRACKS,48,,,,,,,,,,Permuted-K16,V1_03_difficult:1403715963584058112:1403715963784058112,,formal_public_module_evidence,,,,,,,,V1_03_difficult,,,,1540,1403715963584058112,,1403715963784058112,46,False,631
,,,,417,,,INSUFFICIENT_TRACKS,16,,,,,,,,,,Raw,V1_03_difficult:1403715964084058112:1403715964284058112,,formal_public_module_evidence,,,,,,,,V1_03_difficult,,,,1550,1403715964084058112,,1403715964284058112,10,False,384
,,,,417,,,INSUFFICIENT_TRACKS,16,,,,,,,,,,Global-DoF,V1_03_difficult:1403715964084058112:1403715964284058112,,formal_public_module_evidence,,,,,,,,V1_03_difficult,,,,1550,1403715964084058112,,1403715964284058112,10,False,384
,,,,417,,,INSUFFICIENT_TRACKS,16,,,,,,,,,,DPR-Exact-Block,V1_03_difficult:1403715964084058112:1403715964284058112,,formal_public_module_evidence,,,,,,,,V1_03_difficult,,,,1550,1403715964084058112,,1403715964284058112,10,False,384
,,,,417,,,INSUFFICIENT_TRACKS,16,,,,,,,,,,DUC-K16,V1_03_difficult:1403715964084058112:1403715964284058112,,formal_public_module_evidence,,,,,,,,V1_03_difficult,,,,1550,1403715964084058112,,1403715964284058112,10,False,384
,,,,417,,,INSUFFICIENT_TRACKS,16,,,,,,,,,,Permuted-K16,V1_03_difficult:1403715964084058112:1403715964284058112,,formal_public_module_evidence,,,,,,,,V1_03_difficult,,,,1550,1403715964084058112,,1403715964284058112,10,False,384
,,,,417,,,INSUFFICIENT_TRACKS,48,,,,,,,,,,Raw,V1_03_difficult:1403715964084058112:1403715964284058112,,formal_public_module_evidence,,,,,,,,V1_03_difficult,,,,1550,1403715964084058112,,1403715964284058112,10,False,384
,,,,417,,,INSUFFICIENT_TRACKS,48,,,,,,,,,,Global-DoF,V1_03_difficult:1403715964084058112:1403715964284058112,,formal_public_module_evidence,,,,,,,,V1_03_difficult,,,,1550,1403715964084058112,,1403715964284058112,10,False,384
,,,,417,,,INSUFFICIENT_TRACKS,48,,,,,,,,,,DPR-Exact-Block,V1_03_difficult:1403715964084058112:1403715964284058112,,formal_public_module_evidence,,,,,,,,V1_03_difficult,,,,1550,1403715964084058112,,1403715964284058112,10,False,384
,,,,417,,,INSUFFICIENT_TRACKS,48,,,,,,,,,,DUC-K16,V1_03_difficult:1403715964084058112:1403715964284058112,,formal_public_module_evidence,,,,,,,,V1_03_difficult,,,,1550,1403715964084058112,,1403715964284058112,10,False,384
,,,,417,,,INSUFFICIENT_TRACKS,48,,,,,,,,,,Permuted-K16,V1_03_difficult:1403715964084058112:1403715964284058112,,formal_public_module_evidence,,,,,,,,V1_03_difficult,,,,1550,1403715964084058112,,1403715964284058112,10,False,384
1.4177030989242394,0.006784,0.008333333333333415,0.9583333333333334,386,0.2689085455119891,6.0,,16,1.370167735143652,0.5185639261576042,1.3622651445700868,4.652121918440474,True,1.0535438548014804,1.109954653989963,6,0.013881313209293644,Raw,V1_03_difficult:1403715964584058112:1403715964784058112,0.040253,formal_public_module_evidence,0.024032458227209896,0.11347481262444076,0.11254602175171331,0.2307996184237793,0.8856356361077936,0,0,V1_03_difficult,4,OK,True,1560,1403715964584058112,5.903809765330255e-11,1403715964784058112,286,True,362
1.210063734145995,0.00214,0.008333333333333415,0.9583333333333334,386,0.3309643637070635,6.0,,16,1.370167735143652,0.5185639261576042,1.3622651445700868,4.085830885332426,True,1.0535438548014804,1.109954653989963,6,0.013881313209293644,Global-DoF,V1_03_difficult:1403715964584058112:1403715964784058112,0.040253,formal_public_module_evidence,0.024032458227209896,0.11347481262444076,0.11254602175171331,0.2307996184237793,0.8856356361077936,0,0,V1_03_difficult,4,OK,True,1560,1403715964584058112,5.903809765330255e-11,1403715964784058112,286,True,362
1.1755440128717267,0.49551,0.008333333333333415,0.9583333333333334,386,0.34258864041130943,6.0,,16,1.370167735143652,0.5185639261576042,1.3622651445700868,4.006557230297103,True,1.0535438548014804,1.109954653989963,6,0.013881313209293644,DPR-Exact-Block,V1_03_difficult:1403715964584058112:1403715964784058112,0.040253,formal_public_module_evidence,0.024032458227209896,0.11347481262444076,0.11254602175171331,0.2307996184237793,0.8856356361077936,0,0,V1_03_difficult,4,OK,True,1560,1403715964584058112,5.903809765330255e-11,1403715964784058112,286,True,362
1.161758162670468,0.180809,0.008333333333333415,0.9583333333333334,386,0.3473442206308049,6.0,,16,1.370167735143652,0.5185639261576042,1.3622651445700868,3.9759846968403103,True,1.0535438548014804,1.109954653989963,6,0.013881313209293644,DUC-K16,V1_03_difficult:1403715964584058112:1403715964784058112,0.040253,formal_public_module_evidence,0.024032458227209896,0.11347481262444076,0.11254602175171331,0.2307996184237793,0.8856356361077936,0,0,V1_03_difficult,4,OK,True,1560,1403715964584058112,5.903809765330255e-11,1403715964784058112,286,True,362
1.1952210985404987,0.069903,0.008333333333333415,0.9583333333333334,386,0.3359133845554798,6.0,,16,1.370167735143652,0.5185639261576042,1.3622651445700868,4.051263393152945,True,1.0535438548014804,1.109954653989963,6,0.013881313209293644,Permuted-K16,V1_03_difficult:1403715964584058112:1403715964784058112,0.040253,formal_public_module_evidence,0.024032458227209896,0.11347481262444076,0.11254602175171331,0.2307996184237793,0.8856356361077936,0,0,V1_03_difficult,4,OK,True,1560,1403715964584058112,5.903809765330255e-11,1403715964784058112,286,True,362
0.6027241064164811,0.00679,0.008333333333333415,0.9583333333333334,386,0.6205561966379927,6.0,,48,1.365415553748312,0.7877538934451499,1.3584933812331794,3.1878271674707155,True,1.064805866255761,1.1338115328126814,6,0.046172338125728074,Raw,V1_03_difficult:1403715964584058112:1403715964784058112,0.038817,formal_public_module_evidence,0.014906354277245903,0.036974433194455536,0.06388413802125559,0.5504476733621115,1.5016157649333113,3,0,V1_03_difficult,4,OK,True,1560,1403715964584058112,2.09146613860526e-10,1403715964784058112,286,True,362
0.5381855852789099,0.002107,0.008333333333333415,0.9583333333333334,386,0.6619266097471922,6.0,,48,1.365415553748312,0.7877538934451499,1.3584933812331794,3.1381726128083662,True,1.064805866255761,1.1338115328126814,6,0.046172338125728074,Global-DoF,V1_03_difficult:1403715964584058112:1403715964784058112,0.038817,formal_public_module_evidence,0.014906354277245903,0.036974433194455536,0.06388413802125559,0.5504476733621115,1.5016157649333113,3,0,V1_03_difficult,4,OK,True,1560,1403715964584058112,2.09146613860526e-10,1403715964784058112,286,True,362
0.5010767945558262,1.276922,0.008333333333333415,0.9583333333333334,386,0.68695135311112,6.0,,48,1.365415553748312,0.7877538934451499,1.3584933812331794,3.11288282749935,True,1.064805866255761,1.1338115328126814,6,0.046172338125728074,DPR-Exact-Block,V1_03_difficult:1403715964584058112:1403715964784058112,0.038817,formal_public_module_evidence,0.014906354277245903,0.036974433194455536,0.06388413802125559,0.5504476733621115,1.5016157649333113,3,0,V1_03_difficult,4,OK,True,1560,1403715964584058112,2.09146613860526e-10,1403715964784058112,286,True,362
0.548349066339012,0.317144,0.008333333333333415,0.9583333333333334,386,0.655233202959347,6.0,,48,1.365415553748312,0.7877538934451499,1.3584933812331794,3.1455068876288883,True,1.064805866255761,1.1338115328126814,6,0.046172338125728074,DUC-K16,V1_03_difficult:1403715964584058112:1403715964784058112,0.038817,formal_public_module_evidence,0.014906354277245903,0.036974433194455536,0.06388413802125559,0.5504476733621115,1.5016157649333113,3,0,V1_03_difficult,4,OK,True,1560,1403715964584058112,2.09146613860526e-10,1403715964784058112,286,True,362
0.48893731828956477,0.106147,0.008333333333333415,0.9583333333333334,386,0.6953414051426443,6.0,,48,1.365415553748312,0.7877538934451499,1.3584933812331794,3.105107251516459,True,1.064805866255761,1.1338115328126814,6,0.046172338125728074,Permuted-K16,V1_03_difficult:1403715964584058112:1403715964784058112,0.038817,formal_public_module_evidence,0.014906354277245903,0.036974433194455536,0.06388413802125559,0.5504476733621115,1.5016157649333113,3,0,V1_03_difficult,4,OK,True,1560,1403715964584058112,2.09146613860526e-10,1403715964784058112,286,True,362
,,,,295,,,INSUFFICIENT_TRACKS,16,,,,,,,,,,Raw,V1_03_difficult:1403715965084058112:1403715965284058112,,formal_public_module_evidence,,,,,,,,V1_03_difficult,,,,1570,1403715965084058112,,1403715965284058112,40,False,273
,,,,295,,,INSUFFICIENT_TRACKS,16,,,,,,,,,,Global-DoF,V1_03_difficult:1403715965084058112:1403715965284058112,,formal_public_module_evidence,,,,,,,,V1_03_difficult,,,,1570,1403715965084058112,,1403715965284058112,40,False,273
,,,,295,,,INSUFFICIENT_TRACKS,16,,,,,,,,,,DPR-Exact-Block,V1_03_difficult:1403715965084058112:1403715965284058112,,formal_public_module_evidence,,,,,,,,V1_03_difficult,,,,1570,1403715965084058112,,1403715965284058112,40,False,273
,,,,295,,,INSUFFICIENT_TRACKS,16,,,,,,,,,,DUC-K16,V1_03_difficult:1403715965084058112:1403715965284058112,,formal_public_module_evidence,,,,,,,,V1_03_difficult,,,,1570,1403715965084058112,,1403715965284058112,40,False,273
,,,,295,,,INSUFFICIENT_TRACKS,16,,,,,,,,,,Permuted-K16,V1_03_difficult:1403715965084058112:1403715965284058112,,formal_public_module_evidence,,,,,,,,V1_03_difficult,,,,1570,1403715965084058112,,1403715965284058112,40,False,273
,,,,295,,,INSUFFICIENT_TRACKS,48,,,,,,,,,,Raw,V1_03_difficult:1403715965084058112:1403715965284058112,,formal_public_module_evidence,,,,,,,,V1_03_difficult,,,,1570,1403715965084058112,,1403715965284058112,40,False,273
,,,,295,,,INSUFFICIENT_TRACKS,48,,,,,,,,,,Global-DoF,V1_03_difficult:1403715965084058112:1403715965284058112,,formal_public_module_evidence,,,,,,,,V1_03_difficult,,,,1570,1403715965084058112,,1403715965284058112,40,False,273
,,,,295,,,INSUFFICIENT_TRACKS,48,,,,,,,,,,DPR-Exact-Block,V1_03_difficult:1403715965084058112:1403715965284058112,,formal_public_module_evidence,,,,,,,,V1_03_difficult,,,,1570,1403715965084058112,,1403715965284058112,40,False,273
,,,,295,,,INSUFFICIENT_TRACKS,48,,,,,,,,,,DUC-K16,V1_03_difficult:1403715965084058112:1403715965284058112,,formal_public_module_evidence,,,,,,,,V1_03_difficult,,,,1570,1403715965084058112,,1403715965284058112,40,False,273
,,,,295,,,INSUFFICIENT_TRACKS,48,,,,,,,,,,Permuted-K16,V1_03_difficult:1403715965084058112:1403715965284058112,,formal_public_module_evidence,,,,,,,,V1_03_difficult,,,,1570,1403715965084058112,,1403715965284058112,40,False,273
,,,,419,,,INSUFFICIENT_TRACKS,16,,,,,,,,,,Raw,V1_03_difficult:1403715965584058112:1403715965784058112,,formal_public_module_evidence,,,,,,,,V1_03_difficult,,,,1580,1403715965584058112,,1403715965784058112,8,False,403
,,,,419,,,INSUFFICIENT_TRACKS,16,,,,,,,,,,Global-DoF,V1_03_difficult:1403715965584058112:1403715965784058112,,formal_public_module_evidence,,,,,,,,V1_03_difficult,,,,1580,1403715965584058112,,1403715965784058112,8,False,403
,,,,419,,,INSUFFICIENT_TRACKS,16,,,,,,,,,,DPR-Exact-Block,V1_03_difficult:1403715965584058112:1403715965784058112,,formal_public_module_evidence,,,,,,,,V1_03_difficult,,,,1580,1403715965584058112,,1403715965784058112,8,False,403
,,,,419,,,INSUFFICIENT_TRACKS,16,,,,,,,,,,DUC-K16,V1_03_difficult:1403715965584058112:1403715965784058112,,formal_public_module_evidence,,,,,,,,V1_03_difficult,,,,1580,1403715965584058112,,1403715965784058112,8,False,403
,,,,419,,,INSUFFICIENT_TRACKS,16,,,,,,,,,,Permuted-K16,V1_03_difficult:1403715965584058112:1403715965784058112,,formal_public_module_evidence,,,,,,,,V1_03_difficult,,,,1580,1403715965584058112,,1403715965784058112,8,False,403
,,,,419,,,INSUFFICIENT_TRACKS,48,,,,,,,,,,Raw,V1_03_difficult:1403715965584058112:1403715965784058112,,formal_public_module_evidence,,,,,,,,V1_03_difficult,,,,1580,1403715965584058112,,1403715965784058112,8,False,403
,,,,419,,,INSUFFICIENT_TRACKS,48,,,,,,,,,,Global-DoF,V1_03_difficult:1403715965584058112:1403715965784058112,,formal_public_module_evidence,,,,,,,,V1_03_difficult,,,,1580,1403715965584058112,,1403715965784058112,8,False,403
,,,,419,,,INSUFFICIENT_TRACKS,48,,,,,,,,,,DPR-Exact-Block,V1_03_difficult:1403715965584058112:1403715965784058112,,formal_public_module_evidence,,,,,,,,V1_03_difficult,,,,1580,1403715965584058112,,1403715965784058112,8,False,403
,,,,419,,,INSUFFICIENT_TRACKS,48,,,,,,,,,,DUC-K16,V1_03_difficult:1403715965584058112:1403715965784058112,,formal_public_module_evidence,,,,,,,,V1_03_difficult,,,,1580,1403715965584058112,,1403715965784058112,8,False,403
,,,,419,,,INSUFFICIENT_TRACKS,48,,,,,,,,,,Permuted-K16,V1_03_difficult:1403715965584058112:1403715965784058112,,formal_public_module_evidence,,,,,,,,V1_03_difficult,,,,1580,1403715965584058112,,1403715965784058112,8,False,403
0.8932913790366144,0.0062,0.033333333333333326,0.9166666666666666,273,1.5612818243171414,6.000000000000002,,16,1.847217419667389,1.2495126347168888,1.8374559754247652,4.726542023082,True,1.9530637092344767,3.814457852328733,6,0.12445284605215012,Raw,V1_03_difficult:1403715966084058112:1403715966284058112,0.039235,formal_public_module_evidence,0.0487287474918342,0.10278938066350879,0.16216047774928694,0.45469878287579146,0.8583078144968646,0,0,V1_03_difficult,4,OK,True,1590,1403715966084058112,3.3963213435853084e-10,1403715966284058112,73,True,246
0.6856520142583699,0.002028,0.033333333333333326,0.9166666666666666,273,1.9215776299287894,6.000000000000002,,16,1.847217419667389,1.2495126347168888,1.8374559754247652,4.476089302131617,True,1.9530637092344767,3.814457852328733,6,0.12445284605215012,Global-DoF,V1_03_difficult:1403715966084058112:1403715966284058112,0.039235,formal_public_module_evidence,0.0487287474918342,0.10278938066350879,0.16216047774928694,0.45469878287579146,0.8583078144968646,0,0,V1_03_difficult,4,OK,True,1590,1403715966084058112,3.3963213435853084e-10,1403715966284058112,73,True,246
0.6532300052595434,0.491591,0.033333333333333326,0.9166666666666666,273,1.9849000096478937,6.000000000000002,,16,1.847217419667389,1.2495126347168888,1.8374559754247652,4.445183645395512,True,1.9530637092344767,3.814457852328733,6,0.12445284605215012,DPR-Exact-Block,V1_03_difficult:1403715966084058112:1403715966284058112,0.039235,formal_public_module_evidence,0.0487287474918342,0.10278938066350879,0.16216047774928694,0.45469878287579146,0.8583078144968646,0,0,V1_03_difficult,4,OK,True,1590,1403715966084058112,3.3963213435853084e-10,1403715966284058112,73,True,246
0.5359334469788479,0.179501,0.033333333333333326,0.9166666666666666,273,2.2319264649775143,6.000000000000002,,16,1.847217419667389,1.2495126347168888,1.8374559754247652,4.349784963345758,True,1.9530637092344767,3.814457852328733,6,0.12445284605215012,DUC-K16,V1_03_difficult:1403715966084058112:1403715966284058112,0.039235,formal_public_module_evidence,0.0487287474918342,0.10278938066350879,0.16216047774928694,0.45469878287579146,0.8583078144968646,0,0,V1_03_difficult,4,OK,True,1590,1403715966084058112,3.3963213435853084e-10,1403715966284058112,73,True,246
0.5428794764050369,0.068675,0.033333333333333326,0.9166666666666666,273,2.2164771558681378,6.000000000000002,,16,1.847217419667389,1.2495126347168888,1.8374559754247652,4.35475131948568,True,1.9530637092344767,3.814457852328733,6,0.12445284605215012,Permuted-K16,V1_03_difficult:1403715966084058112:1403715966284058112,0.039235,formal_public_module_evidence,0.0487287474918342,0.10278938066350879,0.16216047774928694,0.45469878287579146,0.8583078144968646,0,0,V1_03_difficult,4,OK,True,1590,1403715966084058112,3.3963213435853084e-10,1403715966284058112,73,True,246
0.9506869141140317,0.006685,0.033333333333333326,0.9166666666666666,273,1.5413789214411533,5.999999999999998,,48,1.7888504565155736,1.24152282356836,1.84427485107431,4.858040915683659,True,1.9970721175361217,3.988297042640209,6,0.006660540289636585,Raw,V1_03_difficult:1403715966084058112:1403715966284058112,0.039629,formal_public_module_evidence,0.011465921848019367,0.03296748253532941,0.05200920174451254,0.35977189923730757,1.0,6,0,V1_03_difficult,4,OK,True,1590,1403715966084058112,5.358176634565893e-11,1403715966284058112,73,True,246
0.8861483929764606,0.002051,0.033333333333333326,0.9166666666666666,273,1.6441375162038967,5.999999999999998,,48,1.7888504565155736,1.24152282356836,1.84427485107431,4.760861534949345,True,1.9970721175361217,3.988297042640209,6,0.006660540289636585,Global-DoF,V1_03_difficult:1403715966084058112:1403715966284058112,0.039629,formal_public_module_evidence,0.011465921848019367,0.03296748253532941,0.05200920174451254,0.35977189923730757,1.0,6,0,V1_03_difficult,4,OK,True,1590,1403715966084058112,5.358176634565893e-11,1403715966284058112,73,True,246
0.8775054775942888,1.290158,0.033333333333333326,0.9166666666666666,273,1.65840924345723,5.999999999999998,,48,1.7888504565155736,1.24152282356836,1.84427485107431,4.74862908018447,True,1.9970721175361217,3.988297042640209,6,0.006660540289636585,DPR-Exact-Block,V1_03_difficult:1403715966084058112:1403715966284058112,0.039629,formal_public_module_evidence,0.011465921848019367,0.03296748253532941,0.05200920174451254,0.35977189923730757,1.0,6,0,V1_03_difficult,4,OK,True,1590,1403715966084058112,5.358176634565893e-11,1403715966284058112,73,True,246
0.8841882982704499,0.316394,0.033333333333333326,0.9166666666666666,273,1.6473633418744773,5.999999999999998,,48,1.7888504565155736,1.24152282356836,1.84427485107431,4.758071550428839,True,1.9970721175361217,3.988297042640209,6,0.006660540289636585,DUC-K16,V1_03_difficult:1403715966084058112:1403715966284058112,0.039629,formal_public_module_evidence,0.011465921848019367,0.03296748253532941,0.05200920174451254,0.35977189923730757,1.0,6,0,V1_03_difficult,4,OK,True,1590,1403715966084058112,5.358176634565893e-11,1403715966284058112,73,True,246
0.905822370911572,0.105859,0.033333333333333326,0.9166666666666666,273,1.612106908873752,5.999999999999998,,48,1.7888504565155736,1.24152282356836,1.84427485107431,4.789384633007772,True,1.9970721175361217,3.988297042640209,6,0.006660540289636585,Permuted-K16,V1_03_difficult:1403715966084058112:1403715966284058112,0.039629,formal_public_module_evidence,0.011465921848019367,0.03296748253532941,0.05200920174451254,0.35977189923730757,1.0,6,0,V1_03_difficult,4,OK,True,1590,1403715966084058112,5.358176634565893e-11,1403715966284058112,73,True,246
,,,,421,,,INSUFFICIENT_TRACKS,16,,,,,,,,,,Raw,V1_03_difficult:1403715966584058112:1403715966784058112,,formal_public_module_evidence,,,,,,,,V1_03_difficult,,,,1600,1403715966584058112,,1403715966784058112,8,False,403
,,,,421,,,INSUFFICIENT_TRACKS,16,,,,,,,,,,Global-DoF,V1_03_difficult:1403715966584058112:1403715966784058112,,formal_public_module_evidence,,,,,,,,V1_03_difficult,,,,1600,1403715966584058112,,1403715966784058112,8,False,403
,,,,421,,,INSUFFICIENT_TRACKS,16,,,,,,,,,,DPR-Exact-Block,V1_03_difficult:1403715966584058112:1403715966784058112,,formal_public_module_evidence,,,,,,,,V1_03_difficult,,,,1600,1403715966584058112,,1403715966784058112,8,False,403
,,,,421,,,INSUFFICIENT_TRACKS,16,,,,,,,,,,DUC-K16,V1_03_difficult:1403715966584058112:1403715966784058112,,formal_public_module_evidence,,,,,,,,V1_03_difficult,,,,1600,1403715966584058112,,1403715966784058112,8,False,403
,,,,421,,,INSUFFICIENT_TRACKS,16,,,,,,,,,,Permuted-K16,V1_03_difficult:1403715966584058112:1403715966784058112,,formal_public_module_evidence,,,,,,,,V1_03_difficult,,,,1600,1403715966584058112,,1403715966784058112,8,False,403
,,,,421,,,INSUFFICIENT_TRACKS,48,,,,,,,,,,Raw,V1_03_difficult:1403715966584058112:1403715966784058112,,formal_public_module_evidence,,,,,,,,V1_03_difficult,,,,1600,1403715966584058112,,1403715966784058112,8,False,403
,,,,421,,,INSUFFICIENT_TRACKS,48,,,,,,,,,,Global-DoF,V1_03_difficult:1403715966584058112:1403715966784058112,,formal_public_module_evidence,,,,,,,,V1_03_difficult,,,,1600,1403715966584058112,,1403715966784058112,8,False,403
,,,,421,,,INSUFFICIENT_TRACKS,48,,,,,,,,,,DPR-Exact-Block,V1_03_difficult:1403715966584058112:1403715966784058112,,formal_public_module_evidence,,,,,,,,V1_03_difficult,,,,1600,1403715966584058112,,1403715966784058112,8,False,403
,,,,421,,,INSUFFICIENT_TRACKS,48,,,,,,,,,,DUC-K16,V1_03_difficult:1403715966584058112:1403715966784058112,,formal_public_module_evidence,,,,,,,,V1_03_difficult,,,,1600,1403715966584058112,,1403715966784058112,8,False,403
,,,,421,,,INSUFFICIENT_TRACKS,48,,,,,,,,,,Permuted-K16,V1_03_difficult:1403715966584058112:1403715966784058112,,formal_public_module_evidence,,,,,,,,V1_03_difficult,,,,1600,1403715966584058112,,1403715966784058112,8,False,403
,,,,412,,,INSUFFICIENT_TRACKS,16,,,,,,,,,,Raw,V1_03_difficult:1403715967084058112:1403715967284058112,,formal_public_module_evidence,,,,,,,,V1_03_difficult,,,,1610,1403715967084058112,,1403715967284058112,2,False,382
,,,,412,,,INSUFFICIENT_TRACKS,16,,,,,,,,,,Global-DoF,V1_03_difficult:1403715967084058112:1403715967284058112,,formal_public_module_evidence,,,,,,,,V1_03_difficult,,,,1610,1403715967084058112,,1403715967284058112,2,False,382
,,,,412,,,INSUFFICIENT_TRACKS,16,,,,,,,,,,DPR-Exact-Block,V1_03_difficult:1403715967084058112:1403715967284058112,,formal_public_module_evidence,,,,,,,,V1_03_difficult,,,,1610,1403715967084058112,,1403715967284058112,2,False,382
,,,,412,,,INSUFFICIENT_TRACKS,16,,,,,,,,,,DUC-K16,V1_03_difficult:1403715967084058112:1403715967284058112,,formal_public_module_evidence,,,,,,,,V1_03_difficult,,,,1610,1403715967084058112,,1403715967284058112,2,False,382
,,,,412,,,INSUFFICIENT_TRACKS,16,,,,,,,,,,Permuted-K16,V1_03_difficult:1403715967084058112:1403715967284058112,,formal_public_module_evidence,,,,,,,,V1_03_difficult,,,,1610,1403715967084058112,,1403715967284058112,2,False,382
,,,,412,,,INSUFFICIENT_TRACKS,48,,,,,,,,,,Raw,V1_03_difficult:1403715967084058112:1403715967284058112,,formal_public_module_evidence,,,,,,,,V1_03_difficult,,,,1610,1403715967084058112,,1403715967284058112,2,False,382
,,,,412,,,INSUFFICIENT_TRACKS,48,,,,,,,,,,Global-DoF,V1_03_difficult:1403715967084058112:1403715967284058112,,formal_public_module_evidence,,,,,,,,V1_03_difficult,,,,1610,1403715967084058112,,1403715967284058112,2,False,382
,,,,412,,,INSUFFICIENT_TRACKS,48,,,,,,,,,,DPR-Exact-Block,V1_03_difficult:1403715967084058112:1403715967284058112,,formal_public_module_evidence,,,,,,,,V1_03_difficult,,,,1610,1403715967084058112,,1403715967284058112,2,False,382
,,,,412,,,INSUFFICIENT_TRACKS,48,,,,,,,,,,DUC-K16,V1_03_difficult:1403715967084058112:1403715967284058112,,formal_public_module_evidence,,,,,,,,V1_03_difficult,,,,1610,1403715967084058112,,1403715967284058112,2,False,382
,,,,412,,,INSUFFICIENT_TRACKS,48,,,,,,,,,,Permuted-K16,V1_03_difficult:1403715967084058112:1403715967284058112,,formal_public_module_evidence,,,,,,,,V1_03_difficult,,,,1610,1403715967084058112,,1403715967284058112,2,False,382
1.9609943863726207,0.006151,0.3666666666666666,0.5833333333333334,350,0.6844672861261722,6.0,,16,2.4016471933042256,0.8273253810479722,2.0155009038595577,8.565152688979756,True,2.20546854702219,4.86409151190417,6,0.19873521199911726,Raw,V1_03_difficult:1403715967584058112:1403715967784058112,0.040007,formal_public_module_evidence,0.026837276228575346,0.139693654453227,0.10154711808109405,0.295896292416919,0.7779693562612678,0,0,V1_03_difficult,4,OK,True,1620,1403715967584058112,2.416614901644732e-09,1403715967784058112,119,True,304
1.753355021594376,0.002102,0.2833333333333333,0.6666666666666666,350,0.842421275232212,6.0,,16,2.4016471933042256,0.8273253810479722,2.0155009038595577,7.440343919320917,True,2.20546854702219,4.86409151190417,6,0.19873521199911726,Global-DoF,V1_03_difficult:1403715967584058112:1403715967784058112,0.040007,formal_public_module_evidence,0.026837276228575346,0.139693654453227,0.10154711808109405,0.295896292416919,0.7779693562612678,0,0,V1_03_difficult,4,OK,True,1620,1403715967584058112,2.416614901644732e-09,1403715967784058112,119,True,304
1.6679451136649122,0.484964,0.2833333333333333,0.6666666666666666,350,0.9175344472670227,6.0,,16,2.4016471933042256,0.8273253810479722,2.0155009038595577,7.053075015311087,True,2.20546854702219,4.86409151190417,6,0.19873521199911726,DPR-Exact-Block,V1_03_difficult:1403715967584058112:1403715967784058112,0.040007,formal_public_module_evidence,0.026837276228575346,0.139693654453227,0.10154711808109405,0.295896292416919,0.7779693562612678,0,0,V1_03_difficult,4,OK,True,1620,1403715967584058112,2.416614901644732e-09,1403715967784058112,119,True,304
1.4866781027097533,0.179012,0.24166666666666659,0.7083333333333334,350,1.0998808501611272,6.0,,16,2.4016471933042256,0.8273253810479722,2.0155009038595577,6.355459320326079,True,2.20546854702219,4.86409151190417,6,0.19873521199911726,DUC-K16,V1_03_difficult:1403715967584058112:1403715967784058112,0.040007,formal_public_module_evidence,0.026837276228575346,0.139693654453227,0.10154711808109405,0.295896292416919,0.7779693562612678,0,0,V1_03_difficult,4,OK,True,1620,1403715967584058112,2.416614901644732e-09,1403715967784058112,119,True,304
1.3777745972173139,0.070597,0.24166666666666659,0.7083333333333334,350,1.2264273647466797,6.0,,16,2.4016471933042256,0.8273253810479722,2.0155009038595577,6.008048133544993,True,2.20546854702219,4.86409151190417,6,0.19873521199911726,Permuted-K16,V1_03_difficult:1403715967584058112:1403715967784058112,0.040007,formal_public_module_evidence,0.026837276228575346,0.139693654453227,0.10154711808109405,0.295896292416919,0.7779693562612678,0,0,V1_03_difficult,4,OK,True,1620,1403715967584058112,2.416614901644732e-09,1403715967784058112,119,True,304
0.482658428445621,0.006114,0.07499999999999996,0.875,350,3.0183619831675372,6.000000000000001,,48,2.2264747479794633,1.7373433693911913,2.0079256228385294,4.562967696981983,True,2.2115339316960183,4.8908823310428495,6,0.009247763938109221,Raw,V1_03_difficult:1403715967584058112:1403715967784058112,0.044646,formal_public_module_evidence,0.012869279857898375,0.05269650042338561,0.06374487910959346,0.4007481900900362,1.5358480792250229,2,0,V1_03_difficult,4,OK,True,1620,1403715967584058112,2.133513826398508e-10,1403715967784058112,119,True,304
0.41811990730804993,0.00196,0.07499999999999996,0.875,350,3.219586115378706,6.000000000000001,,48,2.2264747479794633,1.7373433693911913,2.0079256228385294,4.526232697118805,True,2.2115339316960183,4.8908823310428495,6,0.009247763938109221,Global-DoF,V1_03_difficult:1403715967584058112:1403715967784058112,0.044646,formal_public_module_evidence,0.012869279857898375,0.05269650042338561,0.06374487910959346,0.4007481900900362,1.5358480792250229,2,0,V1_03_difficult,4,OK,True,1620,1403715967584058112,2.133513826398508e-10,1403715967784058112,119,True,304
0.4318042217679863,1.240834,0.07499999999999996,0.875,350,3.175828366780181,6.000000000000001,,48,2.2264747479794633,1.7373433693911913,2.0079256228385294,4.53347914824113,True,2.2115339316960183,4.8908823310428495,6,0.009247763938109221,DPR-Exact-Block,V1_03_difficult:1403715967584058112:1403715967784058112,0.044646,formal_public_module_evidence,0.012869279857898375,0.05269650042338561,0.06374487910959346,0.4007481900900362,1.5358480792250229,2,0,V1_03_difficult,4,OK,True,1620,1403715967584058112,2.133513826398508e-10,1403715967784058112,119,True,304
0.4225989565874152,0.319344,0.07499999999999996,0.875,350,3.205197677824115,6.000000000000001,,48,2.2264747479794633,1.7373433693911913,2.0079256228385294,4.528573045015476,True,2.2115339316960183,4.8908823310428495,6,0.009247763938109221,DUC-K16,V1_03_difficult:1403715967584058112:1403715967784058112,0.044646,formal_public_module_evidence,0.012869279857898375,0.05269650042338561,0.06374487910959346,0.4007481900900362,1.5358480792250229,2,0,V1_03_difficult,4,OK,True,1620,1403715967584058112,2.133513826398508e-10,1403715967784058112,119,True,304
0.4330822032842223,0.106826,0.07499999999999996,0.875,350,3.1717723091640706,6.000000000000001,,48,2.2264747479794633,1.7373433693911913,2.0079256228385294,4.534170559330909,True,2.2115339316960183,4.8908823310428495,6,0.009247763938109221,Permuted-K16,V1_03_difficult:1403715967584058112:1403715967784058112,0.044646,formal_public_module_evidence,0.012869279857898375,0.05269650042338561,0.06374487910959346,0.4007481900900362,1.5358480792250229,2,0,V1_03_difficult,4,OK,True,1620,1403715967584058112,2.133513826398508e-10,1403715967784058112,119,True,304
0.5531627089208265,0.006589,0.07499999999999996,0.875,295,3.0044656337263174,6.0,,16,2.2605239760583293,1.7333394456154043,2.1740342813630913,4.676720263292683,True,2.2856060471470467,5.2239950027551485,6,0.04074540594193643,Raw,V1_03_difficult:1403715968084058112:1403715968284058112,0.038846,formal_public_module_evidence,0.020075552260746032,0.07713212151298271,0.08518372597973478,0.12688214141175783,0.9657277992955188,0,0,V1_03_difficult,5,OK,True,1630,1403715968084058112,1.5420812758726196e-09,1403715968284058112,102,True,242
0.3455233441425817,0.001949,0.07499999999999996,0.875,295,3.69780385689393,6.0,,16,2.2605239760583293,1.7333394456154043,2.1740342813630913,4.558345227366414,True,2.2856060471470467,5.2239950027551485,6,0.04074540594193643,Global-DoF,V1_03_difficult:1403715968084058112:1403715968284058112,0.038846,formal_public_module_evidence,0.020075552260746032,0.07713212151298271,0.08518372597973478,0.12688214141175783,0.9657277992955188,0,0,V1_03_difficult,5,OK,True,1630,1403715968084058112,1.5420812758726196e-09,1403715968284058112,102,True,242
0.12796871400777973,0.482432,0.07499999999999996,0.875,295,4.596493459417931,6.0,,16,2.2605239760583293,1.7333394456154043,2.1740342813630913,4.499688232846551,True,2.2856060471470467,5.2239950027551485,6,0.04074540594193643,DPR-Exact-Block,V1_03_difficult:1403715968084058112:1403715968284058112,0.038846,formal_public_module_evidence,0.020075552260746032,0.07713212151298271,0.08518372597973478,0.12688214141175783,0.9657277992955188,0,0,V1_03_difficult,5,OK,True,1630,1403715968084058112,1.5420812758726196e-09,1403715968284058112,102,True,242
0.16956747465559677,0.177372,0.07499999999999996,0.875,295,4.409207467504491,6.0,,16,2.2605239760583293,1.7333394456154043,2.1740342813630913,4.506364314921519,True,2.2856060471470467,5.2239950027551485,6,0.04074540594193643,DUC-K16,V1_03_difficult:1403715968084058112:1403715968284058112,0.038846,formal_public_module_evidence,0.020075552260746032,0.07713212151298271,0.08518372597973478,0.12688214141175783,0.9657277992955188,0,0,V1_03_difficult,5,OK,True,1630,1403715968084058112,1.5420812758726196e-09,1403715968284058112,102,True,242
0.23645875435076164,0.07062,0.07499999999999996,0.875,295,4.123917994558277,6.0,,16,2.2605239760583293,1.7333394456154043,2.1740342813630913,4.521436053836254,True,2.2856060471470467,5.2239950027551485,6,0.04074540594193643,Permuted-K16,V1_03_difficult:1403715968084058112:1403715968284058112,0.038846,formal_public_module_evidence,0.020075552260746032,0.07713212151298271,0.08518372597973478,0.12688214141175783,0.9657277992955188,0,0,V1_03_difficult,5,OK,True,1630,1403715968084058112,1.5420812758726196e-09,1403715968284058112,102,True,242
0.9446083826771421,0.006157,0.050000000000000044,1.0,295,10.625836080082136,5.999999999999999,,48,2.104491744349396,3.2597294489086264,2.1673305423408853,4.589997282377425,True,2.0326492865584154,4.131663122146435,6,0.05084492712086486,Raw,V1_03_difficult:1403715968084058112:1403715968284058112,0.038742,formal_public_module_evidence,0.018549903878258667,0.06216037911750905,0.08571102026584893,0.7390400347964643,1.3496929162109934,3,0,V1_03_difficult,6,OK,True,1630,1403715968084058112,1.0498955420939215e-09,1403715968284058112,102,True,242
1.0091469038147132,0.002003,0.050000000000000044,1.0,295,11.334225152087612,5.999999999999999,,48,2.104491744349396,3.2597294489086264,2.1673305423408853,4.6302338151172835,True,2.0326492865584154,4.131663122146435,6,0.05084492712086486,Global-DoF,V1_03_difficult:1403715968084058112:1403715968284058112,0.038742,formal_public_module_evidence,0.018549903878258667,0.06216037911750905,0.08571102026584893,0.7390400347964643,1.3496929162109934,3,0,V1_03_difficult,6,OK,True,1630,1403715968084058112,1.0498955420939215e-09,1403715968284058112,102,True,242
1.0404910879890739,1.271541,0.050000000000000044,1.0,295,11.69511352251803,5.999999999999999,,48,2.104491744349396,3.2597294489086264,2.1673305423408853,4.650329320549641,True,2.0326492865584154,4.131663122146435,6,0.05084492712086486,DPR-Exact-Block,V1_03_difficult:1403715968084058112:1403715968284058112,0.038742,formal_public_module_evidence,0.018549903878258667,0.06216037911750905,0.08571102026584893,0.7390400347964643,1.3496929162109934,3,0,V1_03_difficult,6,OK,True,1630,1403715968084058112,1.0498955420939215e-09,1403715968284058112,102,True,242
1.090085621063144,0.317659,0.050000000000000044,1.0,295,12.2897507172407,5.999999999999999,,48,2.104491744349396,3.2597294489086264,2.1673305423408853,4.682830414125481,True,2.0326492865584154,4.131663122146435,6,0.05084492712086486,DUC-K16,V1_03_difficult:1403715968084058112:1403715968284058112,0.038742,formal_public_module_evidence,0.018549903878258667,0.06216037911750905,0.08571102026584893,0.7390400347964643,1.3496929162109934,3,0,V1_03_difficult,6,OK,True,1630,1403715968084058112,1.0498955420939215e-09,1403715968284058112,102,True,242
1.0037128534078605,0.104379,0.050000000000000044,1.0,295,11.27280144220422,5.999999999999999,,48,2.104491744349396,3.2597294489086264,2.1673305423408853,4.62678603000471,True,2.0326492865584154,4.131663122146435,6,0.05084492712086486,Permuted-K16,V1_03_difficult:1403715968084058112:1403715968284058112,0.038742,formal_public_module_evidence,0.018549903878258667,0.06216037911750905,0.08571102026584893,0.7390400347964643,1.3496929162109934,3,0,V1_03_difficult,6,OK,True,1630,1403715968084058112,1.0498955420939215e-09,1403715968284058112,102,True,242
,,,,235,,,INSUFFICIENT_TRACKS,16,,,,,,,,,,Raw,V1_03_difficult:1403715968584058112:1403715968784058112,,formal_public_module_evidence,,,,,,,,V1_03_difficult,,,,1640,1403715968584058112,,1403715968784058112,5,False,200
,,,,235,,,INSUFFICIENT_TRACKS,16,,,,,,,,,,Global-DoF,V1_03_difficult:1403715968584058112:1403715968784058112,,formal_public_module_evidence,,,,,,,,V1_03_difficult,,,,1640,1403715968584058112,,1403715968784058112,5,False,200
,,,,235,,,INSUFFICIENT_TRACKS,16,,,,,,,,,,DPR-Exact-Block,V1_03_difficult:1403715968584058112:1403715968784058112,,formal_public_module_evidence,,,,,,,,V1_03_difficult,,,,1640,1403715968584058112,,1403715968784058112,5,False,200
,,,,235,,,INSUFFICIENT_TRACKS,16,,,,,,,,,,DUC-K16,V1_03_difficult:1403715968584058112:1403715968784058112,,formal_public_module_evidence,,,,,,,,V1_03_difficult,,,,1640,1403715968584058112,,1403715968784058112,5,False,200
,,,,235,,,INSUFFICIENT_TRACKS,16,,,,,,,,,,Permuted-K16,V1_03_difficult:1403715968584058112:1403715968784058112,,formal_public_module_evidence,,,,,,,,V1_03_difficult,,,,1640,1403715968584058112,,1403715968784058112,5,False,200
,,,,235,,,INSUFFICIENT_TRACKS,48,,,,,,,,,,Raw,V1_03_difficult:1403715968584058112:1403715968784058112,,formal_public_module_evidence,,,,,,,,V1_03_difficult,,,,1640,1403715968584058112,,1403715968784058112,5,False,200
,,,,235,,,INSUFFICIENT_TRACKS,48,,,,,,,,,,Global-DoF,V1_03_difficult:1403715968584058112:1403715968784058112,,formal_public_module_evidence,,,,,,,,V1_03_difficult,,,,1640,1403715968584058112,,1403715968784058112,5,False,200
,,,,235,,,INSUFFICIENT_TRACKS,48,,,,,,,,,,DPR-Exact-Block,V1_03_difficult:1403715968584058112:1403715968784058112,,formal_public_module_evidence,,,,,,,,V1_03_difficult,,,,1640,1403715968584058112,,1403715968784058112,5,False,200
,,,,235,,,INSUFFICIENT_TRACKS,48,,,,,,,,,,DUC-K16,V1_03_difficult:1403715968584058112:1403715968784058112,,formal_public_module_evidence,,,,,,,,V1_03_difficult,,,,1640,1403715968584058112,,1403715968784058112,5,False,200
,,,,235,,,INSUFFICIENT_TRACKS,48,,,,,,,,,,Permuted-K16,V1_03_difficult:1403715968584058112:1403715968784058112,,formal_public_module_evidence,,,,,,,,V1_03_difficult,,,,1640,1403715968584058112,,1403715968784058112,5,False,200
,,,,230,,,INSUFFICIENT_TRACKS,16,,,,,,,,,,Raw,V1_03_difficult:1403715969084058112:1403715969284058112,,formal_public_module_evidence,,,,,,,,V1_03_difficult,,,,1650,1403715969084058112,,1403715969284058112,5,False,201
,,,,230,,,INSUFFICIENT_TRACKS,16,,,,,,,,,,Global-DoF,V1_03_difficult:1403715969084058112:1403715969284058112,,formal_public_module_evidence,,,,,,,,V1_03_difficult,,,,1650,1403715969084058112,,1403715969284058112,5,False,201
,,,,230,,,INSUFFICIENT_TRACKS,16,,,,,,,,,,DPR-Exact-Block,V1_03_difficult:1403715969084058112:1403715969284058112,,formal_public_module_evidence,,,,,,,,V1_03_difficult,,,,1650,1403715969084058112,,1403715969284058112,5,False,201
,,,,230,,,INSUFFICIENT_TRACKS,16,,,,,,,,,,DUC-K16,V1_03_difficult:1403715969084058112:1403715969284058112,,formal_public_module_evidence,,,,,,,,V1_03_difficult,,,,1650,1403715969084058112,,1403715969284058112,5,False,201
,,,,230,,,INSUFFICIENT_TRACKS,16,,,,,,,,,,Permuted-K16,V1_03_difficult:1403715969084058112:1403715969284058112,,formal_public_module_evidence,,,,,,,,V1_03_difficult,,,,1650,1403715969084058112,,1403715969284058112,5,False,201
,,,,230,,,INSUFFICIENT_TRACKS,48,,,,,,,,,,Raw,V1_03_difficult:1403715969084058112:1403715969284058112,,formal_public_module_evidence,,,,,,,,V1_03_difficult,,,,1650,1403715969084058112,,1403715969284058112,5,False,201
,,,,230,,,INSUFFICIENT_TRACKS,48,,,,,,,,,,Global-DoF,V1_03_difficult:1403715969084058112:1403715969284058112,,formal_public_module_evidence,,,,,,,,V1_03_difficult,,,,1650,1403715969084058112,,1403715969284058112,5,False,201
,,,,230,,,INSUFFICIENT_TRACKS,48,,,,,,,,,,DPR-Exact-Block,V1_03_difficult:1403715969084058112:1403715969284058112,,formal_public_module_evidence,,,,,,,,V1_03_difficult,,,,1650,1403715969084058112,,1403715969284058112,5,False,201
,,,,230,,,INSUFFICIENT_TRACKS,48,,,,,,,,,,DUC-K16,V1_03_difficult:1403715969084058112:1403715969284058112,,formal_public_module_evidence,,,,,,,,V1_03_difficult,,,,1650,1403715969084058112,,1403715969284058112,5,False,201
,,,,230,,,INSUFFICIENT_TRACKS,48,,,,,,,,,,Permuted-K16,V1_03_difficult:1403715969084058112:1403715969284058112,,formal_public_module_evidence,,,,,,,,V1_03_difficult,,,,1650,1403715969084058112,,1403715969284058112,5,False,201
0.16276153413862232,0.005962,0.033333333333333326,0.9166666666666666,660,0.4910124130644642,6.000000000000001,,16,1.5111622781236598,0.7007227790392319,1.4547937849891164,2.303347236176912,True,0.7601327665809576,0.5778018228300207,6,0.0033576023568174795,Raw,V1_03_difficult:1403715969584058112:1403715969784058112,0.039217,formal_public_module_evidence,0.028966337556037114,0.0662199372292527,0.09521256266248354,0.20558452843976224,1.0648155276959825,0,0,V1_03_difficult,4,OK,True,1660,1403715969584058112,4.4757475858623557e-10,1403715969784058112,189,True,502
0.04487783063962228,0.002167,0.033333333333333326,0.9166666666666666,660,0.6043229699254944,6.000000000000001,,16,1.5111622781236598,0.7007227790392319,1.4547937849891164,2.2903448434393328,True,0.7601327665809576,0.5778018228300207,6,0.0033576023568174795,Global-DoF,V1_03_difficult:1403715969584058112:1403715969784058112,0.039217,formal_public_module_evidence,0.028966337556037114,0.0662199372292527,0.09521256266248354,0.20558452843976224,1.0648155276959825,0,0,V1_03_difficult,4,OK,True,1660,1403715969584058112,4.4757475858623557e-10,1403715969784058112,189,True,502
0.033069763244185826,0.495438,0.033333333333333326,0.9166666666666666,660,0.5972290487432431,6.000000000000001,,16,1.5111622781236598,0.7007227790392319,1.4547937849891164,2.2898935567899747,True,0.7601327665809576,0.5778018228300207,6,0.0033576023568174795,DPR-Exact-Block,V1_03_difficult:1403715969584058112:1403715969784058112,0.039217,formal_public_module_evidence,0.028966337556037114,0.0662199372292527,0.09521256266248354,0.20558452843976224,1.0648155276959825,0,0,V1_03_difficult,4,OK,True,1660,1403715969584058112,4.4757475858623557e-10,1403715969784058112,189,True,502
0.029706511491413536,0.179907,0.033333333333333326,0.9166666666666666,660,0.5952237910816229,6.000000000000001,,16,1.5111622781236598,0.7007227790392319,1.4547937849891164,2.2897896316823663,True,0.7601327665809576,0.5778018228300207,6,0.0033576023568174795,DUC-K16,V1_03_difficult:1403715969584058112:1403715969784058112,0.039217,formal_public_module_evidence,0.028966337556037114,0.0662199372292527,0.09521256266248354,0.20558452843976224,1.0648155276959825,0,0,V1_03_difficult,4,OK,True,1660,1403715969584058112,4.4757475858623557e-10,1403715969784058112,189,True,502
0.040597670766301185,0.070372,0.033333333333333326,0.9166666666666666,660,0.6017418986383543,6.000000000000001,,16,1.5111622781236598,0.7007227790392319,1.4547937849891164,2.2901657759571954,True,0.7601327665809576,0.5778018228300207,6,0.0033576023568174795,Permuted-K16,V1_03_difficult:1403715969584058112:1403715969784058112,0.039217,formal_public_module_evidence,0.028966337556037114,0.0662199372292527,0.09521256266248354,0.20558452843976224,1.0648155276959825,0,0,V1_03_difficult,4,OK,True,1660,1403715969584058112,4.4757475858623557e-10,1403715969784058112,189,True,502
0.36547474945410885,0.006018,0.033333333333333326,0.9166666666666666,660,0.8593887913250521,6.0,,48,1.3891385848271132,0.9270322493446774,1.4547788617913495,2.3802103758567257,True,0.7722057107031495,0.5963016596425561,6,0.0006781028534699196,Raw,V1_03_difficult:1403715969584058112:1403715969784058112,0.039303,formal_public_module_evidence,0.01026639653546968,0.03881161353334464,0.054954469759965575,0.4367037059017749,1.0185343882670368,5,0,V1_03_difficult,4,OK,True,1660,1403715969584058112,8.094617792910328e-10,1403715969784058112,189,True,502
0.43001327059167976,0.002087,0.033333333333333326,0.9166666666666666,660,0.9166813774133887,6.0,,48,1.3891385848271132,0.9270322493446774,1.4547788617913495,2.401382199518296,True,0.7722057107031495,0.5963016596425561,6,0.0006781028534699196,Global-DoF,V1_03_difficult:1403715969584058112:1403715969784058112,0.039303,formal_public_module_evidence,0.01026639653546968,0.03881161353334464,0.054954469759965575,0.4367037059017749,1.0185343882670368,5,0,V1_03_difficult,4,OK,True,1660,1403715969584058112,8.094617792910328e-10,1403715969784058112,189,True,502
0.4424354886909018,1.287604,0.033333333333333326,0.9166666666666666,660,0.9281396144262812,6.0,,48,1.3891385848271132,0.9270322493446774,1.4547788617913495,2.4057737416757266,True,0.7722057107031495,0.5963016596425561,6,0.0006781028534699196,DPR-Exact-Block,V1_03_difficult:1403715969584058112:1403715969784058112,0.039303,formal_public_module_evidence,0.01026639653546968,0.03881161353334464,0.054954469759965575,0.4367037059017749,1.0185343882670368,5,0,V1_03_difficult,4,OK,True,1660,1403715969584058112,8.094617792910328e-10,1403715969784058112,189,True,502
0.4431133617365148,0.317742,0.033333333333333326,0.9166666666666666,660,0.9287689885472422,6.0,,48,1.3891385848271132,0.9270322493446774,1.4547788617913495,2.406016249348552,True,0.7722057107031495,0.5963016596425561,6,0.0006781028534699196,DUC-K16,V1_03_difficult:1403715969584058112:1403715969784058112,0.039303,formal_public_module_evidence,0.01026639653546968,0.03881161353334464,0.054954469759965575,0.4367037059017749,1.0185343882670368,5,0,V1_03_difficult,4,OK,True,1660,1403715969584058112,8.094617792910328e-10,1403715969784058112,189,True,502
0.41485185171748973,0.105273,0.033333333333333326,0.9166666666666666,660,0.9028880147713645,6.0,,48,1.3891385848271132,0.9270322493446774,1.4547788617913495,2.396158434734435,True,0.7722057107031495,0.5963016596425561,6,0.0006781028534699196,Permuted-K16,V1_03_difficult:1403715969584058112:1403715969784058112,0.039303,formal_public_module_evidence,0.01026639653546968,0.03881161353334464,0.054954469759965575,0.4367037059017749,1.0185343882670368,5,0,V1_03_difficult,4,OK,True,1660,1403715969584058112,8.094617792910328e-10,1403715969784058112,189,True,502
,,,,307,,,INSUFFICIENT_TRACKS,16,,,,,,,,,,Raw,V1_03_difficult:1403715970084058112:1403715970284058112,,formal_public_module_evidence,,,,,,,,V1_03_difficult,,,,1670,1403715970084058112,,1403715970284058112,6,False,257
,,,,307,,,INSUFFICIENT_TRACKS,16,,,,,,,,,,Global-DoF,V1_03_difficult:1403715970084058112:1403715970284058112,,formal_public_module_evidence,,,,,,,,V1_03_difficult,,,,1670,1403715970084058112,,1403715970284058112,6,False,257
,,,,307,,,INSUFFICIENT_TRACKS,16,,,,,,,,,,DPR-Exact-Block,V1_03_difficult:1403715970084058112:1403715970284058112,,formal_public_module_evidence,,,,,,,,V1_03_difficult,,,,1670,1403715970084058112,,1403715970284058112,6,False,257
,,,,307,,,INSUFFICIENT_TRACKS,16,,,,,,,,,,DUC-K16,V1_03_difficult:1403715970084058112:1403715970284058112,,formal_public_module_evidence,,,,,,,,V1_03_difficult,,,,1670,1403715970084058112,,1403715970284058112,6,False,257
,,,,307,,,INSUFFICIENT_TRACKS,16,,,,,,,,,,Permuted-K16,V1_03_difficult:1403715970084058112:1403715970284058112,,formal_public_module_evidence,,,,,,,,V1_03_difficult,,,,1670,1403715970084058112,,1403715970284058112,6,False,257
,,,,307,,,INSUFFICIENT_TRACKS,48,,,,,,,,,,Raw,V1_03_difficult:1403715970084058112:1403715970284058112,,formal_public_module_evidence,,,,,,,,V1_03_difficult,,,,1670,1403715970084058112,,1403715970284058112,6,False,257
,,,,307,,,INSUFFICIENT_TRACKS,48,,,,,,,,,,Global-DoF,V1_03_difficult:1403715970084058112:1403715970284058112,,formal_public_module_evidence,,,,,,,,V1_03_difficult,,,,1670,1403715970084058112,,1403715970284058112,6,False,257
,,,,307,,,INSUFFICIENT_TRACKS,48,,,,,,,,,,DPR-Exact-Block,V1_03_difficult:1403715970084058112:1403715970284058112,,formal_public_module_evidence,,,,,,,,V1_03_difficult,,,,1670,1403715970084058112,,1403715970284058112,6,False,257
,,,,307,,,INSUFFICIENT_TRACKS,48,,,,,,,,,,DUC-K16,V1_03_difficult:1403715970084058112:1403715970284058112,,formal_public_module_evidence,,,,,,,,V1_03_difficult,,,,1670,1403715970084058112,,1403715970284058112,6,False,257
,,,,307,,,INSUFFICIENT_TRACKS,48,,,,,,,,,,Permuted-K16,V1_03_difficult:1403715970084058112:1403715970284058112,,formal_public_module_evidence,,,,,,,,V1_03_difficult,,,,1670,1403715970084058112,,1403715970284058112,6,False,257
,,,,231,,,INSUFFICIENT_TRACKS,16,,,,,,,,,,Raw,V1_03_difficult:1403715970584058112:1403715970784058112,,formal_public_module_evidence,,,,,,,,V1_03_difficult,,,,1680,1403715970584058112,,1403715970784058112,30,False,210
,,,,231,,,INSUFFICIENT_TRACKS,16,,,,,,,,,,Global-DoF,V1_03_difficult:1403715970584058112:1403715970784058112,,formal_public_module_evidence,,,,,,,,V1_03_difficult,,,,1680,1403715970584058112,,1403715970784058112,30,False,210
,,,,231,,,INSUFFICIENT_TRACKS,16,,,,,,,,,,DPR-Exact-Block,V1_03_difficult:1403715970584058112:1403715970784058112,,formal_public_module_evidence,,,,,,,,V1_03_difficult,,,,1680,1403715970584058112,,1403715970784058112,30,False,210
,,,,231,,,INSUFFICIENT_TRACKS,16,,,,,,,,,,DUC-K16,V1_03_difficult:1403715970584058112:1403715970784058112,,formal_public_module_evidence,,,,,,,,V1_03_difficult,,,,1680,1403715970584058112,,1403715970784058112,30,False,210
,,,,231,,,INSUFFICIENT_TRACKS,16,,,,,,,,,,Permuted-K16,V1_03_difficult:1403715970584058112:1403715970784058112,,formal_public_module_evidence,,,,,,,,V1_03_difficult,,,,1680,1403715970584058112,,1403715970784058112,30,False,210
,,,,231,,,INSUFFICIENT_TRACKS,48,,,,,,,,,,Raw,V1_03_difficult:1403715970584058112:1403715970784058112,,formal_public_module_evidence,,,,,,,,V1_03_difficult,,,,1680,1403715970584058112,,1403715970784058112,30,False,210
,,,,231,,,INSUFFICIENT_TRACKS,48,,,,,,,,,,Global-DoF,V1_03_difficult:1403715970584058112:1403715970784058112,,formal_public_module_evidence,,,,,,,,V1_03_difficult,,,,1680,1403715970584058112,,1403715970784058112,30,False,210
,,,,231,,,INSUFFICIENT_TRACKS,48,,,,,,,,,,DPR-Exact-Block,V1_03_difficult:1403715970584058112:1403715970784058112,,formal_public_module_evidence,,,,,,,,V1_03_difficult,,,,1680,1403715970584058112,,1403715970784058112,30,False,210
,,,,231,,,INSUFFICIENT_TRACKS,48,,,,,,,,,,DUC-K16,V1_03_difficult:1403715970584058112:1403715970784058112,,formal_public_module_evidence,,,,,,,,V1_03_difficult,,,,1680,1403715970584058112,,1403715970784058112,30,False,210
,,,,231,,,INSUFFICIENT_TRACKS,48,,,,,,,,,,Permuted-K16,V1_03_difficult:1403715970584058112:1403715970784058112,,formal_public_module_evidence,,,,,,,,V1_03_difficult,,,,1680,1403715970584058112,,1403715970784058112,30,False,210
0.1584142972839693,0.00648,0.033333333333333326,0.9166666666666666,564,0.9936225952394093,6.0,,16,1.7182500748768006,0.9968061974322839,1.5418645718035666,2.6849753467193787,True,0.920897940844382,0.848053017451423,6,0.05344223089555178,Raw,V1_03_difficult:1403715971084058112:1403715971284058112,0.040377,formal_public_module_evidence,0.023561814208094667,0.08905936908052389,0.09118612575118366,0.27231876879094563,0.7359970648367918,1,0,V1_03_difficult,4,OK,True,1690,1403715971084058112,4.620428010356443e-09,1403715971284058112,289,True,445
0.36605366206221385,0.002038,0.008333333333333415,0.9583333333333334,564,1.2229201172177346,6.0,,16,1.7182500748768006,0.9968061974322839,1.5418645718035666,2.7325841913242885,True,0.920897940844382,0.848053017451423,6,0.05344223089555178,Global-DoF,V1_03_difficult:1403715971084058112:1403715971284058112,0.040377,formal_public_module_evidence,0.023561814208094667,0.08905936908052389,0.09118612575118366,0.27231876879094563,0.7359970648367918,1,0,V1_03_difficult,4,OK,True,1690,1403715971084058112,4.620428010356443e-09,1403715971284058112,289,True,445
0.546115511068823,0.455859,0.008333333333333415,0.9583333333333334,564,1.464191754049076,6.0,,16,1.7182500748768006,0.9968061974322839,1.5418645718035666,2.798375776958762,True,0.920897940844382,0.848053017451423,6,0.05344223089555178,DPR-Exact-Block,V1_03_difficult:1403715971084058112:1403715971284058112,0.040377,formal_public_module_evidence,0.023561814208094667,0.08905936908052389,0.09118612575118366,0.27231876879094563,0.7359970648367918,1,0,V1_03_difficult,4,OK,True,1690,1403715971084058112,4.620428010356443e-09,1403715971284058112,289,True,445
0.4911922353209205,0.17892,0.008333333333333415,0.9583333333333334,564,1.3859420802538225,6.0,,16,1.7182500748768006,0.9968061974322839,1.5418645718035666,2.7761536117522234,True,0.920897940844382,0.848053017451423,6,0.05344223089555178,DUC-K16,V1_03_difficult:1403715971084058112:1403715971284058112,0.040377,formal_public_module_evidence,0.023561814208094667,0.08905936908052389,0.09118612575118366,0.27231876879094563,0.7359970648367918,1,0,V1_03_difficult,4,OK,True,1690,1403715971084058112,4.620428010356443e-09,1403715971284058112,289,True,445
0.31652816446072973,0.07076,0.008333333333333415,0.9583333333333334,564,1.1638297083005453,6.0,,16,1.7182500748768006,0.9968061974322839,1.5418645718035666,2.7182675948517776,True,0.920897940844382,0.848053017451423,6,0.05344223089555178,Permuted-K16,V1_03_difficult:1403715971084058112:1403715971284058112,0.040377,formal_public_module_evidence,0.023561814208094667,0.08905936908052389,0.09118612575118366,0.27231876879094563,0.7359970648367918,1,0,V1_03_difficult,4,OK,True,1690,1403715971084058112,4.620428010356443e-09,1403715971284058112,289,True,445
0.008195771639131674,0.006567,0.033333333333333326,0.9166666666666666,564,0.6975216970304539,5.999999999999999,,48,1.5360131969696436,0.835177643995847,1.5422816558894565,2.4858848564090166,True,0.8386071286390582,0.7032619162042458,6,0.0009386010572580705,Raw,V1_03_difficult:1403715971084058112:1403715971284058112,0.039613,formal_public_module_evidence,0.017149427636914516,0.056617308003436846,0.07078065672582753,0.6583331890987676,1.4559046907472337,3,0,V1_03_difficult,4,OK,True,1690,1403715971084058112,7.333796533834221e-11,1403715971284058112,289,True,445
0.05634274949843957,0.002159,0.033333333333333326,0.9166666666666666,564,0.7440231434991508,5.999999999999999,,48,1.5360131969696436,0.835177643995847,1.5422816558894565,2.487409036989313,True,0.8386071286390582,0.7032619162042458,6,0.0009386010572580705,Global-DoF,V1_03_difficult:1403715971084058112:1403715971284058112,0.039613,formal_public_module_evidence,0.017149427636914516,0.056617308003436846,0.07078065672582753,0.6583331890987676,1.4559046907472337,3,0,V1_03_difficult,4,OK,True,1690,1403715971084058112,7.333796533834221e-11,1403715971284058112,289,True,445
0.07018309034420475,1.287106,0.033333333333333326,0.9166666666666666,564,0.7543922679899574,5.999999999999999,,48,1.5360131969696436,0.835177643995847,1.5422816558894565,2.4882573927034155,True,0.8386071286390582,0.7032619162042458,6,0.0009386010572580705,DPR-Exact-Block,V1_03_difficult:1403715971084058112:1403715971284058112,0.039613,formal_public_module_evidence,0.017149427636914516,0.056617308003436846,0.07078065672582753,0.6583331890987676,1.4559046907472337,3,0,V1_03_difficult,4,OK,True,1690,1403715971084058112,7.333796533834221e-11,1403715971284058112,289,True,445
0.07112125119092357,0.320157,0.033333333333333326,0.9166666666666666,564,0.75510034137028,5.999999999999999,,48,1.5360131969696436,0.835177643995847,1.5422816558894565,2.4883213884333757,True,0.8386071286390582,0.7032619162042458,6,0.0009386010572580705,DUC-K16,V1_03_difficult:1403715971084058112:1403715971284058112,0.039613,formal_public_module_evidence,0.017149427636914516,0.056617308003436846,0.07078065672582753,0.6583331890987676,1.4559046907472337,3,0,V1_03_difficult,4,OK,True,1690,1403715971084058112,7.333796533834221e-11,1403715971284058112,289,True,445
0.06344103074646582,0.110056,0.033333333333333326,0.9166666666666666,564,0.7493232174806961,5.999999999999999,,48,1.5360131969696436,0.835177643995847,1.5422816558894565,2.4878216719289004,True,0.8386071286390582,0.7032619162042458,6,0.0009386010572580705,Permuted-K16,V1_03_difficult:1403715971084058112:1403715971284058112,0.039613,formal_public_module_evidence,0.017149427636914516,0.056617308003436846,0.07078065672582753,0.6583331890987676,1.4559046907472337,3,0,V1_03_difficult,4,OK,True,1690,1403715971084058112,7.333796533834221e-11,1403715971284058112,289,True,445
1.2136876740938507,0.006472,0.24166666666666659,0.7083333333333334,756,2.5084067193492903,6.0,,16,2.142436483212735,1.5837950370389757,2.130722288605201,6.123398885831198,True,2.9056808257148004,8.442981060926643,6,0.0723908430966872,Raw,V1_03_difficult:1403715971584058112:1403715971784058112,0.041125,formal_public_module_evidence,0.014175279791252493,0.047208846618574635,0.05317436721684306,0.17230555194299008,0.4605451020731618,0,0,V1_03_difficult,7,OK,True,1700,1403715971584058112,2.0009968119669806e-08,1403715971784058112,113,True,615
1.006048309315606,0.002077,0.15833333333333333,0.7916666666666666,756,3.0872698084298964,6.0,,16,2.142436483212735,1.5837950370389757,2.130722288605201,5.699936867922024,True,2.9056808257148004,8.442981060926643,6,0.0723908430966872,Global-DoF,V1_03_difficult:1403715971584058112:1403715971784058112,0.041125,formal_public_module_evidence,0.014175279791252493,0.047208846618574635,0.05317436721684306,0.17230555194299008,0.4605451020731618,0,0,V1_03_difficult,7,OK,True,1700,1403715971584058112,2.0009968119669806e-08,1403715971784058112,113,True,615
0.824130217502171,0.448391,0.11666666666666659,0.8333333333333334,756,3.7032293453064464,6.0,,16,2.142436483212735,1.5837950370389757,2.130722288605201,5.426979189696648,True,2.9056808257148004,8.442981060926643,6,0.0723908430966872,DPR-Exact-Block,V1_03_difficult:1403715971584058112:1403715971784058112,0.041125,formal_public_module_evidence,0.014175279791252493,0.047208846618574635,0.05317436721684306,0.17230555194299008,0.4605451020731618,0,0,V1_03_difficult,7,OK,True,1700,1403715971584058112,2.0009968119669806e-08,1403715971784058112,113,True,615
0.8992750195439443,0.177333,0.11666666666666659,0.8333333333333334,756,3.4351494508193197,6.0,,16,2.142436483212735,1.5837950370389757,2.130722288605201,5.529758092576668,True,2.9056808257148004,8.442981060926643,6,0.0723908430966872,DUC-K16,V1_03_difficult:1403715971584058112:1403715971784058112,0.041125,formal_public_module_evidence,0.014175279791252493,0.047208846618574635,0.05317436721684306,0.17230555194299008,0.4605451020731618,0,0,V1_03_difficult,7,OK,True,1700,1403715971584058112,2.0009968119669806e-08,1403715971784058112,113,True,615
0.8578220186112466,0.076309,0.11666666666666659,0.8333333333333334,756,3.5805393085203363,6.0,,16,2.142436483212735,1.5837950370389757,2.130722288605201,5.471409874891566,True,2.9056808257148004,8.442981060926643,6,0.0723908430966872,Permuted-K16,V1_03_difficult:1403715971584058112:1403715971784058112,0.041125,formal_public_module_evidence,0.014175279791252493,0.047208846618574635,0.05317436721684306,0.17230555194299008,0.4605451020731618,0,0,V1_03_difficult,7,OK,True,1700,1403715971584058112,2.0009968119669806e-08,1403715971784058112,113,True,615
1.214069317532788,0.006859,0.19999999999999996,0.75,756,3.0053139987204993,6.0,,48,2.109038675703341,1.7335841481510206,2.1637339488210183,6.305417970921731,True,3.181095664627583,10.119369627512405,6,0.07595077958662455,Raw,V1_03_difficult:1403715971584058112:1403715971784058112,0.039666,formal_public_module_evidence,0.00859424243576623,0.02772270935604789,0.040619371112718926,0.3464796623629689,1.0,7,0,V1_03_difficult,5,OK,True,1700,1403715971584058112,8.983671330625449e-10,1403715971784058112,113,True,615
1.149530796395217,0.001998,0.19999999999999996,0.75,756,3.205668265301865,6.0,,48,2.109038675703341,1.7335841481510206,2.1637339488210183,6.159509063940713,True,3.181095664627583,10.119369627512405,6,0.07595077958662455,Global-DoF,V1_03_difficult:1403715971584058112:1403715971784058112,0.039666,formal_public_module_evidence,0.00859424243576623,0.02772270935604789,0.040619371112718926,0.3464796623629689,1.0,7,0,V1_03_difficult,5,OK,True,1700,1403715971584058112,8.983671330625449e-10,1403715971784058112,113,True,615
0.9669861035298266,1.28481,0.15833333333333333,0.7916666666666666,756,3.8476603744025852,6.0,,48,2.109038675703341,1.7335841481510206,2.1637339488210183,5.815348271838552,True,3.181095664627583,10.119369627512405,6,0.07595077958662455,DPR-Exact-Block,V1_03_difficult:1403715971584058112:1403715971784058112,0.039666,formal_public_module_evidence,0.00859424243576623,0.02772270935604789,0.040619371112718926,0.3464796623629689,1.0,7,0,V1_03_difficult,5,OK,True,1700,1403715971584058112,8.983671330625449e-10,1403715971784058112,113,True,615
1.0459760434433696,0.31969,0.19999999999999996,0.75,756,3.5554275693821453,6.0,,48,2.109038675703341,1.7335841481510206,2.1637339488210183,5.95252755408929,True,3.181095664627583,10.119369627512405,6,0.07595077958662455,DUC-K16,V1_03_difficult:1403715971584058112:1403715971784058112,0.039666,formal_public_module_evidence,0.00859424243576623,0.02772270935604789,0.040619371112718926,0.3464796623629689,1.0,7,0,V1_03_difficult,5,OK,True,1700,1403715971584058112,8.983671330625449e-10,1403715971784058112,113,True,615
1.166989819004301,0.106173,0.19999999999999996,0.75,756,3.1501861714648847,6.0,,48,2.109038675703341,1.7335841481510206,2.1637339488210183,6.1976470599795634,True,3.181095664627583,10.119369627512405,6,0.07595077958662455,Permuted-K16,V1_03_difficult:1403715971584058112:1403715971784058112,0.039666,formal_public_module_evidence,0.00859424243576623,0.02772270935604789,0.040619371112718926,0.3464796623629689,1.0,7,0,V1_03_difficult,5,OK,True,1700,1403715971584058112,8.983671330625449e-10,1403715971784058112,113,True,615
1.9099548588358257,0.006813,0.07499999999999996,0.875,504,0.33240695348813865,6.000000000000001,,16,2.7728295225103,0.5765474425302212,2.8022263295759244,7.489265732348937,True,1.4982230624125306,2.2446723447447816,6,0.06719343648939302,Raw,V1_03_difficult:1403715972084058112:1403715972284058112,0.042357,formal_public_module_evidence,0.02279315074173066,0.04936184400966906,0.07943639348092642,0.17854065035398842,0.5737760684890391,0,0,V1_03_difficult,5,OK,True,1710,1403715972084058112,3.798953910864217e-11,1403715972284058112,412,True,494
1.702315494057581,0.002123,0.07499999999999996,0.875,504,0.4091162504469399,6.000000000000001,,16,2.7728295225103,0.5765474425302212,2.8022263295759244,6.430758104041897,True,1.4982230624125306,2.2446723447447816,6,0.06719343648939302,Global-DoF,V1_03_difficult:1403715972084058112:1403715972284058112,0.042357,formal_public_module_evidence,0.02279315074173066,0.04936184400966906,0.07943639348092642,0.17854065035398842,0.5737760684890391,0,0,V1_03_difficult,5,OK,True,1710,1403715972084058112,3.798953910864217e-11,1403715972284058112,412,True,494
1.4809443502050006,0.445105,0.07499999999999996,0.875,504,0.5104897149714436,6.000000000000001,,16,2.7728295225103,0.5765474425302212,2.8022263295759244,5.562588397356652,True,1.4982230624125306,2.2446723447447816,6,0.06719343648939302,DPR-Exact-Block,V1_03_difficult:1403715972084058112:1403715972284058112,0.042357,formal_public_module_evidence,0.02279315074173066,0.04936184400966906,0.07943639348092642,0.17854065035398842,0.5737760684890391,0,0,V1_03_difficult,5,OK,True,1710,1403715972084058112,3.798953910864217e-11,1403715972284058112,412,True,494
1.5505017772620981,0.178596,0.07499999999999996,0.875,504,0.4761881567300215,6.000000000000001,,16,2.7728295225103,0.5765474425302212,2.8022263295759244,5.809769735227761,True,1.4982230624125306,2.2446723447447816,6,0.06719343648939302,DUC-K16,V1_03_difficult:1403715972084058112:1403715972284058112,0.042357,formal_public_module_evidence,0.02279315074173066,0.04936184400966906,0.07943639348092642,0.17854065035398842,0.5737760684890391,0,0,V1_03_difficult,5,OK,True,1710,1403715972084058112,3.798953910864217e-11,1403715972284058112,412,True,494
1.755031560645884,0.07593,0.07499999999999996,0.875,504,0.38810785585040364,6.000000000000001,,16,2.7728295225103,0.5765474425302212,2.8022263295759244,6.675035341600712,True,1.4982230624125306,2.2446723447447816,6,0.06719343648939302,Permuted-K16,V1_03_difficult:1403715972084058112:1403715972284058112,0.042357,formal_public_module_evidence,0.02279315074173066,0.04936184400966906,0.07943639348092642,0.17854065035398842,0.5737760684890391,0,0,V1_03_difficult,5,OK,True,1710,1403715972084058112,3.798953910864217e-11,1403715972284058112,412,True,494
1.8032032999676062,0.005973,0.07499999999999996,0.875,504,0.2892309996275691,6.0,,48,2.750403910477562,0.537802007831478,2.8020856993029675,6.666404834153332,True,1.324899818957962,1.7553595302748406,6,0.060063957643371135,Raw,V1_03_difficult:1403715972084058112:1403715972284058112,0.039357,formal_public_module_evidence,0.017180643235316706,0.05096670774046553,0.07006210328885129,0.619390138712919,1.0016081275818172,11,0,V1_03_difficult,4,OK,True,1710,1403715972084058112,1.4493924061642093e-09,1403715972284058112,412,True,494
1.738664778830035,0.002081,0.07499999999999996,0.875,504,0.30851306626940705,6.0,,48,2.750403910477562,0.537802007831478,2.8020856993029675,6.351627269589692,True,1.324899818957962,1.7553595302748406,6,0.060063957643371135,Global-DoF,V1_03_difficult:1403715972084058112:1403715972284058112,0.039357,formal_public_module_evidence,0.017180643235316706,0.05096670774046553,0.07006210328885129,0.619390138712919,1.0016081275818172,11,0,V1_03_difficult,4,OK,True,1710,1403715972084058112,1.4493924061642093e-09,1403715972284058112,412,True,494
1.6540735374646898,1.277798,0.07499999999999996,0.875,504,0.3357461733468843,6.0,,48,2.750403910477562,0.537802007831478,2.8020856993029675,5.974711140291518,True,1.324899818957962,1.7553595302748406,6,0.060063957643371135,DPR-Exact-Block,V1_03_difficult:1403715972084058112:1403715972284058112,0.039357,formal_public_module_evidence,0.017180643235316706,0.05096670774046553,0.07006210328885129,0.619390138712919,1.0016081275818172,11,0,V1_03_difficult,4,OK,True,1710,1403715972084058112,1.4493924061642093e-09,1403715972284058112,412,True,494
1.7160169835437455,0.313142,0.07499999999999996,0.875,504,0.3155799294120531,6.0,,48,2.750403910477562,0.537802007831478,2.8020856993029675,6.246863213758798,True,1.324899818957962,1.7553595302748406,6,0.060063957643371135,DUC-K16,V1_03_difficult:1403715972084058112:1403715972284058112,0.039357,formal_public_module_evidence,0.017180643235316706,0.05096670774046553,0.07006210328885129,0.619390138712919,1.0016081275818172,11,0,V1_03_difficult,4,OK,True,1710,1403715972084058112,1.4493924061642093e-09,1403715972284058112,412,True,494
1.6592298621406152,0.105557,0.07499999999999996,0.875,504,0.33401941276339,6.0,,48,2.750403910477562,0.537802007831478,2.8020856993029675,5.996582910093006,True,1.324899818957962,1.7553595302748406,6,0.060063957643371135,Permuted-K16,V1_03_difficult:1403715972084058112:1403715972284058112,0.039357,formal_public_module_evidence,0.017180643235316706,0.05096670774046553,0.07006210328885129,0.619390138712919,1.0016081275818172,11,0,V1_03_difficult,4,OK,True,1710,1403715972084058112,1.4493924061642093e-09,1403715972284058112,412,True,494
0.27018921197257495,0.006682,0.033333333333333326,0.9166666666666666,401,0.4856568748366012,6.0,,16,3.0495662085925117,0.6968908629309192,2.836715191785824,2.425836478265873,True,0.7976926902368021,0.6363136280572268,6,0.031012106303315412,Raw,V1_03_difficult:1403715972584058112:1403715972784058112,0.038578,formal_public_module_evidence,0.022544296190714797,0.04377116668309122,0.07293137308823859,0.2131215398976441,0.45742983429764233,0,0,V1_03_difficult,4,OK,True,1720,1403715972584058112,8.734804030077054e-09,1403715972784058112,347,True,374
0.06254984719433065,0.002066,0.033333333333333326,0.9166666666666666,401,0.5977315382604321,6.0,,16,3.0495662085925117,0.6968908629309192,2.836715191785824,2.3878110302050715,True,0.7976926902368021,0.6363136280572268,6,0.031012106303315412,Global-DoF,V1_03_difficult:1403715972584058112:1403715972784058112,0.038578,formal_public_module_evidence,0.022544296190714797,0.04377116668309122,0.07293137308823859,0.2131215398976441,0.45742983429764233,0,0,V1_03_difficult,4,OK,True,1720,1403715972584058112,8.734804030077054e-09,1403715972784058112,347,True,374
0.0056121393415363855,0.443468,0.033333333333333326,0.9166666666666666,401,0.6327525492934373,6.0,,16,3.0495662085925117,0.6968908629309192,2.836715191785824,2.3858291326523307,True,0.7976926902368021,0.6363136280572268,6,0.031012106303315412,DPR-Exact-Block,V1_03_difficult:1403715972584058112:1403715972784058112,0.038578,formal_public_module_evidence,0.022544296190714797,0.04377116668309122,0.07293137308823859,0.2131215398976441,0.45742983429764233,0,0,V1_03_difficult,4,OK,True,1720,1403715972584058112,8.734804030077054e-09,1403715972784058112,347,True,374
0.03711530011602555,0.182243,0.033333333333333326,0.9166666666666666,401,0.6131295599710553,6.0,,16,3.0495662085925117,0.6968908629309192,2.836715191785824,2.3865107288425698,True,0.7976926902368021,0.6363136280572268,6,0.031012106303315412,DUC-K16,V1_03_difficult:1403715972584058112:1403715972784058112,0.038578,formal_public_module_evidence,0.022544296190714797,0.04377116668309122,0.07293137308823859,0.2131215398976441,0.45742983429764233,0,0,V1_03_difficult,4,OK,True,1720,1403715972584058112,8.734804030077054e-09,1403715972784058112,347,True,374
0.2598409856236383,0.069423,0.033333333333333326,0.9166666666666666,401,0.8251230719197605,6.0,,16,3.0495662085925117,0.6968908629309192,2.836715191785824,2.4168285445598863,True,0.7976926902368021,0.6363136280572268,6,0.031012106303315412,Permuted-K16,V1_03_difficult:1403715972584058112:1403715972784058112,0.038578,formal_public_module_evidence,0.022544296190714797,0.04377116668309122,0.07293137308823859,0.2131215398976441,0.45742983429764233,0,0,V1_03_difficult,4,OK,True,1720,1403715972584058112,8.734804030077054e-09,1403715972784058112,347,True,374
0.5970837865748087,0.006417,0.033333333333333326,0.9166666666666666,401,0.3827300923049819,6.0,,48,3.006134925394869,0.618651834479606,2.843462395627809,2.694264661825381,True,0.8338758607329549,0.6953489511131264,6,0.0056201632355261655,Raw,V1_03_difficult:1403715972584058112:1403715972784058112,0.043081,formal_public_module_evidence,0.015621403389515787,0.03255793421695064,0.06074578574438246,0.5390687389772505,1.0653860051924897,6,0,V1_03_difficult,4,OK,True,1720,1403715972584058112,1.4020300656123895e-09,1403715972784058112,347,True,374
0.5325452654372377,0.002066,0.033333333333333326,0.9166666666666666,401,0.4082454317919806,6.0,,48,3.006134925394869,0.618651834479606,2.843462395627809,2.6452523796204774,True,0.8338758607329549,0.6953489511131264,6,0.0056201632355261655,Global-DoF,V1_03_difficult:1403715972584058112:1403715972784058112,0.043081,formal_public_module_evidence,0.015621403389515787,0.03255793421695064,0.06074578574438246,0.5390687389772505,1.0653860051924897,6,0,V1_03_difficult,4,OK,True,1720,1403715972584058112,1.4020300656123895e-09,1403715972784058112,347,True,374
0.5108080371659013,1.272146,0.033333333333333326,0.9166666666666666,401,0.41721670802675076,6.0,,48,3.006134925394869,0.618651834479606,2.843462395627809,2.630364913678941,True,0.8338758607329549,0.6953489511131264,6,0.0056201632355261655,DPR-Exact-Block,V1_03_difficult:1403715972584058112:1403715972784058112,0.043081,formal_public_module_evidence,0.015621403389515787,0.03255793421695064,0.06074578574438246,0.5390687389772505,1.0653860051924897,6,0,V1_03_difficult,4,OK,True,1720,1403715972584058112,1.4020300656123895e-09,1403715972784058112,347,True,374
0.5052036081228133,0.31084,0.033333333333333326,0.9166666666666666,401,0.41956153403044993,6.0,,48,3.006134925394869,0.618651834479606,2.843462395627809,2.6266549173185223,True,0.8338758607329549,0.6953489511131264,6,0.0056201632355261655,DUC-K16,V1_03_difficult:1403715972584058112:1403715972784058112,0.043081,formal_public_module_evidence,0.015621403389515787,0.03255793421695064,0.06074578574438246,0.5390687389772505,1.0653860051924897,6,0,V1_03_difficult,4,OK,True,1720,1403715972584058112,1.4020300656123895e-09,1403715972784058112,347,True,374
0.5400940595878487,0.105188,0.033333333333333326,0.9166666666666666,401,0.4051752736396254,6.0,,48,3.006134925394869,0.618651834479606,2.843462395627809,2.650609812006969,True,0.8338758607329549,0.6953489511131264,6,0.0056201632355261655,Permuted-K16,V1_03_difficult:1403715972584058112:1403715972784058112,0.043081,formal_public_module_evidence,0.015621403389515787,0.03255793421695064,0.06074578574438246,0.5390687389772505,1.0653860051924897,6,0,V1_03_difficult,4,OK,True,1720,1403715972584058112,1.4020300656123895e-09,1403715972784058112,347,True,374
0.01124108437802124,0.006583,0.033333333333333326,0.9166666666666666,650,0.07823317991903189,6.0,,16,3.0686704559832045,0.2797019483647404,2.6762012216178883,0.301120143405092,True,0.2812784512160598,0.07911756711850533,6,0.03191055519924835,Raw,V1_03_difficult:1403715973084058112:1403715973284058112,0.037853,formal_public_module_evidence,0.017683408234329123,0.0545033596865985,0.07731022201630072,0.1521770724090995,0.7098943377866355,0,0,V1_03_difficult,4,OK,True,1730,1403715973084058112,2.0951795806267564e-09,1403715973284058112,601,True,617
0.1963982804002234,0.002005,0.033333333333333326,0.9166666666666666,650,0.09628699066957772,6.0,,16,3.0686704559832045,0.2797019483647404,2.6762012216178883,0.31913991391306795,True,0.2812784512160598,0.07911756711850533,6,0.03191055519924835,Global-DoF,V1_03_difficult:1403715973084058112:1403715973284058112,0.037853,formal_public_module_evidence,0.017683408234329123,0.0545033596865985,0.07731022201630072,0.1521770724090995,0.7098943377866355,0,0,V1_03_difficult,4,OK,True,1730,1403715973084058112,2.0951795806267564e-09,1403715973284058112,601,True,617
0.23467579322536317,0.45243,0.033333333333333326,0.9166666666666666,650,0.1000440641872531,6.0,,16,3.0686704559832045,0.2797019483647404,2.6762012216178883,0.32655971784068055,True,0.2812784512160598,0.07911756711850533,6,0.03191055519924835,DPR-Exact-Block,V1_03_difficult:1403715973084058112:1403715973284058112,0.037853,formal_public_module_evidence,0.017683408234329123,0.0545033596865985,0.07731022201630072,0.1521770724090995,0.7098943377866355,0,0,V1_03_difficult,4,OK,True,1730,1403715973084058112,2.0951795806267564e-09,1403715973284058112,601,True,617
0.2022449989047022,0.178944,0.033333333333333326,0.9166666666666666,650,0.09685160255464861,6.0,,16,3.0686704559832045,0.2797019483647404,2.6762012216178883,0.3201964890137425,True,0.2812784512160598,0.07911756711850533,6,0.03191055519924835,DUC-K16,V1_03_difficult:1403715973084058112:1403715973284058112,0.037853,formal_public_module_evidence,0.017683408234329123,0.0545033596865985,0.07731022201630072,0.1521770724090995,0.7098943377866355,0,0,V1_03_difficult,4,OK,True,1730,1403715973084058112,2.0951795806267564e-09,1403715973284058112,601,True,617
0.1870040183989568,0.069982,0.033333333333333326,0.9166666666666666,650,0.09538668094580786,6.0,,16,3.0686704559832045,0.2797019483647404,2.6762012216178883,0.31750114676356,True,0.2812784512160598,0.07911756711850533,6,0.03191055519924835,Permuted-K16,V1_03_difficult:1403715973084058112:1403715973284058112,0.037853,formal_public_module_evidence,0.017683408234329123,0.0545033596865985,0.07731022201630072,0.1521770724090995,0.7098943377866355,0,0,V1_03_difficult,4,OK,True,1730,1403715973084058112,2.0951795806267564e-09,1403715973284058112,601,True,617
0.4919869816951058,0.0063,0.008333333333333415,0.9583333333333334,650,0.07704837038572465,6.0,,48,2.4307609772023615,0.27757588221191815,2.686756934285904,-0.11403447581163821,True,0.2170441641737496,0.04710816920188158,6,0.001010285018390844,Raw,V1_03_difficult:1403715973084058112:1403715973284058112,0.038403,formal_public_module_evidence,0.013581065520565039,0.03850152185228165,0.06503661008840042,0.5744501496903592,1.5155787030494876,5,0,V1_03_difficult,4,OK,True,1730,1403715973084058112,3.7411991782010744e-09,1403715973284058112,601,True,617
0.5565255028326769,0.002112,0.008333333333333415,0.9583333333333334,650,0.08218492841143962,6.0,,48,2.4307609772023615,0.27757588221191815,2.686756934285904,-0.0877091000057314,True,0.2170441641737496,0.04710816920188158,6,0.001010285018390844,Global-DoF,V1_03_difficult:1403715973084058112:1403715973284058112,0.038403,formal_public_module_evidence,0.013581065520565039,0.03850152185228165,0.06503661008840042,0.5744501496903592,1.5155787030494876,5,0,V1_03_difficult,4,OK,True,1730,1403715973084058112,3.7411991782010744e-09,1403715973284058112,601,True,617
0.5720495025063668,1.285518,0.008333333333333415,0.9583333333333334,650,0.08347072171839019,6.0,,48,2.4307609772023615,0.27757588221191815,2.686756934285904,-0.08101470048886368,True,0.2170441641737496,0.04710816920188158,6,0.001010285018390844,DPR-Exact-Block,V1_03_difficult:1403715973084058112:1403715973284058112,0.038403,formal_public_module_evidence,0.013581065520565039,0.03850152185228165,0.06503661008840042,0.5744501496903592,1.5155787030494876,5,0,V1_03_difficult,4,OK,True,1730,1403715973084058112,3.7411991782010744e-09,1403715973284058112,601,True,617
0.5730592775303127,0.319324,0.008333333333333415,0.9583333333333334,650,0.08355505093801656,6.0,,48,2.4307609772023615,0.27757588221191815,2.686756934285904,-0.08057452212070569,True,0.2170441641737496,0.04710816920188158,6,0.001010285018390844,DUC-K16,V1_03_difficult:1403715973084058112:1403715973284058112,0.038403,formal_public_module_evidence,0.013581065520565039,0.03850152185228165,0.06503661008840042,0.5744501496903592,1.5155787030494876,5,0,V1_03_difficult,4,OK,True,1730,1403715973084058112,3.7411991782010744e-09,1403715973284058112,601,True,617
0.5549216301233472,0.105469,0.008333333333333415,0.9583333333333334,650,0.08205321989772166,6.0,,48,2.4307609772023615,0.27757588221191815,2.686756934285904,-0.08839289975831503,True,0.2170441641737496,0.04710816920188158,6,0.001010285018390844,Permuted-K16,V1_03_difficult:1403715973084058112:1403715973284058112,0.038403,formal_public_module_evidence,0.013581065520565039,0.03850152185228165,0.06503661008840042,0.5744501496903592,1.5155787030494876,5,0,V1_03_difficult,4,OK,True,1730,1403715973084058112,3.7411991782010744e-09,1403715973284058112,601,True,617
0.02434604031485451,0.006728,0.033333333333333326,0.9166666666666666,745,0.18562351984020375,6.000000000000001,,16,2.4834076834335446,0.43084048073527603,2.5412028867885725,1.178487147995612,True,0.43611716200651945,0.19019817899662073,6,0.4490229335762752,Raw,V1_03_difficult:1403715973584058112:1403715973784058112,0.038029,formal_public_module_evidence,0.02817879150659841,0.14060027991845875,0.1144788204243446,0.23933648818608855,0.6939194321213636,1,0,V1_03_difficult,4,OK,True,1740,1403715973584058112,9.964944623814757e-10,1403715973784058112,569,True,710
0.18329332446339,0.002033,0.033333333333333326,0.9166666666666666,745,0.2284597167264046,6.000000000000001,,16,2.4834076834335446,0.43084048073527603,2.5412028867885725,1.1940056080923453,True,0.43611716200651945,0.19019817899662073,6,0.4490229335762752,Global-DoF,V1_03_difficult:1403715973584058112:1403715973784058112,0.038029,formal_public_module_evidence,0.02817879150659841,0.14060027991845875,0.1144788204243446,0.23933648818608855,0.6939194321213636,1,0,V1_03_difficult,4,OK,True,1740,1403715973584058112,9.964944623814757e-10,1403715973784058112,569,True,710
0.29955107145821097,0.487353,0.008333333333333415,0.9583333333333334,745,0.2566254547487082,6.000000000000001,,16,2.4834076834335446,0.43084048073527603,2.5412028867885725,1.2188903045881292,True,0.43611716200651945,0.19019817899662073,6,0.4490229335762752,DPR-Exact-Block,V1_03_difficult:1403715973584058112:1403715973784058112,0.038029,formal_public_module_evidence,0.02817879150659841,0.14060027991845875,0.1144788204243446,0.23933648818608855,0.6939194321213636,1,0,V1_03_difficult,4,OK,True,1740,1403715973584058112,9.964944623814757e-10,1403715973784058112,569,True,710
0.6704405618463011,0.175752,0.008333333333333415,0.9583333333333334,745,0.3718561692703188,6.000000000000001,,16,2.4834076834335446,0.43084048073527603,2.5412028867885725,1.3601121133521323,True,0.43611716200651945,0.19019817899662073,6,0.4490229335762752,DUC-K16,V1_03_difficult:1403715973584058112:1403715973784058112,0.038029,formal_public_module_evidence,0.02817879150659841,0.14060027991845875,0.1144788204243446,0.23933648818608855,0.6939194321213636,1,0,V1_03_difficult,4,OK,True,1740,1403715973584058112,9.964944623814757e-10,1403715973784058112,569,True,710
0.3297172599010446,0.071211,0.008333333333333415,0.9583333333333334,745,0.2644848140409404,6.000000000000001,,16,2.4834076834335446,0.43084048073527603,2.5412028867885725,1.2270326539817054,True,0.43611716200651945,0.19019817899662073,6,0.4490229335762752,Permuted-K16,V1_03_difficult:1403715973584058112:1403715973784058112,0.038029,formal_public_module_evidence,0.02817879150659841,0.14060027991845875,0.1144788204243446,0.23933648818608855,0.6939194321213636,1,0,V1_03_difficult,4,OK,True,1740,1403715973584058112,9.964944623814757e-10,1403715973784058112,569,True,710
0.3084314927034286,0.006457,0.008333333333333415,0.9583333333333334,745,0.22739240949975537,5.999999999999998,,48,2.4793247652545616,0.4768568018805597,2.538930604510185,1.0913972644953096,True,0.4087078075501708,0.16704207195246742,6,0.007923840928908965,Raw,V1_03_difficult:1403715973584058112:1403715973784058112,0.039276,formal_public_module_evidence,0.009865415664456423,0.03453930389038244,0.05370799503802556,0.40017522492622026,1.0,5,0,V1_03_difficult,4,OK,True,1740,1403715973584058112,3.002779723605742e-10,1403715973784058112,569,True,710
0.37297001384100004,0.002014,0.008333333333333415,0.9583333333333334,745,0.24255190346640576,5.999999999999998,,48,2.4793247652545616,0.4768568018805597,2.538930604510185,1.1100233933942978,True,0.4087078075501708,0.16704207195246742,6,0.007923840928908965,Global-DoF,V1_03_difficult:1403715973584058112:1403715973784058112,0.039276,formal_public_module_evidence,0.009865415664456423,0.03453930389038244,0.05370799503802556,0.40017522492622026,1.0,5,0,V1_03_difficult,4,OK,True,1740,1403715973584058112,3.002779723605742e-10,1403715973784058112,569,True,710
0.3883647771128159,1.284591,0.008333333333333415,0.9583333333333334,745,0.24631482291146403,5.999999999999998,,48,2.4793247652545616,0.4768568018805597,2.538930604510185,1.114897192185681,True,0.4087078075501708,0.16704207195246742,6,0.007923840928908965,DPR-Exact-Block,V1_03_difficult:1403715973584058112:1403715973784058112,0.039276,formal_public_module_evidence,0.009865415664456423,0.03453930389038244,0.05370799503802556,0.40017522492622026,1.0,5,0,V1_03_difficult,4,OK,True,1740,1403715973584058112,3.002779723605742e-10,1403715973784058112,569,True,710
0.3804093757257842,0.312602,0.008333333333333415,0.9583333333333334,745,0.2443630634362812,5.999999999999998,,48,2.4793247652545616,0.4768568018805597,2.538930604510185,1.1123583819477934,True,0.4087078075501708,0.16704207195246742,6,0.007923840928908965,DUC-K16,V1_03_difficult:1403715973584058112:1403715973784058112,0.039276,formal_public_module_evidence,0.009865415664456423,0.03453930389038244,0.05370799503802556,0.40017522492622026,1.0,5,0,V1_03_difficult,4,OK,True,1740,1403715973584058112,3.002779723605742e-10,1403715973784058112,569,True,710
0.37567979110538985,0.1038,0.008333333333333415,0.9583333333333334,745,0.2432100564210812,5.999999999999998,,48,2.4793247652545616,0.4768568018805597,2.538930604510185,1.1108695115000553,True,0.4087078075501708,0.16704207195246742,6,0.007923840928908965,Permuted-K16,V1_03_difficult:1403715973584058112:1403715973784058112,0.039276,formal_public_module_evidence,0.009865415664456423,0.03453930389038244,0.05370799503802556,0.40017522492622026,1.0,5,0,V1_03_difficult,4,OK,True,1740,1403715973584058112,3.002779723605742e-10,1403715973784058112,569,True,710
1.3533443104084335,0.006778,0.32499999999999996,0.625,708,0.18363431145422127,5.999999999999998,,16,2.440826825594164,0.4285257418804864,2.3460157449620644,4.013415684347206,True,0.8430472159279692,0.7107286082838998,6,0.05897966309827096,Raw,V1_03_difficult:1403715974084058112:1403715974284058112,0.037958,formal_public_module_evidence,0.032362448915996656,0.08985545531231967,0.10349471490845959,0.22018877697525907,0.7805914458863958,1,0,V1_03_difficult,4,OK,True,1750,1403715974084058112,1.2271971477387414e-10,1403715974284058112,522,True,675
1.145704945630189,0.002081,0.19999999999999996,0.75,708,0.22601146025134924,5.999999999999998,,16,2.440826825594164,0.4285257418804864,2.3460157449620644,3.495364882631415,True,0.8430472159279692,0.7107286082838998,6,0.05897966309827096,Global-DoF,V1_03_difficult:1403715974084058112:1403715974284058112,0.037958,formal_public_module_evidence,0.032362448915996656,0.08985545531231967,0.10349471490845959,0.22018877697525907,0.7805914458863958,1,0,V1_03_difficult,4,OK,True,1750,1403715974084058112,1.2271971477387414e-10,1403715974284058112,522,True,675
1.0278117686969765,0.478377,0.15833333333333333,0.7916666666666666,708,0.2542908991647303,5.999999999999998,,16,2.440826825594164,0.4285257418804864,2.3460157449620644,3.2635438275431663,True,0.8430472159279692,0.7107286082838998,6,0.05897966309827096,DPR-Exact-Block,V1_03_difficult:1403715974084058112:1403715974284058112,0.037958,formal_public_module_evidence,0.032362448915996656,0.08985545531231967,0.10349471490845959,0.22018877697525907,0.7805914458863958,1,0,V1_03_difficult,4,OK,True,1750,1403715974084058112,1.2271971477387414e-10,1403715974284058112,522,True,675
1.0886022963169308,0.181916,0.15833333333333333,0.7916666666666666,708,0.23929290760303812,5.999999999999998,,16,2.440826825594164,0.4285257418804864,2.3460157449620644,3.3779299664227715,True,0.8430472159279692,0.7107286082838998,6,0.05897966309827096,DUC-K16,V1_03_difficult:1403715974084058112:1403715974284058112,0.037958,formal_public_module_evidence,0.032362448915996656,0.08985545531231967,0.10349471490845959,0.22018877697525907,0.7805914458863958,1,0,V1_03_difficult,4,OK,True,1750,1403715974084058112,1.2271971477387414e-10,1403715974284058112,522,True,675
1.1339280578257722,0.069652,0.19999999999999996,0.75,708,0.22868890691003957,5.999999999999998,,16,2.440826825594164,0.4285257418804864,2.3460157449620644,3.4703247138922215,True,0.8430472159279692,0.7107286082838998,6,0.05897966309827096,Permuted-K16,V1_03_difficult:1403715974084058112:1403715974284058112,0.037958,formal_public_module_evidence,0.032362448915996656,0.08985545531231967,0.10349471490845959,0.22018877697525907,0.7805914458863958,1,0,V1_03_difficult,4,OK,True,1750,1403715974084058112,1.2271971477387414e-10,1403715974284058112,522,True,675
0.9383699416889774,0.006404,0.07499999999999996,0.875,708,0.2635972118571735,6.0,,48,2.3602344442385017,0.51341719084695,2.344652928639273,3.0603559113722127,True,0.8207952792798157,0.6737048904880306,6,0.02731870168674455,Raw,V1_03_difficult:1403715974084058112:1403715974284058112,0.038396,formal_public_module_evidence,0.013080114492976525,0.033155064330455335,0.0535651171364229,0.45565688922026437,1.0196315812016945,5,0,V1_03_difficult,4,OK,True,1750,1403715974084058112,5.912474210041906e-11,1403715974284058112,522,True,675
0.8738314205514062,0.001915,0.07499999999999996,0.875,708,0.2811703593143184,6.0,,48,2.3602344442385017,0.51341719084695,2.344652928639273,2.965156188850679,True,0.8207952792798157,0.6737048904880306,6,0.02731870168674455,Global-DoF,V1_03_difficult:1403715974084058112:1403715974284058112,0.038396,formal_public_module_evidence,0.013080114492976525,0.033155064330455335,0.0535651171364229,0.45565688922026437,1.0196315812016945,5,0,V1_03_difficult,4,OK,True,1750,1403715974084058112,5.912474210041906e-11,1403715974284058112,522,True,675
0.86427899301461,1.276484,0.07499999999999996,0.875,708,0.2838690879808801,6.0,,48,2.3602344442385017,0.51341719084695,2.344652928639273,2.95192926867607,True,0.8207952792798157,0.6737048904880306,6,0.02731870168674455,DPR-Exact-Block,V1_03_difficult:1403715974084058112:1403715974284058112,0.038396,formal_public_module_evidence,0.013080114492976525,0.033155064330455335,0.0535651171364229,0.45565688922026437,1.0196315812016945,5,0,V1_03_difficult,4,OK,True,1750,1403715974084058112,5.912474210041906e-11,1403715974284058112,522,True,675
0.8919777888783499,0.319863,0.07499999999999996,0.875,708,0.2761141530482422,6.0,,48,2.3602344442385017,0.51341719084695,2.344652928639273,2.9908867550961573,True,0.8207952792798157,0.6737048904880306,6,0.02731870168674455,DUC-K16,V1_03_difficult:1403715974084058112:1403715974284058112,0.038396,formal_public_module_evidence,0.013080114492976525,0.033155064330455335,0.0535651171364229,0.45565688922026437,1.0196315812016945,5,0,V1_03_difficult,4,OK,True,1750,1403715974084058112,5.912474210041906e-11,1403715974284058112,522,True,675
0.8875651990680539,0.104621,0.07499999999999996,0.875,708,0.27733522360693097,6.0,,48,2.3602344442385017,0.51341719084695,2.344652928639273,2.9845565629738338,True,0.8207952792798157,0.6737048904880306,6,0.02731870168674455,Permuted-K16,V1_03_difficult:1403715974084058112:1403715974284058112,0.038396,formal_public_module_evidence,0.013080114492976525,0.033155064330455335,0.0535651171364229,0.45565688922026437,1.0196315812016945,5,0,V1_03_difficult,4,OK,True,1750,1403715974084058112,5.912474210041906e-11,1403715974284058112,522,True,675
0.9739624952266626,0.006147,0.3666666666666666,0.5833333333333334,572,0.09577110396289773,6.0,,16,2.575306637737915,0.30946906786122863,2.601519306111063,2.1405008368577074,True,0.5036287514873137,0.2536419193246704,6,0.0038281291922683813,Raw,V1_03_difficult:1403715974584058112:1403715974784058112,0.038698,formal_public_module_evidence,0.028181596948926746,0.059624472814920004,0.09559566693220786,0.3371481488776015,0.7780616428029317,0,0,V1_03_difficult,4,OK,True,1760,1403715974584058112,2.704433261548918e-09,1403715974784058112,496,True,539
0.7663231304484179,0.002009,0.32499999999999996,0.625,572,0.11787212795433567,6.0,,16,2.575306637737915,0.30946906786122863,2.601519306111063,1.8515618193735957,True,0.5036287514873137,0.2536419193246704,6,0.0038281291922683813,Global-DoF,V1_03_difficult:1403715974584058112:1403715974784058112,0.038698,formal_public_module_evidence,0.028181596948926746,0.059624472814920004,0.09559566693220786,0.3371481488776015,0.7780616428029317,0,0,V1_03_difficult,4,OK,True,1760,1403715974584058112,2.704433261548918e-09,1403715974784058112,496,True,539
0.8212557908982172,0.490854,0.32499999999999996,0.625,572,0.11157173140369749,6.0,,16,2.575306637737915,0.30946906786122863,2.601519306111063,1.9181424040673785,True,0.5036287514873137,0.2536419193246704,6,0.0038281291922683813,DPR-Exact-Block,V1_03_difficult:1403715974584058112:1403715974784058112,0.038698,formal_public_module_evidence,0.028181596948926746,0.059624472814920004,0.09559566693220786,0.3371481488776015,0.7780616428029317,0,0,V1_03_difficult,4,OK,True,1760,1403715974584058112,2.704433261548918e-09,1403715974784058112,496,True,539
0.8174349703461641,0.17727,0.32499999999999996,0.625,572,0.1119988424057159,6.0,,16,2.575306637737915,0.30946906786122863,2.601519306111063,1.9132937239809127,True,0.5036287514873137,0.2536419193246704,6,0.0038281291922683813,DUC-K16,V1_03_difficult:1403715974584058112:1403715974784058112,0.038698,formal_public_module_evidence,0.028181596948926746,0.059624472814920004,0.09559566693220786,0.3371481488776015,0.7780616428029317,0,0,V1_03_difficult,4,OK,True,1760,1403715974584058112,2.704433261548918e-09,1403715974784058112,496,True,539
0.8023901543173456,0.069613,0.32499999999999996,0.625,572,0.11369658346306351,6.0,,16,2.575306637737915,0.30946906786122863,2.601519306111063,1.8945218159304327,True,0.5036287514873137,0.2536419193246704,6,0.0038281291922683813,Permuted-K16,V1_03_difficult:1403715974584058112:1403715974784058112,0.038698,formal_public_module_evidence,0.028181596948926746,0.059624472814920004,0.09559566693220786,0.3371481488776015,0.7780616428029317,0,0,V1_03_difficult,4,OK,True,1760,1403715974584058112,2.704433261548918e-09,1403715974784058112,496,True,539
0.28823127100478,0.006693,0.11666666666666659,0.8333333333333334,572,0.15102379481140882,6.0,,48,2.4253549704865374,0.38861780043045996,2.605103094344915,1.2816249925468244,True,0.4488604232067166,0.2014756795213127,6,0.0003146789650622095,Raw,V1_03_difficult:1403715974584058112:1403715974784058112,0.040611,formal_public_module_evidence,0.011459378975656132,0.0515425546093517,0.05944249490531343,0.4728929256585971,1.1376163572642974,3,0,V1_03_difficult,5,OK,True,1760,1403715974584058112,3.6558874945760745e-09,1403715974784058112,496,True,539
0.22369274986720872,0.002024,0.11666666666666659,0.8333333333333334,572,0.1610920477988361,6.0,,48,2.4253549704865374,0.38861780043045996,2.605103094344915,1.2627844012352174,True,0.4488604232067166,0.2014756795213127,6,0.0003146789650622095,Global-DoF,V1_03_difficult:1403715974584058112:1403715974784058112,0.040611,formal_public_module_evidence,0.011459378975656132,0.0515425546093517,0.05944249490531343,0.4728929256585971,1.1376163572642974,3,0,V1_03_difficult,5,OK,True,1760,1403715974584058112,3.6558874945760745e-09,1403715974784058112,496,True,539
0.2226736490252596,1.249581,0.11666666666666659,0.8333333333333334,572,0.1612563005212074,6.0,,48,2.4253549704865374,0.38861780043045996,2.605103094344915,1.2625295754617953,True,0.4488604232067166,0.2014756795213127,6,0.0003146789650622095,DPR-Exact-Block,V1_03_difficult:1403715974584058112:1403715974784058112,0.040611,formal_public_module_evidence,0.011459378975656132,0.0515425546093517,0.05944249490531343,0.4728929256585971,1.1376163572642974,3,0,V1_03_difficult,5,OK,True,1760,1403715974584058112,3.6558874945760745e-09,1403715974784058112,496,True,539
0.2229883775121366,0.318424,0.11666666666666659,0.8333333333333334,572,0.16120555655544963,6.0,,48,2.4253549704865374,0.38861780043045996,2.605103094344915,1.2626081346485674,True,0.4488604232067166,0.2014756795213127,6,0.0003146789650622095,DUC-K16,V1_03_difficult:1403715974584058112:1403715974784058112,0.040611,formal_public_module_evidence,0.011459378975656132,0.0515425546093517,0.05944249490531343,0.4728929256585971,1.1376163572642974,3,0,V1_03_difficult,5,OK,True,1760,1403715974584058112,3.6558874945760745e-09,1403715974784058112,496,True,539
0.211588716023184,0.107207,0.11666666666666659,0.8333333333333334,572,0.16305375976096412,6.0,,48,2.4253549704865374,0.38861780043045996,2.605103094344915,1.2598413301376306,True,0.4488604232067166,0.2014756795213127,6,0.0003146789650622095,Permuted-K16,V1_03_difficult:1403715974584058112:1403715974784058112,0.040611,formal_public_module_evidence,0.011459378975656132,0.0515425546093517,0.05944249490531343,0.4728929256585971,1.1376163572642974,3,0,V1_03_difficult,5,OK,True,1760,1403715974584058112,3.6558874945760745e-09,1403715974784058112,496,True,539
0.9211419231172298,0.006599,0.15833333333333333,0.7916666666666666,572,0.05505289756655493,6.0,,16,2.2106497222139643,0.23463353887830046,2.548802284532253,1.450573727694944,True,0.3718891587521614,0.13830154639739028,6,0.061642601375018646,Raw,V1_03_difficult:1403715975084058112:1403715975284058112,0.038066,formal_public_module_evidence,0.01243130933181491,0.07515004215186388,0.07169560024121396,0.15530813143317557,0.669778888396179,0,0,V1_03_difficult,6,OK,True,1770,1403715975084058112,1.493329782485127e-09,1403715975284058112,468,True,495
0.7135025583389851,0.001859,0.11666666666666659,0.8333333333333334,572,0.06775741238960607,6.0,,16,2.2106497222139643,0.23463353887830046,2.548802284532253,1.1871835718532908,True,0.3718891587521614,0.13830154639739028,6,0.061642601375018646,Global-DoF,V1_03_difficult:1403715975084058112:1403715975284058112,0.038066,formal_public_module_evidence,0.01243130933181491,0.07515004215186388,0.07169560024121396,0.15530813143317557,0.669778888396179,0,0,V1_03_difficult,6,OK,True,1770,1403715975084058112,1.493329782485127e-09,1403715975284058112,468,True,495
0.7222318548857025,0.491574,0.11666666666666659,0.8333333333333334,572,0.06716851192655177,6.0,,16,2.2106497222139643,0.23463353887830046,2.548802284532253,1.19634988061844,True,0.3718891587521614,0.13830154639739028,6,0.061642601375018646,DPR-Exact-Block,V1_03_difficult:1403715975084058112:1403715975284058112,0.038066,formal_public_module_evidence,0.01243130933181491,0.07515004215186388,0.07169560024121396,0.15530813143317557,0.669778888396179,0,0,V1_03_difficult,6,OK,True,1770,1403715975084058112,1.493329782485127e-09,1403715975284058112,468,True,495
0.662414522251257,0.180999,0.11666666666666659,0.8333333333333334,572,0.07130895373219338,6.0,,16,2.2106497222139643,0.23463353887830046,2.548802284532253,1.1366132631817583,True,0.3718891587521614,0.13830154639739028,6,0.061642601375018646,DUC-K16,V1_03_difficult:1403715975084058112:1403715975284058112,0.038066,formal_public_module_evidence,0.01243130933181491,0.07515004215186388,0.07169560024121396,0.15530813143317557,0.669778888396179,0,0,V1_03_difficult,6,OK,True,1770,1403715975084058112,1.493329782485127e-09,1403715975284058112,468,True,495
0.6639056017276694,0.071412,0.11666666666666659,0.8333333333333334,572,0.07120270564665401,6.0,,16,2.2106497222139643,0.23463353887830046,2.548802284532253,1.1380162440889385,True,0.3718891587521614,0.13830154639739028,6,0.061642601375018646,Permuted-K16,V1_03_difficult:1403715975084058112:1403715975284058112,0.038066,formal_public_module_evidence,0.01243130933181491,0.07515004215186388,0.07169560024121396,0.15530813143317557,0.669778888396179,0,0,V1_03_difficult,6,OK,True,1770,1403715975084058112,1.493329782485127e-09,1403715975284058112,468,True,495
0.041344822932743136,0.005877,0.008333333333333415,0.9583333333333334,572,0.09427925538580556,6.0,,48,2.2077361741003005,0.3070492719187029,2.5473120375136267,0.4358811834709468,True,0.30076698179804073,0.09046077733990297,6,0.010249881223585833,Raw,V1_03_difficult:1403715975084058112:1403715975284058112,0.038222,formal_public_module_evidence,0.012755119261421644,0.04619392936924786,0.06089285916024798,0.5379916827293634,1.7084479707388331,4,0,V1_03_difficult,4,OK,True,1770,1403715975084058112,8.662590778308536e-12,1403715975284058112,468,True,495
0.1058833440703143,0.002061,0.008333333333333415,0.9583333333333334,572,0.1005645390781926,6.0,,48,2.2077361741003005,0.3070492719187029,2.5473120375136267,0.44045106611420964,True,0.30076698179804073,0.09046077733990297,6,0.010249881223585833,Global-DoF,V1_03_difficult:1403715975084058112:1403715975284058112,0.038222,formal_public_module_evidence,0.012755119261421644,0.04619392936924786,0.06089285916024798,0.5379916827293634,1.7084479707388331,4,0,V1_03_difficult,4,OK,True,1770,1403715975084058112,8.662590778308536e-12,1403715975284058112,468,True,495
0.14877683725879098,1.282332,0.008333333333333415,0.9583333333333334,572,0.10497195239855485,6.0,,48,2.2077361741003005,0.3070492719187029,2.5473120375136267,0.44557638836780344,True,0.30076698179804073,0.09046077733990297,6,0.010249881223585833,DPR-Exact-Block,V1_03_difficult:1403715975084058112:1403715975284058112,0.038222,formal_public_module_evidence,0.012755119261421644,0.04619392936924786,0.06089285916024798,0.5379916827293634,1.7084479707388331,4,0,V1_03_difficult,4,OK,True,1770,1403715975084058112,8.662590778308536e-12,1403715975284058112,468,True,495
0.15897454466392166,0.315434,0.008333333333333415,0.9583333333333334,572,0.10604790244244794,6.0,,48,2.2077361741003005,0.3070492719187029,2.5473120375136267,0.44703076184767854,True,0.30076698179804073,0.09046077733990297,6,0.010249881223585833,DUC-K16,V1_03_difficult:1403715975084058112:1403715975284058112,0.038222,formal_public_module_evidence,0.012755119261421644,0.04619392936924786,0.06089285916024798,0.5379916827293634,1.7084479707388331,4,0,V1_03_difficult,4,OK,True,1770,1403715975084058112,8.662590778308536e-12,1403715975284058112,468,True,495
0.09579665467560172,0.103593,0.008333333333333415,0.9583333333333334,572,0.09955527443485279,6.0,,48,2.2077361741003005,0.3070492719187029,2.5473120375136267,0.4394835660670897,True,0.30076698179804073,0.09046077733990297,6,0.010249881223585833,Permuted-K16,V1_03_difficult:1403715975084058112:1403715975284058112,0.038222,formal_public_module_evidence,0.012755119261421644,0.04619392936924786,0.06089285916024798,0.5379916827293634,1.7084479707388331,4,0,V1_03_difficult,4,OK,True,1770,1403715975084058112,8.662590778308536e-12,1403715975284058112,468,True,495
0.6975202716890461,0.006337,0.19999999999999996,0.75,411,5.782296795026576,6.0,,16,0.6910608552003135,2.404640678984404,2.147433063359833,5.601443373636708,True,3.4081193279106965,11.615277353278458,6,1.6201592833707932,Raw,V1_03_difficult:1403715975584058112:1403715975784058112,0.038121,formal_public_module_evidence,0.030713720824461332,0.40533841691163774,0.10101026874219313,0.36761474479439793,0.764309728395806,0,0,V1_03_difficult,5,OK,True,1780,1403715975584058112,2.8330924091096153e-08,1403715975784058112,340,True,356
0.48988090691080133,0.002009,0.15833333333333333,0.7916666666666666,411,7.116672978494249,6.0,,16,0.6910608552003135,2.404640678984404,2.147433063359833,5.4324392382727735,True,3.4081193279106965,11.615277353278458,6,1.6201592833707932,Global-DoF,V1_03_difficult:1403715975584058112:1403715975784058112,0.038121,formal_public_module_evidence,0.030713720824461332,0.40533841691163774,0.10101026874219313,0.36761474479439793,0.764309728395806,0,0,V1_03_difficult,5,OK,True,1780,1403715975584058112,2.8330924091096153e-08,1403715975784058112,340,True,356
0.029164619038941905,0.489665,0.050000000000000044,1.0,411,11.281414371860656,6.0,,16,0.6910608552003135,2.404640678984404,2.147433063359833,5.290627763506904,True,3.4081193279106965,11.615277353278458,6,1.6201592833707932,DPR-Exact-Block,V1_03_difficult:1403715975584058112:1403715975784058112,0.038121,formal_public_module_evidence,0.030713720824461332,0.40533841691163774,0.10101026874219313,0.36761474479439793,0.764309728395806,0,0,V1_03_difficult,5,OK,True,1780,1403715975584058112,2.8330924091096153e-08,1403715975784058112,340,True,356
0.9340704920658036,0.177553,0.050000000000000044,1.0,411,29.559102595983383,6.0,,16,0.6910608552003135,2.404640678984404,2.147433063359833,5.61721975015503,True,3.4081193279106965,11.615277353278458,6,1.6201592833707932,DUC-K16,V1_03_difficult:1403715975584058112:1403715975784058112,0.038121,formal_public_module_evidence,0.030713720824461332,0.40533841691163774,0.10101026874219313,0.36761474479439793,0.764309728395806,0,0,V1_03_difficult,5,OK,True,1780,1403715975584058112,2.8330924091096153e-08,1403715975784058112,340,True,356
0.9124890129269954,0.07019,0.050000000000000044,1.0,411,28.92800791302459,6.0,,16,0.6910608552003135,2.404640678984404,2.147433063359833,5.6042109060199685,True,3.4081193279106965,11.615277353278458,6,1.6201592833707932,Permuted-K16,V1_03_difficult:1403715975584058112:1403715975784058112,0.038121,formal_public_module_evidence,0.030713720824461332,0.40533841691163774,0.10101026874219313,0.36761474479439793,0.764309728395806,0,0,V1_03_difficult,5,OK,True,1780,1403715975584058112,2.8330924091096153e-08,1403715975784058112,340,True,356
0.37670053024330097,0.006625,0.15833333333333333,0.7916666666666666,411,5.609500299187592,6.0,,48,0.6958479064714906,2.3684383671921023,2.1496694320319016,5.019806485237971,True,2.85931214250494,8.17566592827619,6,0.13922868865172822,Raw,V1_03_difficult:1403715975584058112:1403715975784058112,0.039165,formal_public_module_evidence,0.013116931448551916,0.03561722859648532,0.056139509107894205,0.5759485174543035,1.1584783756452564,6,0,V1_03_difficult,6,OK,True,1780,1403715975584058112,3.127436030197265e-09,1403715975784058112,340,True,356
0.3121620091057297,0.002067,0.11666666666666659,0.8333333333333334,411,5.983466985800098,6.0,,48,0.6958479064714906,2.3684383671921023,2.1496694320319016,4.993253270344924,True,2.85931214250494,8.17566592827619,6,0.13922868865172822,Global-DoF,V1_03_difficult:1403715975584058112:1403715975784058112,0.039165,formal_public_module_evidence,0.013116931448551916,0.03561722859648532,0.056139509107894205,0.5759485174543035,1.1584783756452564,6,0,V1_03_difficult,6,OK,True,1780,1403715975584058112,3.127436030197265e-09,1403715975784058112,340,True,356
0.21678697167294292,1.281989,0.050000000000000044,1.0,411,10.1548268508322,6.0,,48,0.6958479064714906,2.3684383671921023,2.1496694320319016,4.960927671119694,True,2.85931214250494,8.17566592827619,6,0.13922868865172822,DPR-Exact-Block,V1_03_difficult:1403715975584058112:1403715975784058112,0.039165,formal_public_module_evidence,0.013116931448551916,0.03561722859648532,0.056139509107894205,0.5759485174543035,1.1584783756452564,6,0,V1_03_difficult,6,OK,True,1780,1403715975584058112,3.127436030197265e-09,1403715975784058112,340,True,356
0.06686055364827356,0.315619,0.050000000000000044,1.0,411,8.740983624905473,6.0,,48,0.6958479064714906,2.3684383671921023,2.1496694320319016,4.941225412628422,True,2.85931214250494,8.17566592827619,6,0.13922868865172822,DUC-K16,V1_03_difficult:1403715975584058112:1403715975784058112,0.039165,formal_public_module_evidence,0.013116931448551916,0.03561722859648532,0.056139509107894205,0.5759485174543035,1.1584783756452564,6,0,V1_03_difficult,6,OK,True,1780,1403715975584058112,3.127436030197265e-09,1403715975784058112,340,True,356
0.2438907050043595,0.103817,0.11666666666666659,0.8333333333333334,411,6.406233287646745,6.0,,48,0.6958479064714906,2.3684383671921023,2.1496694320319016,4.971353374051402,True,2.85931214250494,8.17566592827619,6,0.13922868865172822,Permuted-K16,V1_03_difficult:1403715975584058112:1403715975784058112,0.039165,formal_public_module_evidence,0.013116931448551916,0.03561722859648532,0.056139509107894205,0.5759485174543035,1.1584783756452564,6,0,V1_03_difficult,6,OK,True,1780,1403715975584058112,3.127436030197265e-09,1403715975784058112,340,True,356
1.345418031619589,0.011148,0.07499999999999996,0.875,454,0.10369105491490635,6.0,,16,2.442479168555636,0.3220109546504689,2.0443468986609923,3.411328999028685,True,0.6309928816584356,0.3981520167036165,6,0.025400365267698177,Raw,V1_03_difficult:1403715976084058112:1403715976284058112,0.038154,formal_public_module_evidence,0.021722271787873115,0.07802980023830353,0.08102194932806986,0.22785445632115459,0.6981663938574715,0,0,V1_03_difficult,9,OK,True,1790,1403715976084058112,8.025906460190757e-08,1403715976284058112,374,True,391
1.1377786668413443,0.002067,0.033333333333333326,0.9166666666666666,454,0.12761975989526933,6.0,,16,2.442479168555636,0.3220109546504689,2.0443468986609923,2.899007483929759,True,0.6309928816584356,0.3981520167036165,6,0.025400365267698177,Global-DoF,V1_03_difficult:1403715976084058112:1403715976284058112,0.038154,formal_public_module_evidence,0.021722271787873115,0.07802980023830353,0.08102194932806986,0.22785445632115459,0.6981663938574715,0,0,V1_03_difficult,9,OK,True,1790,1403715976084058112,8.025906460190757e-08,1403715976284058112,374,True,391
1.2111680313219784,0.442782,0.033333333333333326,0.9166666666666666,454,0.11858925129358536,6.0,,16,2.442479168555636,0.3220109546504689,2.0443468986609923,3.063191556108078,True,0.6309928816584356,0.3981520167036165,6,0.025400365267698177,DPR-Exact-Block,V1_03_difficult:1403715976084058112:1403715976284058112,0.038154,formal_public_module_evidence,0.021722271787873115,0.07802980023830353,0.08102194932806986,0.22785445632115459,0.6981663938574715,0,0,V1_03_difficult,9,OK,True,1790,1403715976084058112,8.025906460190757e-08,1403715976284058112,374,True,391
1.1860848947348615,0.176535,0.033333333333333326,0.9166666666666666,454,0.12160146159326526,6.0,,16,2.442479168555636,0.3220109546504689,2.0443468986609923,3.005107874436305,True,0.6309928816584356,0.3981520167036165,6,0.025400365267698177,DUC-K16,V1_03_difficult:1403715976084058112:1403715976284058112,0.038154,formal_public_module_evidence,0.021722271787873115,0.07802980023830353,0.08102194932806986,0.22785445632115459,0.6981663938574715,0,0,V1_03_difficult,9,OK,True,1790,1403715976084058112,8.025906460190757e-08,1403715976284058112,374,True,391
1.0825932160702765,0.069385,0.033333333333333326,0.9166666666666666,454,0.13486046722320352,6.0,,16,2.442479168555636,0.3220109546504689,2.0443468986609923,2.786688106342144,True,0.6309928816584356,0.3981520167036165,6,0.025400365267698177,Permuted-K16,V1_03_difficult:1403715976084058112:1403715976284058112,0.038154,formal_public_module_evidence,0.021722271787873115,0.07802980023830353,0.08102194932806986,0.22785445632115459,0.6981663938574715,0,0,V1_03_difficult,9,OK,True,1790,1403715976084058112,8.025906460190757e-08,1403715976284058112,374,True,391
1.522263537267312,0.006213,0.033333333333333326,0.9166666666666666,454,0.08402804581898378,6.0,,48,1.9411252695436454,0.28987591452030603,2.0444297542924317,3.9438587285801368,True,0.6205366815928942,0.385065773202321,6,0.006255620424478803,Raw,V1_03_difficult:1403715976084058112:1403715976284058112,0.038267,formal_public_module_evidence,0.012421204968840083,0.03413620641316447,0.05202782884312427,0.4016569179539079,1.0,5,0,V1_03_difficult,4,OK,True,1790,1403715976084058112,1.3980984902525899e-11,1403715976284058112,374,True,391
1.4577250161297406,0.001958,0.033333333333333326,0.9166666666666666,454,0.08962991554024936,6.0,,48,1.9411252695436454,0.28987591452030603,2.0444297542924317,3.7219856047653757,True,0.6205366815928942,0.385065773202321,6,0.006255620424478803,Global-DoF,V1_03_difficult:1403715976084058112:1403715976284058112,0.038267,formal_public_module_evidence,0.012421204968840083,0.03413620641316447,0.05202782884312427,0.4016569179539079,1.0,5,0,V1_03_difficult,4,OK,True,1790,1403715976084058112,1.3980984902525899e-11,1403715976284058112,374,True,391
1.4734599138564606,1.292223,0.033333333333333326,0.9166666666666666,454,0.08823063561936682,6.0,,48,1.9411252695436454,0.28987591452030603,2.0444297542924317,3.7743852151506148,True,0.6205366815928942,0.385065773202321,6,0.006255620424478803,DPR-Exact-Block,V1_03_difficult:1403715976084058112:1403715976284058112,0.038267,formal_public_module_evidence,0.012421204968840083,0.03413620641316447,0.05202782884312427,0.4016569179539079,1.0,5,0,V1_03_difficult,4,OK,True,1790,1403715976084058112,1.3980984902525899e-11,1403715976284058112,374,True,391
1.4672237786064137,0.315333,0.033333333333333326,0.9166666666666666,454,0.08878257298561208,6.0,,48,1.9411252695436454,0.28987591452030603,2.0444297542924317,3.7534896145812624,True,0.6205366815928942,0.385065773202321,6,0.006255620424478803,DUC-K16,V1_03_difficult:1403715976084058112:1403715976284058112,0.038267,formal_public_module_evidence,0.012421204968840083,0.03413620641316447,0.05202782884312427,0.4016569179539079,1.0,5,0,V1_03_difficult,4,OK,True,1790,1403715976084058112,1.3980984902525899e-11,1403715976284058112,374,True,391
1.4640140916485613,0.103279,0.033333333333333326,0.9166666666666666,454,0.08906799506493433,6.0,,48,1.9411252695436454,0.28987591452030603,2.0444297542924317,3.7428006367685733,True,0.6205366815928942,0.385065773202321,6,0.006255620424478803,Permuted-K16,V1_03_difficult:1403715976084058112:1403715976284058112,0.038267,formal_public_module_evidence,0.012421204968840083,0.03413620641316447,0.05202782884312427,0.4016569179539079,1.0,5,0,V1_03_difficult,4,OK,True,1790,1403715976084058112,1.3980984902525899e-11,1403715976284058112,374,True,391
1.1268951897853419,0.006157,0.11666666666666659,0.8333333333333334,442,0.07474475365519442,6.0,,16,1.7980005354496176,0.2733948676460376,1.6730133530370326,2.3302607916187257,True,0.48027782890765675,0.23066679294025239,6,0.10942813860604517,Raw,V1_03_difficult:1403715976584058112:1403715976784058112,0.037384,formal_public_module_evidence,0.02681299782612956,0.07467815256134924,0.094355996852649,0.24744061487658367,0.8085706594379599,1,0,V1_03_difficult,4,OK,True,1800,1403715976584058112,1.6983237006745425e-11,1403715976784058112,356,True,378
0.9192558250070975,0.002172,0.11666666666666659,0.8333333333333334,442,0.09199354296023927,6.0,,16,1.7980005354496176,0.2733948676460376,1.6730133530370326,1.9592639102222307,True,0.48027782890765675,0.23066679294025239,6,0.10942813860604517,Global-DoF,V1_03_difficult:1403715976584058112:1403715976784058112,0.037384,formal_public_module_evidence,0.02681299782612956,0.07467815256134924,0.094355996852649,0.24744061487658367,0.8085706594379599,1,0,V1_03_difficult,4,OK,True,1800,1403715976584058112,1.6983237006745425e-11,1403715976784058112,356,True,378
0.8214673354717708,0.446981,0.11666666666666659,0.8333333333333334,442,0.10144399561947927,6.0,,16,1.7980005354496176,0.2733948676460376,1.6730133530370326,1.823462534288704,True,0.48027782890765675,0.23066679294025239,6,0.10942813860604517,DPR-Exact-Block,V1_03_difficult:1403715976584058112:1403715976784058112,0.037384,formal_public_module_evidence,0.02681299782612956,0.07467815256134924,0.094355996852649,0.24744061487658367,0.8085706594379599,1,0,V1_03_difficult,4,OK,True,1800,1403715976584058112,1.6983237006745425e-11,1403715976784058112,356,True,378
0.7176226433487282,0.182104,0.11666666666666659,0.8333333333333334,442,0.11254482323287868,6.0,,16,1.7980005354496176,0.2733948676460376,1.6730133530370326,1.7030282496928617,True,0.48027782890765675,0.23066679294025239,6,0.10942813860604517,DUC-K16,V1_03_difficult:1403715976584058112:1403715976784058112,0.037384,formal_public_module_evidence,0.02681299782612956,0.07467815256134924,0.094355996852649,0.24744061487658367,0.8085706594379599,1,0,V1_03_difficult,4,OK,True,1800,1403715976584058112,1.6983237006745425e-11,1403715976784058112,356,True,378
0.9528120956671293,0.071034,0.11666666666666659,0.8333333333333334,442,0.08895780166622164,6.0,,16,1.7980005354496176,0.2733948676460376,1.6730133530370326,2.011275061717203,True,0.48027782890765675,0.23066679294025239,6,0.10942813860604517,Permuted-K16,V1_03_difficult:1403715976584058112:1403715976784058112,0.037384,formal_public_module_evidence,0.02681299782612956,0.07467815256134924,0.094355996852649,0.24744061487658367,0.8085706594379599,1,0,V1_03_difficult,4,OK,True,1800,1403715976584058112,1.6983237006745425e-11,1403715976784058112,356,True,378
0.4769614375180462,0.006706,0.11666666666666659,0.8333333333333334,442,0.11481939782033397,6.0,,48,1.7993499053077038,0.33885011114109725,1.67439583102423,1.2846535396907772,True,0.4301089627521812,0.18499371983975718,6,0.02035798824653967,Raw,V1_03_difficult:1403715976584058112:1403715976784058112,0.039351,formal_public_module_evidence,0.013917975684460016,0.03578066751210481,0.060539311189300636,0.37762362045567055,1.4674709114264326,3,0,V1_03_difficult,4,OK,True,1800,1403715976584058112,3.453533900527817e-11,1403715976784058112,356,True,378
0.41242291638047485,0.002053,0.11666666666666659,0.8333333333333334,442,0.12247402434168958,6.0,,48,1.7993499053077038,0.33885011114109725,1.67439583102423,1.2484938538226222,True,0.4301089627521812,0.18499371983975718,6,0.02035798824653967,Global-DoF,V1_03_difficult:1403715976584058112:1403715976784058112,0.039351,formal_public_module_evidence,0.013917975684460016,0.03578066751210481,0.060539311189300636,0.37762362045567055,1.4674709114264326,3,0,V1_03_difficult,4,OK,True,1800,1403715976584058112,3.453533900527817e-11,1403715976784058112,356,True,378
0.3864765782907741,1.281151,0.11666666666666659,0.8333333333333334,442,0.12569336117935972,6.0,,48,1.7993499053077038,0.33885011114109725,1.67439583102423,1.2357530117471422,True,0.4301089627521812,0.18499371983975718,6,0.02035798824653967,DPR-Exact-Block,V1_03_difficult:1403715976584058112:1403715976784058112,0.039351,formal_public_module_evidence,0.013917975684460016,0.03578066751210481,0.060539311189300636,0.37762362045567055,1.4674709114264326,3,0,V1_03_difficult,4,OK,True,1800,1403715976584058112,3.453533900527817e-11,1403715976784058112,356,True,378
0.4070446464735689,0.314152,0.11666666666666659,0.8333333333333334,442,0.12313449720980225,6.0,,48,1.7993499053077038,0.33885011114109725,1.67439583102423,1.2457701983834302,True,0.4301089627521812,0.18499371983975718,6,0.02035798824653967,DUC-K16,V1_03_difficult:1403715976584058112:1403715976784058112,0.039351,formal_public_module_evidence,0.013917975684460016,0.03578066751210481,0.060539311189300636,0.37762362045567055,1.4674709114264326,3,0,V1_03_difficult,4,OK,True,1800,1403715976584058112,3.453533900527817e-11,1403715976784058112,356,True,378
0.4041855963493509,0.104767,0.11666666666666659,0.8333333333333334,442,0.12348704865031417,6.0,,48,1.7993499053077038,0.33885011114109725,1.67439583102423,1.2443400284688673,True,0.4301089627521812,0.18499371983975718,6,0.02035798824653967,Permuted-K16,V1_03_difficult:1403715976584058112:1403715976784058112,0.039351,formal_public_module_evidence,0.013917975684460016,0.03578066751210481,0.060539311189300636,0.37762362045567055,1.4674709114264326,3,0,V1_03_difficult,4,OK,True,1800,1403715976584058112,3.453533900527817e-11,1403715976784058112,356,True,378
0.6840611616966552,0.006179,0.050000000000000044,1.0,585,0.9668595010550726,5.999999999999999,,16,1.4930878699918013,0.9832901408308092,1.4994686417171066,2.308738689706653,True,0.6984570265124105,0.4878422178845581,6,0.03427115213729781,Raw,V1_03_difficult:1403715977084058112:1403715977284058112,0.03796,formal_public_module_evidence,0.030301598334142532,0.11502739204674695,0.1296705316386546,0.3075064941829858,0.7419841989624548,0,0,V1_03_difficult,4,OK,True,1810,1403715977084058112,1.7296393389822514e-09,1403715977284058112,449,True,540
0.8917005264748996,0.002144,0.050000000000000044,1.0,585,1.1899809243754738,5.999999999999999,,16,1.4930878699918013,0.9832901408308092,1.4994686417171066,2.4217723586691777,True,0.6984570265124105,0.4878422178845581,6,0.03427115213729781,Global-DoF,V1_03_difficult:1403715977084058112:1403715977284058112,0.03796,formal_public_module_evidence,0.030301598334142532,0.11502739204674695,0.1296705316386546,0.3075064941829858,0.7419841989624548,0,0,V1_03_difficult,4,OK,True,1810,1403715977084058112,1.7296393389822514e-09,1403715977284058112,449,True,540
0.9266524058760319,0.486355,0.050000000000000044,1.0,585,1.232308397533971,5.999999999999999,,16,1.4930878699918013,0.9832901408308092,1.4994686417171066,2.4426429521525357,True,0.6984570265124105,0.4878422178845581,6,0.03427115213729781,DPR-Exact-Block,V1_03_difficult:1403715977084058112:1403715977284058112,0.03796,formal_public_module_evidence,0.030301598334142532,0.11502739204674695,0.1296705316386546,0.3075064941829858,0.7419841989624548,0,0,V1_03_difficult,4,OK,True,1810,1403715977084058112,1.7296393389822514e-09,1403715977284058112,449,True,540
0.9603493836939629,0.18124,0.050000000000000044,1.0,585,1.2745410261059273,5.999999999999999,,16,1.4930878699918013,0.9832901408308092,1.4994686417171066,2.463222333497955,True,0.6984570265124105,0.4878422178845581,6,0.03427115213729781,DUC-K16,V1_03_difficult:1403715977084058112:1403715977284058112,0.03796,formal_public_module_evidence,0.030301598334142532,0.11502739204674695,0.1296705316386546,0.3075064941829858,0.7419841989624548,0,0,V1_03_difficult,4,OK,True,1810,1403715977084058112,1.7296393389822514e-09,1403715977284058112,449,True,540
0.9302434217326387,0.070791,0.050000000000000044,1.0,585,1.2367415916008588,5.999999999999999,,16,1.4930878699918013,0.9832901408308092,1.4994686417171066,2.4448149178377903,True,0.6984570265124105,0.4878422178845581,6,0.03427115213729781,Permuted-K16,V1_03_difficult:1403715977084058112:1403715977284058112,0.03796,formal_public_module_evidence,0.030301598334142532,0.11502739204674695,0.1296705316386546,0.3075064941829858,0.7419841989624548,0,0,V1_03_difficult,4,OK,True,1810,1403715977084058112,1.7296393389822514e-09,1403715977284058112,449,True,540
0.31275821630841905,0.006249,0.033333333333333326,0.9166666666666666,585,0.6048230851047361,5.999999999999999,,48,1.4923327076582364,0.7777037257881282,1.4985628987510455,2.0664845196282475,True,0.6651193700046103,0.44238377635532977,6,0.0026555872070989084,Raw,V1_03_difficult:1403715977084058112:1403715977284058112,0.03881,formal_public_module_evidence,0.013877715026581361,0.03986844667613126,0.059296023912036054,0.5059555681543592,1.2596359938638328,5,0,V1_03_difficult,4,OK,True,1810,1403715977084058112,8.022425881685423e-10,1403715977284058112,449,True,540
0.3772967374459901,0.001919,0.033333333333333326,0.9166666666666666,585,0.6451446241117185,5.999999999999999,,48,1.4923327076582364,0.7777037257881282,1.4985628987510455,2.08530886962531,True,0.6651193700046103,0.44238377635532977,6,0.0026555872070989084,Global-DoF,V1_03_difficult:1403715977084058112:1403715977284058112,0.03881,formal_public_module_evidence,0.013877715026581361,0.03986844667613126,0.059296023912036054,0.5059555681543592,1.2596359938638328,5,0,V1_03_difficult,4,OK,True,1810,1403715977084058112,8.022425881685423e-10,1403715977284058112,449,True,540
0.41866708537086356,1.275376,0.033333333333333326,0.9166666666666666,585,0.6723942587242616,5.999999999999999,,48,1.4923327076582364,0.7777037257881282,1.4985628987510455,2.098889841510055,True,0.6651193700046103,0.44238377635532977,6,0.0026555872070989084,DPR-Exact-Block,V1_03_difficult:1403715977084058112:1403715977284058112,0.03881,formal_public_module_evidence,0.013877715026581361,0.03986844667613126,0.059296023912036054,0.5059555681543592,1.2596359938638328,5,0,V1_03_difficult,4,OK,True,1810,1403715977084058112,8.022425881685423e-10,1403715977284058112,449,True,540
0.4160079658370704,0.312733,0.033333333333333326,0.9166666666666666,585,0.6706086571326667,5.999999999999999,,48,1.4923327076582364,0.7777037257881282,1.4985628987510455,2.097982546508532,True,0.6651193700046103,0.44238377635532977,6,0.0026555872070989084,DUC-K16,V1_03_difficult:1403715977084058112:1403715977284058112,0.03881,formal_public_module_evidence,0.013877715026581361,0.03986844667613126,0.059296023912036054,0.5059555681543592,1.2596359938638328,5,0,V1_03_difficult,4,OK,True,1810,1403715977084058112,8.022425881685423e-10,1403715977284058112,449,True,540
0.36887679718132027,0.104966,0.033333333333333326,0.9166666666666666,585,0.639735349755783,5.999999999999999,,48,1.4923327076582364,0.7777037257881282,1.4985628987510455,2.082686963510565,True,0.6651193700046103,0.44238377635532977,6,0.0026555872070989084,Permuted-K16,V1_03_difficult:1403715977084058112:1403715977284058112,0.03881,formal_public_module_evidence,0.013877715026581361,0.03986844667613126,0.059296023912036054,0.5059555681543592,1.2596359938638328,5,0,V1_03_difficult,4,OK,True,1810,1403715977084058112,8.022425881685423e-10,1403715977284058112,449,True,540
0.828206848104659,0.00628,0.050000000000000044,1.0,778,3.3525533343855707,6.0,,16,2.5111898776113417,1.8309979067125037,2.7408579923624394,3.4844312016763817,True,1.2101661913388435,1.4645022106595624,6,0.03227856279452446,Raw,V1_03_difficult:1403715977584058112:1403715977784058112,0.038997,formal_public_module_evidence,0.02053229204230922,0.04961733911970198,0.07317196927826934,0.19196467054500876,0.5661541777012322,0,0,V1_03_difficult,4,OK,True,1820,1403715977584058112,3.4367921788261255e-09,1403715977784058112,295,True,708
1.0358462128829036,0.001963,0.050000000000000044,1.0,778,4.126219488474549,6.0,,16,2.5111898776113417,1.8309979067125037,2.7408579923624394,3.6101645870083683,True,1.2101661913388435,1.4645022106595624,6,0.03227856279452446,Global-DoF,V1_03_difficult:1403715977584058112:1403715977784058112,0.038997,formal_public_module_evidence,0.02053229204230922,0.04961733911970198,0.07317196927826934,0.19196467054500876,0.5661541777012322,0,0,V1_03_difficult,4,OK,True,1820,1403715977584058112,3.4367921788261255e-09,1403715977784058112,295,True,708
1.0349633380579686,0.485277,0.050000000000000044,1.0,778,4.1225781608208,6.0,,16,2.5111898776113417,1.8309979067125037,2.7408579923624394,3.6095952057023184,True,1.2101661913388435,1.4645022106595624,6,0.03227856279452446,DPR-Exact-Block,V1_03_difficult:1403715977584058112:1403715977784058112,0.038997,formal_public_module_evidence,0.02053229204230922,0.04961733911970198,0.07317196927826934,0.19196467054500876,0.5661541777012322,0,0,V1_03_difficult,4,OK,True,1820,1403715977584058112,3.4367921788261255e-09,1403715977784058112,295,True,708
1.0021523334563032,0.177146,0.050000000000000044,1.0,778,3.9895072627814105,6.0,,16,2.5111898776113417,1.8309979067125037,2.7408579923624394,3.5886332900872806,True,1.2101661913388435,1.4645022106595624,6,0.03227856279452446,DUC-K16,V1_03_difficult:1403715977584058112:1403715977784058112,0.038997,formal_public_module_evidence,0.02053229204230922,0.04961733911970198,0.07317196927826934,0.19196467054500876,0.5661541777012322,0,0,V1_03_difficult,4,OK,True,1820,1403715977584058112,3.4367921788261255e-09,1403715977784058112,295,True,708
1.00042619869516,0.068245,0.050000000000000044,1.0,778,3.982626775647688,6.0,,16,2.5111898776113417,1.8309979067125037,2.7408579923624394,3.5875413467275243,True,1.2101661913388435,1.4645022106595624,6,0.03227856279452446,Permuted-K16,V1_03_difficult:1403715977584058112:1403715977784058112,0.038997,formal_public_module_evidence,0.02053229204230922,0.04961733911970198,0.07317196927826934,0.19196467054500876,0.5661541777012322,0,0,V1_03_difficult,4,OK,True,1820,1403715977584058112,3.4367921788261255e-09,1403715977784058112,295,True,708
0.6413639586960435,0.006599,0.050000000000000044,1.0,778,2.0681920163924707,6.0,,48,2.444681943581354,1.4381210019996478,2.726939216012475,3.09112557921474,True,1.0435782392531585,1.0890555414427225,6,0.017842049149936368,Raw,V1_03_difficult:1403715977584058112:1403715977784058112,0.038555,formal_public_module_evidence,0.012117797845285272,0.03374010119494101,0.05350338806231556,0.38564757075235123,1.0,5,0,V1_03_difficult,4,OK,True,1820,1403715977584058112,5.380967820421099e-10,1403715977784058112,295,True,708
0.7059024798336146,0.001886,0.050000000000000044,1.0,778,2.206071484151969,6.0,,48,2.444681943581354,1.4381210019996478,2.726939216012475,3.12275324352631,True,1.0435782392531585,1.0890555414427225,6,0.017842049149936368,Global-DoF,V1_03_difficult:1403715977584058112:1403715977784058112,0.038555,formal_public_module_evidence,0.012117797845285272,0.03374010119494101,0.05350338806231556,0.38564757075235123,1.0,5,0,V1_03_difficult,4,OK,True,1820,1403715977584058112,5.380967820421099e-10,1403715977784058112,295,True,708
0.703040169924199,1.252438,0.050000000000000044,1.0,778,2.1997660522370657,6.0,,48,2.444681943581354,1.4381210019996478,2.726939216012475,3.121305973866969,True,1.0435782392531585,1.0890555414427225,6,0.017842049149936368,DPR-Exact-Block,V1_03_difficult:1403715977584058112:1403715977784058112,0.038555,formal_public_module_evidence,0.012117797845285272,0.03374010119494101,0.05350338806231556,0.38564757075235123,1.0,5,0,V1_03_difficult,4,OK,True,1820,1403715977584058112,5.380967820421099e-10,1403715977784058112,295,True,708
0.6850370324416787,0.316046,0.050000000000000044,1.0,778,2.1605177182146904,6.0,,48,2.444681943581354,1.4381210019996478,2.726939216012475,3.112296505972814,True,1.0435782392531585,1.0890555414427225,6,0.017842049149936368,DUC-K16,V1_03_difficult:1403715977584058112:1403715977784058112,0.038555,formal_public_module_evidence,0.012117797845285272,0.03374010119494101,0.05350338806231556,0.38564757075235123,1.0,5,0,V1_03_difficult,4,OK,True,1820,1403715977584058112,5.380967820421099e-10,1403715977784058112,295,True,708
0.7003063724761285,0.104713,0.050000000000000044,1.0,778,2.1937605500706066,6.0,,48,2.444681943581354,1.4381210019996478,2.726939216012475,3.119927470804478,True,1.0435782392531585,1.0890555414427225,6,0.017842049149936368,Permuted-K16,V1_03_difficult:1403715977584058112:1403715977784058112,0.038555,formal_public_module_evidence,0.012117797845285272,0.03374010119494101,0.05350338806231556,0.38564757075235123,1.0,5,0,V1_03_difficult,4,OK,True,1820,1403715977584058112,5.380967820421099e-10,1403715977784058112,295,True,708
0.31590062254424,0.006593,0.033333333333333326,0.9166666666666666,390,1.355203922433376,6.0,,16,2.2743592490913214,1.1641322615722733,2.384293297829414,3.513322958952175,True,1.3633246073735734,1.8586539850703083,6,0.04596366084836345,Raw,V1_03_difficult:1403715978084058112:1403715978284058112,0.037626,formal_public_module_evidence,0.029935868426685386,0.07092890021898068,0.10212645509814527,0.3411589549775774,0.8137074829350617,0,0,V1_03_difficult,5,OK,True,1830,1403715978084058112,1.1179679653349887e-09,1403715978284058112,156,True,381
0.10826125776599572,0.002051,0.033333333333333326,0.9166666666666666,390,1.6679432891487702,6.0,,16,2.2743592490913214,1.1641322615722733,2.384293297829414,3.4638072074915827,True,1.3633246073735734,1.8586539850703083,6,0.04596366084836345,Global-DoF,V1_03_difficult:1403715978084058112:1403715978284058112,0.037626,formal_public_module_evidence,0.029935868426685386,0.07092890021898068,0.10212645509814527,0.3411589549775774,0.8137074829350617,0,0,V1_03_difficult,5,OK,True,1830,1403715978084058112,1.1179679653349887e-09,1403715978284058112,156,True,381
0.0715283338720667,0.492235,0.033333333333333326,0.9166666666666666,390,1.730350913201331,6.0,,16,2.2743592490913214,1.1641322615722733,2.384293297829414,3.460349879409291,True,1.3633246073735734,1.8586539850703083,6,0.04596366084836345,DPR-Exact-Block,V1_03_difficult:1403715978084058112:1403715978284058112,0.037626,formal_public_module_evidence,0.029935868426685386,0.07092890021898068,0.10212645509814527,0.3411589549775774,0.8137074829350617,0,0,V1_03_difficult,5,OK,True,1830,1403715978084058112,1.1179679653349887e-09,1403715978284058112,156,True,381
0.11858185077745784,0.178657,0.033333333333333326,0.9166666666666666,390,1.650817650678289,6.0,,16,2.2743592490913214,1.1641322615722733,2.384293297829414,3.4650468034863606,True,1.3633246073735734,1.8586539850703083,6,0.04596366084836345,DUC-K16,V1_03_difficult:1403715978084058112:1403715978284058112,0.037626,formal_public_module_evidence,0.029935868426685386,0.07092890021898068,0.10212645509814527,0.3411589549775774,0.8137074829350617,0,0,V1_03_difficult,5,OK,True,1830,1403715978084058112,1.1179679653349887e-09,1403715978284058112,156,True,381
0.2014469686106661,0.070817,0.033333333333333326,0.9166666666666666,390,2.2734523391661656,6.0,,16,2.2743592490913214,1.1641322615722733,2.384293297829414,3.47672352889345,True,1.3633246073735734,1.8586539850703083,6,0.04596366084836345,Permuted-K16,V1_03_difficult:1403715978084058112:1403715978284058112,0.037626,formal_public_module_evidence,0.029935868426685386,0.07092890021898068,0.10212645509814527,0.3411589549775774,0.8137074829350617,0,0,V1_03_difficult,5,OK,True,1830,1403715978084058112,1.1179679653349887e-09,1403715978284058112,156,True,381
0.089221378192826,0.006124,0.033333333333333326,0.9166666666666666,390,1.261790054450407,6.0,,48,2.2707129212151766,1.1232942866632978,2.389115388172254,3.1637311246332054,True,1.174539768567573,1.3795436679467679,6,0.003033465229461463,Raw,V1_03_difficult:1403715978084058112:1403715978284058112,0.038618,formal_public_module_evidence,0.016291117452301995,0.054492411083401936,0.07669794616376104,0.6772269902106987,1.6600947734157097,3,0,V1_03_difficult,5,OK,True,1830,1403715978084058112,3.243793875428524e-09,1403715978284058112,156,True,381
0.02468285705525505,0.002004,0.033333333333333326,0.9166666666666666,390,1.3459093914137672,6.0,,48,2.2707129212151766,1.1232942866632978,2.389115388172254,3.1599369790624245,True,1.174539768567573,1.3795436679467679,6,0.003033465229461463,Global-DoF,V1_03_difficult:1403715978084058112:1403715978284058112,0.038618,formal_public_module_evidence,0.016291117452301995,0.054492411083401936,0.07669794616376104,0.6772269902106987,1.6600947734157097,3,0,V1_03_difficult,5,OK,True,1830,1403715978084058112,3.243793875428524e-09,1403715978284058112,156,True,381
0.0006382088681671711,1.29657,0.033333333333333326,0.9166666666666666,390,1.380424385960805,6.0,,48,2.2707129212151766,1.1232942866632978,2.389115388172254,3.159630039104362,True,1.174539768567573,1.3795436679467679,6,0.003033465229461463,DPR-Exact-Block,V1_03_difficult:1403715978084058112:1403715978284058112,0.038618,formal_public_module_evidence,0.016291117452301995,0.054492411083401936,0.07669794616376104,0.6772269902106987,1.6600947734157097,3,0,V1_03_difficult,5,OK,True,1830,1403715978084058112,3.243793875428524e-09,1403715978284058112,156,True,381
0.0036670824254212493,0.312068,0.033333333333333326,0.9166666666666666,390,1.3846118553375177,6.0,,48,2.2707129212151766,1.1232942866632978,2.389115388172254,3.1596365510278424,True,1.174539768567573,1.3795436679467679,6,0.003033465229461463,DUC-K16,V1_03_difficult:1403715978084058112:1403715978284058112,0.038618,formal_public_module_evidence,0.016291117452301995,0.054492411083401936,0.07669794616376104,0.6772269902106987,1.6600947734157097,3,0,V1_03_difficult,5,OK,True,1830,1403715978084058112,3.243793875428524e-09,1403715978284058112,156,True,381
0.030369897174227074,0.104828,0.033333333333333326,0.9166666666666666,390,1.4220829546135525,6.0,,48,2.2707129212151766,1.1232942866632978,2.389115388172254,3.1600863675364295,True,1.174539768567573,1.3795436679467679,6,0.003033465229461463,Permuted-K16,V1_03_difficult:1403715978084058112:1403715978284058112,0.038618,formal_public_module_evidence,0.016291117452301995,0.054492411083401936,0.07669794616376104,0.6772269902106987,1.6600947734157097,3,0,V1_03_difficult,5,OK,True,1830,1403715978084058112,3.243793875428524e-09,1403715978284058112,156,True,381
,,,,277,,,INSUFFICIENT_TRACKS,16,,,,,,,,,,Raw,V1_03_difficult:1403715978584058112:1403715978784058112,,formal_public_module_evidence,,,,,,,,V1_03_difficult,,,,1840,1403715978584058112,,1403715978784058112,21,False,178
,,,,277,,,INSUFFICIENT_TRACKS,16,,,,,,,,,,Global-DoF,V1_03_difficult:1403715978584058112:1403715978784058112,,formal_public_module_evidence,,,,,,,,V1_03_difficult,,,,1840,1403715978584058112,,1403715978784058112,21,False,178
,,,,277,,,INSUFFICIENT_TRACKS,16,,,,,,,,,,DPR-Exact-Block,V1_03_difficult:1403715978584058112:1403715978784058112,,formal_public_module_evidence,,,,,,,,V1_03_difficult,,,,1840,1403715978584058112,,1403715978784058112,21,False,178
,,,,277,,,INSUFFICIENT_TRACKS,16,,,,,,,,,,DUC-K16,V1_03_difficult:1403715978584058112:1403715978784058112,,formal_public_module_evidence,,,,,,,,V1_03_difficult,,,,1840,1403715978584058112,,1403715978784058112,21,False,178
,,,,277,,,INSUFFICIENT_TRACKS,16,,,,,,,,,,Permuted-K16,V1_03_difficult:1403715978584058112:1403715978784058112,,formal_public_module_evidence,,,,,,,,V1_03_difficult,,,,1840,1403715978584058112,,1403715978784058112,21,False,178
,,,,277,,,INSUFFICIENT_TRACKS,48,,,,,,,,,,Raw,V1_03_difficult:1403715978584058112:1403715978784058112,,formal_public_module_evidence,,,,,,,,V1_03_difficult,,,,1840,1403715978584058112,,1403715978784058112,21,False,178
,,,,277,,,INSUFFICIENT_TRACKS,48,,,,,,,,,,Global-DoF,V1_03_difficult:1403715978584058112:1403715978784058112,,formal_public_module_evidence,,,,,,,,V1_03_difficult,,,,1840,1403715978584058112,,1403715978784058112,21,False,178
,,,,277,,,INSUFFICIENT_TRACKS,48,,,,,,,,,,DPR-Exact-Block,V1_03_difficult:1403715978584058112:1403715978784058112,,formal_public_module_evidence,,,,,,,,V1_03_difficult,,,,1840,1403715978584058112,,1403715978784058112,21,False,178
,,,,277,,,INSUFFICIENT_TRACKS,48,,,,,,,,,,DUC-K16,V1_03_difficult:1403715978584058112:1403715978784058112,,formal_public_module_evidence,,,,,,,,V1_03_difficult,,,,1840,1403715978584058112,,1403715978784058112,21,False,178
,,,,277,,,INSUFFICIENT_TRACKS,48,,,,,,,,,,Permuted-K16,V1_03_difficult:1403715978584058112:1403715978784058112,,formal_public_module_evidence,,,,,,,,V1_03_difficult,,,,1840,1403715978584058112,,1403715978784058112,21,False,178
,,,,171,,,INSUFFICIENT_TRACKS,16,,,,,,,,,,Raw,V1_03_difficult:1403715979084058112:1403715979284058112,,formal_public_module_evidence,,,,,,,,V1_03_difficult,,,,1850,1403715979084058112,,1403715979284058112,49,False,149
,,,,171,,,INSUFFICIENT_TRACKS,16,,,,,,,,,,Global-DoF,V1_03_difficult:1403715979084058112:1403715979284058112,,formal_public_module_evidence,,,,,,,,V1_03_difficult,,,,1850,1403715979084058112,,1403715979284058112,49,False,149
,,,,171,,,INSUFFICIENT_TRACKS,16,,,,,,,,,,DPR-Exact-Block,V1_03_difficult:1403715979084058112:1403715979284058112,,formal_public_module_evidence,,,,,,,,V1_03_difficult,,,,1850,1403715979084058112,,1403715979284058112,49,False,149
,,,,171,,,INSUFFICIENT_TRACKS,16,,,,,,,,,,DUC-K16,V1_03_difficult:1403715979084058112:1403715979284058112,,formal_public_module_evidence,,,,,,,,V1_03_difficult,,,,1850,1403715979084058112,,1403715979284058112,49,False,149
,,,,171,,,INSUFFICIENT_TRACKS,16,,,,,,,,,,Permuted-K16,V1_03_difficult:1403715979084058112:1403715979284058112,,formal_public_module_evidence,,,,,,,,V1_03_difficult,,,,1850,1403715979084058112,,1403715979284058112,49,False,149
,,,,171,,,INSUFFICIENT_TRACKS,48,,,,,,,,,,Raw,V1_03_difficult:1403715979084058112:1403715979284058112,,formal_public_module_evidence,,,,,,,,V1_03_difficult,,,,1850,1403715979084058112,,1403715979284058112,49,False,149
,,,,171,,,INSUFFICIENT_TRACKS,48,,,,,,,,,,Global-DoF,V1_03_difficult:1403715979084058112:1403715979284058112,,formal_public_module_evidence,,,,,,,,V1_03_difficult,,,,1850,1403715979084058112,,1403715979284058112,49,False,149
,,,,171,,,INSUFFICIENT_TRACKS,48,,,,,,,,,,DPR-Exact-Block,V1_03_difficult:1403715979084058112:1403715979284058112,,formal_public_module_evidence,,,,,,,,V1_03_difficult,,,,1850,1403715979084058112,,1403715979284058112,49,False,149
,,,,171,,,INSUFFICIENT_TRACKS,48,,,,,,,,,,DUC-K16,V1_03_difficult:1403715979084058112:1403715979284058112,,formal_public_module_evidence,,,,,,,,V1_03_difficult,,,,1850,1403715979084058112,,1403715979284058112,49,False,149
,,,,171,,,INSUFFICIENT_TRACKS,48,,,,,,,,,,Permuted-K16,V1_03_difficult:1403715979084058112:1403715979284058112,,formal_public_module_evidence,,,,,,,,V1_03_difficult,,,,1850,1403715979084058112,,1403715979284058112,49,False,149
,,,,167,,,INSUFFICIENT_TRACKS,16,,,,,,,,,,Raw,V1_03_difficult:1403715979584058112:1403715979784058112,,formal_public_module_evidence,,,,,,,,V1_03_difficult,,,,1860,1403715979584058112,,1403715979784058112,69,False,125
,,,,167,,,INSUFFICIENT_TRACKS,16,,,,,,,,,,Global-DoF,V1_03_difficult:1403715979584058112:1403715979784058112,,formal_public_module_evidence,,,,,,,,V1_03_difficult,,,,1860,1403715979584058112,,1403715979784058112,69,False,125
,,,,167,,,INSUFFICIENT_TRACKS,16,,,,,,,,,,DPR-Exact-Block,V1_03_difficult:1403715979584058112:1403715979784058112,,formal_public_module_evidence,,,,,,,,V1_03_difficult,,,,1860,1403715979584058112,,1403715979784058112,69,False,125
,,,,167,,,INSUFFICIENT_TRACKS,16,,,,,,,,,,DUC-K16,V1_03_difficult:1403715979584058112:1403715979784058112,,formal_public_module_evidence,,,,,,,,V1_03_difficult,,,,1860,1403715979584058112,,1403715979784058112,69,False,125
,,,,167,,,INSUFFICIENT_TRACKS,16,,,,,,,,,,Permuted-K16,V1_03_difficult:1403715979584058112:1403715979784058112,,formal_public_module_evidence,,,,,,,,V1_03_difficult,,,,1860,1403715979584058112,,1403715979784058112,69,False,125
,,,,167,,,INSUFFICIENT_TRACKS,48,,,,,,,,,,Raw,V1_03_difficult:1403715979584058112:1403715979784058112,,formal_public_module_evidence,,,,,,,,V1_03_difficult,,,,1860,1403715979584058112,,1403715979784058112,69,False,125
,,,,167,,,INSUFFICIENT_TRACKS,48,,,,,,,,,,Global-DoF,V1_03_difficult:1403715979584058112:1403715979784058112,,formal_public_module_evidence,,,,,,,,V1_03_difficult,,,,1860,1403715979584058112,,1403715979784058112,69,False,125
,,,,167,,,INSUFFICIENT_TRACKS,48,,,,,,,,,,DPR-Exact-Block,V1_03_difficult:1403715979584058112:1403715979784058112,,formal_public_module_evidence,,,,,,,,V1_03_difficult,,,,1860,1403715979584058112,,1403715979784058112,69,False,125
,,,,167,,,INSUFFICIENT_TRACKS,48,,,,,,,,,,DUC-K16,V1_03_difficult:1403715979584058112:1403715979784058112,,formal_public_module_evidence,,,,,,,,V1_03_difficult,,,,1860,1403715979584058112,,1403715979784058112,69,False,125
,,,,167,,,INSUFFICIENT_TRACKS,48,,,,,,,,,,Permuted-K16,V1_03_difficult:1403715979584058112:1403715979784058112,,formal_public_module_evidence,,,,,,,,V1_03_difficult,,,,1860,1403715979584058112,,1403715979784058112,69,False,125
,,,,280,,,INSUFFICIENT_TRACKS,16,,,,,,,,,,Raw,V1_03_difficult:1403715980084058112:1403715980284058112,,formal_public_module_evidence,,,,,,,,V1_03_difficult,,,,1870,1403715980084058112,,1403715980284058112,19,False,264
,,,,280,,,INSUFFICIENT_TRACKS,16,,,,,,,,,,Global-DoF,V1_03_difficult:1403715980084058112:1403715980284058112,,formal_public_module_evidence,,,,,,,,V1_03_difficult,,,,1870,1403715980084058112,,1403715980284058112,19,False,264
,,,,280,,,INSUFFICIENT_TRACKS,16,,,,,,,,,,DPR-Exact-Block,V1_03_difficult:1403715980084058112:1403715980284058112,,formal_public_module_evidence,,,,,,,,V1_03_difficult,,,,1870,1403715980084058112,,1403715980284058112,19,False,264
,,,,280,,,INSUFFICIENT_TRACKS,16,,,,,,,,,,DUC-K16,V1_03_difficult:1403715980084058112:1403715980284058112,,formal_public_module_evidence,,,,,,,,V1_03_difficult,,,,1870,1403715980084058112,,1403715980284058112,19,False,264
,,,,280,,,INSUFFICIENT_TRACKS,16,,,,,,,,,,Permuted-K16,V1_03_difficult:1403715980084058112:1403715980284058112,,formal_public_module_evidence,,,,,,,,V1_03_difficult,,,,1870,1403715980084058112,,1403715980284058112,19,False,264
,,,,280,,,INSUFFICIENT_TRACKS,48,,,,,,,,,,Raw,V1_03_difficult:1403715980084058112:1403715980284058112,,formal_public_module_evidence,,,,,,,,V1_03_difficult,,,,1870,1403715980084058112,,1403715980284058112,19,False,264
,,,,280,,,INSUFFICIENT_TRACKS,48,,,,,,,,,,Global-DoF,V1_03_difficult:1403715980084058112:1403715980284058112,,formal_public_module_evidence,,,,,,,,V1_03_difficult,,,,1870,1403715980084058112,,1403715980284058112,19,False,264
,,,,280,,,INSUFFICIENT_TRACKS,48,,,,,,,,,,DPR-Exact-Block,V1_03_difficult:1403715980084058112:1403715980284058112,,formal_public_module_evidence,,,,,,,,V1_03_difficult,,,,1870,1403715980084058112,,1403715980284058112,19,False,264
,,,,280,,,INSUFFICIENT_TRACKS,48,,,,,,,,,,DUC-K16,V1_03_difficult:1403715980084058112:1403715980284058112,,formal_public_module_evidence,,,,,,,,V1_03_difficult,,,,1870,1403715980084058112,,1403715980284058112,19,False,264
,,,,280,,,INSUFFICIENT_TRACKS,48,,,,,,,,,,Permuted-K16,V1_03_difficult:1403715980084058112:1403715980284058112,,formal_public_module_evidence,,,,,,,,V1_03_difficult,,,,1870,1403715980084058112,,1403715980284058112,19,False,264
,,,,381,,,INSUFFICIENT_TRACKS,16,,,,,,,,,,Raw,V1_03_difficult:1403715980584058112:1403715980784058112,,formal_public_module_evidence,,,,,,,,V1_03_difficult,,,,1880,1403715980584058112,,1403715980784058112,51,False,281
,,,,381,,,INSUFFICIENT_TRACKS,16,,,,,,,,,,Global-DoF,V1_03_difficult:1403715980584058112:1403715980784058112,,formal_public_module_evidence,,,,,,,,V1_03_difficult,,,,1880,1403715980584058112,,1403715980784058112,51,False,281
,,,,381,,,INSUFFICIENT_TRACKS,16,,,,,,,,,,DPR-Exact-Block,V1_03_difficult:1403715980584058112:1403715980784058112,,formal_public_module_evidence,,,,,,,,V1_03_difficult,,,,1880,1403715980584058112,,1403715980784058112,51,False,281
,,,,381,,,INSUFFICIENT_TRACKS,16,,,,,,,,,,DUC-K16,V1_03_difficult:1403715980584058112:1403715980784058112,,formal_public_module_evidence,,,,,,,,V1_03_difficult,,,,1880,1403715980584058112,,1403715980784058112,51,False,281
,,,,381,,,INSUFFICIENT_TRACKS,16,,,,,,,,,,Permuted-K16,V1_03_difficult:1403715980584058112:1403715980784058112,,formal_public_module_evidence,,,,,,,,V1_03_difficult,,,,1880,1403715980584058112,,1403715980784058112,51,False,281
,,,,381,,,INSUFFICIENT_TRACKS,48,,,,,,,,,,Raw,V1_03_difficult:1403715980584058112:1403715980784058112,,formal_public_module_evidence,,,,,,,,V1_03_difficult,,,,1880,1403715980584058112,,1403715980784058112,51,False,281
,,,,381,,,INSUFFICIENT_TRACKS,48,,,,,,,,,,Global-DoF,V1_03_difficult:1403715980584058112:1403715980784058112,,formal_public_module_evidence,,,,,,,,V1_03_difficult,,,,1880,1403715980584058112,,1403715980784058112,51,False,281
,,,,381,,,INSUFFICIENT_TRACKS,48,,,,,,,,,,DPR-Exact-Block,V1_03_difficult:1403715980584058112:1403715980784058112,,formal_public_module_evidence,,,,,,,,V1_03_difficult,,,,1880,1403715980584058112,,1403715980784058112,51,False,281
,,,,381,,,INSUFFICIENT_TRACKS,48,,,,,,,,,,DUC-K16,V1_03_difficult:1403715980584058112:1403715980784058112,,formal_public_module_evidence,,,,,,,,V1_03_difficult,,,,1880,1403715980584058112,,1403715980784058112,51,False,281
,,,,381,,,INSUFFICIENT_TRACKS,48,,,,,,,,,,Permuted-K16,V1_03_difficult:1403715980584058112:1403715980784058112,,formal_public_module_evidence,,,,,,,,V1_03_difficult,,,,1880,1403715980584058112,,1403715980784058112,51,False,281
,,,,279,,,INSUFFICIENT_TRACKS,16,,,,,,,,,,Raw,V1_03_difficult:1403715981084058112:1403715981284058112,,formal_public_module_evidence,,,,,,,,V1_03_difficult,,,,1890,1403715981084058112,,1403715981284058112,43,False,244
,,,,279,,,INSUFFICIENT_TRACKS,16,,,,,,,,,,Global-DoF,V1_03_difficult:1403715981084058112:1403715981284058112,,formal_public_module_evidence,,,,,,,,V1_03_difficult,,,,1890,1403715981084058112,,1403715981284058112,43,False,244
,,,,279,,,INSUFFICIENT_TRACKS,16,,,,,,,,,,DPR-Exact-Block,V1_03_difficult:1403715981084058112:1403715981284058112,,formal_public_module_evidence,,,,,,,,V1_03_difficult,,,,1890,1403715981084058112,,1403715981284058112,43,False,244
,,,,279,,,INSUFFICIENT_TRACKS,16,,,,,,,,,,DUC-K16,V1_03_difficult:1403715981084058112:1403715981284058112,,formal_public_module_evidence,,,,,,,,V1_03_difficult,,,,1890,1403715981084058112,,1403715981284058112,43,False,244
,,,,279,,,INSUFFICIENT_TRACKS,16,,,,,,,,,,Permuted-K16,V1_03_difficult:1403715981084058112:1403715981284058112,,formal_public_module_evidence,,,,,,,,V1_03_difficult,,,,1890,1403715981084058112,,1403715981284058112,43,False,244
,,,,279,,,INSUFFICIENT_TRACKS,48,,,,,,,,,,Raw,V1_03_difficult:1403715981084058112:1403715981284058112,,formal_public_module_evidence,,,,,,,,V1_03_difficult,,,,1890,1403715981084058112,,1403715981284058112,43,False,244
,,,,279,,,INSUFFICIENT_TRACKS,48,,,,,,,,,,Global-DoF,V1_03_difficult:1403715981084058112:1403715981284058112,,formal_public_module_evidence,,,,,,,,V1_03_difficult,,,,1890,1403715981084058112,,1403715981284058112,43,False,244
,,,,279,,,INSUFFICIENT_TRACKS,48,,,,,,,,,,DPR-Exact-Block,V1_03_difficult:1403715981084058112:1403715981284058112,,formal_public_module_evidence,,,,,,,,V1_03_difficult,,,,1890,1403715981084058112,,1403715981284058112,43,False,244
,,,,279,,,INSUFFICIENT_TRACKS,48,,,,,,,,,,DUC-K16,V1_03_difficult:1403715981084058112:1403715981284058112,,formal_public_module_evidence,,,,,,,,V1_03_difficult,,,,1890,1403715981084058112,,1403715981284058112,43,False,244
,,,,279,,,INSUFFICIENT_TRACKS,48,,,,,,,,,,Permuted-K16,V1_03_difficult:1403715981084058112:1403715981284058112,,formal_public_module_evidence,,,,,,,,V1_03_difficult,,,,1890,1403715981084058112,,1403715981284058112,43,False,244
1.4428889543114882,0.006315,0.32499999999999996,0.625,275,0.46299287829524055,6.0,,16,2.5223761906120448,0.6804358002745303,2.8161267928817715,5.300740304175293,True,1.3999306138016798,1.9598057234591482,6,0.01615798805559887,Raw,V1_03_difficult:1403715981584058112:1403715981784058112,0.039549,formal_public_module_evidence,0.01834844017836712,0.054065918355574144,0.0739006917023319,0.18490689636105442,0.6096497630553744,0,0,V1_03_difficult,4,OK,True,1900,1403715981584058112,1.9286663632667307e-09,1403715981784058112,105,True,238
1.2352495895332434,0.001987,0.19999999999999996,0.75,275,0.5698373886710654,6.0,,16,2.5223761906120448,0.6804358002745303,2.8161267928817715,4.714709635622556,True,1.3999306138016798,1.9598057234591482,6,0.01615798805559887,Global-DoF,V1_03_difficult:1403715981584058112:1403715981784058112,0.039549,formal_public_module_evidence,0.01834844017836712,0.054065918355574144,0.0739006917023319,0.18490689636105442,0.6096497630553744,0,0,V1_03_difficult,4,OK,True,1900,1403715981584058112,1.9286663632667307e-09,1403715981784058112,105,True,238
1.2778961754423357,0.491554,0.19999999999999996,0.75,275,0.5460466715850859,6.0,,16,2.5223761906120448,0.6804358002745303,2.8161267928817715,4.821907219126808,True,1.3999306138016798,1.9598057234591482,6,0.01615798805559887,DPR-Exact-Block,V1_03_difficult:1403715981584058112:1403715981784058112,0.039549,formal_public_module_evidence,0.01834844017836712,0.054065918355574144,0.0739006917023319,0.18490689636105442,0.6096497630553744,0,0,V1_03_difficult,4,OK,True,1900,1403715981584058112,1.9286663632667307e-09,1403715981784058112,105,True,238
1.2618673383202026,0.182496,0.19999999999999996,0.75,275,0.5548696871823573,6.0,,16,2.5223761906120448,0.6804358002745303,2.8161267928817715,4.780865868054392,True,1.3999306138016798,1.9598057234591482,6,0.01615798805559887,DUC-K16,V1_03_difficult:1403715981584058112:1403715981784058112,0.039549,formal_public_module_evidence,0.01834844017836712,0.054065918355574144,0.0739006917023319,0.18490689636105442,0.6096497630553744,0,0,V1_03_difficult,4,OK,True,1900,1403715981584058112,1.9286663632667307e-09,1403715981784058112,105,True,238
1.2324405081801513,0.069497,0.19999999999999996,0.75,275,0.5714403586363176,6.0,,16,2.5223761906120448,0.6804358002745303,2.8161267928817715,4.707871177686088,True,1.3999306138016798,1.9598057234591482,6,0.01615798805559887,Permuted-K16,V1_03_difficult:1403715981584058112:1403715981784058112,0.039549,formal_public_module_evidence,0.01834844017836712,0.054065918355574144,0.0739006917023319,0.18490689636105442,0.6096497630553744,0,0,V1_03_difficult,4,OK,True,1900,1403715981584058112,1.9286663632667307e-09,1403715981784058112,105,True,238
0.7714537655649246,0.006464,0.15833333333333333,0.7916666666666666,275,0.8606997178538697,6.0,,48,2.5251489285578064,0.9277390354263798,2.8179798134123173,3.8507758022338834,True,1.3644099787828576,1.8616145902022383,6,0.0035840268094686767,Raw,V1_03_difficult:1403715981584058112:1403715981784058112,0.039327,formal_public_module_evidence,0.015388279813868089,0.04462043671189649,0.06625935723011735,0.4378935166398985,1.4163475401708878,2,0,V1_03_difficult,4,OK,True,1900,1403715981584058112,1.741710937018318e-09,1403715981784058112,105,True,238
0.7069152444273532,0.002107,0.07499999999999996,0.875,275,0.9180796990441279,6.0,,48,2.5251489285578064,0.9277390354263798,2.8179798134123173,3.780132552686368,True,1.3644099787828576,1.8616145902022383,6,0.0035840268094686767,Global-DoF,V1_03_difficult:1403715981584058112:1403715981784058112,0.039327,formal_public_module_evidence,0.015388279813868089,0.04462043671189649,0.06625935723011735,0.4378935166398985,1.4163475401708878,2,0,V1_03_difficult,4,OK,True,1900,1403715981584058112,1.741710937018318e-09,1403715981784058112,105,True,238
0.7060467627628244,1.270384,0.07499999999999996,0.875,275,0.9188773807651599,6.0,,48,2.5251489285578064,0.9277390354263798,2.8179798134123173,3.779240755508211,True,1.3644099787828576,1.8616145902022383,6,0.0035840268094686767,DPR-Exact-Block,V1_03_difficult:1403715981584058112:1403715981784058112,0.039327,formal_public_module_evidence,0.015388279813868089,0.04462043671189649,0.06625935723011735,0.4378935166398985,1.4163475401708878,2,0,V1_03_difficult,4,OK,True,1900,1403715981584058112,1.741710937018318e-09,1403715981784058112,105,True,238
0.7024691432726687,0.317605,0.07499999999999996,0.875,275,0.9221706619324367,6.0,,48,2.5251489285578064,0.9277390354263798,2.8179798134123173,3.775583188632536,True,1.3644099787828576,1.8616145902022383,6,0.0035840268094686767,DUC-K16,V1_03_difficult:1403715981584058112:1403715981784058112,0.039327,formal_public_module_evidence,0.015388279813868089,0.04462043671189649,0.06625935723011735,0.4378935166398985,1.4163475401708878,2,0,V1_03_difficult,4,OK,True,1900,1403715981584058112,1.741710937018318e-09,1403715981784058112,105,True,238
0.6842641685062572,0.105125,0.07499999999999996,0.875,275,0.9391125005310106,6.0,,48,2.5251489285578064,0.9277390354263798,2.8179798134123173,3.757369718998279,True,1.3644099787828576,1.8616145902022383,6,0.0035840268094686767,Permuted-K16,V1_03_difficult:1403715981584058112:1403715981784058112,0.039327,formal_public_module_evidence,0.015388279813868089,0.04462043671189649,0.06625935723011735,0.4378935166398985,1.4163475401708878,2,0,V1_03_difficult,4,OK,True,1900,1403715981584058112,1.741710937018318e-09,1403715981784058112,105,True,238
1.1075518328485627,0.006519,0.24166666666666659,0.7083333333333334,246,0.2965739083291875,5.999999999999999,,16,2.533685850697226,0.5445859971842716,2.561346436034261,3.6493571077611584,True,0.9474761680839277,0.8977110890870031,6,0.016621901393446326,Raw,V1_03_difficult:1403715982084058112:1403715982284058112,0.038324,formal_public_module_evidence,0.03158532117478935,0.09389828378288323,0.12809574563573164,0.3621282983985662,0.8749471044466601,1,0,V1_03_difficult,4,OK,True,1910,1403715982084058112,1.642980611095516e-09,1403715982284058112,109,True,208
0.8999124680703182,0.002173,0.15833333333333333,0.7916666666666666,246,0.36501404102053847,5.999999999999999,,16,2.533685850697226,0.5445859971842716,2.561346436034261,3.2894454355918703,True,0.9474761680839277,0.8977110890870031,6,0.016621901393446326,Global-DoF,V1_03_difficult:1403715982084058112:1403715982284058112,0.038324,formal_public_module_evidence,0.03158532117478935,0.09389828378288323,0.12809574563573164,0.3621282983985662,0.8749471044466601,1,0,V1_03_difficult,4,OK,True,1910,1403715982084058112,1.642980611095516e-09,1403715982284058112,109,True,208
0.9181706431321877,0.490572,0.15833333333333333,0.7916666666666666,246,0.3584100228783521,5.999999999999999,,16,2.533685850697226,0.5445859971842716,2.561346436034261,3.316503632254882,True,0.9474761680839277,0.8977110890870031,6,0.016621901393446326,DPR-Exact-Block,V1_03_difficult:1403715982084058112:1403715982284058112,0.038324,formal_public_module_evidence,0.03158532117478935,0.09389828378288323,0.12809574563573164,0.3621282983985662,0.8749471044466601,1,0,V1_03_difficult,4,OK,True,1910,1403715982084058112,1.642980611095516e-09,1403715982284058112,109,True,208
0.9016853735666707,0.177974,0.15833333333333333,0.7916666666666666,246,0.3643674789370589,5.999999999999999,,16,2.533685850697226,0.5445859971842716,2.561346436034261,3.2920366597428754,True,0.9474761680839277,0.8977110890870031,6,0.016621901393446326,DUC-K16,V1_03_difficult:1403715982084058112:1403715982284058112,0.038324,formal_public_module_evidence,0.03158532117478935,0.09389828378288323,0.12809574563573164,0.3621282983985662,0.8749471044466601,1,0,V1_03_difficult,4,OK,True,1910,1403715982084058112,1.642980611095516e-09,1403715982284058112,109,True,208
0.911383987411028,0.06849,0.15833333333333333,0.7916666666666666,246,0.3608507009637226,5.999999999999999,,16,2.533685850697226,0.5445859971842716,2.561346436034261,3.3063492743344383,True,0.9474761680839277,0.8977110890870031,6,0.016621901393446326,Permuted-K16,V1_03_difficult:1403715982084058112:1403715982284058112,0.038324,formal_public_module_evidence,0.03158532117478935,0.09389828378288323,0.12809574563573164,0.3621282983985662,0.8749471044466601,1,0,V1_03_difficult,4,OK,True,1910,1403715982084058112,1.642980611095516e-09,1403715982284058112,109,True,208
0.44326038422327607,0.006273,0.19999999999999996,0.75,246,0.5701848365621716,5.999999999999999,,48,2.5435607920647545,0.7551058446086691,2.571141399194272,2.833860272687483,True,0.9424549531083215,0.8882213386384086,6,0.013906811777941064,Raw,V1_03_difficult:1403715982084058112:1403715982284058112,0.039228,formal_public_module_evidence,0.012195716702738835,0.045369840872976394,0.06159387925020773,0.3904548388916693,2.247399794611853,6,0,V1_03_difficult,5,OK,True,1910,1403715982084058112,4.0318033197313463e-10,1403715982284058112,109,True,208
0.3787218630857047,0.002009,0.15833333333333333,0.7916666666666666,246,0.6081971589996498,5.999999999999999,,48,2.5435607920647545,0.7551058446086691,2.571141399194272,2.801037674929624,True,0.9424549531083215,0.8882213386384086,6,0.013906811777941064,Global-DoF,V1_03_difficult:1403715982084058112:1403715982284058112,0.039228,formal_public_module_evidence,0.012195716702738835,0.045369840872976394,0.06159387925020773,0.3904548388916693,2.247399794611853,6,0,V1_03_difficult,5,OK,True,1910,1403715982084058112,4.0318033197313463e-10,1403715982284058112,109,True,208
0.30148355358608875,1.286739,0.15833333333333333,0.7916666666666666,246,0.6570350815080717,5.999999999999999,,48,2.5435607920647545,0.7551058446086691,2.571141399194272,2.7697220826565734,True,0.9424549531083215,0.8882213386384086,6,0.013906811777941064,DPR-Exact-Block,V1_03_difficult:1403715982084058112:1403715982284058112,0.039228,formal_public_module_evidence,0.012195716702738835,0.045369840872976394,0.06159387925020773,0.3904548388916693,2.247399794611853,6,0,V1_03_difficult,5,OK,True,1910,1403715982084058112,4.0318033197313463e-10,1403715982284058112,109,True,208
0.3154879710501111,0.313401,0.15833333333333333,0.7916666666666666,246,0.6478978182980347,5.999999999999999,,48,2.5435607920647545,0.7551058446086691,2.571141399194272,2.774782904532365,True,0.9424549531083215,0.8882213386384086,6,0.013906811777941064,DUC-K16,V1_03_difficult:1403715982084058112:1403715982284058112,0.039228,formal_public_module_evidence,0.012195716702738835,0.045369840872976394,0.06159387925020773,0.3904548388916693,2.247399794611853,6,0,V1_03_difficult,5,OK,True,1910,1403715982084058112,4.0318033197313463e-10,1403715982284058112,109,True,208
0.3859318765548877,0.1044,0.19999999999999996,0.75,246,0.6038278197169519,5.999999999999999,,48,2.5435607920647545,0.7551058446086691,2.571141399194272,2.8043953369013472,True,0.9424549531083215,0.8882213386384086,6,0.013906811777941064,Permuted-K16,V1_03_difficult:1403715982084058112:1403715982284058112,0.039228,formal_public_module_evidence,0.012195716702738835,0.045369840872976394,0.06159387925020773,0.3904548388916693,2.247399794611853,6,0,V1_03_difficult,5,OK,True,1910,1403715982084058112,4.0318033197313463e-10,1403715982284058112,109,True,208
1.2192582232004903,0.006603,0.15833333333333333,0.7916666666666666,258,0.5089508248233634,6.0,,16,2.026375992009873,0.7134078951226734,2.103579272760713,4.547149315947071,True,1.3124914121997802,1.722633707098173,6,0.013439631103305816,Raw,V1_03_difficult:1403715982584058112:1403715982784058112,0.037695,formal_public_module_evidence,0.030902721523475618,0.08211873455623458,0.09913132675947373,0.19615516218278686,0.6753132397151977,0,0,V1_03_difficult,4,OK,True,1920,1403715982584058112,1.0439478519509867e-10,1403715982784058112,111,True,245
1.0116188584222459,0.002057,0.11666666666666659,0.8333333333333334,258,0.6264010151672165,6.0,,16,2.026375992009873,0.7134078951226734,2.103579272760713,4.1201619067280335,True,1.3124914121997802,1.722633707098173,6,0.013439631103305816,Global-DoF,V1_03_difficult:1403715982584058112:1403715982784058112,0.037695,formal_public_module_evidence,0.030902721523475618,0.08211873455623458,0.09913132675947373,0.19615516218278686,0.6753132397151977,0,0,V1_03_difficult,4,OK,True,1920,1403715982584058112,1.0439478519509867e-10,1403715982784058112,111,True,245
0.9926605732247403,0.446395,0.07499999999999996,0.875,258,0.6383897884743542,6.0,,16,2.026375992009873,0.7134078951226734,2.103579272760713,4.0874750702715765,True,1.3124914121997802,1.722633707098173,6,0.013439631103305816,DPR-Exact-Block,V1_03_difficult:1403715982584058112:1403715982784058112,0.037695,formal_public_module_evidence,0.030902721523475618,0.08211873455623458,0.09913132675947373,0.19615516218278686,0.6753132397151977,0,0,V1_03_difficult,4,OK,True,1920,1403715982584058112,1.0439478519509867e-10,1403715982784058112,111,True,245
0.9793104528611427,0.175944,0.033333333333333326,0.9166666666666666,258,0.646969511731567,6.0,,16,2.026375992009873,0.7134078951226734,2.103579272760713,4.065040565348031,True,1.3124914121997802,1.722633707098173,6,0.013439631103305816,DUC-K16,V1_03_difficult:1403715982584058112:1403715982784058112,0.037695,formal_public_module_evidence,0.030902721523475618,0.08211873455623458,0.09913132675947373,0.19615516218278686,0.6753132397151977,0,0,V1_03_difficult,4,OK,True,1920,1403715982584058112,1.0439478519509867e-10,1403715982784058112,111,True,245
1.011533204903568,0.073462,0.11666666666666659,0.8333333333333334,258,0.626454670916138,6.0,,16,2.026375992009873,0.7134078951226734,2.103579272760713,4.120012018930619,True,1.3124914121997802,1.722633707098173,6,0.013439631103305816,Permuted-K16,V1_03_difficult:1403715982584058112:1403715982784058112,0.037695,formal_public_module_evidence,0.030902721523475618,0.08211873455623458,0.09913132675947373,0.19615516218278686,0.6753132397151977,0,0,V1_03_difficult,4,OK,True,1920,1403715982584058112,1.0439478519509867e-10,1403715982784058112,111,True,245
0.04722227883591826,0.006033,0.008333333333333415,0.9583333333333334,258,1.4755516493948102,6.0,,48,2.0416135678375023,1.2147228693800123,2.119023779210692,3.275263996184813,True,1.2437451365214343,1.546901964620721,6,0.022220091211609283,Raw,V1_03_difficult:1403715982584058112:1403715982784058112,0.038446,formal_public_module_evidence,0.016034082789393778,0.05190008410140462,0.06948562997824097,0.5563577577313737,1.189659154459537,5,0,V1_03_difficult,4,OK,True,1920,1403715982584058112,5.629028290895585e-10,1403715982784058112,111,True,245
0.01731624230165297,0.002027,0.008333333333333415,0.9583333333333334,258,1.5739217593544643,6.0,,48,2.0416135678375023,1.2147228693800123,2.119023779210692,3.2742803291777345,True,1.2437451365214343,1.546901964620721,6,0.022220091211609283,Global-DoF,V1_03_difficult:1403715982584058112:1403715982784058112,0.038446,formal_public_module_evidence,0.016034082789393778,0.05190008410140462,0.06948562997824097,0.5563577577313737,1.189659154459537,5,0,V1_03_difficult,4,OK,True,1920,1403715982584058112,5.629028290895585e-10,1403715982784058112,111,True,245
0.03472329123510361,1.270646,0.008333333333333415,0.9583333333333334,258,1.601558935427615,6.0,,48,2.0416135678375023,1.2147228693800123,2.119023779210692,3.2747272006516375,True,1.2437451365214343,1.546901964620721,6,0.022220091211609283,DPR-Exact-Block,V1_03_difficult:1403715982584058112:1403715982784058112,0.038446,formal_public_module_evidence,0.016034082789393778,0.05190008410140462,0.06948562997824097,0.5563577577313737,1.189659154459537,5,0,V1_03_difficult,4,OK,True,1920,1403715982584058112,5.629028290895585e-10,1403715982784058112,111,True,245
0.056700113267410666,0.314093,0.008333333333333415,0.9583333333333334,258,1.6371457210535845,6.0,,48,2.0416135678375023,1.2147228693800123,2.119023779210692,3.2757087610482416,True,1.2437451365214343,1.546901964620721,6,0.022220091211609283,DUC-K16,V1_03_difficult:1403715982584058112:1403715982784058112,0.038446,formal_public_module_evidence,0.016034082789393778,0.05190008410140462,0.06948562997824097,0.5563577577313737,1.189659154459537,5,0,V1_03_difficult,4,OK,True,1920,1403715982584058112,5.629028290895585e-10,1403715982784058112,111,True,245
0.017147136168324653,0.104742,0.008333333333333415,0.9583333333333334,258,1.5206031450852704,6.0,,48,2.0416135678375023,1.2147228693800123,2.119023779210692,3.274279120739264,True,1.2437451365214343,1.546901964620721,6,0.022220091211609283,Permuted-K16,V1_03_difficult:1403715982584058112:1403715982784058112,0.038446,formal_public_module_evidence,0.016034082789393778,0.05190008410140462,0.06948562997824097,0.5563577577313737,1.189659154459537,5,0,V1_03_difficult,4,OK,True,1920,1403715982584058112,5.629028290895585e-10,1403715982784058112,111,True,245
,,,,277,,,INSUFFICIENT_TRACKS,16,,,,,,,,,,Raw,V1_03_difficult:1403715983084058112:1403715983284058112,,formal_public_module_evidence,,,,,,,,V1_03_difficult,,,,1930,1403715983084058112,,1403715983284058112,28,False,251
,,,,277,,,INSUFFICIENT_TRACKS,16,,,,,,,,,,Global-DoF,V1_03_difficult:1403715983084058112:1403715983284058112,,formal_public_module_evidence,,,,,,,,V1_03_difficult,,,,1930,1403715983084058112,,1403715983284058112,28,False,251
,,,,277,,,INSUFFICIENT_TRACKS,16,,,,,,,,,,DPR-Exact-Block,V1_03_difficult:1403715983084058112:1403715983284058112,,formal_public_module_evidence,,,,,,,,V1_03_difficult,,,,1930,1403715983084058112,,1403715983284058112,28,False,251
,,,,277,,,INSUFFICIENT_TRACKS,16,,,,,,,,,,DUC-K16,V1_03_difficult:1403715983084058112:1403715983284058112,,formal_public_module_evidence,,,,,,,,V1_03_difficult,,,,1930,1403715983084058112,,1403715983284058112,28,False,251
,,,,277,,,INSUFFICIENT_TRACKS,16,,,,,,,,,,Permuted-K16,V1_03_difficult:1403715983084058112:1403715983284058112,,formal_public_module_evidence,,,,,,,,V1_03_difficult,,,,1930,1403715983084058112,,1403715983284058112,28,False,251
,,,,277,,,INSUFFICIENT_TRACKS,48,,,,,,,,,,Raw,V1_03_difficult:1403715983084058112:1403715983284058112,,formal_public_module_evidence,,,,,,,,V1_03_difficult,,,,1930,1403715983084058112,,1403715983284058112,28,False,251
,,,,277,,,INSUFFICIENT_TRACKS,48,,,,,,,,,,Global-DoF,V1_03_difficult:1403715983084058112:1403715983284058112,,formal_public_module_evidence,,,,,,,,V1_03_difficult,,,,1930,1403715983084058112,,1403715983284058112,28,False,251
,,,,277,,,INSUFFICIENT_TRACKS,48,,,,,,,,,,DPR-Exact-Block,V1_03_difficult:1403715983084058112:1403715983284058112,,formal_public_module_evidence,,,,,,,,V1_03_difficult,,,,1930,1403715983084058112,,1403715983284058112,28,False,251
,,,,277,,,INSUFFICIENT_TRACKS,48,,,,,,,,,,DUC-K16,V1_03_difficult:1403715983084058112:1403715983284058112,,formal_public_module_evidence,,,,,,,,V1_03_difficult,,,,1930,1403715983084058112,,1403715983284058112,28,False,251
,,,,277,,,INSUFFICIENT_TRACKS,48,,,,,,,,,,Permuted-K16,V1_03_difficult:1403715983084058112:1403715983284058112,,formal_public_module_evidence,,,,,,,,V1_03_difficult,,,,1930,1403715983084058112,,1403715983284058112,28,False,251
,,,,563,,,INSUFFICIENT_TRACKS,16,,,,,,,,,,Raw,V1_03_difficult:1403715983584058112:1403715983784058112,,formal_public_module_evidence,,,,,,,,V1_03_difficult,,,,1940,1403715983584058112,,1403715983784058112,29,False,511
,,,,563,,,INSUFFICIENT_TRACKS,16,,,,,,,,,,Global-DoF,V1_03_difficult:1403715983584058112:1403715983784058112,,formal_public_module_evidence,,,,,,,,V1_03_difficult,,,,1940,1403715983584058112,,1403715983784058112,29,False,511
,,,,563,,,INSUFFICIENT_TRACKS,16,,,,,,,,,,DPR-Exact-Block,V1_03_difficult:1403715983584058112:1403715983784058112,,formal_public_module_evidence,,,,,,,,V1_03_difficult,,,,1940,1403715983584058112,,1403715983784058112,29,False,511
,,,,563,,,INSUFFICIENT_TRACKS,16,,,,,,,,,,DUC-K16,V1_03_difficult:1403715983584058112:1403715983784058112,,formal_public_module_evidence,,,,,,,,V1_03_difficult,,,,1940,1403715983584058112,,1403715983784058112,29,False,511
,,,,563,,,INSUFFICIENT_TRACKS,16,,,,,,,,,,Permuted-K16,V1_03_difficult:1403715983584058112:1403715983784058112,,formal_public_module_evidence,,,,,,,,V1_03_difficult,,,,1940,1403715983584058112,,1403715983784058112,29,False,511
,,,,563,,,INSUFFICIENT_TRACKS,48,,,,,,,,,,Raw,V1_03_difficult:1403715983584058112:1403715983784058112,,formal_public_module_evidence,,,,,,,,V1_03_difficult,,,,1940,1403715983584058112,,1403715983784058112,29,False,511
,,,,563,,,INSUFFICIENT_TRACKS,48,,,,,,,,,,Global-DoF,V1_03_difficult:1403715983584058112:1403715983784058112,,formal_public_module_evidence,,,,,,,,V1_03_difficult,,,,1940,1403715983584058112,,1403715983784058112,29,False,511
,,,,563,,,INSUFFICIENT_TRACKS,48,,,,,,,,,,DPR-Exact-Block,V1_03_difficult:1403715983584058112:1403715983784058112,,formal_public_module_evidence,,,,,,,,V1_03_difficult,,,,1940,1403715983584058112,,1403715983784058112,29,False,511
,,,,563,,,INSUFFICIENT_TRACKS,48,,,,,,,,,,DUC-K16,V1_03_difficult:1403715983584058112:1403715983784058112,,formal_public_module_evidence,,,,,,,,V1_03_difficult,,,,1940,1403715983584058112,,1403715983784058112,29,False,511
,,,,563,,,INSUFFICIENT_TRACKS,48,,,,,,,,,,Permuted-K16,V1_03_difficult:1403715983584058112:1403715983784058112,,formal_public_module_evidence,,,,,,,,V1_03_difficult,,,,1940,1403715983584058112,,1403715983784058112,29,False,511
,,,,171,,,INSUFFICIENT_TRACKS,16,,,,,,,,,,Raw,V1_03_difficult:1403715984084058112:1403715984284058112,,formal_public_module_evidence,,,,,,,,V1_03_difficult,,,,1950,1403715984084058112,,1403715984284058112,37,False,115
,,,,171,,,INSUFFICIENT_TRACKS,16,,,,,,,,,,Global-DoF,V1_03_difficult:1403715984084058112:1403715984284058112,,formal_public_module_evidence,,,,,,,,V1_03_difficult,,,,1950,1403715984084058112,,1403715984284058112,37,False,115
,,,,171,,,INSUFFICIENT_TRACKS,16,,,,,,,,,,DPR-Exact-Block,V1_03_difficult:1403715984084058112:1403715984284058112,,formal_public_module_evidence,,,,,,,,V1_03_difficult,,,,1950,1403715984084058112,,1403715984284058112,37,False,115
,,,,171,,,INSUFFICIENT_TRACKS,16,,,,,,,,,,DUC-K16,V1_03_difficult:1403715984084058112:1403715984284058112,,formal_public_module_evidence,,,,,,,,V1_03_difficult,,,,1950,1403715984084058112,,1403715984284058112,37,False,115
,,,,171,,,INSUFFICIENT_TRACKS,16,,,,,,,,,,Permuted-K16,V1_03_difficult:1403715984084058112:1403715984284058112,,formal_public_module_evidence,,,,,,,,V1_03_difficult,,,,1950,1403715984084058112,,1403715984284058112,37,False,115
,,,,171,,,INSUFFICIENT_TRACKS,48,,,,,,,,,,Raw,V1_03_difficult:1403715984084058112:1403715984284058112,,formal_public_module_evidence,,,,,,,,V1_03_difficult,,,,1950,1403715984084058112,,1403715984284058112,37,False,115
,,,,171,,,INSUFFICIENT_TRACKS,48,,,,,,,,,,Global-DoF,V1_03_difficult:1403715984084058112:1403715984284058112,,formal_public_module_evidence,,,,,,,,V1_03_difficult,,,,1950,1403715984084058112,,1403715984284058112,37,False,115
,,,,171,,,INSUFFICIENT_TRACKS,48,,,,,,,,,,DPR-Exact-Block,V1_03_difficult:1403715984084058112:1403715984284058112,,formal_public_module_evidence,,,,,,,,V1_03_difficult,,,,1950,1403715984084058112,,1403715984284058112,37,False,115
,,,,171,,,INSUFFICIENT_TRACKS,48,,,,,,,,,,DUC-K16,V1_03_difficult:1403715984084058112:1403715984284058112,,formal_public_module_evidence,,,,,,,,V1_03_difficult,,,,1950,1403715984084058112,,1403715984284058112,37,False,115
,,,,171,,,INSUFFICIENT_TRACKS,48,,,,,,,,,,Permuted-K16,V1_03_difficult:1403715984084058112:1403715984284058112,,formal_public_module_evidence,,,,,,,,V1_03_difficult,,,,1950,1403715984084058112,,1403715984284058112,37,False,115
,,,,139,,,INSUFFICIENT_TRACKS,16,,,,,,,,,,Raw,V1_03_difficult:1403715984584058112:1403715984784058112,,formal_public_module_evidence,,,,,,,,V1_03_difficult,,,,1960,1403715984584058112,,1403715984784058112,12,False,129
,,,,139,,,INSUFFICIENT_TRACKS,16,,,,,,,,,,Global-DoF,V1_03_difficult:1403715984584058112:1403715984784058112,,formal_public_module_evidence,,,,,,,,V1_03_difficult,,,,1960,1403715984584058112,,1403715984784058112,12,False,129
,,,,139,,,INSUFFICIENT_TRACKS,16,,,,,,,,,,DPR-Exact-Block,V1_03_difficult:1403715984584058112:1403715984784058112,,formal_public_module_evidence,,,,,,,,V1_03_difficult,,,,1960,1403715984584058112,,1403715984784058112,12,False,129
,,,,139,,,INSUFFICIENT_TRACKS,16,,,,,,,,,,DUC-K16,V1_03_difficult:1403715984584058112:1403715984784058112,,formal_public_module_evidence,,,,,,,,V1_03_difficult,,,,1960,1403715984584058112,,1403715984784058112,12,False,129
,,,,139,,,INSUFFICIENT_TRACKS,16,,,,,,,,,,Permuted-K16,V1_03_difficult:1403715984584058112:1403715984784058112,,formal_public_module_evidence,,,,,,,,V1_03_difficult,,,,1960,1403715984584058112,,1403715984784058112,12,False,129
,,,,139,,,INSUFFICIENT_TRACKS,48,,,,,,,,,,Raw,V1_03_difficult:1403715984584058112:1403715984784058112,,formal_public_module_evidence,,,,,,,,V1_03_difficult,,,,1960,1403715984584058112,,1403715984784058112,12,False,129
,,,,139,,,INSUFFICIENT_TRACKS,48,,,,,,,,,,Global-DoF,V1_03_difficult:1403715984584058112:1403715984784058112,,formal_public_module_evidence,,,,,,,,V1_03_difficult,,,,1960,1403715984584058112,,1403715984784058112,12,False,129
,,,,139,,,INSUFFICIENT_TRACKS,48,,,,,,,,,,DPR-Exact-Block,V1_03_difficult:1403715984584058112:1403715984784058112,,formal_public_module_evidence,,,,,,,,V1_03_difficult,,,,1960,1403715984584058112,,1403715984784058112,12,False,129
,,,,139,,,INSUFFICIENT_TRACKS,48,,,,,,,,,,DUC-K16,V1_03_difficult:1403715984584058112:1403715984784058112,,formal_public_module_evidence,,,,,,,,V1_03_difficult,,,,1960,1403715984584058112,,1403715984784058112,12,False,129
,,,,139,,,INSUFFICIENT_TRACKS,48,,,,,,,,,,Permuted-K16,V1_03_difficult:1403715984584058112:1403715984784058112,,formal_public_module_evidence,,,,,,,,V1_03_difficult,,,,1960,1403715984584058112,,1403715984784058112,12,False,129
,,,,182,,,INSUFFICIENT_TRACKS,16,,,,,,,,,,Raw,V1_03_difficult:1403715985084058112:1403715985284058112,,formal_public_module_evidence,,,,,,,,V1_03_difficult,,,,1970,1403715985084058112,,1403715985284058112,5,False,111
,,,,182,,,INSUFFICIENT_TRACKS,16,,,,,,,,,,Global-DoF,V1_03_difficult:1403715985084058112:1403715985284058112,,formal_public_module_evidence,,,,,,,,V1_03_difficult,,,,1970,1403715985084058112,,1403715985284058112,5,False,111
,,,,182,,,INSUFFICIENT_TRACKS,16,,,,,,,,,,DPR-Exact-Block,V1_03_difficult:1403715985084058112:1403715985284058112,,formal_public_module_evidence,,,,,,,,V1_03_difficult,,,,1970,1403715985084058112,,1403715985284058112,5,False,111
,,,,182,,,INSUFFICIENT_TRACKS,16,,,,,,,,,,DUC-K16,V1_03_difficult:1403715985084058112:1403715985284058112,,formal_public_module_evidence,,,,,,,,V1_03_difficult,,,,1970,1403715985084058112,,1403715985284058112,5,False,111
,,,,182,,,INSUFFICIENT_TRACKS,16,,,,,,,,,,Permuted-K16,V1_03_difficult:1403715985084058112:1403715985284058112,,formal_public_module_evidence,,,,,,,,V1_03_difficult,,,,1970,1403715985084058112,,1403715985284058112,5,False,111
,,,,182,,,INSUFFICIENT_TRACKS,48,,,,,,,,,,Raw,V1_03_difficult:1403715985084058112:1403715985284058112,,formal_public_module_evidence,,,,,,,,V1_03_difficult,,,,1970,1403715985084058112,,1403715985284058112,5,False,111
,,,,182,,,INSUFFICIENT_TRACKS,48,,,,,,,,,,Global-DoF,V1_03_difficult:1403715985084058112:1403715985284058112,,formal_public_module_evidence,,,,,,,,V1_03_difficult,,,,1970,1403715985084058112,,1403715985284058112,5,False,111
,,,,182,,,INSUFFICIENT_TRACKS,48,,,,,,,,,,DPR-Exact-Block,V1_03_difficult:1403715985084058112:1403715985284058112,,formal_public_module_evidence,,,,,,,,V1_03_difficult,,,,1970,1403715985084058112,,1403715985284058112,5,False,111
,,,,182,,,INSUFFICIENT_TRACKS,48,,,,,,,,,,DUC-K16,V1_03_difficult:1403715985084058112:1403715985284058112,,formal_public_module_evidence,,,,,,,,V1_03_difficult,,,,1970,1403715985084058112,,1403715985284058112,5,False,111
,,,,182,,,INSUFFICIENT_TRACKS,48,,,,,,,,,,Permuted-K16,V1_03_difficult:1403715985084058112:1403715985284058112,,formal_public_module_evidence,,,,,,,,V1_03_difficult,,,,1970,1403715985084058112,,1403715985284058112,5,False,111
,,,,122,,,INSUFFICIENT_TRACKS,16,,,,,,,,,,Raw,V1_03_difficult:1403715985584058112:1403715985784058112,,formal_public_module_evidence,,,,,,,,V1_03_difficult,,,,1980,1403715985584058112,,1403715985784058112,56,False,101
,,,,122,,,INSUFFICIENT_TRACKS,16,,,,,,,,,,Global-DoF,V1_03_difficult:1403715985584058112:1403715985784058112,,formal_public_module_evidence,,,,,,,,V1_03_difficult,,,,1980,1403715985584058112,,1403715985784058112,56,False,101
,,,,122,,,INSUFFICIENT_TRACKS,16,,,,,,,,,,DPR-Exact-Block,V1_03_difficult:1403715985584058112:1403715985784058112,,formal_public_module_evidence,,,,,,,,V1_03_difficult,,,,1980,1403715985584058112,,1403715985784058112,56,False,101
,,,,122,,,INSUFFICIENT_TRACKS,16,,,,,,,,,,DUC-K16,V1_03_difficult:1403715985584058112:1403715985784058112,,formal_public_module_evidence,,,,,,,,V1_03_difficult,,,,1980,1403715985584058112,,1403715985784058112,56,False,101
,,,,122,,,INSUFFICIENT_TRACKS,16,,,,,,,,,,Permuted-K16,V1_03_difficult:1403715985584058112:1403715985784058112,,formal_public_module_evidence,,,,,,,,V1_03_difficult,,,,1980,1403715985584058112,,1403715985784058112,56,False,101
,,,,122,,,INSUFFICIENT_TRACKS,48,,,,,,,,,,Raw,V1_03_difficult:1403715985584058112:1403715985784058112,,formal_public_module_evidence,,,,,,,,V1_03_difficult,,,,1980,1403715985584058112,,1403715985784058112,56,False,101
,,,,122,,,INSUFFICIENT_TRACKS,48,,,,,,,,,,Global-DoF,V1_03_difficult:1403715985584058112:1403715985784058112,,formal_public_module_evidence,,,,,,,,V1_03_difficult,,,,1980,1403715985584058112,,1403715985784058112,56,False,101
,,,,122,,,INSUFFICIENT_TRACKS,48,,,,,,,,,,DPR-Exact-Block,V1_03_difficult:1403715985584058112:1403715985784058112,,formal_public_module_evidence,,,,,,,,V1_03_difficult,,,,1980,1403715985584058112,,1403715985784058112,56,False,101
,,,,122,,,INSUFFICIENT_TRACKS,48,,,,,,,,,,DUC-K16,V1_03_difficult:1403715985584058112:1403715985784058112,,formal_public_module_evidence,,,,,,,,V1_03_difficult,,,,1980,1403715985584058112,,1403715985784058112,56,False,101
,,,,122,,,INSUFFICIENT_TRACKS,48,,,,,,,,,,Permuted-K16,V1_03_difficult:1403715985584058112:1403715985784058112,,formal_public_module_evidence,,,,,,,,V1_03_difficult,,,,1980,1403715985584058112,,1403715985784058112,56,False,101
0.9453412144295208,0.006609,0.07499999999999996,0.875,97,0.36616576650179516,6.000000000000002,,16,2.396065184665883,0.6051163247688788,2.4567482103857348,3.4068993416607865,True,0.9707716969875485,0.9423976876720846,6,0.06773680414813543,Raw,V1_03_difficult:1403715986084058112:1403715986284058112,0.049394,formal_public_module_evidence,0.038898737927616556,0.08023318383535477,0.11909031705041795,0.3031824915142019,0.90689387284407,0,0,V1_03_difficult,7,OK,True,1990,1403715986084058112,1.2744994614854424e-08,1403715986284058112,82,True,87
0.7377018496512762,0.002135,0.07499999999999996,0.875,97,0.4506655587714402,6.000000000000002,,16,2.396065184665883,0.6051163247688788,2.4567482103857348,3.131971567171386,True,0.9707716969875485,0.9423976876720846,6,0.06773680414813543,Global-DoF,V1_03_difficult:1403715986084058112:1403715986284058112,0.049394,formal_public_module_evidence,0.038898737927616556,0.08023318383535477,0.11909031705041795,0.3031824915142019,0.90689387284407,0,0,V1_03_difficult,7,OK,True,1990,1403715986084058112,1.2744994614854424e-08,1403715986284058112,82,True,87
0.5548877240146834,0.458041,0.07499999999999996,0.875,97,0.5410651167171282,6.000000000000002,,16,2.396065184665883,0.6051163247688788,2.4567482103857348,2.965406840260782,True,0.9707716969875485,0.9423976876720846,6,0.06773680414813543,DPR-Exact-Block,V1_03_difficult:1403715986084058112:1403715986284058112,0.049394,formal_public_module_evidence,0.038898737927616556,0.08023318383535477,0.11909031705041795,0.3031824915142019,0.90689387284407,0,0,V1_03_difficult,7,OK,True,1990,1403715986084058112,1.2744994614854424e-08,1403715986284058112,82,True,87
0.6250278291956294,0.205868,0.07499999999999996,0.875,97,0.5044150948746721,6.000000000000002,,16,2.396065184665883,0.6051163247688788,2.4567482103857348,3.0218192674051436,True,0.9707716969875485,0.9423976876720846,6,0.06773680414813543,DUC-K16,V1_03_difficult:1403715986084058112:1403715986284058112,0.049394,formal_public_module_evidence,0.038898737927616556,0.08023318383535477,0.11909031705041795,0.3031824915142019,0.90689387284407,0,0,V1_03_difficult,7,OK,True,1990,1403715986084058112,1.2744994614854424e-08,1403715986284058112,82,True,87
0.7584462648860415,0.072585,0.07499999999999996,0.875,97,0.44141306586598655,6.000000000000002,,16,2.396065184665883,0.6051163247688788,2.4567482103857348,3.155059367088923,True,0.9707716969875485,0.9423976876720846,6,0.06773680414813543,Permuted-K16,V1_03_difficult:1403715986084058112:1403715986284058112,0.049394,formal_public_module_evidence,0.038898737927616556,0.08023318383535477,0.11909031705041795,0.3031824915142019,0.90689387284407,0,0,V1_03_difficult,7,OK,True,1990,1403715986084058112,1.2744994614854424e-08,1403715986284058112,82,True,87
0.7046620659441806,0.00636,0.07499999999999996,0.875,97,0.3913829550467787,6.0,,48,2.3925455758716248,0.6256060701805719,2.4527736793871466,2.922971166513051,True,0.8898491243294641,0.7918314640699139,6,0.027788392644010784,Raw,V1_03_difficult:1403715986084058112:1403715986284058112,0.040932,formal_public_module_evidence,0.013376597066580509,0.05463137180666677,0.06818216311855467,0.5438239524545028,1.0092191217310515,4,0,V1_03_difficult,5,OK,True,1990,1403715986084058112,2.184275611875517e-10,1403715986284058112,82,True,87
0.6401235448066094,0.002149,0.07499999999999996,0.875,97,0.4174751520498973,6.0,,48,2.3925455758716248,0.6256060701805719,2.4527736793871466,2.861062008041134,True,0.8898491243294641,0.7918314640699139,6,0.027788392644010784,Global-DoF,V1_03_difficult:1403715986084058112:1403715986284058112,0.040932,formal_public_module_evidence,0.013376597066580509,0.05463137180666677,0.06818216311855467,0.5438239524545028,1.0092191217310515,4,0,V1_03_difficult,5,OK,True,1990,1403715986084058112,2.184275611875517e-10,1403715986284058112,82,True,87
0.6046441816845505,1.292218,0.07499999999999996,0.875,97,0.4325527955655331,6.0,,48,2.3925455758716248,0.6256060701805719,2.4527736793871466,2.830426908741149,True,0.8898491243294641,0.7918314640699139,6,0.027788392644010784,DPR-Exact-Block,V1_03_difficult:1403715986084058112:1403715986284058112,0.040932,formal_public_module_evidence,0.013376597066580509,0.05463137180666677,0.06818216311855467,0.5438239524545028,1.0092191217310515,4,0,V1_03_difficult,5,OK,True,1990,1403715986084058112,2.184275611875517e-10,1403715986284058112,82,True,87
0.5772348795718126,0.326071,0.07499999999999996,0.875,97,0.4445727424879727,6.0,,48,2.3925455758716248,0.6256060701805719,2.4527736793871466,2.80834212017186,True,0.8898491243294641,0.7918314640699139,6,0.027788392644010784,DUC-K16,V1_03_difficult:1403715986084058112:1403715986284058112,0.040932,formal_public_module_evidence,0.013376597066580509,0.05463137180666677,0.06818216311855467,0.5438239524545028,1.0092191217310515,4,0,V1_03_difficult,5,OK,True,1990,1403715986084058112,2.184275611875517e-10,1403715986284058112,82,True,87
0.6200367713084771,0.107651,0.07499999999999996,0.875,97,0.4259456687413074,6.0,,48,2.3925455758716248,0.6256060701805719,2.4527736793871466,2.843429985716527,True,0.8898491243294641,0.7918314640699139,6,0.027788392644010784,Permuted-K16,V1_03_difficult:1403715986084058112:1403715986284058112,0.040932,formal_public_module_evidence,0.013376597066580509,0.05463137180666677,0.06818216311855467,0.5438239524545028,1.0092191217310515,4,0,V1_03_difficult,5,OK,True,1990,1403715986084058112,2.184275611875517e-10,1403715986284058112,82,True,87
,,,,78,,,INSUFFICIENT_TRACKS,16,,,,,,,,,,Raw,V1_03_difficult:1403715986584058112:1403715986784058112,,formal_public_module_evidence,,,,,,,,V1_03_difficult,,,,2000,1403715986584058112,,1403715986784058112,47,False,78
,,,,78,,,INSUFFICIENT_TRACKS,16,,,,,,,,,,Global-DoF,V1_03_difficult:1403715986584058112:1403715986784058112,,formal_public_module_evidence,,,,,,,,V1_03_difficult,,,,2000,1403715986584058112,,1403715986784058112,47,False,78
,,,,78,,,INSUFFICIENT_TRACKS,16,,,,,,,,,,DPR-Exact-Block,V1_03_difficult:1403715986584058112:1403715986784058112,,formal_public_module_evidence,,,,,,,,V1_03_difficult,,,,2000,1403715986584058112,,1403715986784058112,47,False,78
,,,,78,,,INSUFFICIENT_TRACKS,16,,,,,,,,,,DUC-K16,V1_03_difficult:1403715986584058112:1403715986784058112,,formal_public_module_evidence,,,,,,,,V1_03_difficult,,,,2000,1403715986584058112,,1403715986784058112,47,False,78
,,,,78,,,INSUFFICIENT_TRACKS,16,,,,,,,,,,Permuted-K16,V1_03_difficult:1403715986584058112:1403715986784058112,,formal_public_module_evidence,,,,,,,,V1_03_difficult,,,,2000,1403715986584058112,,1403715986784058112,47,False,78
,,,,78,,,INSUFFICIENT_TRACKS,48,,,,,,,,,,Raw,V1_03_difficult:1403715986584058112:1403715986784058112,,formal_public_module_evidence,,,,,,,,V1_03_difficult,,,,2000,1403715986584058112,,1403715986784058112,47,False,78
,,,,78,,,INSUFFICIENT_TRACKS,48,,,,,,,,,,Global-DoF,V1_03_difficult:1403715986584058112:1403715986784058112,,formal_public_module_evidence,,,,,,,,V1_03_difficult,,,,2000,1403715986584058112,,1403715986784058112,47,False,78
,,,,78,,,INSUFFICIENT_TRACKS,48,,,,,,,,,,DPR-Exact-Block,V1_03_difficult:1403715986584058112:1403715986784058112,,formal_public_module_evidence,,,,,,,,V1_03_difficult,,,,2000,1403715986584058112,,1403715986784058112,47,False,78
,,,,78,,,INSUFFICIENT_TRACKS,48,,,,,,,,,,DUC-K16,V1_03_difficult:1403715986584058112:1403715986784058112,,formal_public_module_evidence,,,,,,,,V1_03_difficult,,,,2000,1403715986584058112,,1403715986784058112,47,False,78
,,,,78,,,INSUFFICIENT_TRACKS,48,,,,,,,,,,Permuted-K16,V1_03_difficult:1403715986584058112:1403715986784058112,,formal_public_module_evidence,,,,,,,,V1_03_difficult,,,,2000,1403715986584058112,,1403715986784058112,47,False,78
,,,,146,,,INSUFFICIENT_TRACKS,16,,,,,,,,,,Raw,V1_03_difficult:1403715987084058112:1403715987284058112,,formal_public_module_evidence,,,,,,,,V1_03_difficult,,,,2010,1403715987084058112,,1403715987284058112,45,False,145
,,,,146,,,INSUFFICIENT_TRACKS,16,,,,,,,,,,Global-DoF,V1_03_difficult:1403715987084058112:1403715987284058112,,formal_public_module_evidence,,,,,,,,V1_03_difficult,,,,2010,1403715987084058112,,1403715987284058112,45,False,145
,,,,146,,,INSUFFICIENT_TRACKS,16,,,,,,,,,,DPR-Exact-Block,V1_03_difficult:1403715987084058112:1403715987284058112,,formal_public_module_evidence,,,,,,,,V1_03_difficult,,,,2010,1403715987084058112,,1403715987284058112,45,False,145
,,,,146,,,INSUFFICIENT_TRACKS,16,,,,,,,,,,DUC-K16,V1_03_difficult:1403715987084058112:1403715987284058112,,formal_public_module_evidence,,,,,,,,V1_03_difficult,,,,2010,1403715987084058112,,1403715987284058112,45,False,145
,,,,146,,,INSUFFICIENT_TRACKS,16,,,,,,,,,,Permuted-K16,V1_03_difficult:1403715987084058112:1403715987284058112,,formal_public_module_evidence,,,,,,,,V1_03_difficult,,,,2010,1403715987084058112,,1403715987284058112,45,False,145
,,,,146,,,INSUFFICIENT_TRACKS,48,,,,,,,,,,Raw,V1_03_difficult:1403715987084058112:1403715987284058112,,formal_public_module_evidence,,,,,,,,V1_03_difficult,,,,2010,1403715987084058112,,1403715987284058112,45,False,145
,,,,146,,,INSUFFICIENT_TRACKS,48,,,,,,,,,,Global-DoF,V1_03_difficult:1403715987084058112:1403715987284058112,,formal_public_module_evidence,,,,,,,,V1_03_difficult,,,,2010,1403715987084058112,,1403715987284058112,45,False,145
,,,,146,,,INSUFFICIENT_TRACKS,48,,,,,,,,,,DPR-Exact-Block,V1_03_difficult:1403715987084058112:1403715987284058112,,formal_public_module_evidence,,,,,,,,V1_03_difficult,,,,2010,1403715987084058112,,1403715987284058112,45,False,145
,,,,146,,,INSUFFICIENT_TRACKS,48,,,,,,,,,,DUC-K16,V1_03_difficult:1403715987084058112:1403715987284058112,,formal_public_module_evidence,,,,,,,,V1_03_difficult,,,,2010,1403715987084058112,,1403715987284058112,45,False,145
,,,,146,,,INSUFFICIENT_TRACKS,48,,,,,,,,,,Permuted-K16,V1_03_difficult:1403715987084058112:1403715987284058112,,formal_public_module_evidence,,,,,,,,V1_03_difficult,,,,2010,1403715987084058112,,1403715987284058112,45,False,145
4.094473676944286,0.0067,0.2833333333333333,0.6666666666666666,109,0.017655576981980777,5.999999999999998,,16,2.3956804558652136,0.1328742901466675,2.12994130779071,57.80892088068372,True,1.0293062729062368,1.0594714034441282,6,0.12799602696338508,Raw,V1_03_difficult:1403715987584058112:1403715987784058112,0.039249,formal_public_module_evidence,0.024384937195306322,0.07545962146596802,0.07870448838976608,0.37390704908868033,0.8581142836668785,0,0,V1_03_difficult,4,OK,True,2020,1403715987584058112,4.043018936819607e-10,1403715987784058112,83,True,102
3.886834312166042,0.0021,0.24166666666666659,0.7083333333333334,109,0.021729940900899417,5.999999999999998,,16,2.3956804558652136,0.1328742901466675,2.12994130779071,46.765107611061154,True,1.0293062729062368,1.0594714034441282,6,0.12799602696338508,Global-DoF,V1_03_difficult:1403715987584058112:1403715987784058112,0.039249,formal_public_module_evidence,0.024384937195306322,0.07545962146596802,0.07870448838976608,0.37390704908868033,0.8581142836668785,0,0,V1_03_difficult,4,OK,True,2020,1403715987584058112,4.043018936819607e-10,1403715987784058112,83,True,102
3.700569255985192,0.482081,0.24166666666666659,0.7083333333333334,109,0.026178962514038805,5.999999999999998,,16,2.3956804558652136,0.1328742901466675,2.12994130779071,38.66541370309731,True,1.0293062729062368,1.0594714034441282,6,0.12799602696338508,DPR-Exact-Block,V1_03_difficult:1403715987584058112:1403715987784058112,0.039249,formal_public_module_evidence,0.024384937195306322,0.07545962146596802,0.07870448838976608,0.37390704908868033,0.8581142836668785,0,0,V1_03_difficult,4,OK,True,2020,1403715987584058112,4.043018936819607e-10,1403715987784058112,83,True,102
3.580126625111108,0.185368,0.19999999999999996,0.75,109,0.029529765705859162,5.999999999999998,,16,2.3956804558652136,0.1328742901466675,2.12994130779071,34.1936041748131,True,1.0293062729062368,1.0594714034441282,6,0.12799602696338508,DUC-K16,V1_03_difficult:1403715987584058112:1403715987784058112,0.039249,formal_public_module_evidence,0.024384937195306322,0.07545962146596802,0.07870448838976608,0.37390704908868033,0.8581142836668785,0,0,V1_03_difficult,4,OK,True,2020,1403715987584058112,4.043018936819607e-10,1403715987784058112,83,True,102
3.8146752122679963,0.06924,0.24166666666666659,0.7083333333333334,109,0.023355912743092754,5.999999999999998,,16,2.3956804558652136,0.1328742901466675,2.12994130779071,43.44299292411642,True,1.0293062729062368,1.0594714034441282,6,0.12799602696338508,Permuted-K16,V1_03_difficult:1403715987584058112:1403715987784058112,0.039249,formal_public_module_evidence,0.024384937195306322,0.07545962146596802,0.07870448838976608,0.37390704908868033,0.8581142836668785,0,0,V1_03_difficult,4,OK,True,2020,1403715987584058112,4.043018936819607e-10,1403715987784058112,83,True,102
2.1154655892203142,0.006046,0.11666666666666659,0.8333333333333334,109,0.11302787542058712,5.999999999999999,,48,2.023482414160588,0.33619618591023176,2.1325985441211746,7.951202467368494,True,0.9681893433812766,0.9373906046370676,6,0.11796998412438287,Raw,V1_03_difficult:1403715987584058112:1403715987784058112,0.039727,formal_public_module_evidence,0.010391627726615615,0.04570661967223775,0.04975124234520073,0.4045276547198297,1.0,9,0,V1_03_difficult,5,OK,True,2020,1403715987584058112,5.610655698860237e-10,1403715987784058112,83,True,102
2.050927068082743,0.002106,0.11666666666666659,0.8333333333333334,109,0.12056306711529295,5.999999999999999,,48,2.023482414160588,0.33619618591023176,2.1325985441211746,7.497400600599015,True,0.9681893433812766,0.9373906046370676,6,0.11796998412438287,Global-DoF,V1_03_difficult:1403715987584058112:1403715987784058112,0.039727,formal_public_module_evidence,0.010391627726615615,0.04570661967223775,0.04975124234520073,0.4045276547198297,1.0,9,0,V1_03_difficult,5,OK,True,2020,1403715987584058112,5.610655698860237e-10,1403715987784058112,83,True,102
1.9667358186559567,1.286772,0.11666666666666659,0.8333333333333334,109,0.13115295585003814,5.999999999999999,,48,2.023482414160588,0.33619618591023176,2.1325985441211746,6.953794291165974,True,0.9681893433812766,0.9373906046370676,6,0.11796998412438287,DPR-Exact-Block,V1_03_difficult:1403715987584058112:1403715987784058112,0.039727,formal_public_module_evidence,0.010391627726615615,0.04570661967223775,0.04975124234520073,0.4045276547198297,1.0,9,0,V1_03_difficult,5,OK,True,2020,1403715987584058112,5.610655698860237e-10,1403715987784058112,83,True,102
1.8552212921149587,0.315533,0.11666666666666659,0.8333333333333334,109,0.14662506796953304,5.999999999999999,,48,2.023482414160588,0.33619618591023176,2.1325985441211746,6.311113397518942,True,0.9681893433812766,0.9373906046370676,6,0.11796998412438287,DUC-K16,V1_03_difficult:1403715987584058112:1403715987784058112,0.039727,formal_public_module_evidence,0.010391627726615615,0.04570661967223775,0.04975124234520073,0.4045276547198297,1.0,9,0,V1_03_difficult,5,OK,True,2020,1403715987584058112,5.610655698860237e-10,1403715987784058112,83,True,102
1.9211554968538245,0.105173,0.11666666666666659,0.8333333333333334,109,0.13726928297634147,5.999999999999999,,48,2.023482414160588,0.33619618591023176,2.1325985441211746,6.680910973898393,True,0.9681893433812766,0.9373906046370676,6,0.11796998412438287,Permuted-K16,V1_03_difficult:1403715987584058112:1403715987784058112,0.039727,formal_public_module_evidence,0.010391627726615615,0.04570661967223775,0.04975124234520073,0.4045276547198297,1.0,9,0,V1_03_difficult,5,OK,True,2020,1403715987584058112,5.610655698860237e-10,1403715987784058112,83,True,102
,,,,167,,,INSUFFICIENT_TRACKS,16,,,,,,,,,,Raw,V1_03_difficult:1403715988084058112:1403715988284058112,,formal_public_module_evidence,,,,,,,,V1_03_difficult,,,,2030,1403715988084058112,,1403715988284058112,2,False,140
,,,,167,,,INSUFFICIENT_TRACKS,16,,,,,,,,,,Global-DoF,V1_03_difficult:1403715988084058112:1403715988284058112,,formal_public_module_evidence,,,,,,,,V1_03_difficult,,,,2030,1403715988084058112,,1403715988284058112,2,False,140
,,,,167,,,INSUFFICIENT_TRACKS,16,,,,,,,,,,DPR-Exact-Block,V1_03_difficult:1403715988084058112:1403715988284058112,,formal_public_module_evidence,,,,,,,,V1_03_difficult,,,,2030,1403715988084058112,,1403715988284058112,2,False,140
,,,,167,,,INSUFFICIENT_TRACKS,16,,,,,,,,,,DUC-K16,V1_03_difficult:1403715988084058112:1403715988284058112,,formal_public_module_evidence,,,,,,,,V1_03_difficult,,,,2030,1403715988084058112,,1403715988284058112,2,False,140
,,,,167,,,INSUFFICIENT_TRACKS,16,,,,,,,,,,Permuted-K16,V1_03_difficult:1403715988084058112:1403715988284058112,,formal_public_module_evidence,,,,,,,,V1_03_difficult,,,,2030,1403715988084058112,,1403715988284058112,2,False,140
,,,,167,,,INSUFFICIENT_TRACKS,48,,,,,,,,,,Raw,V1_03_difficult:1403715988084058112:1403715988284058112,,formal_public_module_evidence,,,,,,,,V1_03_difficult,,,,2030,1403715988084058112,,1403715988284058112,2,False,140
,,,,167,,,INSUFFICIENT_TRACKS,48,,,,,,,,,,Global-DoF,V1_03_difficult:1403715988084058112:1403715988284058112,,formal_public_module_evidence,,,,,,,,V1_03_difficult,,,,2030,1403715988084058112,,1403715988284058112,2,False,140
,,,,167,,,INSUFFICIENT_TRACKS,48,,,,,,,,,,DPR-Exact-Block,V1_03_difficult:1403715988084058112:1403715988284058112,,formal_public_module_evidence,,,,,,,,V1_03_difficult,,,,2030,1403715988084058112,,1403715988284058112,2,False,140
,,,,167,,,INSUFFICIENT_TRACKS,48,,,,,,,,,,DUC-K16,V1_03_difficult:1403715988084058112:1403715988284058112,,formal_public_module_evidence,,,,,,,,V1_03_difficult,,,,2030,1403715988084058112,,1403715988284058112,2,False,140
,,,,167,,,INSUFFICIENT_TRACKS,48,,,,,,,,,,Permuted-K16,V1_03_difficult:1403715988084058112:1403715988284058112,,formal_public_module_evidence,,,,,,,,V1_03_difficult,,,,2030,1403715988084058112,,1403715988284058112,2,False,140
0.8276014748140401,0.006537,0.15833333333333333,0.7916666666666666,222,0.06740067267470279,5.999999999999998,,16,1.4625272280058654,0.25961639523478247,1.8981420917216856,1.4286015345109588,True,0.39268425870696794,0.15420092703624091,6,0.10915874947923654,Raw,V1_03_difficult:1403715988584058112:1403715988784058112,0.03882,formal_public_module_evidence,0.017701051913132648,0.07536437073490654,0.07323030900798466,0.25652129181154115,0.6735926634166589,0,0,V1_03_difficult,4,OK,True,2040,1403715988584058112,3.1241433047828606e-09,1403715988784058112,152,True,177
0.6199621100357956,0.002089,0.15833333333333333,0.7916666666666666,222,0.08295467406117266,5.999999999999998,,16,1.4625272280058654,0.25961639523478247,1.8981420917216856,1.207273758874493,True,0.39268425870696794,0.15420092703624091,6,0.10915874947923654,Global-DoF,V1_03_difficult:1403715988584058112:1403715988784058112,0.03882,formal_public_module_evidence,0.017701051913132648,0.07536437073490654,0.07323030900798466,0.25652129181154115,0.6735926634166589,0,0,V1_03_difficult,4,OK,True,2040,1403715988584058112,3.1241433047828606e-09,1403715988784058112,152,True,177
0.3112124025111539,0.490359,0.07499999999999996,0.875,222,0.11296116312836481,5.999999999999998,,16,1.4625272280058654,0.25961639523478247,1.8981420917216856,1.0222449945676206,True,0.39268425870696794,0.15420092703624091,6,0.10915874947923654,DPR-Exact-Block,V1_03_difficult:1403715988584058112:1403715988784058112,0.03882,formal_public_module_evidence,0.017701051913132648,0.07536437073490654,0.07323030900798466,0.25652129181154115,0.6735926634166589,0,0,V1_03_difficult,4,OK,True,2040,1403715988584058112,3.1241433047828606e-09,1403715988784058112,152,True,177
0.42680143990701,0.179389,0.11666666666666659,0.8333333333333334,222,0.10063046382155247,5.999999999999998,,16,1.4625272280058654,0.25961639523478247,1.8981420917216856,1.0739251888197856,True,0.39268425870696794,0.15420092703624091,6,0.10915874947923654,DUC-K16,V1_03_difficult:1403715988584058112:1403715988784058112,0.03882,formal_public_module_evidence,0.017701051913132648,0.07536437073490654,0.07323030900798466,0.25652129181154115,0.6735926634166589,0,0,V1_03_difficult,4,OK,True,2040,1403715988584058112,3.1241433047828606e-09,1403715988784058112,152,True,177
0.6771111457319422,0.069566,0.15833333333333333,0.7916666666666666,222,0.07834681580203393,5.999999999999998,,16,1.4625272280058654,0.25961639523478247,1.8981420917216856,1.2594508303856309,True,0.39268425870696794,0.15420092703624091,6,0.10915874947923654,Permuted-K16,V1_03_difficult:1403715988584058112:1403715988784058112,0.03882,formal_public_module_evidence,0.017701051913132648,0.07536437073490654,0.07323030900798466,0.25652129181154115,0.6735926634166589,0,0,V1_03_difficult,4,OK,True,2040,1403715988584058112,3.1241433047828606e-09,1403715988784058112,152,True,177
0.635856020847797,0.006503,0.11666666666666659,0.8333333333333334,222,0.08167508491830401,6.0,,48,0.718728006885458,0.2857885318173282,1.8961551311467746,1.221508947951281,True,0.3927526987427736,0.15425468236973186,6,0.02568126976826912,Raw,V1_03_difficult:1403715988584058112:1403715988784058112,0.039313,formal_public_module_evidence,0.012309662999822057,0.05344998451966739,0.05704213537781572,0.6302927403909867,1.6946454184616984,8,0,V1_03_difficult,4,OK,True,2040,1403715988584058112,4.237255270342187e-09,1403715988784058112,152,True,177
0.5713174997102258,0.002075,0.11666666666666659,0.8333333333333334,222,0.08712009057952429,6.0,,48,0.718728006885458,0.2857885318173282,1.8961551311467746,1.1680075838808772,True,0.3927526987427736,0.15425468236973186,6,0.02568126976826912,Global-DoF,V1_03_difficult:1403715988584058112:1403715988784058112,0.039313,formal_public_module_evidence,0.012309662999822057,0.05344998451966739,0.05704213537781572,0.6302927403909867,1.6946454184616984,8,0,V1_03_difficult,4,OK,True,2040,1403715988584058112,4.237255270342187e-09,1403715988784058112,152,True,177
0.47743958438260625,1.275328,0.07499999999999996,0.875,222,0.0956949409726266,6.0,,48,0.718728006885458,0.2857885318173282,1.8961551311467746,1.1032290938975475,True,0.3927526987427736,0.15425468236973186,6,0.02568126976826912,DPR-Exact-Block,V1_03_difficult:1403715988584058112:1403715988784058112,0.039313,formal_public_module_evidence,0.012309662999822057,0.05344998451966739,0.05704213537781572,0.6302927403909867,1.6946454184616984,8,0,V1_03_difficult,4,OK,True,2040,1403715988584058112,4.237255270342187e-09,1403715988784058112,152,True,177
0.5034563748220906,0.313874,0.07499999999999996,0.875,222,0.09323737337804998,6.0,,48,0.718728006885458,0.2857885318173282,1.8961551311467746,1.1197001596409397,True,0.3927526987427736,0.15425468236973186,6,0.02568126976826912,DUC-K16,V1_03_difficult:1403715988584058112:1403715988784058112,0.039313,formal_public_module_evidence,0.012309662999822057,0.05344998451966739,0.05704213537781572,0.6302927403909867,1.6946454184616984,8,0,V1_03_difficult,4,OK,True,2040,1403715988584058112,4.237255270342187e-09,1403715988784058112,152,True,177
0.5163454282427192,0.109346,0.11666666666666659,0.8333333333333334,222,0.09204334338007157,6.0,,48,0.718728006885458,0.2857885318173282,1.8961551311467746,1.1282731550053722,True,0.3927526987427736,0.15425468236973186,6,0.02568126976826912,Permuted-K16,V1_03_difficult:1403715988584058112:1403715988784058112,0.039313,formal_public_module_evidence,0.012309662999822057,0.05344998451966739,0.05704213537781572,0.6302927403909867,1.6946454184616984,8,0,V1_03_difficult,4,OK,True,2040,1403715988584058112,4.237255270342187e-09,1403715988784058112,152,True,177
