absolute_log_scale_ratio,calibration_time_ms,ce95,coverage95,detected_count,estimated_scale,exact_trace_sum,failure_reason,fit_budget,fit_min_depth_m,fit_rms_px,holdout_min_depth_m,holdout_nll,holdout_positive_depth,holdout_rms_px,holdout_scale,jacobian_rank,k16_vs_exact_scale_relative_error,method,pair_id,projection_basis_time_ms,provenance,random_gain_median_relative_error,random_gain_p95_relative_error,random_trace_mae,random_trace_median_relative_error,random_trace_p95_relative_error,random_trace_raw_negative_count,random_trace_raw_upper_count,sequence,solver_nfev,solver_reason,solver_success,start_index,start_timestamp_ns,stationarity_eta,target_timestamp_ns,tracked_count,valid,valid_disparity_count
,,,,160,,,INSUFFICIENT_TRACKS,16,,,,,,,,,,Raw,V1_02_medium:1403715528912143104:1403715529112143104,,formal_public_module_evidence,,,,,,,,V1_02_medium,,,,100,1403715528912143104,,1403715529112143104,48,False,87
,,,,160,,,INSUFFICIENT_TRACKS,16,,,,,,,,,,Global-DoF,V1_02_medium:1403715528912143104:1403715529112143104,,formal_public_module_evidence,,,,,,,,V1_02_medium,,,,100,1403715528912143104,,1403715529112143104,48,False,87
,,,,160,,,INSUFFICIENT_TRACKS,16,,,,,,,,,,DPR-Exact-Block,V1_02_medium:1403715528912143104:1403715529112143104,,formal_public_module_evidence,,,,,,,,V1_02_medium,,,,100,1403715528912143104,,1403715529112143104,48,False,87
,,,,160,,,INSUFFICIENT_TRACKS,16,,,,,,,,,,DUC-K16,V1_02_medium:1403715528912143104:1403715529112143104,,formal_public_module_evidence,,,,,,,,V1_02_medium,,,,100,1403715528912143104,,1403715529112143104,48,False,87
,,,,160,,,INSUFFICIENT_TRACKS,16,,,,,,,,,,Permuted-K16,V1_02_medium:1403715528912143104:1403715529112143104,,formal_public_module_evidence,,,,,,,,V1_02_medium,,,,100,1403715528912143104,,1403715529112143104,48,False,87
,,,,160,,,INSUFFICIENT_TRACKS,48,,,,,,,,,,Raw,V1_02_medium:1403715528912143104:1403715529112143104,,formal_public_module_evidence,,,,,,,,V1_02_medium,,,,100,1403715528912143104,,1403715529112143104,48,False,87
,,,,160,,,INSUFFICIENT_TRACKS,48,,,,,,,,,,Global-DoF,V1_02_medium:1403715528912143104:1403715529112143104,,formal_public_module_evidence,,,,,,,,V1_02_medium,,,,100,1403715528912143104,,1403715529112143104,48,False,87
,,,,160,,,INSUFFICIENT_TRACKS,48,,,,,,,,,,DPR-Exact-Block,V1_02_medium:1403715528912143104:1403715529112143104,,formal_public_module_evidence,,,,,,,,V1_02_medium,,,,100,1403715528912143104,,1403715529112143104,48,False,87
,,,,160,,,INSUFFICIENT_TRACKS,48,,,,,,,,,,DUC-K16,V1_02_medium:1403715528912143104:1403715529112143104,,formal_public_module_evidence,,,,,,,,V1_02_medium,,,,100,1403715528912143104,,1403715529112143104,48,False,87
,,,,160,,,INSUFFICIENT_TRACKS,48,,,,,,,,,,Permuted-K16,V1_02_medium:1403715528912143104:1403715529112143104,,formal_public_module_evidence,,,,,,,,V1_02_medium,,,,100,1403715528912143104,,1403715529112143104,48,False,87
0.468344034599535,0.006517,0.033333333333333326,0.9166666666666666,351,0.03463976953117375,6.000000000000001,,16,1.6577374414760242,0.18611762283882133,1.6651348148259428,0.07247106859337864,True,0.23522696863107978,0.05533172677136699,6,0.17475576500928702,Raw,V1_02_medium:1403715529412143104:1403715529612143104,0.059759,formal_public_module_evidence,0.019198075118508073,0.09151548870272253,0.10339672531772914,0.2977125813315825,0.7804874406710335,0,0,V1_02_medium,4,OK,True,110,1403715529412143104,3.190276609454267e-10,1403715529612143104,198,True,266
0.26070466982129054,0.002076,0.008333333333333415,0.9583333333333334,351,0.04263356249990616,6.000000000000001,,16,1.6577374414760242,0.18611762283882133,1.6651348148259428,-0.019392101144222556,True,0.23522696863107978,0.05533172677136699,6,0.17475576500928702,Global-DoF,V1_02_medium:1403715529412143104:1403715529612143104,0.059759,formal_public_module_evidence,0.019198075118508073,0.09151548870272253,0.10339672531772914,0.2977125813315825,0.7804874406710335,0,0,V1_02_medium,4,OK,True,110,1403715529412143104,3.190276609454267e-10,1403715529612143104,198,True,266
0.2212597278955435,0.513234,0.008333333333333415,0.9583333333333334,351,0.04434884817287408,6.000000000000001,,16,1.6577374414760242,0.18611762283882133,1.6651348148259428,-0.030144038125083816,True,0.23522696863107978,0.05533172677136699,6,0.17475576500928702,DPR-Exact-Block,V1_02_medium:1403715529412143104:1403715529612143104,0.059759,formal_public_module_evidence,0.019198075118508073,0.09151548870272253,0.10339672531772914,0.2977125813315825,0.7804874406710335,0,0,V1_02_medium,4,OK,True,110,1403715529412143104,3.190276609454267e-10,1403715529612143104,198,True,266
0.06019946147177917,0.235595,0.008333333333333415,0.9583333333333334,351,0.052099065062605414,6.000000000000001,,16,1.6577374414760242,0.18611762283882133,1.6651348148259428,-0.05468284588039696,True,0.23522696863107978,0.05533172677136699,6,0.17475576500928702,DUC-K16,V1_02_medium:1403715529412143104:1403715529612143104,0.059759,formal_public_module_evidence,0.019198075118508073,0.09151548870272253,0.10339672531772914,0.2977125813315825,0.7804874406710335,0,0,V1_02_medium,4,OK,True,110,1403715529412143104,3.190276609454267e-10,1403715529612143104,198,True,266
0.1835527027278594,0.074871,0.008333333333333415,0.9583333333333334,351,0.04605303938120332,6.000000000000001,,16,1.6577374414760242,0.18611762283882133,1.6651348148259428,-0.03860616535992186,True,0.23522696863107978,0.05533172677136699,6,0.17475576500928702,Permuted-K16,V1_02_medium:1403715529412143104:1403715529612143104,0.059759,formal_public_module_evidence,0.019198075118508073,0.09151548870272253,0.10339672531772914,0.2977125813315825,0.7804874406710335,0,0,V1_02_medium,4,OK,True,110,1403715529412143104,3.190276609454267e-10,1403715529612143104,198,True,266
0.07688419599135188,0.006689,0.07499999999999996,0.875,351,0.3142503177023283,6.0,,48,0.5322969289163986,0.5605803400961616,1.6408608846126704,1.7602286563153384,True,0.5825497949707957,0.33936426362051614,6,0.32654979605742396,Raw,V1_02_medium:1403715529412143104:1403715529612143104,0.045812,formal_public_module_evidence,0.012610771605401139,0.045315272614803406,0.060643775648016505,0.765001814320998,1.6063430117507762,5,0,V1_02_medium,8,OK,True,110,1403715529412143104,6.225412742930154e-08,1403715529612143104,198,True,266
0.012345674853780705,0.002015,0.07499999999999996,0.875,351,0.3352003388824835,6.0,,48,0.5322969289163986,0.5605803400961616,1.6408608846126704,1.7572723643008876,True,0.5825497949707957,0.33936426362051614,6,0.32654979605742396,Global-DoF,V1_02_medium:1403715529412143104:1403715529612143104,0.045812,formal_public_module_evidence,0.012610771605401139,0.045315272614803406,0.060643775648016505,0.765001814320998,1.6063430117507762,5,0,V1_02_medium,8,OK,True,110,1403715529412143104,6.225412742930154e-08,1403715529612143104,198,True,266
0.5921170827779397,1.276187,0.008333333333333415,0.9583333333333334,351,0.613506670667226,6.0,,48,0.5322969289163986,0.5605803400961616,1.6408608846126704,1.9024678940211277,True,0.5825497949707957,0.33936426362051614,6,0.32654979605742396,DPR-Exact-Block,V1_02_medium:1403715529412143104:1403715529612143104,0.045812,formal_public_module_evidence,0.012610771605401139,0.045315272614803406,0.060643775648016505,0.765001814320998,1.6063430117507762,5,0,V1_02_medium,8,OK,True,110,1403715529412143104,6.225412742930154e-08,1403715529612143104,198,True,266
0.19677586067312355,0.323905,0.033333333333333326,0.9166666666666666,351,0.4131661924809742,6.0,,48,0.5322969289163986,0.5605803400961616,1.6408608846126704,1.7753464176051132,True,0.5825497949707957,0.33936426362051614,6,0.32654979605742396,DUC-K16,V1_02_medium:1403715529412143104:1403715529612143104,0.045812,formal_public_module_evidence,0.012610771605401139,0.045315272614803406,0.060643775648016505,0.765001814320998,1.6063430117507762,5,0,V1_02_medium,8,OK,True,110,1403715529412143104,6.225412742930154e-08,1403715529612143104,198,True,266
0.011451271972300192,0.105372,0.07499999999999996,0.875,351,0.33550027714428127,6.0,,48,0.5322969289163986,0.5605803400961616,1.6408608846126704,1.7572616586780103,True,0.5825497949707957,0.33936426362051614,6,0.32654979605742396,Permuted-K16,V1_02_medium:1403715529412143104:1403715529612143104,0.045812,formal_public_module_evidence,0.012610771605401139,0.045315272614803406,0.060643775648016505,0.765001814320998,1.6063430117507762,5,0,V1_02_medium,8,OK,True,110,1403715529412143104,6.225412742930154e-08,1403715529612143104,198,True,266
0.8686090737441337,0.006027,0.07499999999999996,0.875,444,0.1825956764347726,6.0,,16,1.7898485330039788,0.42731215338996925,1.7569475660227758,2.520989221940452,True,0.6597225193609225,0.43523380255192273,6,0.00733916207943397,Raw,V1_02_medium:1403715529912143104:1403715530112143104,0.038035,formal_public_module_evidence,0.02844330832635783,0.11818245489352985,0.11536885473887148,0.2449688856954837,0.7581574136685201,1,0,V1_02_medium,4,OK,True,120,1403715529912143104,5.27515321980417e-12,1403715530112143104,296,True,420
0.6609697089658891,0.001978,0.07499999999999996,0.875,444,0.22473314022741242,6.0,,16,1.7898485330039788,0.42731215338996925,1.7569475660227758,2.2817048721386466,True,0.6597225193609225,0.43523380255192273,6,0.00733916207943397,Global-DoF,V1_02_medium:1403715529912143104:1403715530112143104,0.038035,formal_public_module_evidence,0.02844330832635783,0.11818245489352985,0.11536885473887148,0.2449688856954837,0.7581574136685201,1,0,V1_02_medium,4,OK,True,120,1403715529912143104,5.27515321980417e-12,1403715530112143104,296,True,420
0.6713527847630021,0.487396,0.07499999999999996,0.875,444,0.22241179122464447,6.0,,16,1.7898485330039788,0.42731215338996925,1.7569475660227758,2.291535138560991,True,0.6597225193609225,0.43523380255192273,6,0.00733916207943397,DPR-Exact-Block,V1_02_medium:1403715529912143104:1403715530112143104,0.038035,formal_public_module_evidence,0.02844330832635783,0.11818245489352985,0.11536885473887148,0.2449688856954837,0.7581574136685201,1,0,V1_02_medium,4,OK,True,120,1403715529912143104,5.27515321980417e-12,1403715530112143104,296,True,420
0.678719010992545,0.184618,0.07499999999999996,0.875,444,0.22077947504046957,6.0,,16,1.7898485330039788,0.42731215338996925,1.7569475660227758,2.2986369756276006,True,0.6597225193609225,0.43523380255192273,6,0.00733916207943397,DUC-K16,V1_02_medium:1403715529912143104:1403715530112143104,0.038035,formal_public_module_evidence,0.02844330832635783,0.11818245489352985,0.11536885473887148,0.2449688856954837,0.7581574136685201,1,0,V1_02_medium,4,OK,True,120,1403715529912143104,5.27515321980417e-12,1403715530112143104,296,True,420
0.54563076932304,0.070435,0.07499999999999996,0.875,444,0.25220760923508284,6.0,,16,1.7898485330039788,0.42731215338996925,1.7569475660227758,2.1860709375299705,True,0.6597225193609225,0.43523380255192273,6,0.00733916207943397,Permuted-K16,V1_02_medium:1403715529912143104:1403715530112143104,0.038035,formal_public_module_evidence,0.02844330832635783,0.11818245489352985,0.11536885473887148,0.2449688856954837,0.7581574136685201,1,0,V1_02_medium,4,OK,True,120,1403715529912143104,5.27515321980417e-12,1403715530112143104,296,True,420
0.9206701612326098,0.006366,0.07499999999999996,0.875,444,0.1758886001281005,6.0,,48,1.7879302957615724,0.4193907487392879,1.7571804598644105,2.610945210932133,True,0.6645686213841037,0.4416514525283682,6,0.024949907666844906,Raw,V1_02_medium:1403715529912143104:1403715530112143104,0.037398,formal_public_module_evidence,0.011908426284514662,0.044185791539103646,0.06007574572565224,0.44503011725861075,1.156721098553755,5,0,V1_02_medium,4,OK,True,120,1403715529912143104,5.762954095422881e-10,1403715530112143104,296,True,420
0.8561316400950387,0.002079,0.07499999999999996,0.875,444,0.18761450680330718,6.0,,48,1.7879302957615724,0.4193907487392879,1.7571804598644105,2.51854794565194,True,0.6645686213841037,0.4416514525283682,6,0.024949907666844906,Global-DoF,V1_02_medium:1403715529912143104:1403715530112143104,0.037398,formal_public_module_evidence,0.011908426284514662,0.044185791539103646,0.06007574572565224,0.44503011725861075,1.156721098553755,5,0,V1_02_medium,4,OK,True,120,1403715529912143104,5.762954095422881e-10,1403715530112143104,296,True,420
0.8530704860436711,1.297398,0.07499999999999996,0.875,444,0.1881897036448097,6.0,,48,1.7879302957615724,0.4193907487392879,1.7571804598644105,2.5144140486257593,True,0.6645686213841037,0.4416514525283682,6,0.024949907666844906,DPR-Exact-Block,V1_02_medium:1403715529912143104:1403715530112143104,0.037398,formal_public_module_evidence,0.011908426284514662,0.044185791539103646,0.06007574572565224,0.44503011725861075,1.156721098553755,5,0,V1_02_medium,4,OK,True,120,1403715529912143104,5.762954095422881e-10,1403715530112143104,296,True,420
0.8284267452164367,0.316648,0.07499999999999996,0.875,444,0.1928850193745986,6.0,,48,1.7879302957615724,0.4193907487392879,1.7571804598644105,2.481929646493843,True,0.6645686213841037,0.4416514525283682,6,0.024949907666844906,DUC-K16,V1_02_medium:1403715529912143104:1403715530112143104,0.037398,formal_public_module_evidence,0.011908426284514662,0.044185791539103646,0.06007574572565224,0.44503011725861075,1.156721098553755,5,0,V1_02_medium,4,OK,True,120,1403715529912143104,5.762954095422881e-10,1403715530112143104,296,True,420
0.8430346304307511,0.10874,0.07499999999999996,0.875,444,0.19008785720439944,6.0,,48,1.7879302957615724,0.4193907487392879,1.7571804598644105,2.5010151300351167,True,0.6645686213841037,0.4416514525283682,6,0.024949907666844906,Permuted-K16,V1_02_medium:1403715529912143104:1403715530112143104,0.037398,formal_public_module_evidence,0.011908426284514662,0.044185791539103646,0.06007574572565224,0.44503011725861075,1.156721098553755,5,0,V1_02_medium,4,OK,True,120,1403715529912143104,5.762954095422881e-10,1403715530112143104,296,True,420
1.184062438182154,0.006156,0.11666666666666659,0.8333333333333334,335,0.1556991068653494,5.999999999999999,,16,1.9782212383290236,0.3945872614078531,2.0607241659734052,3.2456689174353035,True,0.7132782023010718,0.5087657938778487,6,0.41561964004139185,Raw,V1_02_medium:1403715530412143104:1403715530612143104,0.037256,formal_public_module_evidence,0.029703777856750047,0.6058885611759028,0.13176137220222056,0.40955534790612663,1.013943948190225,0,0,V1_02_medium,4,OK,True,130,1403715530412143104,6.513081248379215e-09,1403715530612143104,210,True,326
0.9764230734039097,0.002045,0.07499999999999996,0.875,335,0.19162966998812234,5.999999999999999,,16,1.9782212383290236,0.3945872614078531,2.0607241659734052,2.8406291970689286,True,0.7132782023010718,0.5087657938778487,6,0.41561964004139185,Global-DoF,V1_02_medium:1403715530412143104:1403715530612143104,0.037256,formal_public_module_evidence,0.029703777856750047,0.6058885611759028,0.13176137220222056,0.40955534790612663,1.013943948190225,0,0,V1_02_medium,4,OK,True,130,1403715530412143104,6.513081248379215e-09,1403715530612143104,210,True,326
0.8174596949866497,0.452904,0.07499999999999996,0.875,335,0.22464650677570067,5.999999999999999,,16,1.9782212383290236,0.3945872614078531,2.0607241659734052,2.6093892683432287,True,0.7132782023010718,0.5087657938778487,6,0.41561964004139185,DPR-Exact-Block,V1_02_medium:1403715530412143104:1403715530612143104,0.037256,formal_public_module_evidence,0.029703777856750047,0.6058885611759028,0.13176137220222056,0.40955534790612663,1.013943948190225,0,0,V1_02_medium,4,OK,True,130,1403715530412143104,6.513081248379215e-09,1403715530612143104,210,True,326
0.4698923515887825,0.183403,0.07499999999999996,0.875,335,0.31801400705837346,5.999999999999999,,16,1.9782212383290236,0.3945872614078531,2.0607241659734052,2.292039182245386,True,0.7132782023010718,0.5087657938778487,6,0.41561964004139185,DUC-K16,V1_02_medium:1403715530412143104:1403715530612143104,0.037256,formal_public_module_evidence,0.029703777856750047,0.6058885611759028,0.13176137220222056,0.40955534790612663,1.013943948190225,0,0,V1_02_medium,4,OK,True,130,1403715530412143104,6.513081248379215e-09,1403715530612143104,210,True,326
0.586864489210553,0.071479,0.07499999999999996,0.875,335,0.2829084342896825,5.999999999999999,,16,1.9782212383290236,0.3945872614078531,2.0607241659734052,2.373585927856107,True,0.7132782023010718,0.5087657938778487,6,0.41561964004139185,Permuted-K16,V1_02_medium:1403715530412143104:1403715530612143104,0.037256,formal_public_module_evidence,0.029703777856750047,0.6058885611759028,0.13176137220222056,0.40955534790612663,1.013943948190225,0,0,V1_02_medium,4,OK,True,130,1403715530412143104,6.513081248379215e-09,1403715530612143104,210,True,326
0.22376051396332003,0.006174,0.07499999999999996,0.875,335,0.6530768329741709,5.999999999999999,,48,1.9686091138457664,0.8081316928410683,2.0511535283077986,2.662588012566672,True,0.9037974616218046,0.8168498516340175,6,0.1397444713141025,Raw,V1_02_medium:1403715530412143104:1403715530612143104,0.03816,formal_public_module_evidence,0.012697589075507887,0.048506713348630943,0.06571314261785603,0.5102274845209472,2.1686742913100505,5,0,V1_02_medium,4,OK,True,130,1403715530412143104,3.599364272476856e-09,1403715530612143104,210,True,326
0.159221992825749,0.001987,0.07499999999999996,0.875,335,0.6966152885057821,5.999999999999999,,48,1.9686091138457664,0.8081316928410683,2.0511535283077986,2.6489533186253595,True,0.9037974616218046,0.8168498516340175,6,0.1397444713141025,Global-DoF,V1_02_medium:1403715530412143104:1403715530612143104,0.03816,formal_public_module_evidence,0.012697589075507887,0.048506713348630943,0.06571314261785603,0.5102274845209472,2.1686742913100505,5,0,V1_02_medium,4,OK,True,130,1403715530412143104,3.599364272476856e-09,1403715530612143104,210,True,326
0.06612487337904577,1.288481,0.033333333333333326,0.9166666666666666,335,0.8726898043494629,5.999999999999999,,48,1.9686091138457664,0.8081316928410683,2.0511535283077986,2.637715932412673,True,0.9037974616218046,0.8168498516340175,6,0.1397444713141025,DPR-Exact-Block,V1_02_medium:1403715530412143104:1403715530612143104,0.03816,formal_public_module_evidence,0.012697589075507887,0.048506713348630943,0.06571314261785603,0.5102274845209472,2.1686742913100505,5,0,V1_02_medium,4,OK,True,130,1403715530412143104,3.599364272476856e-09,1403715530612143104,210,True,326
0.08440093410988794,0.318337,0.07499999999999996,0.875,335,0.7507362290194396,5.999999999999999,,48,1.9686091138457664,0.8081316928410683,2.0511535283077986,2.639241199918074,True,0.9037974616218046,0.8168498516340175,6,0.1397444713141025,DUC-K16,V1_02_medium:1403715530412143104:1403715530612143104,0.03816,formal_public_module_evidence,0.012697589075507887,0.048506713348630943,0.06571314261785603,0.5102274845209472,2.1686742913100505,5,0,V1_02_medium,4,OK,True,130,1403715530412143104,3.599364272476856e-09,1403715530612143104,210,True,326
0.15046898445915974,0.104823,0.07499999999999996,0.875,335,0.7027395316292466,5.999999999999999,,48,1.9686091138457664,0.8081316928410683,2.0511535283077986,2.6474873535315537,True,0.9037974616218046,0.8168498516340175,6,0.1397444713141025,Permuted-K16,V1_02_medium:1403715530412143104:1403715530612143104,0.03816,formal_public_module_evidence,0.012697589075507887,0.048506713348630943,0.06571314261785603,0.5102274845209472,2.1686742913100505,5,0,V1_02_medium,4,OK,True,130,1403715530412143104,3.599364272476856e-09,1403715530612143104,210,True,326
0.2903558474307242,0.006371,0.07499999999999996,0.875,183,0.13081546562357113,5.999999999999998,,16,2.2575995463544065,0.36168420704195964,2.190614370356069,1.1408125951106165,True,0.4181956555873219,0.17488760635210995,6,0.19927851574907662,Raw,V1_02_medium:1403715530912143104:1403715531112143104,0.042263,formal_public_module_evidence,0.03202692197014778,0.08363533018395813,0.12572746949803673,0.3854359888778244,0.9013372437473196,0,0,V1_02_medium,4,OK,True,140,1403715530912143104,4.604286313305103e-09,1403715531112143104,171,True,181
0.08271648265247997,0.001999,0.07499999999999996,0.875,183,0.16100364999824135,5.999999999999998,,16,2.2575995463544065,0.36168420704195964,2.190614370356069,1.097782621713054,True,0.4181956555873219,0.17488760635210995,6,0.19927851574907662,Global-DoF,V1_02_medium:1403715530912143104:1403715531112143104,0.042263,formal_public_module_evidence,0.03202692197014778,0.08363533018395813,0.12572746949803673,0.3854359888778244,0.9013372437473196,0,0,V1_02_medium,4,OK,True,140,1403715530912143104,4.604286313305103e-09,1403715531112143104,171,True,181
0.007245248732211318,0.449172,0.07499999999999996,0.875,183,0.1761593119088165,5.999999999999998,,16,2.2575995463544065,0.36168420704195964,2.190614370356069,1.094291489144715,True,0.4181956555873219,0.17488760635210995,6,0.19927851574907662,DPR-Exact-Block,V1_02_medium:1403715530912143104:1403715531112143104,0.042263,formal_public_module_evidence,0.03202692197014778,0.08363533018395813,0.12572746949803673,0.3854359888778244,0.9013372437473196,0,0,V1_02_medium,4,OK,True,140,1403715530912143104,4.604286313305103e-09,1403715531112143104,171,True,181
0.18896538783502723,0.177749,0.033333333333333326,0.9166666666666666,183,0.2112640781213841,5.999999999999998,,16,2.2575995463544065,0.36168420704195964,2.190614370356069,1.1110458521124464,True,0.4181956555873219,0.17488760635210995,6,0.19927851574907662,DUC-K16,V1_02_medium:1403715530912143104:1403715531112143104,0.042263,formal_public_module_evidence,0.03202692197014778,0.08363533018395813,0.12572746949803673,0.3854359888778244,0.9013372437473196,0,0,V1_02_medium,4,OK,True,140,1403715530912143104,4.604286313305103e-09,1403715531112143104,171,True,181
0.05565992047372214,0.069634,0.07499999999999996,0.875,183,0.1654193223482694,5.999999999999998,,16,2.2575995463544065,0.36168420704195964,2.190614370356069,1.095843462698128,True,0.4181956555873219,0.17488760635210995,6,0.19927851574907662,Permuted-K16,V1_02_medium:1403715530912143104:1403715531112143104,0.042263,formal_public_module_evidence,0.03202692197014778,0.08363533018395813,0.12572746949803673,0.3854359888778244,0.9013372437473196,0,0,V1_02_medium,4,OK,True,140,1403715530912143104,4.604286313305103e-09,1403715531112143104,171,True,181
0.7637980786703247,0.005877,0.050000000000000044,1.0,183,0.20508148935981976,5.999999999999999,,48,2.0664006096546657,0.4528592379093307,2.1930744828365962,0.7194227586523434,True,0.3091053955824127,0.09554614557815984,6,0.16034421190914228,Raw,V1_02_medium:1403715530912143104:1403715531112143104,0.038137,formal_public_module_evidence,0.01106124319805768,0.03394810857672336,0.056617338895558735,0.44236867904912425,1.0,6,0,V1_02_medium,5,OK,True,140,1403715530912143104,1.2723140440992403e-10,1403715531112143104,171,True,181
0.8283365998078959,0.001985,0.050000000000000044,1.0,183,0.21875358865047442,5.999999999999999,,48,2.0664006096546657,0.4528592379093307,2.1930744828365962,0.7548429321648996,True,0.3091053955824127,0.09554614557815984,6,0.16034421190914228,Global-DoF,V1_02_medium:1403715530912143104:1403715531112143104,0.038137,formal_public_module_evidence,0.01106124319805768,0.03394810857672336,0.056617338895558735,0.44236867904912425,1.0,6,0,V1_02_medium,5,OK,True,140,1403715530912143104,1.2723140440992403e-10,1403715531112143104,171,True,181
0.8668517389539483,1.296506,0.050000000000000044,1.0,183,0.22734326809281535,5.999999999999999,,48,2.0664006096546657,0.4528592379093307,2.1930744828365962,0.7768554534357169,True,0.3091053955824127,0.09554614557815984,6,0.16034421190914228,DPR-Exact-Block,V1_02_medium:1403715530912143104:1403715531112143104,0.038137,formal_public_module_evidence,0.01106124319805768,0.03394810857672336,0.056617338895558735,0.44236867904912425,1.0,6,0,V1_02_medium,5,OK,True,140,1403715530912143104,1.2723140440992403e-10,1403715531112143104,171,True,181
1.0155684344597082,0.319098,0.050000000000000044,1.0,183,0.26379644524800666,5.999999999999999,,48,2.0664006096546657,0.4528592379093307,2.1930744828365962,0.867496038782817,True,0.3091053955824127,0.09554614557815984,6,0.16034421190914228,DUC-K16,V1_02_medium:1403715530912143104:1403715531112143104,0.038137,formal_public_module_evidence,0.01106124319805768,0.03394810857672336,0.056617338895558735,0.44236867904912425,1.0,6,0,V1_02_medium,5,OK,True,140,1403715530912143104,1.2723140440992403e-10,1403715531112143104,171,True,181
0.8227197428228461,0.104861,0.050000000000000044,1.0,183,0.21752832531384989,5.999999999999999,,48,2.0664006096546657,0.4528592379093307,2.1930744828365962,0.7516862819402714,True,0.3091053955824127,0.09554614557815984,6,0.16034421190914228,Permuted-K16,V1_02_medium:1403715530912143104:1403715531112143104,0.038137,formal_public_module_evidence,0.01106124319805768,0.03394810857672336,0.056617338895558735,0.44236867904912425,1.0,6,0,V1_02_medium,5,OK,True,140,1403715530912143104,1.2723140440992403e-10,1403715531112143104,171,True,181
2.1904168731208316,0.005928,0.050000000000000044,1.0,190,2.7199439302131583,6.0,,16,2.1076363561199876,1.6492252515084647,1.9843775604672964,2.9503584358688943,True,0.5516161784469195,0.3042804083243837,6,0.027822686751900028,Raw,V1_02_medium:1403715531412143104:1403715531612143104,0.03748,formal_public_module_evidence,0.025075375187245785,0.06462611995601703,0.10178321972619998,0.22662046913239375,0.5947752963012743,0,0,V1_02_medium,5,OK,True,150,1403715531412143104,1.1034558691103266e-08,1403715531612143104,126,True,189
2.398056237899076,0.002161,0.050000000000000044,1.0,190,3.347623298723887,6.0,,16,2.1076363561199876,1.6492252515084647,1.9843775604672964,3.1370221562865765,True,0.5516161784469195,0.3042804083243837,6,0.027822686751900028,Global-DoF,V1_02_medium:1403715531412143104:1403715531612143104,0.03748,formal_public_module_evidence,0.025075375187245785,0.06462611995601703,0.10178321972619998,0.22662046913239375,0.5947752963012743,0,0,V1_02_medium,5,OK,True,150,1403715531412143104,1.1034558691103266e-08,1403715531612143104,126,True,189
2.421010621235211,0.482755,0.050000000000000044,1.0,190,3.4253546517771345,6.0,,16,2.1076363561199876,1.6492252515084647,1.9843775604672964,3.1579138775064415,True,0.5516161784469195,0.3042804083243837,6,0.027822686751900028,DPR-Exact-Block,V1_02_medium:1403715531412143104:1403715531612143104,0.03748,formal_public_module_evidence,0.025075375187245785,0.06462611995601703,0.10178321972619998,0.22662046913239375,0.5947752963012743,0,0,V1_02_medium,5,OK,True,150,1403715531412143104,1.1034558691103266e-08,1403715531612143104,126,True,189
2.4484532896867823,0.176641,0.050000000000000044,1.0,190,3.5206572212676934,6.0,,16,2.1076363561199876,1.6492252515084647,1.9843775604672964,3.182951910131949,True,0.5516161784469195,0.3042804083243837,6,0.027822686751900028,DUC-K16,V1_02_medium:1403715531412143104:1403715531612143104,0.03748,formal_public_module_evidence,0.025075375187245785,0.06462611995601703,0.10178321972619998,0.22662046913239375,0.5947752963012743,0,0,V1_02_medium,5,OK,True,150,1403715531412143104,1.1034558691103266e-08,1403715531612143104,126,True,189
2.352308562873767,0.075249,0.050000000000000044,1.0,190,3.197927539079884,6.0,,16,2.1076363561199876,1.6492252515084647,1.9843775604672964,3.0955292728115933,True,0.5516161784469195,0.3042804083243837,6,0.027822686751900028,Permuted-K16,V1_02_medium:1403715531412143104:1403715531612143104,0.03748,formal_public_module_evidence,0.025075375187245785,0.06462611995601703,0.10178321972619998,0.22662046913239375,0.5947752963012743,0,0,V1_02_medium,5,OK,True,150,1403715531412143104,1.1034558691103266e-08,1403715531612143104,126,True,189
2.1124311621935545,0.006624,0.050000000000000044,1.0,190,2.1249394372951813,6.0,,48,1.893778154928906,1.4577172007269383,1.9946634116085116,2.7125639435574995,True,0.5069494775496143,0.25699777278782693,6,0.002757059418720287,Raw,V1_02_medium:1403715531412143104:1403715531612143104,0.037374,formal_public_module_evidence,0.012935665180542621,0.03329237041533526,0.05234948804145214,0.4204090437824347,1.0189265670918997,4,0,V1_02_medium,6,OK,True,150,1403715531412143104,6.415835056898761e-10,1403715531612143104,126,True,189
2.176969683331125,0.001875,0.050000000000000044,1.0,190,2.2666020664481934,6.0,,48,1.893778154928906,1.4577172007269383,1.9946634116085116,2.7695434912404266,True,0.5069494775496143,0.25699777278782693,6,0.002757059418720287,Global-DoF,V1_02_medium:1403715531412143104:1403715531612143104,0.037374,formal_public_module_evidence,0.012935665180542621,0.03329237041533526,0.05234948804145214,0.4204090437824347,1.0189265670918997,4,0,V1_02_medium,6,OK,True,150,1403715531412143104,6.415835056898761e-10,1403715531612143104,126,True,189
2.2327906610897976,1.291008,0.050000000000000044,1.0,190,2.3967239901191193,6.0,,48,1.893778154928906,1.4577172007269383,1.9946634116085116,2.81920864022438,True,0.5069494775496143,0.25699777278782693,6,0.002757059418720287,DPR-Exact-Block,V1_02_medium:1403715531412143104:1403715531612143104,0.037374,formal_public_module_evidence,0.012935665180542621,0.03329237041533526,0.05234948804145214,0.4204090437824347,1.0189265670918997,4,0,V1_02_medium,6,OK,True,150,1403715531412143104,6.415835056898761e-10,1403715531612143104,126,True,189
2.2355439267916006,0.316607,0.050000000000000044,1.0,190,2.40333190057015,6.0,,48,1.893778154928906,1.4577172007269383,1.9946634116085116,2.82166708267273,True,0.5069494775496143,0.25699777278782693,6,0.002757059418720287,DUC-K16,V1_02_medium:1403715531412143104:1403715531612143104,0.037374,formal_public_module_evidence,0.012935665180542621,0.03329237041533526,0.05234948804145214,0.4204090437824347,1.0189265670918997,4,0,V1_02_medium,6,OK,True,150,1403715531412143104,6.415835056898761e-10,1403715531612143104,126,True,189
2.2164815596761622,0.107541,0.050000000000000044,1.0,190,2.3579525981714133,6.0,,48,1.893778154928906,1.4577172007269383,1.9946634116085116,2.804662682306938,True,0.5069494775496143,0.25699777278782693,6,0.002757059418720287,Permuted-K16,V1_02_medium:1403715531412143104:1403715531612143104,0.037374,formal_public_module_evidence,0.012935665180542621,0.03329237041533526,0.05234948804145214,0.4204090437824347,1.0189265670918997,4,0,V1_02_medium,6,OK,True,150,1403715531412143104,6.415835056898761e-10,1403715531612143104,126,True,189
0.8762990973985785,0.006471,0.11666666666666659,0.8333333333333334,217,1.7491287476760906,6.000000000000002,,16,2.0340114679743486,1.3225463121101244,1.6530314214335957,4.798988563634938,True,2.0497307671857676,4.201396217947955,6,0.09073019723536335,Raw,V1_02_medium:1403715531912143104:1403715532112143104,0.039731,formal_public_module_evidence,0.026644606159293538,0.06720490619782674,0.10135652740951966,0.32689243038227245,0.8088547915024851,0,0,V1_02_medium,4,OK,True,160,1403715531912143104,1.7614603252351825e-09,1403715532112143104,123,True,212
0.6686597326203338,0.001964,0.07499999999999996,0.875,217,2.1527738432936503,6.000000000000002,,16,2.0340114679743486,1.3225463121101244,1.6530314214335957,4.556254111213123,True,2.0497307671857676,4.201396217947955,6,0.09073019723536335,Global-DoF,V1_02_medium:1403715531912143104:1403715532112143104,0.039731,formal_public_module_evidence,0.026644606159293538,0.06720490619782674,0.10135652740951966,0.32689243038227245,0.8088547915024851,0,0,V1_02_medium,4,OK,True,160,1403715531912143104,1.7614603252351825e-09,1403715532112143104,123,True,212
0.7175653942144252,0.444823,0.07499999999999996,0.875,217,2.050024016968527,6.000000000000002,,16,2.0340114679743486,1.3225463121101244,1.6530314214335957,4.605166134436948,True,2.0497307671857676,4.201396217947955,6,0.09073019723536335,DPR-Exact-Block,V1_02_medium:1403715531912143104:1403715532112143104,0.039731,formal_public_module_evidence,0.026644606159293538,0.06720490619782674,0.10135652740951966,0.32689243038227245,0.8088547915024851,0,0,V1_02_medium,4,OK,True,160,1403715531912143104,1.7614603252351825e-09,1403715532112143104,123,True,212
0.6307180165395315,0.183606,0.07499999999999996,0.875,217,2.2360231003653133,6.000000000000002,,16,2.0340114679743486,1.3225463121101244,1.6530314214335957,4.521535171590203,True,2.0497307671857676,4.201396217947955,6,0.09073019723536335,DUC-K16,V1_02_medium:1403715531912143104:1403715532112143104,0.039731,formal_public_module_evidence,0.026644606159293538,0.06720490619782674,0.10135652740951966,0.32689243038227245,0.8088547915024851,0,0,V1_02_medium,4,OK,True,160,1403715531912143104,1.7614603252351825e-09,1403715532112143104,123,True,212
0.6504787079893133,0.069769,0.07499999999999996,0.875,217,2.192271442992914,6.000000000000002,,16,2.0340114679743486,1.3225463121101244,1.6530314214335957,4.539273294542129,True,2.0497307671857676,4.201396217947955,6,0.09073019723536335,Permuted-K16,V1_02_medium:1403715531912143104:1403715532112143104,0.039731,formal_public_module_evidence,0.026644606159293538,0.06720490619782674,0.10135652740951966,0.32689243038227245,0.8088547915024851,0,0,V1_02_medium,4,OK,True,160,1403715531912143104,1.7614603252351825e-09,1403715532112143104,123,True,212
0.4508557905358445,0.005638,0.008333333333333415,0.9583333333333334,217,6.7984208642595085,6.0,,48,1.6179544916081352,2.6073781590439675,1.652303918600327,4.391650134688492,True,2.0811430466240997,4.33115638051184,6,0.005458648642237884,Raw,V1_02_medium:1403715531912143104:1403715532112143104,0.038361,formal_public_module_evidence,0.010646464575333636,0.03442733345003599,0.05222113421522914,0.3915177628317824,1.0557549592402649,2,0,V1_02_medium,5,OK,True,160,1403715531912143104,5.874582106254966e-11,1403715532112143104,123,True,212
0.5153943116734159,0.001966,0.008333333333333415,0.9583333333333334,217,7.251648921876811,6.0,,48,1.6179544916081352,2.6073781590439675,1.652303918600327,4.416370986519197,True,2.0811430466240997,4.33115638051184,6,0.005458648642237884,Global-DoF,V1_02_medium:1403715531912143104:1403715532112143104,0.038361,formal_public_module_evidence,0.010646464575333636,0.03442733345003599,0.05222113421522914,0.3915177628317824,1.0557549592402649,2,0,V1_02_medium,5,OK,True,160,1403715531912143104,5.874582106254966e-11,1403715532112143104,123,True,212
0.53471010127072,1.304166,0.008333333333333415,0.9583333333333334,217,7.393081793123739,6.0,,48,1.6179544916081352,2.6073781590439675,1.652303918600327,4.424260836053855,True,2.0811430466240997,4.33115638051184,6,0.005458648642237884,DPR-Exact-Block,V1_02_medium:1403715531912143104:1403715532112143104,0.038361,formal_public_module_evidence,0.010646464575333636,0.03442733345003599,0.05222113421522914,0.3915177628317824,1.0557549592402649,2,0,V1_02_medium,5,OK,True,160,1403715531912143104,5.874582106254966e-11,1403715532112143104,123,True,212
0.5401539054862958,0.317019,0.008333333333333415,0.9583333333333334,217,7.4334380290157265,6.0,,48,1.6179544916081352,2.6073781590439675,1.652303918600327,4.426524111851286,True,2.0811430466240997,4.33115638051184,6,0.005458648642237884,DUC-K16,V1_02_medium:1403715531912143104:1403715532112143104,0.038361,formal_public_module_evidence,0.010646464575333636,0.03442733345003599,0.05222113421522914,0.3915177628317824,1.0557549592402649,2,0,V1_02_medium,5,OK,True,160,1403715531912143104,5.874582106254966e-11,1403715532112143104,123,True,212
0.4877131981870291,0.104195,0.008333333333333415,0.9583333333333334,217,7.053668012759864,6.0,,48,1.6179544916081352,2.6073781590439675,1.652303918600327,4.405453785838241,True,2.0811430466240997,4.33115638051184,6,0.005458648642237884,Permuted-K16,V1_02_medium:1403715531912143104:1403715532112143104,0.038361,formal_public_module_evidence,0.010646464575333636,0.03442733345003599,0.05222113421522914,0.3915177628317824,1.0557549592402649,2,0,V1_02_medium,5,OK,True,160,1403715531912143104,5.874582106254966e-11,1403715532112143104,123,True,212
2.5304673162093403,0.007278,0.24166666666666659,0.7083333333333334,292,0.2841109754604411,6.000000000000002,,16,1.6075629148636472,0.5330206144798164,1.6651799947888297,13.138860672454356,True,1.8889827919371625,3.5682559882347173,6,0.03276011674035462,Raw,V1_02_medium:1403715532412143104:1403715532612143104,0.03775,formal_public_module_evidence,0.03197963504739815,0.09020782776988101,0.09921559417468603,0.16413154917705014,0.9732064278878769,0,0,V1_02_medium,4,OK,True,170,1403715532412143104,6.965317364193235e-09,1403715532612143104,173,True,286
2.3228279514310963,0.002012,0.24166666666666659,0.7083333333333334,292,0.34967504672054284,6.000000000000002,,16,1.6075629148636472,0.5330206144798164,1.6651799947888297,10.991617418883472,True,1.8889827919371625,3.5682559882347173,6,0.03276011674035462,Global-DoF,V1_02_medium:1403715532412143104:1403715532612143104,0.03775,formal_public_module_evidence,0.03197963504739815,0.09020782776988101,0.09921559417468603,0.16413154917705014,0.9732064278878769,0,0,V1_02_medium,4,OK,True,170,1403715532412143104,6.965317364193235e-09,1403715532612143104,173,True,286
2.3586569992063833,0.465847,0.24166666666666659,0.7083333333333334,292,0.3373683086256798,6.000000000000002,,16,1.6075629148636472,0.5330206144798164,1.6651799947888297,11.328034368073086,True,1.8889827919371625,3.5682559882347173,6,0.03276011674035462,DPR-Exact-Block,V1_02_medium:1403715532412143104:1403715532612143104,0.03775,formal_public_module_evidence,0.03197963504739815,0.09020782776988101,0.09921559417468603,0.16413154917705014,0.9732064278878769,0,0,V1_02_medium,4,OK,True,170,1403715532412143104,6.965317364193235e-09,1403715532612143104,173,True,286
2.3264220560357773,0.178958,0.24166666666666659,0.7083333333333334,292,0.34842053380075305,6.000000000000002,,16,1.6075629148636472,0.5330206144798164,1.6651799947888297,11.02476531135347,True,1.8889827919371625,3.5682559882347173,6,0.03276011674035462,DUC-K16,V1_02_medium:1403715532412143104:1403715532612143104,0.03775,formal_public_module_evidence,0.03197963504739815,0.09020782776988101,0.09921559417468603,0.16413154917705014,0.9732064278878769,0,0,V1_02_medium,4,OK,True,170,1403715532412143104,6.965317364193235e-09,1403715532612143104,173,True,286
2.2769245710382737,0.070417,0.24166666666666659,0.7083333333333334,292,0.366100419383651,6.000000000000002,,16,1.6075629148636472,0.5330206144798164,1.6651799947888297,10.579688564392088,True,1.8889827919371625,3.5682559882347173,6,0.03276011674035462,Permuted-K16,V1_02_medium:1403715532412143104:1403715532612143104,0.03775,formal_public_module_evidence,0.03197963504739815,0.09020782776988101,0.09921559417468603,0.16413154917705014,0.9732064278878769,0,0,V1_02_medium,4,OK,True,170,1403715532412143104,6.965317364193235e-09,1403715532612143104,173,True,286
2.0902368168131904,0.006455,0.15833333333333333,0.7916666666666666,292,0.4162364787902701,6.0,,48,1.6020637981550343,0.6451639162184057,1.6606575814389608,9.048205379684537,True,1.8346753550131436,3.3660336582926043,6,0.004499574143494112,Raw,V1_02_medium:1403715532412143104:1403715532612143104,0.037606,formal_public_module_evidence,0.011966613817794625,0.03479514753213722,0.054034374644174855,0.44190648084421214,1.122794381211819,2,0,V1_02_medium,4,OK,True,170,1403715532412143104,1.6469892550864462e-09,1403715532612143104,173,True,286
2.0256982956756193,0.002022,0.15833333333333333,0.7916666666666666,292,0.44398557737628813,6.0,,48,1.6020637981550343,0.6451639162184057,1.6606575814389608,8.607317023642294,True,1.8346753550131436,3.3660336582926043,6,0.004499574143494112,Global-DoF,V1_02_medium:1403715532412143104:1403715532612143104,0.037606,formal_public_module_evidence,0.011966613817794625,0.03479514753213722,0.054034374644174855,0.44190648084421214,1.122794381211819,2,0,V1_02_medium,4,OK,True,170,1403715532412143104,1.6469892550864462e-09,1403715532612143104,173,True,286
2.0310964281360393,1.287616,0.15833333333333333,0.7916666666666666,292,0.4415953416279388,6.0,,48,1.6020637981550343,0.6451639162184057,1.6606575814389608,8.642954969106457,True,1.8346753550131436,3.3660336582926043,6,0.004499574143494112,DPR-Exact-Block,V1_02_medium:1403715532412143104:1403715532612143104,0.037606,formal_public_module_evidence,0.011966613817794625,0.03479514753213722,0.054034374644174855,0.44190648084421214,1.122794381211819,2,0,V1_02_medium,4,OK,True,170,1403715532412143104,1.6469892550864462e-09,1403715532612143104,173,True,286
2.035606155832494,0.320365,0.15833333333333333,0.7916666666666666,292,0.43960835064686227,6.0,,48,1.6020637981550343,0.6451639162184057,1.6606575814389608,8.672897994622488,True,1.8346753550131436,3.3660336582926043,6,0.004499574143494112,DUC-K16,V1_02_medium:1403715532412143104:1403715532612143104,0.037606,formal_public_module_evidence,0.011966613817794625,0.03479514753213722,0.054034374644174855,0.44190648084421214,1.122794381211819,2,0,V1_02_medium,4,OK,True,170,1403715532412143104,1.6469892550864462e-09,1403715532612143104,173,True,286
2.0319264298241166,0.104472,0.15833333333333333,0.7916666666666666,292,0.441228968815,6.0,,48,1.6020637981550343,0.6451639162184057,1.6606575814389608,8.648454231137643,True,1.8346753550131436,3.3660336582926043,6,0.004499574143494112,Permuted-K16,V1_02_medium:1403715532412143104:1403715532612143104,0.037606,formal_public_module_evidence,0.011966613817794625,0.03479514753213722,0.054034374644174855,0.44190648084421214,1.122794381211819,2,0,V1_02_medium,4,OK,True,170,1403715532412143104,1.6469892550864462e-09,1403715532612143104,173,True,286
0.493233094037025,0.006347,0.033333333333333326,0.9166666666666666,350,1.0159785965910393,6.0,,16,1.610865812431886,1.0079576363077167,1.6280214473946615,3.4913315412072037,True,1.2898716126098784,1.6637687770168081,6,0.011224424511904196,Raw,V1_02_medium:1403715532912143104:1403715533112143104,0.037629,formal_public_module_evidence,0.023105649781580695,0.0471642689069425,0.0848134852395966,0.20662704532385567,0.8984280994864106,1,0,V1_02_medium,5,OK,True,180,1403715532912143104,1.297657602293262e-08,1403715533112143104,128,True,339
0.28559372925878024,0.002031,0.033333333333333326,0.9166666666666666,350,1.2504351958043562,6.0,,16,1.610865812431886,1.0079576363077167,1.6280214473946615,3.3919204949459103,True,1.2898716126098784,1.6637687770168081,6,0.011224424511904196,Global-DoF,V1_02_medium:1403715532912143104:1403715533112143104,0.037629,formal_public_module_evidence,0.023105649781580695,0.0471642689069425,0.0848134852395966,0.20662704532385567,0.8984280994864106,1,0,V1_02_medium,5,OK,True,180,1403715532912143104,1.297657602293262e-08,1403715533112143104,128,True,339
0.2709758741955094,0.482899,0.033333333333333326,0.9166666666666666,350,1.2688481271692766,6.0,,16,1.610865812431886,1.0079576363077167,1.6280214473946615,3.38723000403807,True,1.2898716126098784,1.6637687770168081,6,0.011224424511904196,DPR-Exact-Block,V1_02_medium:1403715532912143104:1403715533112143104,0.037629,formal_public_module_evidence,0.023105649781580695,0.0471642689069425,0.0848134852395966,0.20662704532385567,0.8984280994864106,1,0,V1_02_medium,5,OK,True,180,1403715532912143104,1.297657602293262e-08,1403715533112143104,128,True,339
0.25981397608950946,0.178132,0.033333333333333326,0.9166666666666666,350,1.2830902171897591,6.0,,16,1.610865812431886,1.0079576363077167,1.6280214473946615,3.383837316041941,True,1.2898716126098784,1.6637687770168081,6,0.011224424511904196,DUC-K16,V1_02_medium:1403715532912143104:1403715533112143104,0.037629,formal_public_module_evidence,0.023105649781580695,0.0471642689069425,0.0848134852395966,0.20662704532385567,0.8984280994864106,1,0,V1_02_medium,5,OK,True,180,1403715532912143104,1.297657602293262e-08,1403715533112143104,128,True,339
0.26856903710372715,0.068816,0.033333333333333326,0.9166666666666666,350,1.2719057159886606,6.0,,16,1.610865812431886,1.0079576363077167,1.6280214473946615,3.386484686676452,True,1.2898716126098784,1.6637687770168081,6,0.011224424511904196,Permuted-K16,V1_02_medium:1403715532912143104:1403715533112143104,0.037629,formal_public_module_evidence,0.023105649781580695,0.0471642689069425,0.0848134852395966,0.20662704532385567,0.8984280994864106,1,0,V1_02_medium,5,OK,True,180,1403715532912143104,1.297657602293262e-08,1403715533112143104,128,True,339
2.13909738536964,0.006326,0.050000000000000044,1.0,350,12.614306163103493,6.0,,48,1.5761918132477546,3.5516624506142884,1.6489706882909534,4.490469733993035,True,1.218800400990687,1.4854744174550591,6,0.06733057046050539,Raw,V1_02_medium:1403715532912143104:1403715533112143104,0.038238,formal_public_module_evidence,0.01297794479033021,0.05631827772557165,0.06879151418654972,0.501124961722241,1.8351310541941996,6,0,V1_02_medium,5,OK,True,180,1403715532912143104,5.402539621203905e-10,1403715533112143104,128,True,339
2.203635906507211,0.002054,0.050000000000000044,1.0,350,13.455259907310392,6.0,,48,1.5761918132477546,3.5516624506142884,1.6489706882909534,4.547648187133961,True,1.218800400990687,1.4854744174550591,6,0.06733057046050539,Global-DoF,V1_02_medium:1403715532912143104:1403715533112143104,0.038238,formal_public_module_evidence,0.01297794479033021,0.05631827772557165,0.06879151418654972,0.501124961722241,1.8351310541941996,6,0,V1_02_medium,5,OK,True,180,1403715532912143104,5.402539621203905e-10,1403715533112143104,128,True,339
2.2498427969785104,1.288721,0.050000000000000044,1.0,350,14.091573452427731,6.0,,48,1.5761918132477546,3.5516624506142884,1.6489706882909534,4.588869852596436,True,1.218800400990687,1.4854744174550591,6,0.06733057046050539,DPR-Exact-Block,V1_02_medium:1403715532912143104:1403715533112143104,0.038238,formal_public_module_evidence,0.01297794479033021,0.05631827772557165,0.06879151418654972,0.501124961722241,1.8351310541941996,6,0,V1_02_medium,5,OK,True,180,1403715532912143104,5.402539621203905e-10,1403715533112143104,128,True,339
2.3150035343061566,0.326296,0.050000000000000044,1.0,350,15.040367131665805,6.0,,48,1.5761918132477546,3.5516624506142884,1.6489706882909534,4.647380629916047,True,1.218800400990687,1.4854744174550591,6,0.06733057046050539,DUC-K16,V1_02_medium:1403715532912143104:1403715533112143104,0.038238,formal_public_module_evidence,0.01297794479033021,0.05631827772557165,0.06879151418654972,0.501124961722241,1.8351310541941996,6,0,V1_02_medium,5,OK,True,180,1403715532912143104,5.402539621203905e-10,1403715533112143104,128,True,339
2.163450706787999,0.106414,0.050000000000000044,1.0,350,12.925277640528407,6.0,,48,1.5761918132477546,3.5516624506142884,1.6489706882909534,4.511989821145927,True,1.218800400990687,1.4854744174550591,6,0.06733057046050539,Permuted-K16,V1_02_medium:1403715532912143104:1403715533112143104,0.038238,formal_public_module_evidence,0.01297794479033021,0.05631827772557165,0.06879151418654972,0.501124961722241,1.8351310541941996,6,0,V1_02_medium,5,OK,True,180,1403715532912143104,5.402539621203905e-10,1403715533112143104,128,True,339
0.459924548064916,0.006491,0.07499999999999996,0.875,301,2.8628374107778787,6.0,,16,1.7417887871061208,1.6919921426466136,1.8832183445204755,4.473644769160033,True,2.1294609900440387,4.534604108119338,6,0.0894664869381292,Raw,V1_02_medium:1403715533412143104:1403715533612143104,0.037057,formal_public_module_evidence,0.024175534151508804,0.09376337260242945,0.1046956688826119,0.31517247502545553,0.781375437944232,1,0,V1_02_medium,6,OK,True,190,1403715533412143104,1.3415800551582608e-08,1403715533612143104,140,True,244
0.25228518328667177,0.002061,0.07499999999999996,0.875,301,3.5234921978804654,6.0,,16,1.7417887871061208,1.6919921426466136,1.8832183445204755,4.384292671177788,True,2.1294609900440387,4.534604108119338,6,0.0894664869381292,Global-DoF,V1_02_medium:1403715533412143104:1403715533612143104,0.037057,formal_public_module_evidence,0.024175534151508804,0.09376337260242945,0.1046956688826119,0.31517247502545553,0.781375437944232,1,0,V1_02_medium,6,OK,True,190,1403715533412143104,1.3415800551582608e-08,1403715533612143104,140,True,244
0.0011108016111839151,0.488743,0.07499999999999996,0.875,301,4.52956985911355,6.0,,16,1.7417887871061208,1.6919921426466136,1.8832183445204755,4.349615466337608,True,2.1294609900440387,4.534604108119338,6,0.0894664869381292,DPR-Exact-Block,V1_02_medium:1403715533412143104:1403715533612143104,0.037057,formal_public_module_evidence,0.024175534151508804,0.09376337260242945,0.1046956688826119,0.31517247502545553,0.781375437944232,1,0,V1_02_medium,6,OK,True,190,1403715533412143104,1.3415800551582608e-08,1403715533612143104,140,True,244
0.08457731327982276,0.176653,0.07499999999999996,0.875,301,4.934814561749276,6.0,,16,1.7417887871061208,1.6919921426466136,1.8832183445204755,4.353092771859349,True,2.1294609900440387,4.534604108119338,6,0.0894664869381292,DUC-K16,V1_02_medium:1403715533412143104:1403715533612143104,0.037057,formal_public_module_evidence,0.024175534151508804,0.09376337260242945,0.1046956688826119,0.31517247502545553,0.781375437944232,1,0,V1_02_medium,6,OK,True,190,1403715533412143104,1.3415800551582608e-08,1403715533612143104,140,True,244
0.0858124680857187,0.068804,0.07499999999999996,0.875,301,4.16170695017321,6.0,,16,1.7417887871061208,1.6919921426466136,1.8832183445204755,4.353404355083545,True,2.1294609900440387,4.534604108119338,6,0.0894664869381292,Permuted-K16,V1_02_medium:1403715533412143104:1403715533612143104,0.037057,formal_public_module_evidence,0.024175534151508804,0.09376337260242945,0.1046956688826119,0.31517247502545553,0.781375437944232,1,0,V1_02_medium,6,OK,True,190,1403715533412143104,1.3415800551582608e-08,1403715533612143104,140,True,244
0.5400525121659262,0.006054,0.033333333333333326,0.9166666666666666,301,4.685197042717708,6.0,,48,1.689428179578446,2.164531598918738,1.8651511178725502,3.9650026912306586,True,1.6523156535523023,2.730147018973972,6,0.009454199380134032,Raw,V1_02_medium:1403715533412143104:1403715533612143104,0.037857,formal_public_module_evidence,0.012085328732557299,0.026665637965371067,0.045393507100066934,0.41727956932961185,1.0,5,0,V1_02_medium,5,OK,True,190,1403715533412143104,2.0518899389759994e-10,1403715533612143104,140,True,244
0.6045910333034976,0.001915,0.033333333333333326,0.9166666666666666,301,4.997543512232223,6.0,,48,1.689428179578446,2.164531598918738,1.8651511178725502,3.993121359130447,True,1.6523156535523023,2.730147018973972,6,0.009454199380134032,Global-DoF,V1_02_medium:1403715533412143104:1403715533612143104,0.037857,formal_public_module_evidence,0.012085328732557299,0.026665637965371067,0.045393507100066934,0.41727956932961185,1.0,5,0,V1_02_medium,5,OK,True,190,1403715533412143104,2.0518899389759994e-10,1403715533612143104,140,True,244
0.6790562094378338,1.293321,0.008333333333333415,0.9583333333333334,301,5.383892740731124,6.0,,48,1.689428179578446,2.164531598918738,1.8651511178725502,4.028384095102825,True,1.6523156535523023,2.730147018973972,6,0.009454199380134032,DPR-Exact-Block,V1_02_medium:1403715533412143104:1403715533612143104,0.037857,formal_public_module_evidence,0.012085328732557299,0.026665637965371067,0.045393507100066934,0.41727956932961185,1.0,5,0,V1_02_medium,5,OK,True,190,1403715533412143104,2.0518899389759994e-10,1403715533612143104,140,True,244
0.6884659975707728,0.318752,0.008333333333333415,0.9583333333333334,301,5.434793136143252,6.0,,48,1.689428179578446,2.164531598918738,1.8651511178725502,4.033044603252539,True,1.6523156535523023,2.730147018973972,6,0.009454199380134032,DUC-K16,V1_02_medium:1403715533412143104:1403715533612143104,0.037857,formal_public_module_evidence,0.012085328732557299,0.026665637965371067,0.045393507100066934,0.41727956932961185,1.0,5,0,V1_02_medium,5,OK,True,190,1403715533412143104,2.0518899389759994e-10,1403715533612143104,140,True,244
0.6257534796283052,0.104122,0.008333333333333415,0.9583333333333334,301,5.104430767381731,6.0,,48,1.689428179578446,2.164531598918738,1.8651511178725502,4.00284427872954,True,1.6523156535523023,2.730147018973972,6,0.009454199380134032,Permuted-K16,V1_02_medium:1403715533412143104:1403715533612143104,0.037857,formal_public_module_evidence,0.012085328732557299,0.026665637965371067,0.045393507100066934,0.41727956932961185,1.0,5,0,V1_02_medium,5,OK,True,190,1403715533412143104,2.0518899389759994e-10,1403715533612143104,140,True,244
0.9636753159252045,0.0063,0.11666666666666659,0.8333333333333334,209,0.24608053736389207,6.0,,16,2.1377660542985466,0.49606505356040964,2.1671299016271135,3.0570936014605876,True,0.8031525993632832,0.6450540978639985,6,0.0648620168848888,Raw,V1_02_medium:1403715533912143104:1403715534112143104,0.037712,formal_public_module_evidence,0.03853963395194249,0.09562404312065748,0.12406230320228769,0.5131081593689321,1.2535806284544886,0,0,V1_02_medium,5,OK,True,200,1403715533912143104,3.5753171810323966e-10,1403715534112143104,123,True,181
0.7560359511469601,0.00211,0.11666666666666659,0.8333333333333334,209,0.3028683536786364,6.0,,16,2.1377660542985466,0.49606505356040964,2.1671299016271135,2.7732367892346006,True,0.8031525993632832,0.6450540978639985,6,0.0648620168848888,Global-DoF,V1_02_medium:1403715533912143104:1403715534112143104,0.037712,formal_public_module_evidence,0.03853963395194249,0.09562404312065748,0.12406230320228769,0.5131081593689321,1.2535806284544886,0,0,V1_02_medium,5,OK,True,200,1403715533912143104,3.5753171810323966e-10,1403715534112143104,123,True,181
0.6276350933480638,0.491228,0.07499999999999996,0.875,209,0.34436395010672427,6.0,,16,2.1377660542985466,0.49606505356040964,2.1671299016271135,2.6449963319290046,True,0.8031525993632832,0.6450540978639985,6,0.0648620168848888,DPR-Exact-Block,V1_02_medium:1403715533912143104:1403715534112143104,0.037712,formal_public_module_evidence,0.03853963395194249,0.09562404312065748,0.12406230320228769,0.5131081593689321,1.2535806284544886,0,0,V1_02_medium,5,OK,True,200,1403715533912143104,3.5753171810323966e-10,1403715534112143104,123,True,181
0.5647898641909388,0.17784,0.07499999999999996,0.875,209,0.36670009045309365,6.0,,16,2.1377660542985466,0.49606505356040964,2.1671299016271135,2.5937442077540793,True,0.8031525993632832,0.6450540978639985,6,0.0648620168848888,DUC-K16,V1_02_medium:1403715533912143104:1403715534112143104,0.037712,formal_public_module_evidence,0.03853963395194249,0.09562404312065748,0.12406230320228769,0.5131081593689321,1.2535806284544886,0,0,V1_02_medium,5,OK,True,200,1403715533912143104,3.5753171810323966e-10,1403715534112143104,123,True,181
0.6520726594376473,0.070519,0.07499999999999996,0.875,209,0.3360505269545029,6.0,,16,2.1377660542985466,0.49606505356040964,2.1671299016271135,2.6668985240634027,True,0.8031525993632832,0.6450540978639985,6,0.0648620168848888,Permuted-K16,V1_02_medium:1403715533912143104:1403715534112143104,0.037712,formal_public_module_evidence,0.03853963395194249,0.09562404312065748,0.12406230320228769,0.5131081593689321,1.2535806284544886,0,0,V1_02_medium,5,OK,True,200,1403715533912143104,3.5753171810323966e-10,1403715534112143104,123,True,181
0.6989320943252778,0.006117,0.050000000000000044,1.0,209,0.9770912426516304,6.0,,48,2.073978813245268,0.988479257572778,2.170400280301093,2.3118177190602904,True,0.6969415943540068,0.4857275859407049,6,0.017199339526364432,Raw,V1_02_medium:1403715533912143104:1403715534112143104,0.037883,formal_public_module_evidence,0.009855368039193457,0.0418405606978726,0.0571069419607911,0.5369786620421635,1.526454839083961,3,0,V1_02_medium,5,OK,True,200,1403715533912143104,1.2017094645462427e-08,1403715534112143104,123,True,181
0.7634706154628489,0.001999,0.050000000000000044,1.0,209,1.0422306588284056,6.0,,48,2.073978813245268,0.988479257572778,2.170400280301093,2.3452864968656946,True,0.6969415943540068,0.4857275859407049,6,0.017199339526364432,Global-DoF,V1_02_medium:1403715533912143104:1403715534112143104,0.037883,formal_public_module_evidence,0.009855368039193457,0.0418405606978726,0.0571069419607911,0.5369786620421635,1.526454839083961,3,0,V1_02_medium,5,OK,True,200,1403715533912143104,1.2017094645462427e-08,1403715534112143104,123,True,181
0.83420908581299,1.291976,0.050000000000000044,1.0,209,1.1186266760405643,6.0,,48,2.073978813245268,0.988479257572778,2.170400280301093,2.3841965918889163,True,0.6969415943540068,0.4857275859407049,6,0.017199339526364432,DPR-Exact-Block,V1_02_medium:1403715533912143104:1403715534112143104,0.037883,formal_public_module_evidence,0.009855368039193457,0.0418405606978726,0.0571069419607911,0.5369786620421635,1.526454839083961,3,0,V1_02_medium,5,OK,True,200,1403715533912143104,1.2017094645462427e-08,1403715534112143104,123,True,181
0.8168601195102475,0.321511,0.050000000000000044,1.0,209,1.0993870360360942,6.0,,48,2.073978813245268,0.988479257572778,2.170400280301093,2.3744465815444293,True,0.6969415943540068,0.4857275859407049,6,0.017199339526364432,DUC-K16,V1_02_medium:1403715533912143104:1403715534112143104,0.037883,formal_public_module_evidence,0.009855368039193457,0.0418405606978726,0.0571069419607911,0.5369786620421635,1.526454839083961,3,0,V1_02_medium,5,OK,True,200,1403715533912143104,1.2017094645462427e-08,1403715534112143104,123,True,181
0.7381877072742181,0.106927,0.050000000000000044,1.0,209,1.0162103572726482,6.0,,48,2.073978813245268,0.988479257572778,2.170400280301093,2.3319368082852465,True,0.6969415943540068,0.4857275859407049,6,0.017199339526364432,Permuted-K16,V1_02_medium:1403715533912143104:1403715534112143104,0.037883,formal_public_module_evidence,0.009855368039193457,0.0418405606978726,0.0571069419607911,0.5369786620421635,1.526454839083961,3,0,V1_02_medium,5,OK,True,200,1403715533912143104,1.2017094645462427e-08,1403715534112143104,123,True,181
1.038399838207987,0.006614,0.15833333333333333,0.7916666666666666,231,0.3328250674763488,6.0,,16,2.5059459692096793,0.5769099301245809,2.117262382804132,3.5624322460662534,True,0.9696023830936656,0.9401287813009155,6,0.07366789818908259,Raw,V1_02_medium:1403715534412143104:1403715534612143104,0.037861,formal_public_module_evidence,0.022927093416019617,0.10396849725315482,0.10363950076820186,0.261652301272985,0.7154409518606618,0,0,V1_02_medium,4,OK,True,210,1403715534412143104,7.53351074020879e-09,1403715534612143104,170,True,219
0.8307604734297428,0.002097,0.033333333333333326,0.9166666666666666,231,0.4096308522785831,6.0,,16,2.5059459692096793,0.5769099301245809,2.117262382804132,3.2404415927977115,True,0.9696023830936656,0.9401287813009155,6,0.07366789818908259,Global-DoF,V1_02_medium:1403715534412143104:1403715534612143104,0.037861,formal_public_module_evidence,0.022927093416019617,0.10396849725315482,0.10363950076820186,0.261652301272985,0.7154409518606618,0,0,V1_02_medium,4,OK,True,210,1403715534412143104,7.53351074020879e-09,1403715534612143104,170,True,219
0.702056059314598,0.449256,0.033333333333333326,0.9166666666666666,231,0.46589524277847344,6.0,,16,2.5059459692096793,0.5769099301245809,2.117262382804132,3.091979957226284,True,0.9696023830936656,0.9401287813009155,6,0.07366789818908259,DPR-Exact-Block,V1_02_medium:1403715534412143104:1403715534612143104,0.037861,formal_public_module_evidence,0.022927093416019617,0.10396849725315482,0.10363950076820186,0.261652301272985,0.7154409518606618,0,0,V1_02_medium,4,OK,True,210,1403715534412143104,7.53351074020879e-09,1403715534612143104,170,True,219
0.6309753306093899,0.175747,0.008333333333333415,0.9583333333333334,231,0.5002167660902559,6.0,,16,2.5059459692096793,0.5769099301245809,2.117262382804132,3.0246060877643326,True,0.9696023830936656,0.9401287813009155,6,0.07366789818908259,DUC-K16,V1_02_medium:1403715534412143104:1403715534612143104,0.037861,formal_public_module_evidence,0.022927093416019617,0.10396849725315482,0.10363950076820186,0.261652301272985,0.7154409518606618,0,0,V1_02_medium,4,OK,True,210,1403715534412143104,7.53351074020879e-09,1403715534612143104,170,True,219
0.8308176217934176,0.075473,0.033333333333333326,0.9166666666666666,231,0.4096074432145659,6.0,,16,2.5059459692096793,0.5769099301245809,2.117262382804132,3.2405156073003716,True,0.9696023830936656,0.9401287813009155,6,0.07366789818908259,Permuted-K16,V1_02_medium:1403715534412143104:1403715534612143104,0.037861,formal_public_module_evidence,0.022927093416019617,0.10396849725315482,0.10363950076820186,0.261652301272985,0.7154409518606618,0,0,V1_02_medium,4,OK,True,210,1403715534412143104,7.53351074020879e-09,1403715534612143104,170,True,219
0.6412840597129862,0.006156,0.07499999999999996,0.875,231,0.4960270081613279,6.000000000000002,,48,2.3556637378910947,0.7042918487114045,2.1177583237971693,3.03566980274347,True,0.970522763663578,0.9419144347891893,6,0.0075256445927066595,Raw,V1_02_medium:1403715534412143104:1403715534612143104,0.037804,formal_public_module_evidence,0.011432109293866566,0.04358438416747648,0.06565926754605962,0.50687794817515,1.444516461484715,4,0,V1_02_medium,5,OK,True,210,1403715534412143104,1.535937238305378e-10,1403715534612143104,170,True,219
0.576745538575415,0.00196,0.033333333333333326,0.9166666666666666,231,0.5290954753720831,6.000000000000002,,48,2.3556637378910947,0.7042918487114045,2.1177583237971693,2.981525971497564,True,0.970522763663578,0.9419144347891893,6,0.0075256445927066595,Global-DoF,V1_02_medium:1403715534412143104:1403715534612143104,0.037804,formal_public_module_evidence,0.011432109293866566,0.04358438416747648,0.06565926754605962,0.50687794817515,1.444516461484715,4,0,V1_02_medium,5,OK,True,210,1403715534412143104,1.535937238305378e-10,1403715534612143104,170,True,219
0.5143310372963804,1.290276,0.033333333333333326,0.9166666666666666,231,0.5631710493092349,6.000000000000002,,48,2.3556637378910947,0.7042918487114045,2.1177583237971693,2.936224461487346,True,0.970522763663578,0.9419144347891893,6,0.0075256445927066595,DPR-Exact-Block,V1_02_medium:1403715534412143104:1403715534612143104,0.037804,formal_public_module_evidence,0.011432109293866566,0.04358438416747648,0.06565926754605962,0.50687794817515,1.444516461484715,4,0,V1_02_medium,5,OK,True,210,1403715534412143104,1.535937238305378e-10,1403715534612143104,170,True,219
0.5218851424315497,0.321464,0.033333333333333326,0.9166666666666666,231,0.5589328241472319,6.000000000000002,,48,2.3556637378910947,0.7042918487114045,2.1177583237971693,2.941352583923582,True,0.970522763663578,0.9419144347891893,6,0.0075256445927066595,DUC-K16,V1_02_medium:1403715534412143104:1403715534612143104,0.037804,formal_public_module_evidence,0.011432109293866566,0.04358438416747648,0.06565926754605962,0.50687794817515,1.444516461484715,4,0,V1_02_medium,5,OK,True,210,1403715534412143104,1.535937238305378e-10,1403715534612143104,170,True,219
0.5772665112478174,0.106782,0.033333333333333326,0.9166666666666666,231,0.5288199028774249,6.000000000000002,,48,2.3556637378910947,0.7042918487114045,2.1177583237971693,2.981932694390521,True,0.970522763663578,0.9419144347891893,6,0.0075256445927066595,Permuted-K16,V1_02_medium:1403715534412143104:1403715534612143104,0.037804,formal_public_module_evidence,0.011432109293866566,0.04358438416747648,0.06565926754605962,0.50687794817515,1.444516461484715,4,0,V1_02_medium,5,OK,True,210,1403715534412143104,1.535937238305378e-10,1403715534612143104,170,True,219
0.416074280250046,0.006124,0.07499999999999996,0.875,502,0.6649084994776262,6.0,,16,2.048496724762748,0.8154192170151658,2.1968676272648575,2.945769697279593,True,1.003992166394441,1.0080002701814033,6,0.003990606501887095,Raw,V1_02_medium:1403715534912143104:1403715535112143104,0.038044,formal_public_module_evidence,0.03474008846269794,0.05843551926365684,0.10537656411048424,0.3093881733646341,0.5370113337917558,0,0,V1_02_medium,5,OK,True,220,1403715534912143104,6.186403874872995e-11,1403715535112143104,317,True,404
0.20843491547180157,0.001941,0.008333333333333415,0.9583333333333334,502,0.8183489224340015,6.0,,16,2.048496724762748,0.8154192170151658,2.1968676272648575,2.8691593482889535,True,1.003992166394441,1.0080002701814033,6,0.003990606501887095,Global-DoF,V1_02_medium:1403715534912143104:1403715535112143104,0.038044,formal_public_module_evidence,0.03474008846269794,0.05843551926365684,0.10537656411048424,0.3093881733646341,0.5370113337917558,0,0,V1_02_medium,5,OK,True,220,1403715534912143104,6.186403874872995e-11,1403715535112143104,317,True,404
0.25206334956929477,0.44719,0.008333333333333415,0.9583333333333334,502,0.783413275504971,6.0,,16,2.048496724762748,0.8154192170151658,2.1968676272648575,2.8804596996976746,True,1.003992166394441,1.0080002701814033,6,0.003990606501887095,DPR-Exact-Block,V1_02_medium:1403715534912143104:1403715535112143104,0.038044,formal_public_module_evidence,0.03474008846269794,0.05843551926365684,0.10537656411048424,0.3093881733646341,0.5370113337917558,0,0,V1_02_medium,5,OK,True,220,1403715534912143104,6.186403874872995e-11,1403715535112143104,317,True,404
0.2560619397883024,0.176051,0.008333333333333415,0.9583333333333334,502,0.7802869813940762,6.0,,16,2.048496724762748,0.8154192170151658,2.1968676272648575,2.8816163056154824,True,1.003992166394441,1.0080002701814033,6,0.003990606501887095,DUC-K16,V1_02_medium:1403715534912143104:1403715535112143104,0.038044,formal_public_module_evidence,0.03474008846269794,0.05843551926365684,0.10537656411048424,0.3093881733646341,0.5370113337917558,0,0,V1_02_medium,5,OK,True,220,1403715534912143104,6.186403874872995e-11,1403715535112143104,317,True,404
0.18138827879872324,0.069396,0.008333333333333415,0.9583333333333334,502,0.8407845448145048,6.0,,16,2.048496724762748,0.8154192170151658,2.1968676272648575,2.863337814144741,True,1.003992166394441,1.0080002701814033,6,0.003990606501887095,Permuted-K16,V1_02_medium:1403715534912143104:1403715535112143104,0.038044,formal_public_module_evidence,0.03474008846269794,0.05843551926365684,0.10537656411048424,0.3093881733646341,0.5370113337917558,0,0,V1_02_medium,5,OK,True,220,1403715534912143104,6.186403874872995e-11,1403715535112143104,317,True,404
0.4338276350215162,0.006821,0.07499999999999996,0.875,502,0.5553483073130466,6.0,,48,2.0500830357858284,0.7452169531841359,2.197369011644448,2.79287014475385,True,0.9257361009218121,0.8569873285499194,6,0.018234106121936766,Raw,V1_02_medium:1403715534912143104:1403715535112143104,0.042686,formal_public_module_evidence,0.012719020809699555,0.04209397143210653,0.05669749838455107,0.4845371579902512,1.0368573491661142,5,0,V1_02_medium,5,OK,True,220,1403715534912143104,1.5944015692608626e-09,1403715535112143104,317,True,404
0.3692891138839448,0.002046,0.07499999999999996,0.875,502,0.5923715278005832,6.0,,48,2.0500830357858284,0.7452169531841359,2.197369011644448,2.7609616121612697,True,0.9257361009218121,0.8569873285499194,6,0.018234106121936766,Global-DoF,V1_02_medium:1403715534912143104:1403715535112143104,0.042686,formal_public_module_evidence,0.012719020809699555,0.04209397143210653,0.05669749838455107,0.4845371579902512,1.0368573491661142,5,0,V1_02_medium,5,OK,True,220,1403715534912143104,1.5944015692608626e-09,1403715535112143104,317,True,404
0.36656272473535717,1.269187,0.07499999999999996,0.875,502,0.5939887667154539,6.0,,48,2.0500830357858284,0.7452169531841359,2.197369011644448,2.7597490902413995,True,0.9257361009218121,0.8569873285499194,6,0.018234106121936766,DPR-Exact-Block,V1_02_medium:1403715534912143104:1403715535112143104,0.042686,formal_public_module_evidence,0.012719020809699555,0.04209397143210653,0.05669749838455107,0.4845371579902512,1.0368573491661142,5,0,V1_02_medium,5,OK,True,220,1403715534912143104,1.5944015692608626e-09,1403715535112143104,317,True,404
0.38496512105702324,0.31751,0.07499999999999996,0.875,502,0.5831579125079259,6.0,,48,2.0500830357858284,0.7452169531841359,2.197369011644448,2.768142862776864,True,0.9257361009218121,0.8569873285499194,6,0.018234106121936766,DUC-K16,V1_02_medium:1403715534912143104:1403715535112143104,0.042686,formal_public_module_evidence,0.012719020809699555,0.04209397143210653,0.05669749838455107,0.4845371579902512,1.0368573491661142,5,0,V1_02_medium,5,OK,True,220,1403715534912143104,1.5944015692608626e-09,1403715535112143104,317,True,404
0.3702455483407391,0.104266,0.07499999999999996,0.875,502,0.5918052341147366,6.0,,48,2.0500830357858284,0.7452169531841359,2.197369011644448,2.7613895188964115,True,0.9257361009218121,0.8569873285499194,6,0.018234106121936766,Permuted-K16,V1_02_medium:1403715534912143104:1403715535112143104,0.042686,formal_public_module_evidence,0.012719020809699555,0.04209397143210653,0.05669749838455107,0.4845371579902512,1.0368573491661142,5,0,V1_02_medium,5,OK,True,220,1403715534912143104,1.5944015692608626e-09,1403715535112143104,317,True,404
2.0088539803157053,0.006191,0.050000000000000044,1.0,654,5.984939807098668,6.0,,16,2.1223546907525654,2.44641366230216,1.9785504562540657,3.7612656644240787,True,0.8960098710017196,0.8028336889325182,6,0.14409096652573172,Raw,V1_02_medium:1403715535412143104:1403715535612143104,0.038043,formal_public_module_evidence,0.018843144838098014,0.11658914437845347,0.09300045722051539,0.20661229596793254,0.6657489622808801,0,0,V1_02_medium,5,OK,True,230,1403715535412143104,1.819382205116075e-08,1403715535612143104,474,True,623
2.2164933450939497,0.002064,0.050000000000000044,1.0,654,7.366079762582974,6.0,,16,2.1223546907525654,2.44641366230216,1.9785504562540657,3.9437533448869178,True,0.8960098710017196,0.8028336889325182,6,0.14409096652573172,Global-DoF,V1_02_medium:1403715535412143104:1403715535612143104,0.038043,formal_public_module_evidence,0.018843144838098014,0.11658914437845347,0.09300045722051539,0.20661229596793254,0.6657489622808801,0,0,V1_02_medium,5,OK,True,230,1403715535412143104,1.819382205116075e-08,1403715535612143104,474,True,623
2.1928865822997774,0.481902,0.050000000000000044,1.0,654,7.194226890658731,6.0,,16,2.1223546907525654,2.44641366230216,1.9785504562540657,3.922750107587903,True,0.8960098710017196,0.8028336889325182,6,0.14409096652573172,DPR-Exact-Block,V1_02_medium:1403715535412143104:1403715535612143104,0.038043,formal_public_module_evidence,0.018843144838098014,0.11658914437845347,0.09300045722051539,0.20661229596793254,0.6657489622808801,0,0,V1_02_medium,5,OK,True,230,1403715535412143104,1.819382205116075e-08,1403715535612143104,474,True,623
2.32749698828996,0.175954,0.050000000000000044,1.0,654,8.230849996739158,6.0,,16,2.1223546907525654,2.44641366230216,1.9785504562540657,4.043305940570009,True,0.8960098710017196,0.8028336889325182,6,0.14409096652573172,DUC-K16,V1_02_medium:1403715535412143104:1403715535612143104,0.038043,formal_public_module_evidence,0.018843144838098014,0.11658914437845347,0.09300045722051539,0.20661229596793254,0.6657489622808801,0,0,V1_02_medium,5,OK,True,230,1403715535412143104,1.819382205116075e-08,1403715535612143104,474,True,623
2.136048575816661,0.069356,0.050000000000000044,1.0,654,6.796724990803281,6.0,,16,2.1223546907525654,2.44641366230216,1.9785504562540657,3.8724386105178357,True,0.8960098710017196,0.8028336889325182,6,0.14409096652573172,Permuted-K16,V1_02_medium:1403715535412143104:1403715535612143104,0.038043,formal_public_module_evidence,0.018843144838098014,0.11658914437845347,0.09300045722051539,0.20661229596793254,0.6657489622808801,0,0,V1_02_medium,5,OK,True,230,1403715535412143104,1.819382205116075e-08,1403715535612143104,474,True,623
1.7471032955850285,0.006224,0.050000000000000044,1.0,654,2.454930510479649,6.0,,48,2.1314820285163663,1.5668217864453025,1.9948785537406752,2.910253566915317,True,0.6540951688310512,0.42784048988812134,6,0.025798630562636315,Raw,V1_02_medium:1403715535412143104:1403715535612143104,0.037521,formal_public_module_evidence,0.013413247371487746,0.032908504620884765,0.053050696296340905,0.49276907542463755,1.2404465096783153,2,0,V1_02_medium,5,OK,True,230,1403715535412143104,7.806158519439621e-10,1403715535612143104,474,True,623
1.8116418167225996,0.001933,0.050000000000000044,1.0,654,2.6185925445116256,6.0,,48,2.1314820285163663,1.5668217864453025,1.9948785537406752,2.963899710242657,True,0.6540951688310512,0.42784048988812134,6,0.025798630562636315,Global-DoF,V1_02_medium:1403715535412143104:1403715535612143104,0.037521,formal_public_module_evidence,0.013413247371487746,0.032908504620884765,0.053050696296340905,0.49276907542463755,1.2404465096783153,2,0,V1_02_medium,5,OK,True,230,1403715535412143104,7.806158519439621e-10,1403715535612143104,474,True,623
1.8251042132470785,1.30295,0.050000000000000044,1.0,654,2.6540834358905916,6.0,,48,2.1314820285163663,1.5668217864453025,1.9948785537406752,2.975177283604681,True,0.6540951688310512,0.42784048988812134,6,0.025798630562636315,DPR-Exact-Block,V1_02_medium:1403715535412143104:1403715535612143104,0.037521,formal_public_module_evidence,0.013413247371487746,0.032908504620884765,0.053050696296340905,0.49276907542463755,1.2404465096783153,2,0,V1_02_medium,5,OK,True,230,1403715535412143104,7.806158519439621e-10,1403715535612143104,474,True,623
1.7989669613409365,0.313768,0.050000000000000044,1.0,654,2.5856117178456377,6.0,,48,2.1314820285163663,1.5668217864453025,1.9948785537406752,2.9533089243022417,True,0.6540951688310512,0.42784048988812134,6,0.025798630562636315,DUC-K16,V1_02_medium:1403715535412143104:1403715535612143104,0.037521,formal_public_module_evidence,0.013413247371487746,0.032908504620884765,0.053050696296340905,0.49276907542463755,1.2404465096783153,2,0,V1_02_medium,5,OK,True,230,1403715535412143104,7.806158519439621e-10,1403715535612143104,474,True,623
1.7986652977252986,0.109013,0.050000000000000044,1.0,654,2.5848318505009122,6.0,,48,2.1314820285163663,1.5668217864453025,1.9948785537406752,2.953057184415332,True,0.6540951688310512,0.42784048988812134,6,0.025798630562636315,Permuted-K16,V1_02_medium:1403715535412143104:1403715535612143104,0.037521,formal_public_module_evidence,0.013413247371487746,0.032908504620884765,0.053050696296340905,0.49276907542463755,1.2404465096783153,2,0,V1_02_medium,5,OK,True,230,1403715535412143104,7.806158519439621e-10,1403715535612143104,474,True,623
1.0545320299849077,0.005915,0.050000000000000044,1.0,638,1.6683956896439887,6.000000000000002,,16,1.8126918331124555,1.2916639228700275,1.8290613115241636,2.6980949752738925,True,0.762361241754729,0.5811946629298124,6,0.18092450279294248,Raw,V1_02_medium:1403715535912143104:1403715536112143104,0.036781,formal_public_module_evidence,0.033334581631523696,0.13357661601778387,0.14936214212061616,0.396168638948585,1.1596324360771166,0,0,V1_02_medium,5,OK,True,240,1403715535912143104,9.37277402897402e-09,1403715536112143104,484,True,619
1.262171394763152,0.002039,0.050000000000000044,1.0,638,2.053410079561832,6.000000000000002,,16,1.8126918331124555,1.2916639228700275,1.8290613115241636,2.8404177008545175,True,0.762361241754729,0.5811946629298124,6,0.18092450279294248,Global-DoF,V1_02_medium:1403715535912143104:1403715536112143104,0.036781,formal_public_module_evidence,0.033334581631523696,0.13357661601778387,0.14936214212061616,0.396168638948585,1.1596324360771166,0,0,V1_02_medium,5,OK,True,240,1403715535912143104,9.37277402897402e-09,1403715536112143104,484,True,619
1.3196229112708475,0.483399,0.050000000000000044,1.0,638,2.174836264672373,6.000000000000002,,16,1.8126918331124555,1.2916639228700275,1.8290613115241636,2.8820665021784038,True,0.762361241754729,0.5811946629298124,6,0.18092450279294248,DPR-Exact-Block,V1_02_medium:1403715535912143104:1403715536112143104,0.036781,formal_public_module_evidence,0.033334581631523696,0.13357661601778387,0.14936214212061616,0.396168638948585,1.1596324360771166,0,0,V1_02_medium,5,OK,True,240,1403715535912143104,9.37277402897402e-09,1403715536112143104,484,True,619
1.485920519933747,0.175339,0.050000000000000044,1.0,638,2.5683174345142823,6.000000000000002,,16,1.8126918331124555,1.2916639228700275,1.8290613115241636,3.007421992860324,True,0.762361241754729,0.5811946629298124,6,0.18092450279294248,DUC-K16,V1_02_medium:1403715535912143104:1403715536112143104,0.036781,formal_public_module_evidence,0.033334581631523696,0.13357661601778387,0.14936214212061616,0.396168638948585,1.1596324360771166,0,0,V1_02_medium,5,OK,True,240,1403715535912143104,9.37277402897402e-09,1403715536112143104,484,True,619
1.2803444240044297,0.068719,0.050000000000000044,1.0,638,2.0910679029476262,6.000000000000002,,16,1.8126918331124555,1.2916639228700275,1.8290613115241636,2.853493514461832,True,0.762361241754729,0.5811946629298124,6,0.18092450279294248,Permuted-K16,V1_02_medium:1403715535912143104:1403715536112143104,0.036781,formal_public_module_evidence,0.033334581631523696,0.13357661601778387,0.14936214212061616,0.396168638948585,1.1596324360771166,0,0,V1_02_medium,5,OK,True,240,1403715535912143104,9.37277402897402e-09,1403715536112143104,484,True,619
0.9888415118636241,0.006512,0.050000000000000044,1.0,638,0.9630330000863164,6.0,,48,1.8224466307918894,0.9813424479183178,1.8360095470290878,2.1722168742928347,True,0.5985444092510264,0.3582554098456601,6,0.0010559202234803333,Raw,V1_02_medium:1403715535912143104:1403715536112143104,0.037752,formal_public_module_evidence,0.01459278785831608,0.030268969635743857,0.05404324417499248,0.4038634085986641,1.4858904803240134,2,0,V1_02_medium,4,OK,True,240,1403715535912143104,4.312358215203336e-09,1403715536112143104,484,True,619
1.0533800330011953,0.001962,0.050000000000000044,1.0,638,1.0272352000920708,6.0,,48,1.8224466307918894,0.9813424479183178,1.8360095470290878,2.213504932452141,True,0.5985444092510264,0.3582554098456601,6,0.0010559202234803333,Global-DoF,V1_02_medium:1403715535912143104:1403715536112143104,0.037752,formal_public_module_evidence,0.01459278785831608,0.030268969635743857,0.05404324417499248,0.4038634085986641,1.4858904803240134,2,0,V1_02_medium,4,OK,True,240,1403715535912143104,4.312358215203336e-09,1403715536112143104,484,True,619
1.0693496893788261,1.296044,0.050000000000000044,1.0,638,1.0437714811842345,6.0,,48,1.8224466307918894,0.9813424479183178,1.8360095470290878,2.2239492962020893,True,0.5985444092510264,0.3582554098456601,6,0.0010559202234803333,DPR-Exact-Block,V1_02_medium:1403715535912143104:1403715536112143104,0.037752,formal_public_module_evidence,0.01459278785831608,0.030268969635743857,0.05404324417499248,0.4038634085986641,1.4858904803240134,2,0,V1_02_medium,4,OK,True,240,1403715535912143104,4.312358215203336e-09,1403715536112143104,484,True,619
1.0682932112788368,0.316239,0.050000000000000044,1.0,638,1.04266934176856,6.0,,48,1.8224466307918894,0.9813424479183178,1.8360095470290878,2.2232556264414973,True,0.5985444092510264,0.3582554098456601,6,0.0010559202234803333,DUC-K16,V1_02_medium:1403715535912143104:1403715536112143104,0.037752,formal_public_module_evidence,0.01459278785831608,0.030268969635743857,0.05404324417499248,0.4038634085986641,1.4858904803240134,2,0,V1_02_medium,4,OK,True,240,1403715535912143104,4.312358215203336e-09,1403715536112143104,484,True,619
1.052226680508363,0.103039,0.050000000000000044,1.0,638,1.0260511187761459,6.0,,48,1.8224466307918894,0.9813424479183178,1.8360095470290878,2.2127540517021207,True,0.5985444092510264,0.3582554098456601,6,0.0010559202234803333,Permuted-K16,V1_02_medium:1403715535912143104:1403715536112143104,0.037752,formal_public_module_evidence,0.01459278785831608,0.030268969635743857,0.05404324417499248,0.4038634085986641,1.4858904803240134,2,0,V1_02_medium,4,OK,True,240,1403715535912143104,4.312358215203336e-09,1403715536112143104,484,True,619
0.4976733277968358,0.006543,0.07499999999999996,0.875,590,8.226804808042598,5.999999999999999,,16,1.5215590656699696,2.8682407165443067,1.42484534398351,5.59016446442551,True,3.6786120288526987,13.532186458819767,6,0.14768921358054898,Raw,V1_02_medium:1403715536412143104:1403715536612143104,0.042799,formal_public_module_evidence,0.020122109747010286,0.065783910315097,0.08493368842801416,0.20467541603789874,0.7030072837165283,1,0,V1_02_medium,6,OK,True,250,1403715536412143104,1.3871103368585469e-08,1403715536612143104,373,True,552
0.2900339630185913,0.00192,0.07499999999999996,0.875,590,10.125298225283197,5.999999999999999,,16,1.5215590656699696,2.8682407165443067,1.42484534398351,5.489387011225013,True,3.6786120288526987,13.532186458819767,6,0.14768921358054898,Global-DoF,V1_02_medium:1403715536412143104:1403715536612143104,0.042799,formal_public_module_evidence,0.020122109747010286,0.065783910315097,0.08493368842801416,0.20467541603789874,0.7030072837165283,1,0,V1_02_medium,6,OK,True,250,1403715536412143104,1.3871103368585469e-08,1403715536612143104,373,True,552
0.10821915731961307,0.484819,0.07499999999999996,0.875,590,12.14420222300693,5.999999999999999,,16,1.5215590656699696,2.8682407165443067,1.42484534398351,5.449020862876154,True,3.6786120288526987,13.532186458819767,6,0.14768921358054898,DPR-Exact-Block,V1_02_medium:1403715536412143104:1403715536612143104,0.042799,formal_public_module_evidence,0.020122109747010286,0.065783910315097,0.08493368842801416,0.20467541603789874,0.7030072837165283,1,0,V1_02_medium,6,OK,True,250,1403715536412143104,1.3871103368585469e-08,1403715536612143104,373,True,552
0.2680232031930724,0.177228,0.07499999999999996,0.875,590,10.350634547127882,5.999999999999999,,16,1.5215590656699696,2.8682407165443067,1.42484534398351,5.482302368137625,True,3.6786120288526987,13.532186458819767,6,0.14768921358054898,DUC-K16,V1_02_medium:1403715536412143104:1403715536612143104,0.042799,formal_public_module_evidence,0.020122109747010286,0.065783910315097,0.08493368842801416,0.20467541603789874,0.7030072837165283,1,0,V1_02_medium,6,OK,True,250,1403715536412143104,1.3871103368585469e-08,1403715536612143104,373,True,552
0.34317299628717773,0.070466,0.07499999999999996,0.875,590,9.601295464987889,5.999999999999999,,16,1.5215590656699696,2.8682407165443067,1.42484534398351,5.509187664026636,True,3.6786120288526987,13.532186458819767,6,0.14768921358054898,Permuted-K16,V1_02_medium:1403715536412143104:1403715536612143104,0.042799,formal_public_module_evidence,0.020122109747010286,0.065783910315097,0.08493368842801416,0.20467541603789874,0.7030072837165283,1,0,V1_02_medium,6,OK,True,250,1403715536412143104,1.3871103368585469e-08,1403715536612143104,373,True,552
1.3837485298485632,0.006276,0.050000000000000044,1.0,590,4.211703005594376,6.000000000000001,,48,1.4796441070017994,2.052243407979272,1.4355634001146447,3.5263814153655937,True,1.0274287020233757,1.0556097377414384,6,0.0215462664741094,Raw,V1_02_medium:1403715536412143104:1403715536612143104,0.037655,formal_public_module_evidence,0.006528417047329094,0.04750618731680378,0.05245005496993984,0.289891981488178,1.0096481638117487,4,0,V1_02_medium,5,OK,True,250,1403715536412143104,2.8284049816415157e-09,1403715536612143104,373,True,552
1.4482870509861345,0.001979,0.050000000000000044,1.0,590,4.492483205967335,6.000000000000001,,48,1.4796441070017994,2.052243407979272,1.4355634001146447,3.575255107211735,True,1.0274287020233757,1.0556097377414384,6,0.0215462664741094,Global-DoF,V1_02_medium:1403715536412143104:1403715536612143104,0.037655,formal_public_module_evidence,0.006528417047329094,0.04750618731680378,0.05245005496993984,0.289891981488178,1.0096481638117487,4,0,V1_02_medium,5,OK,True,250,1403715536412143104,2.8284049816415157e-09,1403715536612143104,373,True,552
1.486721766817886,1.294429,0.050000000000000044,1.0,590,4.668511654088401,6.000000000000001,,48,1.4796441070017994,2.052243407979272,1.4355634001146447,3.60483007567249,True,1.0274287020233757,1.0556097377414384,6,0.0215462664741094,DPR-Exact-Block,V1_02_medium:1403715536412143104:1403715536612143104,0.037655,formal_public_module_evidence,0.006528417047329094,0.04750618731680378,0.05245005496993984,0.289891981488178,1.0096481638117487,4,0,V1_02_medium,5,OK,True,250,1403715536412143104,2.8284049816415157e-09,1403715536612143104,373,True,552
1.4649399904941038,0.316222,0.050000000000000044,1.0,590,4.567922657951927,6.000000000000001,,48,1.4796441070017994,2.052243407979272,1.4355634001146447,3.5880274661177523,True,1.0274287020233757,1.0556097377414384,6,0.0215462664741094,DUC-K16,V1_02_medium:1403715536412143104:1403715536612143104,0.037655,formal_public_module_evidence,0.006528417047329094,0.04750618731680378,0.05245005496993984,0.289891981488178,1.0096481638117487,4,0,V1_02_medium,5,OK,True,250,1403715536412143104,2.8284049816415157e-09,1403715536612143104,373,True,552
1.412650674004354,0.103645,0.050000000000000044,1.0,590,4.33520641254322,6.000000000000001,,48,1.4796441070017994,2.052243407979272,1.4355634001146447,3.5481432866848572,True,1.0274287020233757,1.0556097377414384,6,0.0215462664741094,Permuted-K16,V1_02_medium:1403715536412143104:1403715536612143104,0.037655,formal_public_module_evidence,0.006528417047329094,0.04750618731680378,0.05245005496993984,0.289891981488178,1.0096481638117487,4,0,V1_02_medium,5,OK,True,250,1403715536412143104,2.8284049816415157e-09,1403715536612143104,373,True,552
0.0941997074817903,0.006639,0.07499999999999996,0.875,405,0.46718273795552256,6.000000000000002,,16,1.2688550887778478,0.6835076721994586,1.1478079615396168,2.175621428815522,True,0.7164709733422217,0.5133306556419505,6,0.03451057577197858,Raw,V1_02_medium:1403715536912143104:1403715537112143104,0.037294,formal_public_module_evidence,0.017540719009466854,0.04911471709925905,0.06967020548497455,0.2330204321969278,0.4300882164995386,0,0,V1_02_medium,4,OK,True,260,1403715536912143104,3.4117877814511324e-09,1403715537112143104,224,True,353
0.11343965729645436,0.001949,0.008333333333333415,0.9583333333333334,405,0.5749941390221817,6.000000000000002,,16,1.2688550887778478,0.6835076721994586,1.1478079615396168,2.17723970138888,True,0.7164709733422217,0.5133306556419505,6,0.03451057577197858,Global-DoF,V1_02_medium:1403715536912143104:1403715537112143104,0.037294,formal_public_module_evidence,0.017540719009466854,0.04911471709925905,0.06967020548497455,0.2330204321969278,0.4300882164995386,0,0,V1_02_medium,4,OK,True,260,1403715536912143104,3.4117877814511324e-09,1403715537112143104,224,True,353
0.18355606919286865,0.498332,0.008333333333333415,0.9583333333333334,405,0.616757712030495,6.000000000000002,,16,1.2688550887778478,0.6835076721994586,1.1478079615396168,2.1869032548124925,True,0.7164709733422217,0.5133306556419505,6,0.03451057577197858,DPR-Exact-Block,V1_02_medium:1403715536912143104:1403715537112143104,0.037294,formal_public_module_evidence,0.017540719009466854,0.04911471709925905,0.06967020548497455,0.2330204321969278,0.4300882164995386,0,0,V1_02_medium,4,OK,True,260,1403715536912143104,3.4117877814511324e-09,1403715537112143104,224,True,353
0.14843593834558672,0.177651,0.008333333333333415,0.9583333333333334,405,0.5954730482765145,6.000000000000002,,16,1.2688550887778478,0.6835076721994586,1.1478079615396168,2.1815331463027197,True,0.7164709733422217,0.5133306556419505,6,0.03451057577197858,DUC-K16,V1_02_medium:1403715536912143104:1403715537112143104,0.037294,formal_public_module_evidence,0.017540719009466854,0.04911471709925905,0.06967020548497455,0.2330204321969278,0.4300882164995386,0,0,V1_02_medium,4,OK,True,260,1403715536912143104,3.4117877814511324e-09,1403715537112143104,224,True,353
0.16716079017787014,0.069921,0.008333333333333415,0.9583333333333334,405,0.6067282399174296,6.000000000000002,,16,1.2688550887778478,0.6835076721994586,1.1478079615396168,2.1842663297383087,True,0.7164709733422217,0.5133306556419505,6,0.03451057577197858,Permuted-K16,V1_02_medium:1403715536912143104:1403715537112143104,0.037294,formal_public_module_evidence,0.017540719009466854,0.04911471709925905,0.06967020548497455,0.2330204321969278,0.4300882164995386,0,0,V1_02_medium,4,OK,True,260,1403715536912143104,3.4117877814511324e-09,1403715537112143104,224,True,353
1.0027586682629512,0.006559,0.050000000000000044,1.0,405,1.6852414951677332,6.0,,48,1.162749874655895,1.298168515705004,1.1538500781127374,2.726651922892105,True,0.786293696185679,0.618257776661337,6,0.08117813072844227,Raw,V1_02_medium:1403715536912143104:1403715537112143104,0.037704,formal_public_module_evidence,0.01640367094484474,0.043388748625110274,0.0649069109710726,0.4949918318809652,1.316118766619919,1,0,V1_02_medium,5,OK,True,260,1403715536912143104,3.5789840435902585e-09,1403715537112143104,224,True,353
1.0672971894005223,0.001949,0.050000000000000044,1.0,405,1.7975909281789153,6.0,,48,1.162749874655895,1.298168515705004,1.1538500781127374,2.76826132013133,True,0.786293696185679,0.618257776661337,6,0.08117813072844227,Global-DoF,V1_02_medium:1403715536912143104:1403715537112143104,0.037704,formal_public_module_evidence,0.01640367094484474,0.043388748625110274,0.0649069109710726,0.4949918318809652,1.316118766619919,1,0,V1_02_medium,5,OK,True,260,1403715536912143104,3.5789840435902585e-09,1403715537112143104,224,True,353
1.214496135046284,1.29693,0.050000000000000044,1.0,405,2.082660870661909,6.0,,48,1.162749874655895,1.298168515705004,1.1538500781127374,2.868382961044258,True,0.786293696185679,0.618257776661337,6,0.08117813072844227,DPR-Exact-Block,V1_02_medium:1403715536912143104:1403715537112143104,0.037704,formal_public_module_evidence,0.01640367094484474,0.043388748625110274,0.0649069109710726,0.4949918318809652,1.316118766619919,1,0,V1_02_medium,5,OK,True,260,1403715536912143104,3.5789840435902585e-09,1403715537112143104,224,True,353
1.1298331285892507,0.313504,0.050000000000000044,1.0,405,1.913594354240305,6.0,,48,1.162749874655895,1.298168515705004,1.1538500781127374,2.8099475667802043,True,0.786293696185679,0.618257776661337,6,0.08117813072844227,DUC-K16,V1_02_medium:1403715536912143104:1403715537112143104,0.037704,formal_public_module_evidence,0.01640367094484474,0.043388748625110274,0.0649069109710726,0.4949918318809652,1.316118766619919,1,0,V1_02_medium,5,OK,True,260,1403715536912143104,3.5789840435902585e-09,1403715537112143104,224,True,353
1.0767044408366626,0.105968,0.050000000000000044,1.0,405,1.8145811081699126,6.0,,48,1.162749874655895,1.298168515705004,1.1538500781127374,2.7744482420353704,True,0.786293696185679,0.618257776661337,6,0.08117813072844227,Permuted-K16,V1_02_medium:1403715536912143104:1403715537112143104,0.037704,formal_public_module_evidence,0.01640367094484474,0.043388748625110274,0.0649069109710726,0.4949918318809652,1.316118766619919,1,0,V1_02_medium,5,OK,True,260,1403715536912143104,3.5789840435902585e-09,1403715537112143104,224,True,353
0.4035289945388694,0.006436,0.033333333333333326,0.9166666666666666,346,3.3951671053181807,6.000000000000001,,16,1.3990197087862746,1.842597922857339,1.3643760621037455,4.557328686449871,True,2.25452878742878,5.082900053345084,6,0.2500015631609456,Raw,V1_02_medium:1403715537412143104:1403715537612143104,0.037268,formal_public_module_evidence,0.021638966766281853,0.04530258191326242,0.08078218492083883,0.21884813080797955,0.5867444907425794,0,0,V1_02_medium,5,OK,True,270,1403715537412143104,9.924056086058392e-10,1403715537612143104,129,True,272
0.19588962976062485,0.001915,0.033333333333333326,0.9166666666666666,346,4.1786672065454535,6.000000000000001,,16,1.3990197087862746,1.842597922857339,1.3643760621037455,4.484262056371674,True,2.25452878742878,5.082900053345084,6,0.2500015631609456,Global-DoF,V1_02_medium:1403715537412143104:1403715537612143104,0.037268,formal_public_module_evidence,0.021638966766281853,0.04530258191326242,0.08078218492083883,0.21884813080797955,0.5867444907425794,0,0,V1_02_medium,5,OK,True,270,1403715537412143104,9.924056086058392e-10,1403715537612143104,129,True,272
0.10834137062861396,0.448215,0.008333333333333415,0.9583333333333334,346,5.664526717483036,6.000000000000001,,16,1.3990197087862746,1.842597922857339,1.3643760621037455,4.469421637412657,True,2.25452878742878,5.082900053345084,6,0.2500015631609456,DPR-Exact-Block,V1_02_medium:1403715537412143104:1403715537612143104,0.037268,formal_public_module_evidence,0.021638966766281853,0.04530258191326242,0.08078218492083883,0.21884813080797955,0.5867444907425794,0,0,V1_02_medium,5,OK,True,270,1403715537412143104,9.924056086058392e-10,1403715537612143104,129,True,272
0.17934278603993303,0.175199,0.033333333333333326,0.9166666666666666,346,4.248386183545337,6.000000000000001,,16,1.3990197087862746,1.842597922857339,1.3643760621037455,4.480847049372515,True,2.25452878742878,5.082900053345084,6,0.2500015631609456,DUC-K16,V1_02_medium:1403715537412143104:1403715537612143104,0.037268,formal_public_module_evidence,0.021638966766281853,0.04530258191326242,0.08078218492083883,0.21884813080797955,0.5867444907425794,0,0,V1_02_medium,5,OK,True,270,1403715537412143104,9.924056086058392e-10,1403715537612143104,129,True,272
0.24968317110303134,0.068985,0.033333333333333326,0.9166666666666666,346,3.9598209287923862,6.000000000000001,,16,1.3990197087862746,1.842597922857339,1.3643760621037455,4.497694535421432,True,2.25452878742878,5.082900053345084,6,0.2500015631609456,Permuted-K16,V1_02_medium:1403715537412143104:1403715537612143104,0.037268,formal_public_module_evidence,0.021638966766281853,0.04530258191326242,0.08078218492083883,0.21884813080797955,0.5867444907425794,0,0,V1_02_medium,5,OK,True,270,1403715537412143104,9.924056086058392e-10,1403715537612143104,129,True,272
0.14784863321796385,0.006213,0.008333333333333415,0.9583333333333334,346,5.379644657594742,6.0,,48,1.3915797860074244,2.319406100189172,1.3798017403056613,4.38306105787262,True,2.154129817448524,4.640275270420812,6,0.0037765031455465614,Raw,V1_02_medium:1403715537412143104:1403715537612143104,0.038049,formal_public_module_evidence,0.01551517579107864,0.045995941775293814,0.06770637198124864,0.6111564765818518,1.022096426895111,5,0,V1_02_medium,5,OK,True,270,1403715537412143104,5.4377276322010855e-11,1403715537612143104,129,True,272
0.2123871543555349,0.0019,0.008333333333333415,0.9583333333333334,346,5.738287634767725,6.0,,48,1.3915797860074244,2.319406100189172,1.3798017403056613,4.393689474744872,True,2.154129817448524,4.640275270420812,6,0.0037765031455465614,Global-DoF,V1_02_medium:1403715537412143104:1403715537612143104,0.038049,formal_public_module_evidence,0.01551517579107864,0.045995941775293814,0.06770637198124864,0.6111564765818518,1.022096426895111,5,0,V1_02_medium,5,OK,True,270,1403715537412143104,5.4377276322010855e-11,1403715537612143104,129,True,272
0.24306632756123833,1.29434,0.008333333333333415,0.9583333333333334,346,5.917061855853661,6.0,,48,1.3915797860074244,2.319406100189172,1.3798017403056613,4.399936580650587,True,2.154129817448524,4.640275270420812,6,0.0037765031455465614,DPR-Exact-Block,V1_02_medium:1403715537412143104:1403715537612143104,0.038049,formal_public_module_evidence,0.01551517579107864,0.045995941775293814,0.06770637198124864,0.6111564765818518,1.022096426895111,5,0,V1_02_medium,5,OK,True,270,1403715537412143104,5.4377276322010855e-11,1403715537612143104,129,True,272
0.2468357176215487,0.330666,0.008333333333333415,0.9583333333333334,346,5.939407658564686,6.0,,48,1.3915797860074244,2.319406100189172,1.3798017403056613,4.400755505755074,True,2.154129817448524,4.640275270420812,6,0.0037765031455465614,DUC-K16,V1_02_medium:1403715537412143104:1403715537612143104,0.038049,formal_public_module_evidence,0.01551517579107864,0.045995941775293814,0.06770637198124864,0.6111564765818518,1.022096426895111,5,0,V1_02_medium,5,OK,True,270,1403715537412143104,5.4377276322010855e-11,1403715537612143104,129,True,272
0.20664640201145199,0.106842,0.008333333333333415,0.9583333333333334,346,5.705439922080582,6.0,,48,1.3915797860074244,2.319406100189172,1.3798017403056613,4.392604341353995,True,2.154129817448524,4.640275270420812,6,0.0037765031455465614,Permuted-K16,V1_02_medium:1403715537412143104:1403715537612143104,0.038049,formal_public_module_evidence,0.01551517579107864,0.045995941775293814,0.06770637198124864,0.6111564765818518,1.022096426895111,5,0,V1_02_medium,5,OK,True,270,1403715537412143104,5.4377276322010855e-11,1403715537612143104,129,True,272
0.2754593091659418,0.006487,0.07499999999999996,0.875,362,1.9753941159596138,6.0,,16,1.859781785559512,1.4054871454266715,1.8065533235770652,3.8357805056051006,True,1.6130287452948997,2.6018617331476386,6,0.033047512392237355,Raw,V1_02_medium:1403715537912143104:1403715538112143104,0.038201,formal_public_module_evidence,0.015621973429918556,0.06011081033468385,0.07357943491477238,0.13991557855774536,0.947981686679509,0,0,V1_02_medium,6,OK,True,280,1403715537912143104,5.27150708521787e-09,1403715538112143104,247,True,322
0.06781994438769724,0.001881,0.033333333333333326,0.9166666666666666,362,2.4312542965656787,6.0,,16,1.859781785559512,1.4054871454266715,1.8065533235770652,3.796456962564722,True,1.6130287452948997,2.6018617331476386,6,0.033047512392237355,Global-DoF,V1_02_medium:1403715537912143104:1403715538112143104,0.038201,formal_public_module_evidence,0.015621973429918556,0.06011081033468385,0.07357943491477238,0.13991557855774536,0.947981686679509,0,0,V1_02_medium,6,OK,True,280,1403715537912143104,5.27150708521787e-09,1403715538112143104,247,True,322
0.0014762123180401183,0.493738,0.033333333333333326,0.9166666666666666,362,2.6057054698756774,6.0,,16,1.859781785559512,1.4054871454266715,1.8065533235770652,3.794105395470499,True,1.6130287452948997,2.6018617331476386,6,0.033047512392237355,DPR-Exact-Block,V1_02_medium:1403715537912143104:1403715538112143104,0.038201,formal_public_module_evidence,0.015621973429918556,0.06011081033468385,0.07357943491477238,0.13991557855774536,0.947981686679509,0,0,V1_02_medium,6,OK,True,280,1403715537912143104,5.27150708521787e-09,1403715538112143104,247,True,322
0.032129706225805625,0.178146,0.033333333333333326,0.9166666666666666,362,2.5195933860694404,6.0,,16,1.859781785559512,1.4054871454266715,1.8065533235770652,3.7946260381188233,True,1.6130287452948997,2.6018617331476386,6,0.033047512392237355,DUC-K16,V1_02_medium:1403715537912143104:1403715538112143104,0.038201,formal_public_module_evidence,0.015621973429918556,0.06011081033468385,0.07357943491477238,0.13991557855774536,0.947981686679509,0,0,V1_02_medium,6,OK,True,280,1403715537912143104,5.27150708521787e-09,1403715538112143104,247,True,322
0.0386574780155822,0.069633,0.033333333333333326,0.9166666666666666,362,2.5031996210345615,6.0,,16,1.859781785559512,1.4054871454266715,1.8065533235770652,3.7948612287768895,True,1.6130287452948997,2.6018617331476386,6,0.033047512392237355,Permuted-K16,V1_02_medium:1403715537912143104:1403715538112143104,0.038201,formal_public_module_evidence,0.015621973429918556,0.06011081033468385,0.07357943491477238,0.13991557855774536,0.947981686679509,0,0,V1_02_medium,6,OK,True,280,1403715537912143104,5.27150708521787e-09,1403715538112143104,247,True,322
0.4180749976110156,0.006455,0.033333333333333326,0.9166666666666666,362,3.8342220223704566,6.0,,48,1.7468851266370666,1.9581169582970412,1.802403304872989,3.8401564728462922,True,1.588747193555745,2.5241176450312555,6,0.020742693266834977,Raw,V1_02_medium:1403715537912143104:1403715538112143104,0.038189,formal_public_module_evidence,0.019123807436747575,0.04581010927276524,0.07938443097246967,0.6304519717440515,1.705606426031642,3,0,V1_02_medium,6,OK,True,280,1403715537912143104,1.351043726954473e-09,1403715538112143104,247,True,322
0.4826135187485868,0.001932,0.033333333333333326,0.9166666666666666,362,4.089836823861821,6.0,,48,1.7468851266370666,1.9581169582970412,1.802403304872989,3.863550440566238,True,1.588747193555745,2.5241176450312555,6,0.020742693266834977,Global-DoF,V1_02_medium:1403715537912143104:1403715538112143104,0.038189,formal_public_module_evidence,0.019123807436747575,0.04581010927276524,0.07938443097246967,0.6304519717440515,1.705606426031642,3,0,V1_02_medium,6,OK,True,280,1403715537912143104,1.351043726954473e-09,1403715538112143104,247,True,322
0.5147435052538349,1.290363,0.033333333333333326,0.9166666666666666,362,4.223377060824716,6.0,,48,1.7468851266370666,1.9581169582970412,1.802403304872989,3.8761659958450365,True,1.588747193555745,2.5241176450312555,6,0.020742693266834977,DPR-Exact-Block,V1_02_medium:1403715537912143104:1403715538112143104,0.038189,formal_public_module_evidence,0.019123807436747575,0.04581010927276524,0.07938443097246967,0.6304519717440515,1.705606426031642,3,0,V1_02_medium,6,OK,True,280,1403715537912143104,1.351043726954473e-09,1403715538112143104,247,True,322
0.4937826603503477,0.317076,0.033333333333333326,0.9166666666666666,362,4.135772845901842,6.0,,48,1.7468851266370666,1.9581169582970412,1.802403304872989,3.867864694884387,True,1.588747193555745,2.5241176450312555,6,0.020742693266834977,DUC-K16,V1_02_medium:1403715537912143104:1403715538112143104,0.038189,formal_public_module_evidence,0.019123807436747575,0.04581010927276524,0.07938443097246967,0.6304519717440515,1.705606426031642,3,0,V1_02_medium,6,OK,True,280,1403715537912143104,1.351043726954473e-09,1403715538112143104,247,True,322
0.4702833008078833,0.105363,0.033333333333333326,0.9166666666666666,362,4.0397178682859405,6.0,,48,1.7468851266370666,1.9581169582970412,1.802403304872989,3.8588771510751037,True,1.588747193555745,2.5241176450312555,6,0.020742693266834977,Permuted-K16,V1_02_medium:1403715537912143104:1403715538112143104,0.038189,formal_public_module_evidence,0.019123807436747575,0.04581010927276524,0.07938443097246967,0.6304519717440515,1.705606426031642,3,0,V1_02_medium,6,OK,True,280,1403715537912143104,1.351043726954473e-09,1403715538112143104,247,True,322
0.06163563447755448,0.006205,0.050000000000000044,1.0,297,25.034977664020467,5.999999999999998,,16,2.198591825777694,5.003496543820178,2.5251241770244626,6.121725764151606,True,5.160093987887548,26.626569963833216,6,0.03253079084952992,Raw,V1_02_medium:1403715538412143104:1403715538612143104,0.037583,formal_public_module_evidence,0.02669184977360689,0.05658978264434622,0.08547991493602156,0.2232023225857502,0.6346711281697288,0,0,V1_02_medium,9,OK,True,290,1403715538412143104,6.185976608452096e-08,1403715538612143104,171,True,289
0.14600373030069003,0.001961,0.050000000000000044,1.0,297,30.812280201871342,5.999999999999998,,16,2.198591825777694,5.003496543820178,2.5251241770244626,6.129944864401565,True,5.160093987887548,26.626569963833216,6,0.03253079084952992,Global-DoF,V1_02_medium:1403715538412143104:1403715538612143104,0.037583,formal_public_module_evidence,0.02669184977360689,0.05658978264434622,0.08547991493602156,0.2232023225857502,0.6346711281697288,0,0,V1_02_medium,9,OK,True,290,1403715538412143104,6.185976608452096e-08,1403715538612143104,171,True,289
0.37354154226129016,0.456827,0.050000000000000044,1.0,297,38.68496914210278,5.999999999999998,,16,2.198591825777694,5.003496543820178,2.5251241770244626,6.181620589219594,True,5.160093987887548,26.626569963833216,6,0.03253079084952992,DPR-Exact-Block,V1_02_medium:1403715538412143104:1403715538612143104,0.037583,formal_public_module_evidence,0.02669184977360689,0.05658978264434622,0.08547991493602156,0.2232023225857502,0.6346711281697288,0,0,V1_02_medium,9,OK,True,290,1403715538412143104,6.185976608452096e-08,1403715538612143104,171,True,289
0.34046986250918576,0.17617,0.050000000000000044,1.0,297,37.42651650192052,5.999999999999998,,16,2.198591825777694,5.003496543820178,2.5251241770244626,6.171692484117012,True,5.160093987887548,26.626569963833216,6,0.03253079084952992,DUC-K16,V1_02_medium:1403715538412143104:1403715538612143104,0.037583,formal_public_module_evidence,0.02669184977360689,0.05658978264434622,0.08547991493602156,0.2232023225857502,0.6346711281697288,0,0,V1_02_medium,9,OK,True,290,1403715538412143104,6.185976608452096e-08,1403715538612143104,171,True,289
0.1288507279329881,0.069463,0.050000000000000044,1.0,297,30.28826415900312,5.999999999999998,,16,2.198591825777694,5.003496543820178,2.5251241770244626,6.127742564010755,True,5.160093987887548,26.626569963833216,6,0.03253079084952992,Permuted-K16,V1_02_medium:1403715538412143104:1403715538612143104,0.037583,formal_public_module_evidence,0.02669184977360689,0.05658978264434622,0.08547991493602156,0.2232023225857502,0.6346711281697288,0,0,V1_02_medium,9,OK,True,290,1403715538412143104,6.185976608452096e-08,1403715538612143104,171,True,289
0.18483657001796305,0.006656,0.033333333333333326,0.9166666666666666,297,15.994233603015317,6.000000000000001,,48,2.2088915906105955,3.999279135421197,2.5065978080274887,5.441345446188006,True,3.646237608333533,13.295048696425843,6,0.009242023440292346,Raw,V1_02_medium:1403715538412143104:1403715538612143104,0.038579,formal_public_module_evidence,0.01416403863674398,0.03396882581591016,0.05561269956694485,0.4724407652557935,1.0,9,0,V1_02_medium,7,OK,True,290,1403715538412143104,1.5494825522076554e-08,1403715538612143104,171,True,289
0.24937509115553413,0.001844,0.033333333333333326,0.9166666666666666,297,17.060515843216336,6.000000000000001,,48,2.2088915906105955,3.999279135421197,2.5065978080274887,5.4539314596812,True,3.646237608333533,13.295048696425843,6,0.009242023440292346,Global-DoF,V1_02_medium:1403715538412143104:1403715538612143104,0.038579,formal_public_module_evidence,0.01416403863674398,0.03396882581591016,0.05561269956694485,0.4724407652557935,1.0,9,0,V1_02_medium,7,OK,True,290,1403715538412143104,1.5494825522076554e-08,1403715538612143104,171,True,289
0.35568830958049036,1.290643,0.033333333333333326,0.9166666666666666,297,18.974196876392575,6.000000000000001,,48,2.2088915906105955,3.999279135421197,2.5065978080274887,5.481648048309914,True,3.646237608333533,13.295048696425843,6,0.009242023440292346,DPR-Exact-Block,V1_02_medium:1403715538412143104:1403715538612143104,0.038579,formal_public_module_evidence,0.01416403863674398,0.03396882581591016,0.05561269956694485,0.4724407652557935,1.0,9,0,V1_02_medium,7,OK,True,290,1403715538412143104,1.5494825522076554e-08,1403715538612143104,171,True,289
0.3464033136682395,0.319563,0.033333333333333326,0.9166666666666666,297,18.798836904100234,6.000000000000001,,48,2.2088915906105955,3.999279135421197,2.5065978080274887,5.478899262713175,True,3.646237608333533,13.295048696425843,6,0.009242023440292346,DUC-K16,V1_02_medium:1403715538412143104:1403715538612143104,0.038579,formal_public_module_evidence,0.01416403863674398,0.03396882581591016,0.05561269956694485,0.4724407652557935,1.0,9,0,V1_02_medium,7,OK,True,290,1403715538412143104,1.5494825522076554e-08,1403715538612143104,171,True,289
0.24313915449579537,0.104354,0.033333333333333326,0.9166666666666666,297,16.954458573928726,6.000000000000001,,48,2.2088915906105955,3.999279135421197,2.5065978080274887,5.452570294813241,True,3.646237608333533,13.295048696425843,6,0.009242023440292346,Permuted-K16,V1_02_medium:1403715538412143104:1403715538612143104,0.038579,formal_public_module_evidence,0.01416403863674398,0.03396882581591016,0.05561269956694485,0.4724407652557935,1.0,9,0,V1_02_medium,7,OK,True,290,1403715538412143104,1.5494825522076554e-08,1403715538612143104,171,True,289
4.966093827297761,0.006377,0.2833333333333333,0.6666666666666666,599,0.44727903300549404,6.000000000000001,,16,2.712826037074772,0.6687892291338834,2.7223969399473753,144.49869526244322,True,8.010559361541475,64.16906128477977,6,0.02502027009837282,Raw,V1_02_medium:1403715538912143104:1403715539112143104,0.037131,formal_public_module_evidence,0.02817455825974652,0.08463305879301414,0.11869312979775143,0.20213577298146565,0.6315070131496718,0,0,V1_02_medium,5,OK,True,300,1403715538912143104,7.16796034712419e-11,1403715539112143104,302,True,588
4.758454462519516,0.002041,0.2833333333333333,0.6666666666666666,599,0.5504972713913772,6.000000000000001,,16,2.712826037074772,0.6687892291338834,2.7223969399473753,117.80657384467567,True,8.010559361541475,64.16906128477977,6,0.02502027009837282,Global-DoF,V1_02_medium:1403715538912143104:1403715539112143104,0.037131,formal_public_module_evidence,0.02817455825974652,0.08463305879301414,0.11869312979775143,0.20213577298146565,0.6315070131496718,0,0,V1_02_medium,5,OK,True,300,1403715538912143104,7.16796034712419e-11,1403715539112143104,302,True,588
4.725370829877141,0.4562,0.24166666666666659,0.7083333333333334,599,0.5690143378801448,6.000000000000001,,16,2.712826037074772,0.6687892291338834,2.7223969399473753,114.04633738256477,True,8.010559361541475,64.16906128477977,6,0.02502027009837282,DPR-Exact-Block,V1_02_medium:1403715538912143104:1403715539112143104,0.037131,formal_public_module_evidence,0.02817455825974652,0.08463305879301414,0.11869312979775143,0.20213577298146565,0.6315070131496718,0,0,V1_02_medium,5,OK,True,300,1403715538912143104,7.16796034712419e-11,1403715539112143104,302,True,588
4.700658441776576,0.179056,0.19999999999999996,0.75,599,0.5832512303037528,6.000000000000001,,16,2.712826037074772,0.6687892291338834,2.7223969399473753,111.31832991018926,True,8.010559361541475,64.16906128477977,6,0.02502027009837282,DUC-K16,V1_02_medium:1403715538912143104:1403715539112143104,0.037131,formal_public_module_evidence,0.02817455825974652,0.08463305879301414,0.11869312979775143,0.20213577298146565,0.6315070131496718,0,0,V1_02_medium,5,OK,True,300,1403715538912143104,7.16796034712419e-11,1403715539112143104,302,True,588
4.781737990910341,0.070571,0.2833333333333333,0.6666666666666666,599,0.5378278196745074,6.000000000000001,,16,2.712826037074772,0.6687892291338834,2.7223969399473753,120.52919256945631,True,8.010559361541475,64.16906128477977,6,0.02502027009837282,Permuted-K16,V1_02_medium:1403715538912143104:1403715539112143104,0.037131,formal_public_module_evidence,0.02817455825974652,0.08463305879301414,0.11869312979775143,0.20213577298146565,0.6315070131496718,0,0,V1_02_medium,5,OK,True,300,1403715538912143104,7.16796034712419e-11,1403715539112143104,302,True,588
0.37377932339344694,0.006271,0.008333333333333415,0.9583333333333334,599,81.34127322390997,6.0,,48,2.6209949690309395,9.018939695103297,2.6157616390028426,6.924659368867317,True,7.481528492560486,55.97326858499437,6,0.010576022132907759,Raw,V1_02_medium:1403715538912143104:1403715539112143104,0.037855,formal_public_module_evidence,0.012021762264742386,0.034501484832213485,0.05186990422206774,0.4512548733385988,1.0,7,0,V1_02_medium,7,OK,True,300,1403715538912143104,3.944377462829503e-08,1403715539112143104,302,True,588
0.4383178445310181,0.001968,0.008333333333333415,0.9583333333333334,599,86.76402477217063,6.0,,48,2.6209949690309395,9.018939695103297,2.6157616390028426,6.94618984319288,True,7.481528492560486,55.97326858499437,6,0.010576022132907759,Global-DoF,V1_02_medium:1403715538912143104:1403715539112143104,0.037855,formal_public_module_evidence,0.012021762264742386,0.034501484832213485,0.05186990422206774,0.4512548733385988,1.0,7,0,V1_02_medium,7,OK,True,300,1403715538912143104,3.944377462829503e-08,1403715539112143104,302,True,588
0.517508833692294,1.291252,0.008333333333333415,0.9583333333333334,599,93.91433751647195,6.0,,48,2.6209949690309395,9.018939695103297,2.6157616390028426,6.976263574005803,True,7.481528492560486,55.97326858499437,6,0.010576022132907759,DPR-Exact-Block,V1_02_medium:1403715538912143104:1403715539112143104,0.037855,formal_public_module_evidence,0.012021762264742386,0.034501484832213485,0.05186990422206774,0.4512548733385988,1.0,7,0,V1_02_medium,7,OK,True,300,1403715538912143104,3.944377462829503e-08,1403715539112143104,302,True,588
0.5068764879656087,0.320486,0.008333333333333415,0.9583333333333334,599,92.92109740430037,6.0,,48,2.6209949690309395,9.018939695103297,2.6157616390028426,6.972001950794699,True,7.481528492560486,55.97326858499437,6,0.010576022132907759,DUC-K16,V1_02_medium:1403715538912143104:1403715539112143104,0.037855,formal_public_module_evidence,0.012021762264742386,0.034501484832213485,0.05186990422206774,0.4512548733385988,1.0,7,0,V1_02_medium,7,OK,True,300,1403715538912143104,3.944377462829503e-08,1403715539112143104,302,True,588
0.4646822357789677,0.105721,0.008333333333333415,0.9583333333333334,599,89.08192623884025,6.0,,48,2.6209949690309395,9.018939695103297,2.6157616390028426,6.955768268028822,True,7.481528492560486,55.97326858499437,6,0.010576022132907759,Permuted-K16,V1_02_medium:1403715538912143104:1403715539112143104,0.037855,formal_public_module_evidence,0.012021762264742386,0.034501484832213485,0.05186990422206774,0.4512548733385988,1.0,7,0,V1_02_medium,7,OK,True,300,1403715538912143104,3.944377462829503e-08,1403715539112143104,302,True,588
0.1958951445956505,0.006157,0.008333333333333415,0.9583333333333334,948,1.072866127139953,6.0,,16,2.4680684429866027,1.0357925116257374,2.327747880326297,2.730309188882545,True,0.9391493813353768,0.8820015604626211,6,0.0670244975080978,Raw,V1_02_medium:1403715539412143104:1403715539612143104,0.037892,formal_public_module_evidence,0.029620031698263438,0.06068510315691514,0.10014594413355321,0.3008831003511193,0.7384201275971107,0,0,V1_02_medium,4,OK,True,310,1403715539412143104,1.4787845636686604e-09,1403715539612143104,108,True,862
0.40353450937389523,0.001984,0.050000000000000044,1.0,948,1.3204506180184041,6.0,,16,2.4680684429866027,1.0357925116257374,2.327747880326297,2.783805097731578,True,0.9391493813353768,0.8820015604626211,6,0.0670244975080978,Global-DoF,V1_02_medium:1403715539412143104:1403715539612143104,0.037892,formal_public_module_evidence,0.029620031698263438,0.06068510315691514,0.10014594413355321,0.3008831003511193,0.7384201275971107,0,0,V1_02_medium,4,OK,True,310,1403715539412143104,1.4787845636686604e-09,1403715539612143104,108,True,862
0.34584397431522573,0.454689,0.008333333333333415,0.9583333333333334,948,1.246428822630239,6.0,,16,2.4680684429866027,1.0357925116257374,2.327747880326297,2.765782472818741,True,0.9391493813353768,0.8820015604626211,6,0.0670244975080978,DPR-Exact-Block,V1_02_medium:1403715539412143104:1403715539612143104,0.037892,formal_public_module_evidence,0.029620031698263438,0.06068510315691514,0.10014594413355321,0.3008831003511193,0.7384201275971107,0,0,V1_02_medium,4,OK,True,310,1403715539412143104,1.4787845636686604e-09,1403715539612143104,108,True,862
0.4107179056103623,0.1769,0.050000000000000044,1.0,948,1.3299700881466407,6.0,,16,2.4680684429866027,1.0357925116257374,2.327747880326297,2.786207501151146,True,0.9391493813353768,0.8820015604626211,6,0.0670244975080978,DUC-K16,V1_02_medium:1403715539412143104:1403715539612143104,0.037892,formal_public_module_evidence,0.029620031698263438,0.06068510315691514,0.10014594413355321,0.3008831003511193,0.7384201275971107,0,0,V1_02_medium,4,OK,True,310,1403715539412143104,1.4787845636686604e-09,1403715539612143104,108,True,862
0.47025763284199396,0.067763,0.050000000000000044,1.0,948,1.4115609927771284,6.0,,16,2.4680684429866027,1.0357925116257374,2.327747880326297,2.8074145134188773,True,0.9391493813353768,0.8820015604626211,6,0.0670244975080978,Permuted-K16,V1_02_medium:1403715539412143104:1403715539612143104,0.037892,formal_public_module_evidence,0.029620031698263438,0.06068510315691514,0.10014594413355321,0.3008831003511193,0.7384201275971107,0,0,V1_02_medium,4,OK,True,310,1403715539412143104,1.4787845636686604e-09,1403715539612143104,108,True,862
1.9168880721194657,0.006473,0.050000000000000044,1.0,948,35.77115347999223,6.0,,48,2.4035778527217406,5.9808990528174135,2.3664582594761914,5.562082769332701,True,2.2936096980399103,5.260645446942729,6,0.02137887214179668,Raw,V1_02_medium:1403715539412143104:1403715539612143104,0.03821,formal_public_module_evidence,0.01635098170306093,0.038828339621787764,0.05898063207532391,0.45460887360799657,1.290086183684258,4,0,V1_02_medium,5,OK,True,310,1403715539412143104,1.3313177296482719e-08,1403715539612143104,108,True,862
1.9814265932570367,0.00197,0.050000000000000044,1.0,948,38.15589704532504,6.0,,48,2.4035778527217406,5.9808990528174135,2.3664582594761914,5.6174297965303905,True,2.2936096980399103,5.260645446942729,6,0.02137887214179668,Global-DoF,V1_02_medium:1403715539412143104:1403715539612143104,0.03821,formal_public_module_evidence,0.01635098170306093,0.038828339621787764,0.05898063207532391,0.45460887360799657,1.290086183684258,4,0,V1_02_medium,5,OK,True,310,1403715539412143104,1.3313177296482719e-08,1403715539612143104,108,True,862
2.0247001462142835,1.278156,0.050000000000000044,1.0,948,39.84328459533592,6.0,,48,2.4035778527217406,5.9808990528174135,2.3664582594761914,5.654864368365343,True,2.2936096980399103,5.260645446942729,6,0.02137887214179668,DPR-Exact-Block,V1_02_medium:1403715539412143104:1403715539612143104,0.03821,formal_public_module_evidence,0.01635098170306093,0.038828339621787764,0.05898063207532391,0.45460887360799657,1.290086183684258,4,0,V1_02_medium,5,OK,True,310,1403715539412143104,1.3313177296482719e-08,1403715539612143104,108,True,862
2.0458536960367186,0.316194,0.050000000000000044,1.0,948,40.69508908240883,6.0,,48,2.4035778527217406,5.9808990528174135,2.3664582594761914,5.673254275966336,True,2.2936096980399103,5.260645446942729,6,0.02137887214179668,DUC-K16,V1_02_medium:1403715539412143104:1403715539612143104,0.03821,formal_public_module_evidence,0.01635098170306093,0.038828339621787764,0.05898063207532391,0.45460887360799657,1.290086183684258,4,0,V1_02_medium,5,OK,True,310,1403715539412143104,1.3313177296482719e-08,1403715539612143104,108,True,862
1.9554468345668616,0.104477,0.050000000000000044,1.0,948,37.17738187804813,6.0,,48,2.4035778527217406,5.9808990528174135,2.3664582594761914,5.595078863664857,True,2.2936096980399103,5.260645446942729,6,0.02137887214179668,Permuted-K16,V1_02_medium:1403715539412143104:1403715539612143104,0.03821,formal_public_module_evidence,0.01635098170306093,0.038828339621787764,0.05898063207532391,0.45460887360799657,1.290086183684258,4,0,V1_02_medium,5,OK,True,310,1403715539412143104,1.3313177296482719e-08,1403715539612143104,108,True,862
0.735701168150968,0.00638,0.2833333333333333,0.6666666666666666,788,0.08506533731796094,6.0,,16,1.9093013651801332,0.2916596257934254,2.0292619653557025,1.460486201794921,True,0.42133912893878894,0.1775266615748974,6,0.05087058049405413,Raw,V1_02_medium:1403715539912143104:1403715540112143104,0.038321,formal_public_module_evidence,0.027808358220494878,0.11937435763021487,0.10216894416965708,0.27570498758158896,0.591408551027504,0,0,V1_02_medium,4,OK,True,320,1403715539912143104,5.551437562595891e-10,1403715540112143104,563,True,694
0.5280618033727237,0.00202,0.11666666666666659,0.8333333333333334,788,0.1046957997759519,6.0,,16,1.9093013651801332,0.2916596257934254,2.0292619653557025,1.276823420543056,True,0.42133912893878894,0.1775266615748974,6,0.05087058049405413,Global-DoF,V1_02_medium:1403715539912143104:1403715540112143104,0.038321,formal_public_module_evidence,0.027808358220494878,0.11937435763021487,0.10216894416965708,0.27570498758158896,0.591408551027504,0,0,V1_02_medium,4,OK,True,320,1403715539912143104,5.551437562595891e-10,1403715540112143104,563,True,694
0.4705564215517256,0.453106,0.11666666666666659,0.8333333333333334,788,0.11089284582594551,6.0,,16,1.9093013651801332,0.2916596257934254,2.0292619653557025,1.2395708817650162,True,0.42133912893878894,0.1775266615748974,6,0.05087058049405413,DPR-Exact-Block,V1_02_medium:1403715539912143104:1403715540112143104,0.038321,formal_public_module_evidence,0.027808358220494878,0.11937435763021487,0.10216894416965708,0.27570498758158896,0.591408551027504,0,0,V1_02_medium,4,OK,True,320,1403715539912143104,5.551437562595891e-10,1403715540112143104,563,True,694
0.4209374766359031,0.177604,0.11666666666666659,0.8333333333333334,788,0.11653402926574902,6.0,,16,1.9093013651801332,0.2916596257934254,2.0292619653557025,1.2116941425069732,True,0.42133912893878894,0.1775266615748974,6,0.05087058049405413,DUC-K16,V1_02_medium:1403715539912143104:1403715540112143104,0.038321,formal_public_module_evidence,0.027808358220494878,0.11937435763021487,0.10216894416965708,0.27570498758158896,0.591408551027504,0,0,V1_02_medium,4,OK,True,320,1403715539912143104,5.551437562595891e-10,1403715540112143104,563,True,694
0.4155980894063639,0.070191,0.11666666666666659,0.8333333333333334,788,0.11715791367143594,6.0,,16,1.9093013651801332,0.2916596257934254,2.0292619653557025,1.208921242409134,True,0.42133912893878894,0.1775266615748974,6,0.05087058049405413,Permuted-K16,V1_02_medium:1403715539912143104:1403715540112143104,0.038321,formal_public_module_evidence,0.027808358220494878,0.11937435763021487,0.10216894416965708,0.27570498758158896,0.591408551027504,0,0,V1_02_medium,4,OK,True,320,1403715539912143104,5.551437562595891e-10,1403715540112143104,563,True,694
0.0749973468834455,0.006623,0.008333333333333415,0.9583333333333334,788,0.13341105212112706,6.000000000000001,,48,1.6552225917111005,0.36525477699973624,2.031392766729853,0.9014380580967544,True,0.37921138842623303,0.14380127711215138,6,0.030113543983891322,Raw,V1_02_medium:1403715539912143104:1403715540112143104,0.038175,formal_public_module_evidence,0.012972796862937286,0.033473868775416776,0.057101016275321596,0.5179980095319683,1.3032266618858772,3,0,V1_02_medium,4,OK,True,320,1403715539912143104,1.1627485483873948e-10,1403715540112143104,563,True,694
0.010458825745874277,0.002014,0.050000000000000044,1.0,788,0.14230512226253553,6.000000000000001,,48,1.6552225917111005,0.36525477699973624,2.031392766729853,0.8986089985383167,True,0.37921138842623303,0.14380127711215138,6,0.030113543983891322,Global-DoF,V1_02_medium:1403715539912143104:1403715540112143104,0.038175,formal_public_module_evidence,0.012972796862937286,0.033473868775416776,0.057101016275321596,0.5179980095319683,1.3032266618858772,3,0,V1_02_medium,4,OK,True,320,1403715539912143104,1.1627485483873948e-10,1403715540112143104,563,True,694
0.028611261758694037,1.298169,0.050000000000000044,1.0,788,0.1479750366384305,6.000000000000001,,48,1.6552225917111005,0.36525477699973624,2.031392766729853,0.8989595402058175,True,0.37921138842623303,0.14380127711215138,6,0.030113543983891322,DPR-Exact-Block,V1_02_medium:1403715539912143104:1403715540112143104,0.038175,formal_public_module_evidence,0.012972796862937286,0.033473868775416776,0.057101016275321596,0.5179980095319683,1.3032266618858772,3,0,V1_02_medium,4,OK,True,320,1403715539912143104,1.1627485483873948e-10,1403715540112143104,563,True,694
0.0019650082310583654,0.319343,0.050000000000000044,1.0,788,0.1435189838641012,6.000000000000001,,48,1.6552225917111005,0.36525477699973624,2.031392766729853,0.8985560457379219,True,0.37921138842623303,0.14380127711215138,6,0.030113543983891322,DUC-K16,V1_02_medium:1403715539912143104:1403715540112143104,0.038175,formal_public_module_evidence,0.012972796862937286,0.033473868775416776,0.057101016275321596,0.5179980095319683,1.3032266618858772,3,0,V1_02_medium,4,OK,True,320,1403715539912143104,1.1627485483873948e-10,1403715540112143104,563,True,694
0.0025251965730212437,0.106368,0.050000000000000044,1.0,788,0.14343860871720218,6.000000000000001,,48,1.6552225917111005,0.36525477699973624,2.031392766729853,0.8985573048383227,True,0.37921138842623303,0.14380127711215138,6,0.030113543983891322,Permuted-K16,V1_02_medium:1403715539912143104:1403715540112143104,0.038175,formal_public_module_evidence,0.012972796862937286,0.033473868775416776,0.057101016275321596,0.5179980095319683,1.3032266618858772,3,0,V1_02_medium,4,OK,True,320,1403715539912143104,1.1627485483873948e-10,1403715540112143104,563,True,694
1.8325211642232302,0.006818,0.11666666666666659,0.8333333333333334,795,0.1305003822334103,6.0,,16,2.05219498183017,0.36124836640933106,1.8530361962962678,6.051121082507941,True,0.9030936875526326,0.8155782084974121,6,0.16009152694205753,Raw,V1_02_medium:1403715540412143104:1403715540612143104,0.037765,formal_public_module_evidence,0.021966467982256987,0.12828487360822538,0.10820011674743278,0.2615262068724285,0.6782665913108779,0,0,V1_02_medium,4,OK,True,330,1403715540412143104,1.3297577065672336e-11,1403715540612143104,588,True,679
1.624881799444986,0.002046,0.11666666666666659,0.8333333333333334,795,0.16061585505650494,6.0,,16,2.05219498183017,0.36124836640933106,1.8530361962962678,5.086956108661695,True,0.9030936875526326,0.8155782084974121,6,0.16009152694205753,Global-DoF,V1_02_medium:1403715540412143104:1403715540612143104,0.037765,formal_public_module_evidence,0.021966467982256987,0.12828487360822538,0.10820011674743278,0.2615262068724285,0.6782665913108779,0,0,V1_02_medium,4,OK,True,330,1403715540412143104,1.3297577065672336e-11,1403715540612143104,588,True,679
1.528101856654188,0.484504,0.11666666666666659,0.8333333333333334,795,0.17693730544795372,6.0,,16,2.05219498183017,0.36124836640933106,1.8530361962962678,4.715336425705566,True,0.9030936875526326,0.8155782084974121,6,0.16009152694205753,DPR-Exact-Block,V1_02_medium:1403715540412143104:1403715540612143104,0.037765,formal_public_module_evidence,0.021966467982256987,0.12828487360822538,0.10820011674743278,0.2615262068724285,0.6782665913108779,0,0,V1_02_medium,4,OK,True,330,1403715540412143104,1.3297577065672336e-11,1403715540612143104,588,True,679
1.3796029521122997,0.180758,0.11666666666666659,0.8333333333333334,795,0.20526346885012986,6.0,,16,2.05219498183017,0.36124836640933106,1.8530361962962678,4.227739869762227,True,0.9030936875526326,0.8155782084974121,6,0.16009152694205753,DUC-K16,V1_02_medium:1403715540412143104:1403715540612143104,0.037765,formal_public_module_evidence,0.021966467982256987,0.12828487360822538,0.10820011674743278,0.2615262068724285,0.6782665913108779,0,0,V1_02_medium,4,OK,True,330,1403715540412143104,1.3297577065672336e-11,1403715540612143104,588,True,679
1.6052693843173222,0.069544,0.11666666666666659,0.8333333333333334,795,0.16379701300926347,6.0,,16,2.05219498183017,0.36124836640933106,1.8530361962962678,5.007950463766374,True,0.9030936875526326,0.8155782084974121,6,0.16009152694205753,Permuted-K16,V1_02_medium:1403715540412143104:1403715540612143104,0.037765,formal_public_module_evidence,0.021966467982256987,0.12828487360822538,0.10820011674743278,0.2615262068724285,0.6782665913108779,0,0,V1_02_medium,4,OK,True,330,1403715540412143104,1.3297577065672336e-11,1403715540612143104,588,True,679
1.741505762180089,0.007153,0.11666666666666659,0.8333333333333334,795,0.13675486223612213,6.000000000000002,,48,2.0527942615991623,0.369803815875556,1.8516981950514753,5.554240512771906,True,0.8833535516801405,0.7803134972659187,6,0.049053435954106384,Raw,V1_02_medium:1403715540412143104:1403715540612143104,0.042804,formal_public_module_evidence,0.012446710646698056,0.055327048625039676,0.07304473596153065,0.6347617762445954,1.8833890774401127,3,0,V1_02_medium,5,OK,True,330,1403715540412143104,9.228322438640368e-09,1403715540612143104,588,True,679
1.6769672410425178,0.002092,0.11666666666666659,0.8333333333333334,795,0.1458718530518636,6.000000000000002,,48,2.0527942615991623,0.369803815875556,1.8516981950514753,5.262158488345885,True,0.8833535516801405,0.7803134972659187,6,0.049053435954106384,Global-DoF,V1_02_medium:1403715540412143104:1403715540612143104,0.042804,formal_public_module_evidence,0.012446710646698056,0.055327048625039676,0.07304473596153065,0.6347617762445954,1.8833890774401127,3,0,V1_02_medium,5,OK,True,330,1403715540412143104,9.228322438640368e-09,1403715540612143104,588,True,679
1.5924965271774931,1.272766,0.11666666666666659,0.8333333333333334,795,0.1587291405977334,6.000000000000002,,48,2.0527942615991623,0.369803815875556,1.8516981950514753,4.913327583950125,True,0.8833535516801405,0.7803134972659187,6,0.049053435954106384,DPR-Exact-Block,V1_02_medium:1403715540412143104:1403715540612143104,0.042804,formal_public_module_evidence,0.012446710646698056,0.055327048625039676,0.07304473596153065,0.6347617762445954,1.8833890774401127,3,0,V1_02_medium,5,OK,True,330,1403715540412143104,9.228322438640368e-09,1403715540612143104,588,True,679
1.5446082591616728,0.313265,0.11666666666666659,0.8333333333333334,795,0.16651535033009468,6.000000000000002,,48,2.0527942615991623,0.369803815875556,1.8516981950514753,4.731344803522789,True,0.8833535516801405,0.7803134972659187,6,0.049053435954106384,DUC-K16,V1_02_medium:1403715540412143104:1403715540612143104,0.042804,formal_public_module_evidence,0.012446710646698056,0.055327048625039676,0.07304473596153065,0.6347617762445954,1.8833890774401127,3,0,V1_02_medium,5,OK,True,330,1403715540412143104,9.228322438640368e-09,1403715540612143104,588,True,679
1.6388154368723131,0.10394,0.11666666666666659,0.8333333333333334,795,0.15154465312710277,6.000000000000002,,48,2.0527942615991623,0.369803815875556,1.8516981950514753,5.100068612988646,True,0.8833535516801405,0.7803134972659187,6,0.049053435954106384,Permuted-K16,V1_02_medium:1403715540412143104:1403715540612143104,0.042804,formal_public_module_evidence,0.012446710646698056,0.055327048625039676,0.07304473596153065,0.6347617762445954,1.8833890774401127,3,0,V1_02_medium,5,OK,True,330,1403715540412143104,9.228322438640368e-09,1403715540612143104,588,True,679
0.13973841474926027,0.006225,0.008333333333333415,0.9583333333333334,655,0.3698767915450578,5.999999999999999,,16,1.9133903220093589,0.6081749678711365,2.2841400659223696,1.7128774182229982,True,0.5671327533956195,0.3216395599740966,6,0.009973764440073252,Raw,V1_02_medium:1403715540912143104:1403715541112143104,0.037006,formal_public_module_evidence,0.018952183290508073,0.06304718732838269,0.07753583191410848,0.26318483795096553,0.7736470689994515,0,0,V1_02_medium,4,OK,True,340,1403715540912143104,3.63376973758426e-09,1403715541112143104,416,True,522
0.34737777952750476,0.002117,0.008333333333333415,0.9583333333333334,655,0.4552329742093019,5.999999999999999,,16,1.9133903220093589,0.6081749678711365,2.2841400659223696,1.757469468669285,True,0.5671327533956195,0.3216395599740966,6,0.009973764440073252,Global-DoF,V1_02_medium:1403715540912143104:1403715541112143104,0.037006,formal_public_module_evidence,0.018952183290508073,0.06304718732838269,0.07753583191410848,0.26318483795096553,0.7736470689994515,0,0,V1_02_medium,4,OK,True,340,1403715540912143104,3.63376973758426e-09,1403715541112143104,416,True,522
0.6809485289690898,0.446694,0.008333333333333415,0.9583333333333334,655,0.6354796503124119,5.999999999999999,,16,1.9133903220093589,0.6081749678711365,2.2841400659223696,1.8906385353092554,True,0.5671327533956195,0.3216395599740966,6,0.009973764440073252,DPR-Exact-Block,V1_02_medium:1403715540912143104:1403715541112143104,0.037006,formal_public_module_evidence,0.018952183290508073,0.06304718732838269,0.07753583191410848,0.26318483795096553,0.7736470689994515,0,0,V1_02_medium,4,OK,True,340,1403715540912143104,3.63376973758426e-09,1403715541112143104,416,True,522
0.6908728836829732,0.177779,0.008333333333333415,0.9583333333333334,655,0.641817774651088,5.999999999999999,,16,1.9133903220093589,0.6081749678711365,2.2841400659223696,1.8955646532455201,True,0.5671327533956195,0.3216395599740966,6,0.009973764440073252,DUC-K16,V1_02_medium:1403715540912143104:1403715541112143104,0.037006,formal_public_module_evidence,0.018952183290508073,0.06304718732838269,0.07753583191410848,0.26318483795096553,0.7736470689994515,0,0,V1_02_medium,4,OK,True,340,1403715540912143104,3.63376973758426e-09,1403715541112143104,416,True,522
0.4106522807061385,0.074013,0.008333333333333415,0.9583333333333334,655,0.4849684417751348,5.999999999999999,,16,1.9133903220093589,0.6081749678711365,2.2841400659223696,1.7774231127762832,True,0.5671327533956195,0.3216395599740966,6,0.009973764440073252,Permuted-K16,V1_02_medium:1403715540912143104:1403715541112143104,0.037006,formal_public_module_evidence,0.018952183290508073,0.06304718732838269,0.07753583191410848,0.26318483795096553,0.7736470689994515,0,0,V1_02_medium,4,OK,True,340,1403715540912143104,3.63376973758426e-09,1403715541112143104,416,True,522
1.1354206096281028,0.005951,0.050000000000000044,1.0,655,0.3457352039557904,6.000000000000001,,48,1.6669999018555204,0.5879925203229973,2.281500467501483,1.0970819195255475,True,0.3332869806066688,0.11108021144191,6,0.019975314771702446,Raw,V1_02_medium:1403715540912143104:1403715541112143104,0.040213,formal_public_module_evidence,0.013088084659497734,0.03815580842850721,0.05938381436920883,0.5532315150937487,1.1465786728587923,7,0,V1_02_medium,5,OK,True,340,1403715540912143104,1.3785982571648636e-08,1403715541112143104,416,True,522
1.1999591307656736,0.001908,0.050000000000000044,1.0,655,0.368784217552843,6.000000000000001,,48,1.6669999018555204,0.5879925203229973,2.281500467501483,1.1415400058804137,True,0.3332869806066688,0.11108021144191,6,0.019975314771702446,Global-DoF,V1_02_medium:1403715540912143104:1403715541112143104,0.040213,formal_public_module_evidence,0.013088084659497734,0.03815580842850721,0.05938381436920883,0.5532315150937487,1.1465786728587923,7,0,V1_02_medium,5,OK,True,340,1403715540912143104,1.3785982571648636e-08,1403715541112143104,416,True,522
1.2195866562523847,1.257822,0.050000000000000044,1.0,655,0.37609404139074276,6.000000000000001,,48,1.6669999018555204,0.5879925203229973,2.281500467501483,1.155313233318136,True,0.3332869806066688,0.11108021144191,6,0.019975314771702446,DPR-Exact-Block,V1_02_medium:1403715540912143104:1403715541112143104,0.040213,formal_public_module_evidence,0.013088084659497734,0.03815580842850721,0.05938381436920883,0.5532315150937487,1.1465786728587923,7,0,V1_02_medium,5,OK,True,340,1403715540912143104,1.3785982571648636e-08,1403715541112143104,416,True,522
1.1994091376260945,0.315165,0.050000000000000044,1.0,655,0.368581444530201,6.000000000000001,,48,1.6669999018555204,0.5879925203229973,2.281500467501483,1.1411557198260909,True,0.3332869806066688,0.11108021144191,6,0.019975314771702446,DUC-K16,V1_02_medium:1403715540912143104:1403715541112143104,0.040213,formal_public_module_evidence,0.013088084659497734,0.03815580842850721,0.05938381436920883,0.5532315150937487,1.1465786728587923,7,0,V1_02_medium,5,OK,True,340,1403715540912143104,1.3785982571648636e-08,1403715541112143104,416,True,522
1.23626611631489,0.104374,0.050000000000000044,1.0,655,0.3824196945218928,6.000000000000001,,48,1.6669999018555204,0.5879925203229973,2.281500467501483,1.167107234432397,True,0.3332869806066688,0.11108021144191,6,0.019975314771702446,Permuted-K16,V1_02_medium:1403715540912143104:1403715541112143104,0.040213,formal_public_module_evidence,0.013088084659497734,0.03815580842850721,0.05938381436920883,0.5532315150937487,1.1465786728587923,7,0,V1_02_medium,5,OK,True,340,1403715540912143104,1.3785982571648636e-08,1403715541112143104,416,True,522
,,,,424,,,INSUFFICIENT_TRACKS,16,,,,,,,,,,Raw,V1_02_medium:1403715541412143104:1403715541612143104,,formal_public_module_evidence,,,,,,,,V1_02_medium,,,,350,1403715541412143104,,1403715541612143104,31,False,305
,,,,424,,,INSUFFICIENT_TRACKS,16,,,,,,,,,,Global-DoF,V1_02_medium:1403715541412143104:1403715541612143104,,formal_public_module_evidence,,,,,,,,V1_02_medium,,,,350,1403715541412143104,,1403715541612143104,31,False,305
,,,,424,,,INSUFFICIENT_TRACKS,16,,,,,,,,,,DPR-Exact-Block,V1_02_medium:1403715541412143104:1403715541612143104,,formal_public_module_evidence,,,,,,,,V1_02_medium,,,,350,1403715541412143104,,1403715541612143104,31,False,305
,,,,424,,,INSUFFICIENT_TRACKS,16,,,,,,,,,,DUC-K16,V1_02_medium:1403715541412143104:1403715541612143104,,formal_public_module_evidence,,,,,,,,V1_02_medium,,,,350,1403715541412143104,,1403715541612143104,31,False,305
,,,,424,,,INSUFFICIENT_TRACKS,16,,,,,,,,,,Permuted-K16,V1_02_medium:1403715541412143104:1403715541612143104,,formal_public_module_evidence,,,,,,,,V1_02_medium,,,,350,1403715541412143104,,1403715541612143104,31,False,305
,,,,424,,,INSUFFICIENT_TRACKS,48,,,,,,,,,,Raw,V1_02_medium:1403715541412143104:1403715541612143104,,formal_public_module_evidence,,,,,,,,V1_02_medium,,,,350,1403715541412143104,,1403715541612143104,31,False,305
,,,,424,,,INSUFFICIENT_TRACKS,48,,,,,,,,,,Global-DoF,V1_02_medium:1403715541412143104:1403715541612143104,,formal_public_module_evidence,,,,,,,,V1_02_medium,,,,350,1403715541412143104,,1403715541612143104,31,False,305
,,,,424,,,INSUFFICIENT_TRACKS,48,,,,,,,,,,DPR-Exact-Block,V1_02_medium:1403715541412143104:1403715541612143104,,formal_public_module_evidence,,,,,,,,V1_02_medium,,,,350,1403715541412143104,,1403715541612143104,31,False,305
,,,,424,,,INSUFFICIENT_TRACKS,48,,,,,,,,,,DUC-K16,V1_02_medium:1403715541412143104:1403715541612143104,,formal_public_module_evidence,,,,,,,,V1_02_medium,,,,350,1403715541412143104,,1403715541612143104,31,False,305
,,,,424,,,INSUFFICIENT_TRACKS,48,,,,,,,,,,Permuted-K16,V1_02_medium:1403715541412143104:1403715541612143104,,formal_public_module_evidence,,,,,,,,V1_02_medium,,,,350,1403715541412143104,,1403715541612143104,31,False,305
4.35741575221202,0.006902,0.033333333333333326,0.9166666666666666,652,0.525711003104474,6.0,,16,2.2920303745625317,0.7250593100598558,2.1397331660604673,79.25003311076766,True,6.405814257037405,41.03445629566368,6,0.04952036092803325,Raw,V1_02_medium:1403715541912143104:1403715542112143104,0.03843,formal_public_module_evidence,0.029317655948260135,0.0926344556952648,0.1065041239142588,0.25805295213617374,0.7843752083002955,0,0,V1_02_medium,5,OK,True,360,1403715541912143104,6.568774380645784e-10,1403715542112143104,252,True,416
4.149776387433776,0.002009,0.008333333333333415,0.9583333333333334,652,0.6470289268978142,6.0,,16,2.2920303745625317,0.7250593100598558,2.1397331660604673,64.82233003454331,True,6.405814257037405,41.03445629566368,6,0.04952036092803325,Global-DoF,V1_02_medium:1403715541912143104:1403715542112143104,0.03843,formal_public_module_evidence,0.029317655948260135,0.0926344556952648,0.1065041239142588,0.25805295213617374,0.7843752083002955,0,0,V1_02_medium,5,OK,True,360,1403715541912143104,6.568774380645784e-10,1403715542112143104,252,True,416
4.183673079367714,0.482337,0.008333333333333415,0.9583333333333334,652,0.6254643355889754,6.0,,16,2.2920303745625317,0.7250593100598558,2.1397331660604673,66.97500476153402,True,6.405814257037405,41.03445629566368,6,0.04952036092803325,DPR-Exact-Block,V1_02_medium:1403715541912143104:1403715542112143104,0.03843,formal_public_module_evidence,0.029317655948260135,0.0926344556952648,0.1065041239142588,0.25805295213617374,0.7843752083002955,0,0,V1_02_medium,5,OK,True,360,1403715541912143104,6.568774380645784e-10,1403715542112143104,252,True,416
4.135339818678941,0.178582,0.008333333333333415,0.9583333333333334,652,0.656437555234954,6.0,,16,2.2920303745625317,0.7250593100598558,2.1397331660604673,63.92777916816004,True,6.405814257037405,41.03445629566368,6,0.04952036092803325,DUC-K16,V1_02_medium:1403715541912143104:1403715542112143104,0.03843,formal_public_module_evidence,0.029317655948260135,0.0926344556952648,0.1065041239142588,0.25805295213617374,0.7843752083002955,0,0,V1_02_medium,5,OK,True,360,1403715541912143104,6.568774380645784e-10,1403715542112143104,252,True,416
3.8693442912546105,0.071371,0.008333333333333415,0.9583333333333334,652,0.8564732615037434,6.0,,16,2.2920303745625317,0.7250593100598558,2.1397331660604673,49.59390502962629,True,6.405814257037405,41.03445629566368,6,0.04952036092803325,Permuted-K16,V1_02_medium:1403715541912143104:1403715542112143104,0.03843,formal_public_module_evidence,0.029317655948260135,0.0926344556952648,0.1065041239142588,0.25805295213617374,0.7843752083002955,0,0,V1_02_medium,5,OK,True,360,1403715541912143104,6.568774380645784e-10,1403715542112143104,252,True,416
4.737571621838863,0.00611,0.033333333333333326,0.9166666666666666,652,0.35547194891397255,6.000000000000002,,48,2.090740061442097,0.5962146835779647,2.1388486694343207,114.96021742892214,True,6.370203027270644,40.579486608648075,6,0.009163596234263549,Raw,V1_02_medium:1403715541912143104:1403715542112143104,0.042742,formal_public_module_evidence,0.012249488713274692,0.034662738768593236,0.05434452031519374,0.48438445890645243,1.2424617336954917,2,0,V1_02_medium,4,OK,True,360,1403715541912143104,8.028254972063992e-10,1403715542112143104,252,True,416
4.673033100701292,0.001964,0.033333333333333326,0.9166666666666666,652,0.3791700788415707,6.000000000000002,,48,2.090740061442097,0.5962146835779647,2.1388486694343207,107.88996536872385,True,6.370203027270644,40.579486608648075,6,0.009163596234263549,Global-DoF,V1_02_medium:1403715541912143104:1403715542112143104,0.042742,formal_public_module_evidence,0.012249488713274692,0.034662738768593236,0.05434452031519374,0.48438445890645243,1.2424617336954917,2,0,V1_02_medium,4,OK,True,360,1403715541912143104,8.028254972063992e-10,1403715542112143104,252,True,416
4.683394878705751,1.286088,0.033333333333333326,0.9166666666666666,652,0.3752614876069221,6.000000000000002,,48,2.090740061442097,0.5962146835779647,2.1388486694343207,108.99430550584667,True,6.370203027270644,40.579486608648075,6,0.009163596234263549,DPR-Exact-Block,V1_02_medium:1403715541912143104:1403715542112143104,0.042742,formal_public_module_evidence,0.012249488713274692,0.034662738768593236,0.05434452031519374,0.48438445890645243,1.2424617336954917,2,0,V1_02_medium,4,OK,True,360,1403715541912143104,8.028254972063992e-10,1403715542112143104,252,True,416
4.69260071895744,0.315194,0.033333333333333326,0.9166666666666666,652,0.37182274285222316,6.000000000000002,,48,2.090740061442097,0.5962146835779647,2.1388486694343207,109.98518381274232,True,6.370203027270644,40.579486608648075,6,0.009163596234263549,DUC-K16,V1_02_medium:1403715541912143104:1403715542112143104,0.042742,formal_public_module_evidence,0.012249488713274692,0.034662738768593236,0.05434452031519374,0.48438445890645243,1.2424617336954917,2,0,V1_02_medium,4,OK,True,360,1403715541912143104,8.028254972063992e-10,1403715542112143104,252,True,416
4.631255507082854,0.105553,0.033333333333333326,0.9166666666666666,652,0.395346444380656,6.000000000000002,,48,2.090740061442097,0.5962146835779647,2.1388486694343207,103.5527363165641,True,6.370203027270644,40.579486608648075,6,0.009163596234263549,Permuted-K16,V1_02_medium:1403715541912143104:1403715542112143104,0.042742,formal_public_module_evidence,0.012249488713274692,0.034662738768593236,0.05434452031519374,0.48438445890645243,1.2424617336954917,2,0,V1_02_medium,4,OK,True,360,1403715541912143104,8.028254972063992e-10,1403715542112143104,252,True,416
1.093424262258778,0.006215,0.050000000000000044,1.0,343,32.74098361448426,6.0,,16,1.4599991110844155,5.72197375164237,1.5196491945958885,5.661571850278502,True,3.3121637483183806,10.970428695674466,6,0.0736078427325948,Raw,V1_02_medium:1403715542412143104:1403715542612143104,0.037833,formal_public_module_evidence,0.013363723653078474,0.06763387622790867,0.0890484438963065,0.2041234884025694,0.8117839661225098,0,0,V1_02_medium,9,OK,True,370,1403715542412143104,4.4371584313040985e-08,1403715542612143104,73,True,239
1.3010636270370224,0.001992,0.050000000000000044,1.0,343,40.29659521782678,6.0,,16,1.4599991110844155,5.72197375164237,1.5196491945958885,5.806386120836639,True,3.3121637483183806,10.970428695674466,6,0.0736078427325948,Global-DoF,V1_02_medium:1403715542412143104:1403715542612143104,0.037833,formal_public_module_evidence,0.013363723653078474,0.06763387622790867,0.0890484438963065,0.2041234884025694,0.8117839661225098,0,0,V1_02_medium,9,OK,True,370,1403715542412143104,4.4371584313040985e-08,1403715542612143104,73,True,239
1.3851184693036025,0.449804,0.050000000000000044,1.0,343,43.830144959608894,6.0,,16,1.4599991110844155,5.72197375164237,1.5196491945958885,5.868493034011455,True,3.3121637483183806,10.970428695674466,6,0.0736078427325948,DPR-Exact-Block,V1_02_medium:1403715542412143104:1403715542612143104,0.037833,formal_public_module_evidence,0.013363723653078474,0.06763387622790867,0.0890484438963065,0.2041234884025694,0.8117839661225098,0,0,V1_02_medium,9,OK,True,370,1403715542412143104,4.4371584313040985e-08,1403715542612143104,73,True,239
1.4561432615909964,0.175461,0.050000000000000044,1.0,343,47.05638737674262,6.0,,16,1.4599991110844155,5.72197375164237,1.5196491945958885,5.922357359141112,True,3.3121637483183806,10.970428695674466,6,0.0736078427325948,DUC-K16,V1_02_medium:1403715542412143104:1403715542612143104,0.037833,formal_public_module_evidence,0.013363723653078474,0.06763387622790867,0.0890484438963065,0.2041234884025694,0.8117839661225098,0,0,V1_02_medium,9,OK,True,370,1403715542412143104,4.4371584313040985e-08,1403715542612143104,73,True,239
1.3465059280448346,0.068697,0.050000000000000044,1.0,343,42.17000897052311,6.0,,16,1.4599991110844155,5.72197375164237,1.5196491945958885,5.839733995978013,True,3.3121637483183806,10.970428695674466,6,0.0736078427325948,Permuted-K16,V1_02_medium:1403715542412143104:1403715542612143104,0.037833,formal_public_module_evidence,0.013363723653078474,0.06763387622790867,0.0890484438963065,0.2041234884025694,0.8117839661225098,0,0,V1_02_medium,9,OK,True,370,1403715542412143104,4.4371584313040985e-08,1403715542612143104,73,True,239
1.8578529946856508,0.006081,0.050000000000000044,1.0,343,14.483854024485135,6.0,,48,1.5583521227278965,3.8057658919703843,1.604723833707714,4.666918799250443,True,1.5031918681119825,2.2595857923579916,6,0.12181578561285988,Raw,V1_02_medium:1403715542412143104:1403715542612143104,0.03823,formal_public_module_evidence,0.013593248788844381,0.03651436561785153,0.0607733960384693,0.5352740392537845,1.0401699250483354,5,0,V1_02_medium,5,OK,True,370,1403715542412143104,9.347200402050256e-08,1403715542612143104,73,True,239
1.922391515823222,0.001932,0.050000000000000044,1.0,343,15.449444292784145,6.0,,48,1.5583521227278965,3.8057658919703843,1.604723833707714,4.721706869176367,True,1.5031918681119825,2.2595857923579916,6,0.12181578561285988,Global-DoF,V1_02_medium:1403715542412143104:1403715542612143104,0.03823,formal_public_module_evidence,0.013593248788844381,0.03651436561785153,0.0607733960384693,0.5352740392537845,1.0401699250483354,5,0,V1_02_medium,5,OK,True,370,1403715542412143104,9.347200402050256e-08,1403715542612143104,73,True,239
1.9845351142346102,1.245134,0.050000000000000044,1.0,343,16.43998756110047,6.0,,48,1.5583521227278965,3.8057658919703843,1.604723833707714,4.775038194669498,True,1.5031918681119825,2.2595857923579916,6,0.12181578561285988,DPR-Exact-Block,V1_02_medium:1403715542412143104:1403715542612143104,0.03823,formal_public_module_evidence,0.013593248788844381,0.03651436561785153,0.0607733960384693,0.5352740392537845,1.0401699250483354,5,0,V1_02_medium,5,OK,True,370,1403715542412143104,9.347200402050256e-08,1403715542612143104,73,True,239
2.0994837239096977,0.316139,0.050000000000000044,1.0,343,18.44263756132157,6.0,,48,1.5583521227278965,3.8057658919703843,1.604723833707714,4.875061974989753,True,1.5031918681119825,2.2595857923579916,6,0.12181578561285988,DUC-K16,V1_02_medium:1403715542412143104:1403715542612143104,0.03823,formal_public_module_evidence,0.013593248788844381,0.03651436561785153,0.0607733960384693,0.5352740392537845,1.0401699250483354,5,0,V1_02_medium,5,OK,True,370,1403715542412143104,9.347200402050256e-08,1403715542612143104,73,True,239
1.890186723049831,0.107072,0.050000000000000044,1.0,343,14.959824509347088,6.0,,48,1.5583521227278965,3.8057658919703843,1.604723833707714,4.694288911109169,True,1.5031918681119825,2.2595857923579916,6,0.12181578561285988,Permuted-K16,V1_02_medium:1403715542412143104:1403715542612143104,0.03823,formal_public_module_evidence,0.013593248788844381,0.03651436561785153,0.0607733960384693,0.5352740392537845,1.0401699250483354,5,0,V1_02_medium,5,OK,True,370,1403715542412143104,9.347200402050256e-08,1403715542612143104,73,True,239
1.0702455531960993,0.00626,0.008333333333333415,0.9583333333333334,619,4.039698523609261,5.999999999999999,,16,1.3280748110589387,2.0099001277698503,1.3329241364385644,3.5769714336501877,True,1.1769922651152487,1.3853107921411236,6,0.07759052733965022,Raw,V1_02_medium:1403715542912143104:1403715543112143104,0.038673,formal_public_module_evidence,0.027767323576205705,0.07843911222864863,0.10662827600630026,0.2879750225682194,0.8796190901415846,1,0,V1_02_medium,5,OK,True,380,1403715542912143104,1.9281169374639757e-09,1403715543112143104,449,True,474
1.2778849179743437,0.002118,0.050000000000000044,1.0,619,4.9719366444421675,5.999999999999999,,16,1.3280748110589387,2.0099001277698503,1.3329241364385644,3.720312492005707,True,1.1769922651152487,1.3853107921411236,6,0.07759052733965022,Global-DoF,V1_02_medium:1403715542912143104:1403715543112143104,0.038673,formal_public_module_evidence,0.027767323576205705,0.07843911222864863,0.10662827600630026,0.2879750225682194,0.8796190901415846,1,0,V1_02_medium,5,OK,True,380,1403715542912143104,1.9281169374639757e-09,1403715543112143104,449,True,474
1.5151680561476146,0.446804,0.050000000000000044,1.0,619,6.30342142472717,5.999999999999999,,16,1.3280748110589387,2.0099001277698503,1.3329241364385644,3.898740883515335,True,1.1769922651152487,1.3853107921411236,6,0.07759052733965022,DPR-Exact-Block,V1_02_medium:1403715542912143104:1403715543112143104,0.038673,formal_public_module_evidence,0.027767323576205705,0.07843911222864863,0.10662827600630026,0.2879750225682194,0.8796190901415846,1,0,V1_02_medium,5,OK,True,380,1403715542912143104,1.9281169374639757e-09,1403715543112143104,449,True,474
1.589895611706709,0.176249,0.050000000000000044,1.0,619,6.7925072171158005,5.999999999999999,,16,1.3280748110589387,2.0099001277698503,1.3329241364385644,3.957644091531493,True,1.1769922651152487,1.3853107921411236,6,0.07759052733965022,DUC-K16,V1_02_medium:1403715542912143104:1403715543112143104,0.038673,formal_public_module_evidence,0.027767323576205705,0.07843911222864863,0.10662827600630026,0.2879750225682194,0.8796190901415846,1,0,V1_02_medium,5,OK,True,380,1403715542912143104,1.9281169374639757e-09,1403715543112143104,449,True,474
1.2161920435986606,0.06891,0.050000000000000044,1.0,619,4.674473596502404,5.999999999999999,,16,1.3280748110589387,2.0099001277698503,1.3329241364385644,3.6763501568763632,True,1.1769922651152487,1.3853107921411236,6,0.07759052733965022,Permuted-K16,V1_02_medium:1403715542912143104:1403715543112143104,0.038673,formal_public_module_evidence,0.027767323576205705,0.07843911222864863,0.10662827600630026,0.2879750225682194,0.8796190901415846,1,0,V1_02_medium,5,OK,True,380,1403715542912143104,1.9281169374639757e-09,1403715543112143104,449,True,474
2.1914430398964764,0.005922,0.050000000000000044,1.0,619,1.9537943998807021,6.0,,48,1.323555756611011,1.3977819572024466,1.3156666185565684,2.6194057591251174,True,0.4672761558354436,0.21834700581234975,6,0.11595450272840879,Raw,V1_02_medium:1403715542912143104:1403715543112143104,0.038331,formal_public_module_evidence,0.01366873154889181,0.03261577380551289,0.05647243658690145,0.4479921698507564,1.495436131591283,7,0,V1_02_medium,5,OK,True,380,1403715542912143104,1.0130598326710223e-09,1403715543112143104,449,True,474
2.2559815610340475,0.001954,0.050000000000000044,1.0,619,2.0840473598727494,6.0,,48,1.323555756611011,1.3977819572024466,1.3156666185565684,2.6769595699655846,True,0.4672761558354436,0.21834700581234975,6,0.11595450272840879,Global-DoF,V1_02_medium:1403715542912143104:1403715543112143104,0.038331,formal_public_module_evidence,0.01366873154889181,0.03261577380551289,0.05647243658690145,0.4479921698507564,1.495436131591283,7,0,V1_02_medium,5,OK,True,380,1403715542912143104,1.0130598326710223e-09,1403715543112143104,449,True,474
2.3767954517204037,1.279024,0.050000000000000044,1.0,619,2.3516700604753598,6.0,,48,1.323555756611011,1.3977819572024466,1.3156666185565684,2.7858504422146084,True,0.4672761558354436,0.21834700581234975,6,0.11595450272840879,DPR-Exact-Block,V1_02_medium:1403715542912143104:1403715543112143104,0.038331,formal_public_module_evidence,0.01366873154889181,0.03261577380551289,0.05647243658690145,0.4479921698507564,1.495436131591283,7,0,V1_02_medium,5,OK,True,380,1403715542912143104,1.0130598326710223e-09,1403715543112143104,449,True,474
2.4865055466839703,0.314664,0.050000000000000044,1.0,619,2.624356792919067,6.0,,48,1.323555756611011,1.3977819572024466,1.3156666185565684,2.885913099547164,True,0.4672761558354436,0.21834700581234975,6,0.11595450272840879,DUC-K16,V1_02_medium:1403715542912143104:1403715543112143104,0.038331,formal_public_module_evidence,0.01366873154889181,0.03261577380551289,0.05647243658690145,0.4479921698507564,1.495436131591283,7,0,V1_02_medium,5,OK,True,380,1403715542912143104,1.0130598326710223e-09,1403715543112143104,449,True,474
2.2501471343398247,0.109074,0.050000000000000044,1.0,619,2.0719235404837772,6.0,,48,1.323555756611011,1.3977819572024466,1.3156666185565684,2.671738206672146,True,0.4672761558354436,0.21834700581234975,6,0.11595450272840879,Permuted-K16,V1_02_medium:1403715542912143104:1403715543112143104,0.038331,formal_public_module_evidence,0.01366873154889181,0.03261577380551289,0.05647243658690145,0.4479921698507564,1.495436131591283,7,0,V1_02_medium,5,OK,True,380,1403715542912143104,1.0130598326710223e-09,1403715543112143104,449,True,474
0.7541612474246706,0.006126,0.3666666666666666,0.5833333333333334,630,0.012336760529783393,6.0,,16,1.7332111646336754,0.1110709706889401,1.9056050338338975,-0.43146701450994557,True,0.16194390280576682,0.02622582765596365,6,0.0743856191836556,Raw,V1_02_medium:1403715543412143104:1403715543612143104,0.042945,formal_public_module_evidence,0.028611926565681067,0.08184684024884581,0.11676912707818263,0.3769388268252444,0.9093976887307786,1,0,V1_02_medium,4,OK,True,390,1403715543412143104,1.6976884322875903e-11,1403715543612143104,465,True,481
0.5465218826464262,0.00197,0.15833333333333333,0.7916666666666666,630,0.015183705267425712,6.0,,16,1.7332111646336754,0.1110709706889401,1.9056050338338975,-0.6224203494620509,True,0.16194390280576682,0.02622582765596365,6,0.0743856191836556,Global-DoF,V1_02_medium:1403715543412143104:1403715543612143104,0.042945,formal_public_module_evidence,0.028611926565681067,0.08184684024884581,0.11676912707818263,0.3769388268252444,0.9093976887307786,1,0,V1_02_medium,4,OK,True,390,1403715543412143104,1.6976884322875903e-11,1403715543612143104,465,True,481
0.4495113847123583,0.485076,0.11666666666666659,0.8333333333333334,630,0.01673049879366836,6.0,,16,1.7332111646336754,0.1110709706889401,1.9056050338338975,-0.68509881232951,True,0.16194390280576682,0.02622582765596365,6,0.0743856191836556,DPR-Exact-Block,V1_02_medium:1403715543412143104:1403715543612143104,0.042945,formal_public_module_evidence,0.028611926565681067,0.08184684024884581,0.11676912707818263,0.3769388268252444,0.9093976887307786,1,0,V1_02_medium,4,OK,True,390,1403715543412143104,1.6976884322875903e-11,1403715543612143104,465,True,481
0.5268089511851345,0.175254,0.15833333333333333,0.7916666666666666,630,0.015485990281649936,6.0,,16,1.7332111646336754,0.1110709706889401,1.9056050338338975,-0.63642287673285,True,0.16194390280576682,0.02622582765596365,6,0.0743856191836556,DUC-K16,V1_02_medium:1403715543412143104:1403715543612143104,0.042945,formal_public_module_evidence,0.028611926565681067,0.08184684024884581,0.11676912707818263,0.3769388268252444,0.9093976887307786,1,0,V1_02_medium,4,OK,True,390,1403715543412143104,1.6976884322875903e-11,1403715543612143104,465,True,481
0.489971043502148,0.06778,0.11666666666666659,0.8333333333333334,630,0.016067099471570388,6.0,,16,1.7332111646336754,0.1110709706889401,1.9056050338338975,-0.6608355880040359,True,0.16194390280576682,0.02622582765596365,6,0.0743856191836556,Permuted-K16,V1_02_medium:1403715543412143104:1403715543612143104,0.042945,formal_public_module_evidence,0.028611926565681067,0.08184684024884581,0.11676912707818263,0.3769388268252444,0.9093976887307786,1,0,V1_02_medium,4,OK,True,390,1403715543412143104,1.6976884322875903e-11,1403715543612143104,465,True,481
0.01343557985735865,0.006204,0.033333333333333326,0.9166666666666666,630,0.012575421863667861,6.0,,48,1.7347701765413883,0.11214018844137841,1.9065135125535313,-1.5514796746635102,True,0.11138937892675067,0.012407593737687246,6,0.024733658490055266,Raw,V1_02_medium:1403715543412143104:1403715543612143104,0.03756,formal_public_module_evidence,0.01319125119593123,0.02998262500657942,0.052007269260029604,0.43012578786027533,1.0,8,0,V1_02_medium,4,OK,True,390,1403715543412143104,4.935886020198488e-11,1403715543612143104,465,True,481
0.07797410099492977,0.001917,0.033333333333333326,0.9166666666666666,630,0.013413783321245718,6.0,,48,1.7347701765413883,0.11214018844137841,1.9065135125535313,-1.548607045693415,True,0.11138937892675067,0.012407593737687246,6,0.024733658490055266,Global-DoF,V1_02_medium:1403715543412143104:1403715543612143104,0.03756,formal_public_module_evidence,0.01319125119593123,0.02998262500657942,0.052007269260029604,0.43012578786027533,1.0,8,0,V1_02_medium,4,OK,True,390,1403715543412143104,4.935886020198488e-11,1403715543612143104,465,True,481
0.09996810952076804,1.280059,0.033333333333333326,0.9166666666666666,630,0.013712074470590656,6.0,,48,1.7347701765413883,0.11214018844137841,1.9065135125535313,-1.5467351454847413,True,0.11138937892675067,0.012407593737687246,6,0.024733658490055266,DPR-Exact-Block,V1_02_medium:1403715543412143104:1403715543612143104,0.03756,formal_public_module_evidence,0.01319125119593123,0.02998262500657942,0.052007269260029604,0.43012578786027533,1.0,8,0,V1_02_medium,4,OK,True,390,1403715543412143104,4.935886020198488e-11,1403715543612143104,465,True,481
0.07492343501156473,0.32034,0.033333333333333326,0.9166666666666666,630,0.013372924703444861,6.0,,48,1.7347701765413883,0.11214018844137841,1.9065135125535313,-1.5488315724716764,True,0.11138937892675067,0.012407593737687246,6,0.024733658490055266,DUC-K16,V1_02_medium:1403715543412143104:1403715543612143104,0.03756,formal_public_module_evidence,0.01319125119593123,0.02998262500657942,0.052007269260029604,0.43012578786027533,1.0,8,0,V1_02_medium,4,OK,True,390,1403715543412143104,4.935886020198488e-11,1403715543612143104,465,True,481
0.09103157935055779,0.10767,0.033333333333333326,0.9166666666666666,630,0.013590082009915454,6.0,,48,1.7347701765413883,0.11214018844137841,1.9065135125535313,-1.5475490710017565,True,0.11138937892675067,0.012407593737687246,6,0.024733658490055266,Permuted-K16,V1_02_medium:1403715543412143104:1403715543612143104,0.03756,formal_public_module_evidence,0.01319125119593123,0.02998262500657942,0.052007269260029604,0.43012578786027533,1.0,8,0,V1_02_medium,4,OK,True,390,1403715543412143104,4.935886020198488e-11,1403715543612143104,465,True,481
0.5658813130261007,0.006259,0.15833333333333333,0.7916666666666666,455,0.12898059193307837,5.999999999999999,,16,1.542437249581873,0.3591386806417242,1.5372655043600563,1.550782820803871,True,0.4765865137430751,0.22713470508177833,6,0.013794175005199638,Raw,V1_02_medium:1403715543912143104:1403715544112143104,0.037535,formal_public_module_evidence,0.028167717410659154,0.07959720795296032,0.09375863561804695,0.27457554973682996,0.6740950868807332,0,0,V1_02_medium,4,OK,True,400,1403715543912143104,7.041015397162795e-10,1403715544112143104,238,True,324
0.35824194824785616,0.002101,0.07499999999999996,0.875,455,0.15874534391763492,5.999999999999999,,16,1.542437249581873,0.3591386806417242,1.5372655043600563,1.4282348561199427,True,0.4765865137430751,0.22713470508177833,6,0.013794175005199638,Global-DoF,V1_02_medium:1403715543912143104:1403715544112143104,0.037535,formal_public_module_evidence,0.028167717410659154,0.07959720795296032,0.09375863561804695,0.27457554973682996,0.6740950868807332,0,0,V1_02_medium,4,OK,True,400,1403715543912143104,7.041015397162795e-10,1403715544112143104,238,True,324
0.28419169037568526,0.445745,0.07499999999999996,0.875,455,0.17094665787073704,5.999999999999999,,16,1.542437249581873,0.3591386806417242,1.5372655043600563,1.4001609559580543,True,0.4765865137430751,0.22713470508177833,6,0.013794175005199638,DPR-Exact-Block,V1_02_medium:1403715543912143104:1403715544112143104,0.037535,formal_public_module_evidence,0.028167717410659154,0.07959720795296032,0.09375863561804695,0.27457554973682996,0.6740950868807332,0,0,V1_02_medium,4,OK,True,400,1403715543912143104,7.041015397162795e-10,1403715544112143104,238,True,324
0.29808188908067657,0.181766,0.07499999999999996,0.875,455,0.1685885897555141,5.999999999999999,,16,1.542437249581873,0.3591386806417242,1.5372655043600563,1.4048552645212953,True,0.4765865137430751,0.22713470508177833,6,0.013794175005199638,DUC-K16,V1_02_medium:1403715543912143104:1403715544112143104,0.037535,formal_public_module_evidence,0.028167717410659154,0.07959720795296032,0.09375863561804695,0.27457554973682996,0.6740950868807332,0,0,V1_02_medium,4,OK,True,400,1403715543912143104,7.041015397162795e-10,1403715544112143104,238,True,324
0.31894178115071387,0.069628,0.07499999999999996,0.875,455,0.1651082756568607,5.999999999999999,,16,1.542437249581873,0.3591386806417242,1.5372655043600563,1.4123944947927989,True,0.4765865137430751,0.22713470508177833,6,0.013794175005199638,Permuted-K16,V1_02_medium:1403715543912143104:1403715544112143104,0.037535,formal_public_module_evidence,0.028167717410659154,0.07959720795296032,0.09375863561804695,0.27457554973682996,0.6740950868807332,0,0,V1_02_medium,4,OK,True,400,1403715543912143104,7.041015397162795e-10,1403715544112143104,238,True,324
0.10310897587129077,0.005832,0.008333333333333415,0.9583333333333334,455,0.2104497274304583,5.999999999999998,,48,1.5431578616725392,0.4587479999198452,1.5382207504720147,1.1813972562332102,True,0.4356967838716178,0.18983168747607126,6,0.002808100439001482,Raw,V1_02_medium:1403715543912143104:1403715544112143104,0.037817,formal_public_module_evidence,0.010020910472572198,0.023855916924030992,0.040071809729645955,0.29984034261002546,1.3096614557386088,2,0,V1_02_medium,4,OK,True,400,1403715543912143104,3.848645801161033e-09,1403715544112143104,238,True,324
0.1676474970088619,0.001957,0.008333333333333415,0.9583333333333334,455,0.22447970925915553,5.999999999999998,,48,1.5431578616725392,0.4587479999198452,1.5382207504720147,1.1895589855729636,True,0.4356967838716178,0.18983168747607126,6,0.002808100439001482,Global-DoF,V1_02_medium:1403715543912143104:1403715544112143104,0.037817,formal_public_module_evidence,0.010020910472572198,0.023855916924030992,0.040071809729645955,0.29984034261002546,1.3096614557386088,2,0,V1_02_medium,4,OK,True,400,1403715543912143104,3.848645801161033e-09,1403715544112143104,238,True,324
0.20157315261477243,1.278252,0.008333333333333415,0.9583333333333334,455,0.23222598638029368,5.999999999999998,,48,1.5431578616725392,0.4587479999198452,1.5382207504720147,1.1952765414347237,True,0.4356967838716178,0.18983168747607126,6,0.002808100439001482,DPR-Exact-Block,V1_02_medium:1403715543912143104:1403715544112143104,0.037817,formal_public_module_evidence,0.010020910472572198,0.023855916924030992,0.040071809729645955,0.29984034261002546,1.3096614557386088,2,0,V1_02_medium,4,OK,True,400,1403715543912143104,3.848645801161033e-09,1403715544112143104,238,True,324
0.20437731770525086,0.312084,0.008333333333333415,0.9583333333333334,455,0.23287810027459574,5.999999999999998,,48,1.5431578616725392,0.4587479999198452,1.5382207504720147,1.195791670139602,True,0.4356967838716178,0.18983168747607126,6,0.002808100439001482,DUC-K16,V1_02_medium:1403715543912143104:1403715544112143104,0.037817,formal_public_module_evidence,0.010020910472572198,0.023855916924030992,0.040071809729645955,0.29984034261002546,1.3096614557386088,2,0,V1_02_medium,4,OK,True,400,1403715543912143104,3.848645801161033e-09,1403715544112143104,238,True,324
0.2385896688667187,0.104791,0.050000000000000044,1.0,455,0.24098326543154602,5.999999999999998,,48,1.5431578616725392,0.4587479999198452,1.5382207504720147,1.2025873299755228,True,0.4356967838716178,0.18983168747607126,6,0.002808100439001482,Permuted-K16,V1_02_medium:1403715543912143104:1403715544112143104,0.037817,formal_public_module_evidence,0.010020910472572198,0.023855916924030992,0.040071809729645955,0.29984034261002546,1.3096614557386088,2,0,V1_02_medium,4,OK,True,400,1403715543912143104,3.848645801161033e-09,1403715544112143104,238,True,324
0.11238713128791196,0.005804,0.008333333333333415,0.9583333333333334,400,2.3206383863089743,6.0,,16,1.8591172713765687,1.5233641673312965,1.8847719781519903,3.798665336544957,True,1.6114182998917441,2.596668937225999,6,0.0989722182516749,Raw,V1_02_medium:1403715544412143104:1403715544612143104,0.037799,formal_public_module_evidence,0.02866277427992614,0.09472339677389358,0.11613600196389526,0.28752705028920644,1.0,2,0,V1_02_medium,5,OK,True,410,1403715544412143104,1.1950044753484822e-08,1403715544612143104,169,True,244
0.09525223349033277,0.001989,0.008333333333333415,0.9583333333333334,400,2.856170321611046,6.0,,16,1.8591172713765687,1.5233641673312965,1.8847719781519903,3.7965023346114015,True,1.6114182998917441,2.596668937225999,6,0.0989722182516749,Global-DoF,V1_02_medium:1403715544412143104:1403715544612143104,0.037799,formal_public_module_evidence,0.02866277427992614,0.09472339677389358,0.11613600196389526,0.28752705028920644,1.0,2,0,V1_02_medium,5,OK,True,410,1403715544412143104,1.1950044753484822e-08,1403715544612143104,169,True,244
0.21544228535048648,0.456191,0.008333333333333415,0.9583333333333334,400,3.2209351317381927,6.0,,16,1.8591172713765687,1.5233641673312965,1.8847719781519903,3.813733594975576,True,1.6114182998917441,2.596668937225999,6,0.0989722182516749,DPR-Exact-Block,V1_02_medium:1403715544412143104:1403715544612143104,0.037799,formal_public_module_evidence,0.02866277427992614,0.09472339677389358,0.11613600196389526,0.28752705028920644,1.0,2,0,V1_02_medium,5,OK,True,410,1403715544412143104,1.1950044753484822e-08,1403715544612143104,169,True,244
0.11122309785018106,0.176317,0.008333333333333415,0.9583333333333334,400,2.902152036905313,6.0,,16,1.8591172713765687,1.5233641673312965,1.8847719781519903,3.7980687221749663,True,1.6114182998917441,2.596668937225999,6,0.0989722182516749,DUC-K16,V1_02_medium:1403715544412143104:1403715544612143104,0.037799,formal_public_module_evidence,0.02866277427992614,0.09472339677389358,0.11613600196389526,0.28752705028920644,1.0,2,0,V1_02_medium,5,OK,True,410,1403715544412143104,1.1950044753484822e-08,1403715544612143104,169,True,244
0.10584446852776012,0.069649,0.008333333333333415,0.9583333333333334,400,2.886584340825452,6.0,,16,1.8591172713765687,1.5233641673312965,1.8847719781519903,3.7975155283590944,True,1.6114182998917441,2.596668937225999,6,0.0989722182516749,Permuted-K16,V1_02_medium:1403715544412143104:1403715544612143104,0.037799,formal_public_module_evidence,0.02866277427992614,0.09472339677389358,0.11613600196389526,0.28752705028920644,1.0,2,0,V1_02_medium,5,OK,True,410,1403715544412143104,1.1950044753484822e-08,1403715544612143104,169,True,244
0.037667687759475335,0.006291,0.008333333333333415,0.9583333333333334,400,2.5094311931292284,5.999999999999999,,48,1.8621587133342377,1.5841184277475053,1.8883533713549363,3.7209660929368504,True,1.5545625872847004,2.4166648377853015,6,0.04187075542514784,Raw,V1_02_medium:1403715544412143104:1403715544612143104,0.038609,formal_public_module_evidence,0.016948447473131678,0.037599194268461165,0.06836870852477699,0.6793925856946605,1.4958649748734376,4,0,V1_02_medium,5,OK,True,410,1403715544412143104,2.9219215975032334e-09,1403715544612143104,169,True,244
0.1022062088970463,0.001964,0.008333333333333415,0.9583333333333334,400,2.67672660600451,5.999999999999999,,48,1.8621587133342377,1.5841184277475053,1.8883533713549363,3.7253150568651514,True,1.5545625872847004,2.4166648377853015,6,0.04187075542514784,Global-DoF,V1_02_medium:1403715544412143104:1403715544612143104,0.038609,formal_public_module_evidence,0.016948447473131678,0.037599194268461165,0.06836870852477699,0.6793925856946605,1.4958649748734376,4,0,V1_02_medium,5,OK,True,410,1403715544412143104,2.9219215975032334e-09,1403715544612143104,169,True,244
0.11370336817918127,1.273514,0.008333333333333415,0.9583333333333334,400,2.7076789492070907,5.999999999999999,,48,1.8621587133342377,1.5841184277475053,1.8883533713549363,3.726491525251685,True,1.5545625872847004,2.4166648377853015,6,0.04187075542514784,DPR-Exact-Block,V1_02_medium:1403715544412143104:1403715544612143104,0.038609,formal_public_module_evidence,0.016948447473131678,0.037599194268461165,0.06836870852477699,0.6793925856946605,1.4958649748734376,4,0,V1_02_medium,5,OK,True,410,1403715544412143104,2.9219215975032334e-09,1403715544612143104,169,True,244
0.15472126871674124,0.314737,0.008333333333333415,0.9583333333333334,400,2.821051512259162,5.999999999999999,,48,1.8621587133342377,1.5841184277475053,1.8883533713549363,3.731640679001836,True,1.5545625872847004,2.4166648377853015,6,0.04187075542514784,DUC-K16,V1_02_medium:1403715544412143104:1403715544612143104,0.038609,formal_public_module_evidence,0.016948447473131678,0.037599194268461165,0.06836870852477699,0.6793925856946605,1.4958649748734376,4,0,V1_02_medium,5,OK,True,410,1403715544412143104,2.9219215975032334e-09,1403715544612143104,169,True,244
0.08656242647261277,0.105263,0.008333333333333415,0.9583333333333334,400,2.635178310946704,5.999999999999999,,48,1.8621587133342377,1.5841184277475053,1.8883533713549363,3.723906213336168,True,1.5545625872847004,2.4166648377853015,6,0.04187075542514784,Permuted-K16,V1_02_medium:1403715544412143104:1403715544612143104,0.038609,formal_public_module_evidence,0.016948447473131678,0.037599194268461165,0.06836870852477699,0.6793925856946605,1.4958649748734376,4,0,V1_02_medium,5,OK,True,410,1403715544412143104,2.9219215975032334e-09,1403715544612143104,169,True,244
0.682895656810469,0.006386,0.11666666666666659,0.8333333333333334,277,0.10135029162638814,6.0,,16,2.3802252711299188,0.31835560561483467,2.3817793058736476,1.5283062257748927,True,0.447920984534601,0.20063320838644627,6,0.07271621026124286,Raw,V1_02_medium:1403715544912143104:1403715545112143104,0.036953,formal_public_module_evidence,0.03126271819780557,0.08414612814174927,0.12287323963991045,0.42904159155380217,0.9785222114966224,1,0,V1_02_medium,4,OK,True,420,1403715544912143104,6.0204910464717336e-09,1403715545112143104,213,True,238
0.47525629203222464,0.001883,0.033333333333333326,0.9166666666666666,277,0.12473882046324694,6.0,,16,2.3802252711299188,0.31835560561483467,2.3817793058736476,1.3647702740465588,True,0.447920984534601,0.20063320838644627,6,0.07271621026124286,Global-DoF,V1_02_medium:1403715544912143104:1403715545112143104,0.036953,formal_public_module_evidence,0.03126271819780557,0.08414612814174927,0.12287323963991045,0.42904159155380217,0.9785222114966224,1,0,V1_02_medium,4,OK,True,420,1403715544912143104,6.0204910464717336e-09,1403715545112143104,213,True,238
0.5023064321288874,0.491513,0.033333333333333326,0.9166666666666666,277,0.12140984549838178,6.0,,16,2.3802252711299188,0.31835560561483467,2.3817793058736476,1.3818220854981222,True,0.447920984534601,0.20063320838644627,6,0.07271621026124286,DPR-Exact-Block,V1_02_medium:1403715544912143104:1403715545112143104,0.036953,formal_public_module_evidence,0.03126271819780557,0.08414612814174927,0.12287323963991045,0.42904159155380217,0.9785222114966224,1,0,V1_02_medium,4,OK,True,420,1403715544912143104,6.0204910464717336e-09,1403715545112143104,213,True,238
0.5778020545977713,0.177235,0.07499999999999996,0.875,277,0.11258138164533645,6.0,,16,2.3802252711299188,0.31835560561483467,2.3817793058736476,1.4359152667301647,True,0.447920984534601,0.20063320838644627,6,0.07271621026124286,DUC-K16,V1_02_medium:1403715544912143104:1403715545112143104,0.036953,formal_public_module_evidence,0.03126271819780557,0.08414612814174927,0.12287323963991045,0.42904159155380217,0.9785222114966224,1,0,V1_02_medium,4,OK,True,420,1403715544912143104,6.0204910464717336e-09,1403715545112143104,213,True,238
0.5317843937520713,0.069459,0.033333333333333326,0.9166666666666666,277,0.11788316576902598,6.0,,16,2.3802252711299188,0.31835560561483467,2.3817793058736476,1.4017823799750502,True,0.447920984534601,0.20063320838644627,6,0.07271621026124286,Permuted-K16,V1_02_medium:1403715544912143104:1403715545112143104,0.036953,formal_public_module_evidence,0.03126271819780557,0.08414612814174927,0.12287323963991045,0.42904159155380217,0.9785222114966224,1,0,V1_02_medium,4,OK,True,420,1403715544912143104,6.0204910464717336e-09,1403715545112143104,213,True,238
0.21920969716829103,0.006161,0.033333333333333326,0.9166666666666666,277,0.1684733372483019,6.0,,48,1.0368479104184996,0.4104550368168259,2.381284655598249,1.3019916304364674,True,0.4580009410257957,0.2097648619805144,6,0.03614826951322925,Raw,V1_02_medium:1403715544912143104:1403715545112143104,0.037557,formal_public_module_evidence,0.011330538172538707,0.03593834892214963,0.04653781963326143,0.5619536266808816,1.2168278874336924,8,0,V1_02_medium,4,OK,True,420,1403715544912143104,1.1110927600744876e-09,1403715545112143104,213,True,238
0.1546711760307196,0.001841,0.033333333333333326,0.9166666666666666,277,0.1797048930648554,6.0,,48,1.0368479104184996,0.4104550368168259,2.381284655598249,1.2887118802207518,True,0.4580009410257957,0.2097648619805144,6,0.03614826951322925,Global-DoF,V1_02_medium:1403715544912143104:1403715545112143104,0.037557,formal_public_module_evidence,0.011330538172538707,0.03593834892214963,0.04653781963326143,0.5619536266808816,1.2168278874336924,8,0,V1_02_medium,4,OK,True,420,1403715544912143104,1.1110927600744876e-09,1403715545112143104,213,True,238
0.06324741556009798,1.296214,0.008333333333333415,0.9583333333333334,277,0.19690862388111555,6.0,,48,1.0368479104184996,0.4104550368168259,2.381284655598249,1.2781519464355353,True,0.4580009410257957,0.2097648619805144,6,0.03614826951322925,DPR-Exact-Block,V1_02_medium:1403715544912143104:1403715545112143104,0.037557,formal_public_module_evidence,0.011330538172538707,0.03593834892214963,0.04653781963326143,0.5619536266808816,1.2168278874336924,8,0,V1_02_medium,4,OK,True,420,1403715544912143104,1.1110927600744876e-09,1403715545112143104,213,True,238
0.10006521831012277,0.314913,0.008333333333333415,0.9583333333333334,277,0.18979071787558188,6.0,,48,1.0368479104184996,0.4104550368168259,2.381284655598249,1.2812867654478026,True,0.4580009410257957,0.2097648619805144,6,0.03614826951322925,DUC-K16,V1_02_medium:1403715544912143104:1403715545112143104,0.037557,formal_public_module_evidence,0.011330538172538707,0.03593834892214963,0.04653781963326143,0.5619536266808816,1.2168278874336924,8,0,V1_02_medium,4,OK,True,420,1403715544912143104,1.1110927600744876e-09,1403715545112143104,213,True,238
0.0798281629672863,0.111458,0.008333333333333415,0.9583333333333334,277,0.19367064992236938,6.0,,48,1.0368479104184996,0.4104550368168259,2.381284655598249,1.279381757817272,True,0.4580009410257957,0.2097648619805144,6,0.03614826951322925,Permuted-K16,V1_02_medium:1403715544912143104:1403715545112143104,0.037557,formal_public_module_evidence,0.011330538172538707,0.03593834892214963,0.04653781963326143,0.5619536266808816,1.2168278874336924,8,0,V1_02_medium,4,OK,True,420,1403715544912143104,1.1110927600744876e-09,1403715545112143104,213,True,238
2.648528892334822,0.005537,0.07499999999999996,0.875,314,1.1946172745401953,6.0,,16,1.414363436407713,1.092985486884522,1.316274832333751,16.148934767053408,True,4.108990496441117,16.88380289984342,6,0.04488854176528334,Raw,V1_02_medium:1403715545412143104:1403715545612143104,0.037213,formal_public_module_evidence,0.020550450000155096,0.07063673220142397,0.0909473952282093,0.17452612392527572,0.6065843743912475,0,0,V1_02_medium,4,OK,True,430,1403715545412143104,3.2738509847711278e-09,1403715545612143104,183,True,271
2.4408895275565774,0.002028,0.033333333333333326,0.9166666666666666,314,1.470298184049471,6.0,,16,1.414363436407713,1.092985486884522,1.316274832333751,13.706593162036022,True,4.108990496441117,16.88380289984342,6,0.04488854176528334,Global-DoF,V1_02_medium:1403715545412143104:1403715545612143104,0.037213,formal_public_module_evidence,0.020550450000155096,0.07063673220142397,0.0909473952282093,0.17452612392527572,0.6065843743912475,0,0,V1_02_medium,4,OK,True,430,1403715545412143104,3.2738509847711278e-09,1403715545612143104,183,True,271
2.3756673390987615,0.492703,0.033333333333333326,0.9166666666666666,314,1.5693906373937738,6.0,,16,1.414363436407713,1.092985486884522,1.316274832333751,13.046754633374796,True,4.108990496441117,16.88380289984342,6,0.04488854176528334,DPR-Exact-Block,V1_02_medium:1403715545412143104:1403715545612143104,0.037213,formal_public_module_evidence,0.020550450000155096,0.07063673220142397,0.0909473952282093,0.17452612392527572,0.6065843743912475,0,0,V1_02_medium,4,OK,True,430,1403715545412143104,3.2738509847711278e-09,1403715545612143104,183,True,271
2.4215945742168525,0.178321,0.033333333333333326,0.9166666666666666,314,1.4989429802210787,6.0,,16,1.414363436407713,1.092985486884522,1.316274832333751,13.506443223292726,True,4.108990496441117,16.88380289984342,6,0.04488854176528334,DUC-K16,V1_02_medium:1403715545412143104:1403715545612143104,0.037213,formal_public_module_evidence,0.020550450000155096,0.07063673220142397,0.0909473952282093,0.17452612392527572,0.6065843743912475,0,0,V1_02_medium,4,OK,True,430,1403715545412143104,3.2738509847711278e-09,1403715545612143104,183,True,271
2.361852997577013,0.069448,0.033333333333333326,0.9166666666666666,314,1.591221175725823,6.0,,16,1.414363436407713,1.092985486884522,1.316274832333751,12.912973476496092,True,4.108990496441117,16.88380289984342,6,0.04488854176528334,Permuted-K16,V1_02_medium:1403715545412143104:1403715545612143104,0.037213,formal_public_module_evidence,0.020550450000155096,0.07063673220142397,0.0909473952282093,0.17452612392527572,0.6065843743912475,0,0,V1_02_medium,4,OK,True,430,1403715545412143104,3.2738509847711278e-09,1403715545612143104,183,True,271
1.5481962985016717,0.005737,0.033333333333333326,0.9166666666666666,314,3.422625353058868,5.999999999999998,,48,1.1999011675677205,1.8500338788948887,1.3247480500734572,7.771264726249126,True,4.012049071031399,16.09653774836391,6,0.01597411316117714,Raw,V1_02_medium:1403715545412143104:1403715545612143104,0.038283,formal_public_module_evidence,0.012101827532711606,0.03712567543271395,0.05636968099723233,0.42255939131893683,1.0,2,0,V1_02_medium,4,OK,True,430,1403715545412143104,3.1503078108482096e-10,1403715545612143104,183,True,271
1.4836577773641004,0.001881,0.033333333333333326,0.9166666666666666,314,3.650800376596126,5.999999999999998,,48,1.1999011675677205,1.8500338788948887,1.3247480500734572,7.5418670126265495,True,4.012049071031399,16.09653774836391,6,0.01597411316117714,Global-DoF,V1_02_medium:1403715545412143104:1403715545612143104,0.038283,formal_public_module_evidence,0.012101827532711606,0.03712567543271395,0.05636968099723233,0.42255939131893683,1.0,2,0,V1_02_medium,4,OK,True,430,1403715545412143104,3.1503078108482096e-10,1403715545612143104,183,True,271
1.4470375557242678,1.275185,0.033333333333333326,0.9166666666666666,314,3.786971588272254,5.999999999999998,,48,1.1999011675677205,1.8500338788948887,1.3247480500734572,7.419947677090555,True,4.012049071031399,16.09653774836391,6,0.01597411316117714,DPR-Exact-Block,V1_02_medium:1403715545412143104:1403715545612143104,0.038283,formal_public_module_evidence,0.012101827532711606,0.03712567543271395,0.05636968099723233,0.42255939131893683,1.0,2,0,V1_02_medium,4,OK,True,430,1403715545412143104,3.1503078108482096e-10,1403715545612143104,183,True,271
1.4631406302371632,0.312939,0.033333333333333326,0.9166666666666666,314,3.7264780755830302,5.999999999999998,,48,1.1999011675677205,1.8500338788948887,1.3247480500734572,7.472844851681579,True,4.012049071031399,16.09653774836391,6,0.01597411316117714,DUC-K16,V1_02_medium:1403715545412143104:1403715545612143104,0.038283,formal_public_module_evidence,0.012101827532711606,0.03712567543271395,0.05636968099723233,0.42255939131893683,1.0,2,0,V1_02_medium,4,OK,True,430,1403715545412143104,3.1503078108482096e-10,1403715545612143104,183,True,271
1.5023741629947625,0.106324,0.033333333333333326,0.9166666666666666,314,3.5831060614565478,5.999999999999998,,48,1.1999011675677205,1.8500338788948887,1.3247480500734572,7.606449077134589,True,4.012049071031399,16.09653774836391,6,0.01597411316117714,Permuted-K16,V1_02_medium:1403715545412143104:1403715545612143104,0.038283,formal_public_module_evidence,0.012101827532711606,0.03712567543271395,0.05636968099723233,0.42255939131893683,1.0,2,0,V1_02_medium,4,OK,True,430,1403715545412143104,3.1503078108482096e-10,1403715545612143104,183,True,271
0.010120574909270739,0.005828,0.008333333333333415,0.9583333333333334,251,18.025436423220267,6.0,,16,1.4653114077457945,4.2456373400492255,1.39895992015606,5.719591427170609,True,4.224207461082967,17.843928674269005,6,0.11423001639591646,Raw,V1_02_medium:1403715545912143104:1403715546112143104,0.037984,formal_public_module_evidence,0.03359151029538188,0.09656993716470319,0.14352099670528842,0.2550379246533179,0.9080840510740216,0,0,V1_02_medium,5,OK,True,440,1403715545912143104,1.1048827336152327e-08,1403715546112143104,151,True,218
0.2177599396875153,0.002053,0.050000000000000044,1.0,251,22.185152520886483,6.0,,16,1.4653114077457945,4.2456373400492255,1.39895992015606,5.741618829615699,True,4.224207461082967,17.843928674269005,6,0.11423001639591646,Global-DoF,V1_02_medium:1403715545912143104:1403715546112143104,0.037984,formal_public_module_evidence,0.03359151029538188,0.09656993716470319,0.14352099670528842,0.2550379246533179,0.9080840510740216,0,0,V1_02_medium,5,OK,True,440,1403715545912143104,1.1048827336152327e-08,1403715546112143104,151,True,218
0.2977927168470266,0.444091,0.050000000000000044,1.0,251,24.033676563013127,6.0,,16,1.4653114077457945,4.2456373400492255,1.39895992015606,5.759788325589547,True,4.224207461082967,17.843928674269005,6,0.11423001639591646,DPR-Exact-Block,V1_02_medium:1403715545912143104:1403715546112143104,0.037984,formal_public_module_evidence,0.03359151029538188,0.09656993716470319,0.14352099670528842,0.2550379246533179,0.9080840510740216,0,0,V1_02_medium,5,OK,True,440,1403715545912143104,1.1048827336152327e-08,1403715546112143104,151,True,218
0.17649474257988623,0.176468,0.050000000000000044,1.0,251,21.288309295165984,6.0,,16,1.4653114077457945,4.2456373400492255,1.39895992015606,5.734238314994289,True,4.224207461082967,17.843928674269005,6,0.11423001639591646,DUC-K16,V1_02_medium:1403715545912143104:1403715546112143104,0.037984,formal_public_module_evidence,0.03359151029538188,0.09656993716470319,0.14352099670528842,0.2550379246533179,0.9080840510740216,0,0,V1_02_medium,5,OK,True,440,1403715545912143104,1.1048827336152327e-08,1403715546112143104,151,True,218
0.2942603560304241,0.069037,0.050000000000000044,1.0,251,23.94893071022645,6.0,,16,1.4653114077457945,4.2456373400492255,1.39895992015606,5.758883221986534,True,4.224207461082967,17.843928674269005,6,0.11423001639591646,Permuted-K16,V1_02_medium:1403715545912143104:1403715546112143104,0.037984,formal_public_module_evidence,0.03359151029538188,0.09656993716470319,0.14352099670528842,0.2550379246533179,0.9080840510740216,0,0,V1_02_medium,5,OK,True,440,1403715545912143104,1.1048827336152327e-08,1403715546112143104,151,True,218
0.21625803385646913,0.006273,0.008333333333333415,0.9583333333333334,251,11.289609426203972,6.0,,48,1.3981280047686702,3.360001402708632,1.395710520357803,5.067287271012469,True,3.0156408892927384,9.094089973174297,6,0.055360393783164374,Raw,V1_02_medium:1403715545912143104:1403715546112143104,0.0387,formal_public_module_evidence,0.01302608526107385,0.042836703890511356,0.06063558666040867,0.3896970556898478,1.0,3,0,V1_02_medium,4,OK,True,440,1403715545912143104,5.5836662528020795e-08,1403715546112143104,151,True,218
0.28079655499404044,0.001991,0.008333333333333415,0.9583333333333334,251,12.04225005461757,6.0,,48,1.3981280047686702,3.360001402708632,1.395710520357803,5.081480328293323,True,3.0156408892927384,9.094089973174297,6,0.055360393783164374,Global-DoF,V1_02_medium:1403715545912143104:1403715546112143104,0.0387,formal_public_module_evidence,0.01302608526107385,0.042836703890511356,0.06063558666040867,0.3896970556898478,1.0,3,0,V1_02_medium,4,OK,True,440,1403715545912143104,5.5836662528020795e-08,1403715546112143104,151,True,218
0.30948635855176176,1.280293,0.008333333333333415,0.9583333333333334,251,12.392743597780807,6.0,,48,1.3981280047686702,3.360001402708632,1.395710520357803,5.088811955749713,True,3.0156408892927384,9.094089973174297,6,0.055360393783164374,DPR-Exact-Block,V1_02_medium:1403715545912143104:1403715546112143104,0.0387,formal_public_module_evidence,0.01302608526107385,0.042836703890511356,0.06063558666040867,0.3896970556898478,1.0,3,0,V1_02_medium,4,OK,True,440,1403715545912143104,5.5836662528020795e-08,1403715546112143104,151,True,218
0.3633686726275959,0.314475,0.008333333333333415,0.9583333333333334,251,13.078810763407743,6.0,,48,1.3981280047686702,3.360001402708632,1.395710520357803,5.104200525163148,True,3.0156408892927384,9.094089973174297,6,0.055360393783164374,DUC-K16,V1_02_medium:1403715545912143104:1403715546112143104,0.0387,formal_public_module_evidence,0.01302608526107385,0.042836703890511356,0.06063558666040867,0.3896970556898478,1.0,3,0,V1_02_medium,4,OK,True,440,1403715545912143104,5.5836662528020795e-08,1403715546112143104,151,True,218
0.2848112377262765,0.103684,0.008333333333333415,0.9583333333333334,251,12.090693044520954,6.0,,48,1.3981280047686702,3.360001402708632,1.395710520357803,5.082469272813145,True,3.0156408892927384,9.094089973174297,6,0.055360393783164374,Permuted-K16,V1_02_medium:1403715545912143104:1403715546112143104,0.0387,formal_public_module_evidence,0.01302608526107385,0.042836703890511356,0.06063558666040867,0.3896970556898478,1.0,3,0,V1_02_medium,4,OK,True,440,1403715545912143104,5.5836662528020795e-08,1403715546112143104,151,True,218
0.5406572396661595,0.006472,0.008333333333333415,0.9583333333333334,450,1.0598382831072553,6.0,,16,1.4080676375632994,1.0294844744372085,1.2499268759581588,2.4783587727307252,True,0.7856291217875705,0.6172131170007092,6,0.08564460363076198,Raw,V1_02_medium:1403715546412143104:1403715546612143104,0.040013,formal_public_module_evidence,0.0475886759663704,0.09673608859098015,0.15832441677826223,0.37819501700210545,0.7717748854599134,0,0,V1_02_medium,4,OK,True,450,1403715546412143104,3.788734254161583e-10,1403715546612143104,260,True,350
0.748296604444404,0.002102,0.050000000000000044,1.0,450,1.3044163484396987,6.0,,16,1.4080676375632994,1.0294844744372085,1.2499268759581588,2.5768046300822136,True,0.7856291217875705,0.6172131170007092,6,0.08564460363076198,Global-DoF,V1_02_medium:1403715546412143104:1403715546612143104,0.040013,formal_public_module_evidence,0.0475886759663704,0.09673608859098015,0.15832441677826223,0.37819501700210545,0.7717748854599134,0,0,V1_02_medium,4,OK,True,450,1403715546412143104,3.788734254161583e-10,1403715546612143104,260,True,350
0.7427199028745451,0.444869,0.050000000000000044,1.0,450,1.2971622535028613,6.0,,16,1.4080676375632994,1.0294844744372085,1.2499268759581588,2.573874038221933,True,0.7856291217875705,0.6172131170007092,6,0.08564460363076198,DPR-Exact-Block,V1_02_medium:1403715546412143104:1403715546612143104,0.040013,formal_public_module_evidence,0.0475886759663704,0.09673608859098015,0.15832441677826223,0.37819501700210545,0.7717748854599134,0,0,V1_02_medium,4,OK,True,450,1403715546412143104,3.788734254161583e-10,1403715546612143104,260,True,350
0.6531839560595134,0.176996,0.050000000000000044,1.0,450,1.1860673064568228,6.0,,16,1.4080676375632994,1.0294844744372085,1.2499268759581588,2.528906365461387,True,0.7856291217875705,0.6172131170007092,6,0.08564460363076198,DUC-K16,V1_02_medium:1403715546412143104:1403715546612143104,0.040013,formal_public_module_evidence,0.0475886759663704,0.09673608859098015,0.15832441677826223,0.37819501700210545,0.7717748854599134,0,0,V1_02_medium,4,OK,True,450,1403715546412143104,3.788734254161583e-10,1403715546612143104,260,True,350
0.6675703819118911,0.068463,0.050000000000000044,1.0,450,1.2032539062652101,6.0,,16,1.4080676375632994,1.0294844744372085,1.2499268759581588,2.5358598877797767,True,0.7856291217875705,0.6172131170007092,6,0.08564460363076198,Permuted-K16,V1_02_medium:1403715546412143104:1403715546612143104,0.040013,formal_public_module_evidence,0.0475886759663704,0.09673608859098015,0.15832441677826223,0.37819501700210545,0.7717748854599134,0,0,V1_02_medium,4,OK,True,450,1403715546412143104,3.788734254161583e-10,1403715546612143104,260,True,350
0.4369676224212427,0.00588,0.008333333333333415,0.9583333333333334,450,0.7038480183366711,6.000000000000001,,48,1.2661268698138761,0.8389565056286715,1.2475770806289248,2.1326765839747623,True,0.6742999578182424,0.4546804331136835,6,0.04222129307274636,Raw,V1_02_medium:1403715546412143104:1403715546612143104,0.037822,formal_public_module_evidence,0.015317956162920754,0.06556956024416578,0.07500108200610218,0.4969642182989672,1.6731202671723477,3,0,V1_02_medium,4,OK,True,450,1403715546412143104,2.1897894033880623e-09,1403715546612143104,260,True,350
0.5015061435588142,0.002013,0.008333333333333415,0.9583333333333334,450,0.750771219559116,6.000000000000001,,48,1.2661268698138761,0.8389565056286715,1.2475770806289248,2.156840583441077,True,0.6742999578182424,0.4546804331136835,6,0.04222129307274636,Global-DoF,V1_02_medium:1403715546412143104:1403715546612143104,0.037822,formal_public_module_evidence,0.015317956162920754,0.06556956024416578,0.07500108200610218,0.4969642182989672,1.6731202671723477,3,0,V1_02_medium,4,OK,True,450,1403715546412143104,2.1897894033880623e-09,1403715546612143104,260,True,350
0.504071959377012,1.285186,0.008333333333333415,0.9583333333333334,450,0.7527000336627961,6.000000000000001,,48,1.2661268698138761,0.8389565056286715,1.2475770806289248,2.1578544872754946,True,0.6742999578182424,0.4546804331136835,6,0.04222129307274636,DPR-Exact-Block,V1_02_medium:1403715546412143104:1403715546612143104,0.037822,formal_public_module_evidence,0.015317956162920754,0.06556956024416578,0.07500108200610218,0.4969642182989672,1.6731202671723477,3,0,V1_02_medium,4,OK,True,450,1403715546412143104,2.1897894033880623e-09,1403715546612143104,260,True,350
0.5454262535505026,0.311443,0.008333333333333415,0.9583333333333334,450,0.7844800023799391,6.000000000000001,,48,1.2661268698138761,0.8389565056286715,1.2475770806289248,2.1747375447537274,True,0.6742999578182424,0.4546804331136835,6,0.04222129307274636,DUC-K16,V1_02_medium:1403715546412143104:1403715546612143104,0.037822,formal_public_module_evidence,0.015317956162920754,0.06556956024416578,0.07500108200610218,0.4969642182989672,1.6731202671723477,3,0,V1_02_medium,4,OK,True,450,1403715546412143104,2.1897894033880623e-09,1403715546612143104,260,True,350
0.5114679302344367,0.104884,0.008333333333333415,0.9583333333333334,450,0.7582876185132772,6.000000000000001,,48,1.2661268698138761,0.8389565056286715,1.2475770806289248,2.160799284907562,True,0.6742999578182424,0.4546804331136835,6,0.04222129307274636,Permuted-K16,V1_02_medium:1403715546412143104:1403715546612143104,0.037822,formal_public_module_evidence,0.015317956162920754,0.06556956024416578,0.07500108200610218,0.4969642182989672,1.6731202671723477,3,0,V1_02_medium,4,OK,True,450,1403715546412143104,2.1897894033880623e-09,1403715546612143104,260,True,350
1.4401888942873324,0.005854,0.19999999999999996,0.75,663,0.28526529543183793,6.0,,16,2.0931428349604273,0.5341023267425802,2.4386685109827946,4.805034553506752,True,1.0973811975674428,1.204245492774555,6,0.013321474727869265,Raw,V1_02_medium:1403715546912143104:1403715547112143104,0.03716,formal_public_module_evidence,0.02403109807817938,0.04674269137479806,0.09269872475472751,0.26044035765568896,0.6355955593385452,0,0,V1_02_medium,4,OK,True,460,1403715546912143104,3.893587849756749e-09,1403715547112143104,338,True,603
1.2325495295090882,0.001997,0.15833333333333333,0.7916666666666666,663,0.35109574822380046,6.0,,16,2.0931428349604273,0.5341023267425802,2.4386685109827946,4.221143951229536,True,1.0973811975674428,1.204245492774555,6,0.013321474727869265,Global-DoF,V1_02_medium:1403715546912143104:1403715547112143104,0.03716,formal_public_module_evidence,0.02403109807817938,0.04674269137479806,0.09269872475472751,0.26044035765568896,0.6355955593385452,0,0,V1_02_medium,4,OK,True,460,1403715546912143104,3.893587849756749e-09,1403715547112143104,338,True,603
1.2158644552818454,0.444527,0.15833333333333333,0.7916666666666666,663,0.35700295085862216,6.0,,16,2.0931428349604273,0.5341023267425802,2.4386685109827946,4.181074627354556,True,1.0973811975674428,1.204245492774555,6,0.013321474727869265,DPR-Exact-Block,V1_02_medium:1403715546912143104:1403715547112143104,0.03716,formal_public_module_evidence,0.02403109807817938,0.04674269137479806,0.09269872475472751,0.26044035765568896,0.6355955593385452,0,0,V1_02_medium,4,OK,True,460,1403715546912143104,3.893587849756749e-09,1403715547112143104,338,True,603
1.2292754568293227,0.183299,0.15833333333333333,0.7916666666666666,663,0.35224714507098426,6.0,,16,2.0931428349604273,0.5341023267425802,2.4386685109827946,4.213206438921756,True,1.0973811975674428,1.204245492774555,6,0.013321474727869265,DUC-K16,V1_02_medium:1403715546912143104:1403715547112143104,0.03716,formal_public_module_evidence,0.02403109807817938,0.04674269137479806,0.09269872475472751,0.26044035765568896,0.6355955593385452,0,0,V1_02_medium,4,OK,True,460,1403715546912143104,3.893587849756749e-09,1403715547112143104,338,True,603
1.1975225609049789,0.07005,0.15833333333333333,0.7916666666666666,663,0.36361148249821196,6.0,,16,2.0931428349604273,0.5341023267425802,2.4386685109827946,4.138109445071379,True,1.0973811975674428,1.204245492774555,6,0.013321474727869265,Permuted-K16,V1_02_medium:1403715546912143104:1403715547112143104,0.03716,formal_public_module_evidence,0.02403109807817938,0.04674269137479806,0.09269872475472751,0.26044035765568896,0.6355955593385452,0,0,V1_02_medium,4,OK,True,460,1403715546912143104,3.893587849756749e-09,1403715547112143104,338,True,603
1.156630415340142,0.006015,0.11666666666666659,0.8333333333333334,663,0.3393289391823213,5.999999999999998,,48,1.8790447391684646,0.5825194753674089,2.4347843955427035,3.9362943613929353,True,1.0386507838460455,1.0787954507840045,6,0.0036071450349448586,Raw,V1_02_medium:1403715546912143104:1403715547112143104,0.037991,formal_public_module_evidence,0.015320922556305738,0.04777255316904193,0.06830463797519433,0.6326627701036651,1.1356536540686075,5,0,V1_02_medium,4,OK,True,460,1403715546912143104,1.6168135104815335e-10,1403715547112143104,338,True,603
1.0920918942025712,0.001949,0.11666666666666659,0.8333333333333334,663,0.3619508684611427,5.999999999999998,,48,1.8790447391684646,0.5825194753674089,2.4347843955427035,3.8021327190947756,True,1.0386507838460455,1.0787954507840045,6,0.0036071450349448586,Global-DoF,V1_02_medium:1403715546912143104:1403715547112143104,0.037991,formal_public_module_evidence,0.015320922556305738,0.04777255316904193,0.06830463797519433,0.6326627701036651,1.1356536540686075,5,0,V1_02_medium,4,OK,True,460,1403715546912143104,1.6168135104815335e-10,1403715547112143104,338,True,603
1.0895654050073227,1.295383,0.11666666666666659,0.8333333333333334,663,0.3628664895859146,5.999999999999998,,48,1.8790447391684646,0.5825194753674089,2.4347843955427035,3.797138505537409,True,1.0386507838460455,1.0787954507840045,6,0.0036071450349448586,DPR-Exact-Block,V1_02_medium:1403715546912143104:1403715547112143104,0.037991,formal_public_module_evidence,0.015320922556305738,0.04777255316904193,0.06830463797519433,0.6326627701036651,1.1356536540686075,5,0,V1_02_medium,4,OK,True,460,1403715546912143104,1.6168135104815335e-10,1403715547112143104,338,True,603
1.0859647501174488,0.317016,0.11666666666666659,0.8333333333333334,663,0.3641754016421723,5.999999999999998,,48,1.8790447391684646,0.5825194753674089,2.4347843955427035,3.7900537279777837,True,1.0386507838460455,1.0787954507840045,6,0.0036071450349448586,DUC-K16,V1_02_medium:1403715546912143104:1403715547112143104,0.037991,formal_public_module_evidence,0.015320922556305738,0.04777255316904193,0.06830463797519433,0.6326627701036651,1.1356536540686075,5,0,V1_02_medium,4,OK,True,460,1403715546912143104,1.6168135104815335e-10,1403715547112143104,338,True,603
1.081342349059672,0.104874,0.11666666666666659,0.8333333333333334,663,0.3658626629990287,5.999999999999998,,48,1.8790447391684646,0.5825194753674089,2.4347843955427035,3.7810148057916493,True,1.0386507838460455,1.0787954507840045,6,0.0036071450349448586,Permuted-K16,V1_02_medium:1403715546912143104:1403715547112143104,0.037991,formal_public_module_evidence,0.015320922556305738,0.04777255316904193,0.06830463797519433,0.6326627701036651,1.1356536540686075,5,0,V1_02_medium,4,OK,True,460,1403715546912143104,1.6168135104815335e-10,1403715547112143104,338,True,603
2.4715279946450712,0.006751,0.008333333333333415,0.9583333333333334,402,0.4794838357001808,5.999999999999998,,16,2.117740456960741,0.692447713333058,1.982809104794331,12.943357265935099,True,2.382717038464242,5.677340485387808,6,0.0822104505399448,Raw,V1_02_medium:1403715547412143104:1403715547612143104,0.04161,formal_public_module_evidence,0.04511340543195935,0.09618551719186777,0.15407713278450366,0.35055865992486734,0.7709932290693979,0,0,V1_02_medium,5,OK,True,470,1403715547412143104,1.3054126898531114e-08,1403715547612143104,189,True,381
2.263888629866827,0.002009,0.008333333333333415,0.9583333333333334,402,0.5901339516309918,5.999999999999998,,16,2.117740456960741,0.692447713333058,1.982809104794331,10.930898137808482,True,2.382717038464242,5.677340485387808,6,0.0822104505399448,Global-DoF,V1_02_medium:1403715547412143104:1403715547612143104,0.04161,formal_public_module_evidence,0.04511340543195935,0.09618551719186777,0.15407713278450366,0.35055865992486734,0.7709932290693979,0,0,V1_02_medium,5,OK,True,470,1403715547412143104,1.3054126898531114e-08,1403715547612143104,189,True,381
2.2689164294294697,0.46952,0.008333333333333415,0.9583333333333334,402,0.5871743228518664,5.999999999999998,,16,2.117740456960741,0.692447713333058,1.982809104794331,10.974361716230689,True,2.382717038464242,5.677340485387808,6,0.0822104505399448,DPR-Exact-Block,V1_02_medium:1403715547412143104:1403715547612143104,0.04161,formal_public_module_evidence,0.04511340543195935,0.09618551719186777,0.15407713278450366,0.35055865992486734,0.7709932290693979,0,0,V1_02_medium,5,OK,True,470,1403715547412143104,1.3054126898531114e-08,1403715547612143104,189,True,381
2.3547035930268625,0.17721,0.008333333333333415,0.9583333333333334,402,0.5389024572247275,5.999999999999998,,16,2.117740456960741,0.692447713333058,1.982809104794331,11.754662121756711,True,2.382717038464242,5.677340485387808,6,0.0822104505399448,DUC-K16,V1_02_medium:1403715547412143104:1403715547612143104,0.04161,formal_public_module_evidence,0.04511340543195935,0.09618551719186777,0.15407713278450366,0.35055865992486734,0.7709932290693979,0,0,V1_02_medium,5,OK,True,470,1403715547412143104,1.3054126898531114e-08,1403715547612143104,189,True,381
2.2737516037999654,0.069356,0.008333333333333415,0.9583333333333334,402,0.5843420853140604,5.999999999999998,,16,2.117740456960741,0.692447713333058,1.982809104794331,11.016390654011682,True,2.382717038464242,5.677340485387808,6,0.0822104505399448,Permuted-K16,V1_02_medium:1403715547412143104:1403715547612143104,0.04161,formal_public_module_evidence,0.04511340543195935,0.09618551719186777,0.15407713278450366,0.35055865992486734,0.7709932290693979,0,0,V1_02_medium,5,OK,True,470,1403715547412143104,1.3054126898531114e-08,1403715547612143104,189,True,381
2.604943754714604,0.005948,0.033333333333333326,0.9166666666666666,402,0.5062958588479146,6.0,,48,1.4558860920967562,0.7115446991215061,1.9937529202924829,14.687707243645521,True,2.617330323319279,6.8504180213666,6,0.006917570338594636,Raw,V1_02_medium:1403715547412143104:1403715547612143104,0.037309,formal_public_module_evidence,0.012296888020053298,0.024742678933453943,0.048232128984316246,0.5249663714660688,1.0,6,0,V1_02_medium,4,OK,True,470,1403715547412143104,3.2454076532628623e-12,1403715547612143104,189,True,381
2.540405233577033,0.001937,0.033333333333333326,0.9166666666666666,402,0.5400489161044422,6.0,,48,1.4558860920967562,0.7115446991215061,1.9937529202924829,13.906591748750495,True,2.617330323319279,6.8504180213666,6,0.006917570338594636,Global-DoF,V1_02_medium:1403715547412143104:1403715547612143104,0.037309,formal_public_module_evidence,0.012296888020053298,0.024742678933453943,0.048232128984316246,0.5249663714660688,1.0,6,0,V1_02_medium,4,OK,True,470,1403715547412143104,3.2454076532628623e-12,1403715547612143104,189,True,381
2.546651154664387,1.287566,0.033333333333333326,0.9166666666666666,402,0.5366863253610029,6.0,,48,1.4558860920967562,0.7115446991215061,1.9937529202924829,13.97982209430411,True,2.617330323319279,6.8504180213666,6,0.006917570338594636,DPR-Exact-Block,V1_02_medium:1403715547412143104:1403715547612143104,0.037309,formal_public_module_evidence,0.012296888020053298,0.024742678933453943,0.048232128984316246,0.5249663714660688,1.0,6,0,V1_02_medium,4,OK,True,470,1403715547412143104,3.2454076532628623e-12,1403715547612143104,189,True,381
2.5397574009431536,0.312088,0.033333333333333326,0.9166666666666666,402,0.5403988907664495,6.0,,48,1.4558860920967562,0.7115446991215061,1.9937529202924829,13.899024608607052,True,2.617330323319279,6.8504180213666,6,0.006917570338594636,DUC-K16,V1_02_medium:1403715547412143104:1403715547612143104,0.037309,formal_public_module_evidence,0.012296888020053298,0.024742678933453943,0.048232128984316246,0.5249663714660688,1.0,6,0,V1_02_medium,4,OK,True,470,1403715547412143104,3.2454076532628623e-12,1403715547612143104,189,True,381
2.5510748526681026,0.10339,0.033333333333333326,0.9166666666666666,402,0.5343174306354107,6.0,,48,1.4558860920967562,0.7115446991215061,1.9937529202924829,14.031988822232654,True,2.617330323319279,6.8504180213666,6,0.006917570338594636,Permuted-K16,V1_02_medium:1403715547412143104:1403715547612143104,0.037309,formal_public_module_evidence,0.012296888020053298,0.024742678933453943,0.048232128984316246,0.5249663714660688,1.0,6,0,V1_02_medium,4,OK,True,470,1403715547412143104,3.2454076532628623e-12,1403715547612143104,189,True,381
,,,,227,,,INSUFFICIENT_TRACKS,16,,,,,,,,,,Raw,V1_02_medium:1403715547912143104:1403715548112143104,,formal_public_module_evidence,,,,,,,,V1_02_medium,,,,480,1403715547912143104,,1403715548112143104,56,False,175
,,,,227,,,INSUFFICIENT_TRACKS,16,,,,,,,,,,Global-DoF,V1_02_medium:1403715547912143104:1403715548112143104,,formal_public_module_evidence,,,,,,,,V1_02_medium,,,,480,1403715547912143104,,1403715548112143104,56,False,175
,,,,227,,,INSUFFICIENT_TRACKS,16,,,,,,,,,,DPR-Exact-Block,V1_02_medium:1403715547912143104:1403715548112143104,,formal_public_module_evidence,,,,,,,,V1_02_medium,,,,480,1403715547912143104,,1403715548112143104,56,False,175
,,,,227,,,INSUFFICIENT_TRACKS,16,,,,,,,,,,DUC-K16,V1_02_medium:1403715547912143104:1403715548112143104,,formal_public_module_evidence,,,,,,,,V1_02_medium,,,,480,1403715547912143104,,1403715548112143104,56,False,175
,,,,227,,,INSUFFICIENT_TRACKS,16,,,,,,,,,,Permuted-K16,V1_02_medium:1403715547912143104:1403715548112143104,,formal_public_module_evidence,,,,,,,,V1_02_medium,,,,480,1403715547912143104,,1403715548112143104,56,False,175
,,,,227,,,INSUFFICIENT_TRACKS,48,,,,,,,,,,Raw,V1_02_medium:1403715547912143104:1403715548112143104,,formal_public_module_evidence,,,,,,,,V1_02_medium,,,,480,1403715547912143104,,1403715548112143104,56,False,175
,,,,227,,,INSUFFICIENT_TRACKS,48,,,,,,,,,,Global-DoF,V1_02_medium:1403715547912143104:1403715548112143104,,formal_public_module_evidence,,,,,,,,V1_02_medium,,,,480,1403715547912143104,,1403715548112143104,56,False,175
,,,,227,,,INSUFFICIENT_TRACKS,48,,,,,,,,,,DPR-Exact-Block,V1_02_medium:1403715547912143104:1403715548112143104,,formal_public_module_evidence,,,,,,,,V1_02_medium,,,,480,1403715547912143104,,1403715548112143104,56,False,175
,,,,227,,,INSUFFICIENT_TRACKS,48,,,,,,,,,,DUC-K16,V1_02_medium:1403715547912143104:1403715548112143104,,formal_public_module_evidence,,,,,,,,V1_02_medium,,,,480,1403715547912143104,,1403715548112143104,56,False,175
,,,,227,,,INSUFFICIENT_TRACKS,48,,,,,,,,,,Permuted-K16,V1_02_medium:1403715547912143104:1403715548112143104,,formal_public_module_evidence,,,,,,,,V1_02_medium,,,,480,1403715547912143104,,1403715548112143104,56,False,175
0.7229795089941959,0.006021,0.050000000000000044,1.0,149,126.4597064947115,5.999999999999998,,16,0.8769555354206741,11.245430471738798,2.1138427377112006,7.163104929759712,True,7.8339911954213,61.37141804993845,6,0.010147959488151503,Raw,V1_02_medium:1403715548412143104:1403715548612143104,0.038279,formal_public_module_evidence,0.009998891573091861,0.08030705687673886,0.06580049679896886,0.16886676254867988,0.44800026535893755,0,0,V1_02_medium,5,OK,True,490,1403715548412143104,2.7185603367635608e-08,1403715548612143104,76,True,131
0.9306188737724406,0.00208,0.050000000000000044,1.0,149,155.64271568579878,5.999999999999998,,16,0.8769555354206741,11.245430471738798,2.1138427377112006,7.2797497698523825,True,7.8339911954213,61.37141804993845,6,0.010147959488151503,Global-DoF,V1_02_medium:1403715548412143104:1403715548612143104,0.038279,formal_public_module_evidence,0.009998891573091861,0.08030705687673886,0.06580049679896886,0.16886676254867988,0.44800026535893755,0,0,V1_02_medium,5,OK,True,490,1403715548412143104,2.7185603367635608e-08,1403715548612143104,76,True,131
0.8212438452247931,0.484369,0.050000000000000044,1.0,149,139.51722466282325,5.999999999999998,,16,0.8769555354206741,11.245430471738798,2.1138427377112006,7.215949300595515,True,7.8339911954213,61.37141804993845,6,0.010147959488151503,DPR-Exact-Block,V1_02_medium:1403715548412143104:1403715548612143104,0.038279,formal_public_module_evidence,0.009998891573091861,0.08030705687673886,0.06580049679896886,0.16886676254867988,0.44800026535893755,0,0,V1_02_medium,5,OK,True,490,1403715548412143104,2.7185603367635608e-08,1403715548612143104,76,True,131
0.8313406598914076,0.178632,0.050000000000000044,1.0,149,140.9330398066009,5.999999999999998,,16,0.8769555354206741,11.245430471738798,2.1138427377112006,7.221627033228876,True,7.8339911954213,61.37141804993845,6,0.010147959488151503,DUC-K16,V1_02_medium:1403715548412143104:1403715548612143104,0.038279,formal_public_module_evidence,0.009998891573091861,0.08030705687673886,0.06580049679896886,0.16886676254867988,0.44800026535893755,0,0,V1_02_medium,5,OK,True,490,1403715548412143104,2.7185603367635608e-08,1403715548612143104,76,True,131
0.8322602373590401,0.068018,0.050000000000000044,1.0,149,141.06269826081166,5.999999999999998,,16,0.8769555354206741,11.245430471738798,2.1138427377112006,7.222146350880273,True,7.8339911954213,61.37141804993845,6,0.010147959488151503,Permuted-K16,V1_02_medium:1403715548412143104:1403715548612143104,0.038279,formal_public_module_evidence,0.009998891573091861,0.08030705687673886,0.06580049679896886,0.16886676254867988,0.44800026535893755,0,0,V1_02_medium,5,OK,True,490,1403715548412143104,2.7185603367635608e-08,1403715548612143104,76,True,131
0.4873104679524116,0.005716,0.033333333333333326,0.9166666666666666,149,75.68871502264487,6.000000000000001,,48,0.9383940762535332,8.699926150413281,2.1663439834547065,6.77878243097625,True,6.818634986323632,46.49378307671668,6,0.006541569586520413,Raw,V1_02_medium:1403715548412143104:1403715548612143104,0.038151,formal_public_module_evidence,0.01285490099262776,0.032711820836266385,0.05394592548916593,0.6709983210953454,1.3869135640152939,6,0,V1_02_medium,5,OK,True,490,1403715548412143104,1.383416911317087e-08,1403715548612143104,76,True,131
0.5518489890899828,0.002079,0.033333333333333326,0.9166666666666666,149,80.73462935748786,6.000000000000001,,48,0.9383940762535332,8.699926150413281,2.1663439834547065,6.804928683974173,True,6.818634986323632,46.49378307671668,6,0.006541569586520413,Global-DoF,V1_02_medium:1403715548412143104:1403715548612143104,0.038151,formal_public_module_evidence,0.01285490099262776,0.032711820836266385,0.05394592548916593,0.6709983210953454,1.3869135640152939,6,0,V1_02_medium,5,OK,True,490,1403715548412143104,1.383416911317087e-08,1403715548612143104,76,True,131
0.5342622316694378,1.273069,0.033333333333333326,0.9166666666666666,149,79.32718151352874,6.000000000000001,,48,0.9383940762535332,8.699926150413281,2.1663439834547065,6.797559442287873,True,6.818634986323632,46.49378307671668,6,0.006541569586520413,DPR-Exact-Block,V1_02_medium:1403715548412143104:1403715548612143104,0.038151,formal_public_module_evidence,0.01285490099262776,0.032711820836266385,0.05394592548916593,0.6709983210953454,1.3869135640152939,6,0,V1_02_medium,5,OK,True,490,1403715548412143104,1.383416911317087e-08,1403715548612143104,76,True,131
0.5276991722471513,0.312616,0.033333333333333326,0.9166666666666666,149,78.80825723555546,6.000000000000001,,48,0.9383940762535332,8.699926150413281,2.1663439834547065,6.794855652541197,True,6.818634986323632,46.49378307671668,6,0.006541569586520413,DUC-K16,V1_02_medium:1403715548412143104:1403715548612143104,0.038151,formal_public_module_evidence,0.01285490099262776,0.032711820836266385,0.05394592548916593,0.6709983210953454,1.3869135640152939,6,0,V1_02_medium,5,OK,True,490,1403715548412143104,1.383416911317087e-08,1403715548612143104,76,True,131
0.5096628240531492,0.103252,0.033333333333333326,0.9166666666666666,149,77.3995858985373,6.000000000000001,,48,0.9383940762535332,8.699926150413281,2.1663439834547065,6.787556582458542,True,6.818634986323632,46.49378307671668,6,0.006541569586520413,Permuted-K16,V1_02_medium:1403715548412143104:1403715548612143104,0.038151,formal_public_module_evidence,0.01285490099262776,0.032711820836266385,0.05394592548916593,0.6709983210953454,1.3869135640152939,6,0,V1_02_medium,5,OK,True,490,1403715548412143104,1.383416911317087e-08,1403715548612143104,76,True,131
0.4618702979498204,0.006098,0.07499999999999996,0.875,255,0.39783918593536177,6.0,,16,2.1057853370374464,0.6307449452317171,1.9140555450237335,2.5032091032263284,True,0.7945983147998893,0.631386481882824,6,0.0682198392967388,Raw,V1_02_medium:1403715548912143104:1403715549112143104,0.03803,formal_public_module_evidence,0.021694873894947675,0.07615379125268373,0.09769539621047069,0.19313093353820038,0.8444459548397931,0,0,V1_02_medium,4,OK,True,500,1403715548912143104,5.161248604587069e-09,1403715549112143104,185,True,237
0.2542309331715757,0.001891,0.07499999999999996,0.875,255,0.48964822884352227,6.0,,16,2.1057853370374464,0.6307449452317171,1.9140555450237335,2.413278571578473,True,0.7945983147998893,0.631386481882824,6,0.0682198392967388,Global-DoF,V1_02_medium:1403715548912143104:1403715549112143104,0.03803,formal_public_module_evidence,0.021694873894947675,0.07615379125268373,0.09769539621047069,0.19313093353820038,0.8444459548397931,0,0,V1_02_medium,4,OK,True,500,1403715548912143104,5.161248604587069e-09,1403715549112143104,185,True,237
0.13098648411358998,0.458187,0.07499999999999996,0.875,255,0.5538709304238331,6.0,,16,2.1057853370374464,0.6307449452317171,1.9140555450237335,2.3870058431977634,True,0.7945983147998893,0.631386481882824,6,0.0682198392967388,DPR-Exact-Block,V1_02_medium:1403715548912143104:1403715549112143104,0.03803,formal_public_module_evidence,0.021694873894947675,0.07615379125268373,0.09769539621047069,0.19313093353820038,0.8444459548397931,0,0,V1_02_medium,4,OK,True,500,1403715548912143104,5.161248604587069e-09,1403715549112143104,185,True,237
0.20164485530773413,0.176479,0.07499999999999996,0.875,255,0.516085944559184,6.0,,16,2.1057853370374464,0.6307449452317171,1.9140555450237335,2.399808540421149,True,0.7945983147998893,0.631386481882824,6,0.0682198392967388,DUC-K16,V1_02_medium:1403715548912143104:1403715549112143104,0.03803,formal_public_module_evidence,0.021694873894947675,0.07615379125268373,0.09769539621047069,0.19313093353820038,0.8444459548397931,0,0,V1_02_medium,4,OK,True,500,1403715548912143104,5.161248604587069e-09,1403715549112143104,185,True,237
0.30679403163793684,0.069675,0.07499999999999996,0.875,255,0.464575522807644,6.0,,16,2.1057853370374464,0.6307449452317171,1.9140555450237335,2.430306937603306,True,0.7945983147998893,0.631386481882824,6,0.0682198392967388,Permuted-K16,V1_02_medium:1403715548912143104:1403715549112143104,0.03803,formal_public_module_evidence,0.021694873894947675,0.07615379125268373,0.09769539621047069,0.19313093353820038,0.8444459548397931,0,0,V1_02_medium,4,OK,True,500,1403715548912143104,5.161248604587069e-09,1403715549112143104,185,True,237
0.3722991479988321,0.005616,0.033333333333333326,0.9166666666666666,255,0.36615743465521317,5.999999999999999,,48,1.827137582453405,0.6051094402297927,1.9130935427034368,2.28425217783331,True,0.7289162985500327,0.5313189702918805,6,0.01376853074523976,Raw,V1_02_medium:1403715548912143104:1403715549112143104,0.038077,formal_public_module_evidence,0.013153351169028937,0.04025544482553055,0.05792571144069355,0.4214842436365962,1.4127374969192983,4,0,V1_02_medium,4,OK,True,500,1403715548912143104,4.354314754454265e-09,1403715549112143104,185,True,237
0.30776062686126093,0.001995,0.033333333333333326,0.9166666666666666,255,0.39056793029889403,5.999999999999999,,48,1.827137582453405,0.6051094402297927,1.9130935427034368,2.258099011460802,True,0.7289162985500327,0.5313189702918805,6,0.01376853074523976,Global-DoF,V1_02_medium:1403715548912143104:1403715549112143104,0.038077,formal_public_module_evidence,0.013153351169028937,0.04025544482553055,0.05792571144069355,0.4214842436365962,1.4127374969192983,4,0,V1_02_medium,4,OK,True,500,1403715548912143104,4.354314754454265e-09,1403715549112143104,185,True,237
0.26630354210705365,1.27492,0.033333333333333326,0.9166666666666666,255,0.40710005724953785,5.999999999999999,,48,1.827137582453405,0.6051094402297927,1.9130935427034368,2.244311944393421,True,0.7289162985500327,0.5313189702918805,6,0.01376853074523976,DPR-Exact-Block,V1_02_medium:1403715548912143104:1403715549112143104,0.038077,formal_public_module_evidence,0.013153351169028937,0.04025544482553055,0.05792571144069355,0.4214842436365962,1.4127374969192983,4,0,V1_02_medium,4,OK,True,500,1403715548912143104,4.354314754454265e-09,1403715549112143104,185,True,237
0.280167738200924,0.316983,0.033333333333333326,0.9166666666666666,255,0.4014948875949087,5.999999999999999,,48,1.827137582453405,0.6051094402297927,1.9130935427034368,2.248668357836611,True,0.7289162985500327,0.5313189702918805,6,0.01376853074523976,DUC-K16,V1_02_medium:1403715548912143104:1403715549112143104,0.038077,formal_public_module_evidence,0.013153351169028937,0.04025544482553055,0.05792571144069355,0.4214842436365962,1.4127374969192983,4,0,V1_02_medium,4,OK,True,500,1403715548912143104,4.354314754454265e-09,1403715549112143104,185,True,237
0.2832134279031657,0.105593,0.033333333333333326,0.9166666666666666,255,0.40027391903976733,5.999999999999999,,48,1.827137582453405,0.6051094402297927,1.9130935427034368,2.2496593310847923,True,0.7289162985500327,0.5313189702918805,6,0.01376853074523976,Permuted-K16,V1_02_medium:1403715548912143104:1403715549112143104,0.038077,formal_public_module_evidence,0.013153351169028937,0.04025544482553055,0.05792571144069355,0.4214842436365962,1.4127374969192983,4,0,V1_02_medium,4,OK,True,500,1403715548912143104,4.354314754454265e-09,1403715549112143104,185,True,237
0.22242472910019045,0.005757,0.11666666666666659,0.8333333333333334,221,0.47607539688083245,6.0,,16,1.7309553077248627,0.6899821714224451,1.7015046745806957,2.3447998210196204,True,0.7711463109195779,0.5946666328448743,6,0.038413885386608504,Raw,V1_02_medium:1403715549412143104:1403715549612143104,0.037574,formal_public_module_evidence,0.03165307556985131,0.087064130719684,0.10848744079158515,0.34356411287843325,0.8341513439372985,0,0,V1_02_medium,4,OK,True,510,1403715549412143104,3.049840873524176e-09,1403715549612143104,157,True,218
0.01478536432194606,0.002045,0.033333333333333326,0.9166666666666666,221,0.5859389500071783,6.0,,16,1.7309553077248627,0.6899821714224451,1.7015046745806957,2.3182325992173705,True,0.7711463109195779,0.5946666328448743,6,0.038413885386608504,Global-DoF,V1_02_medium:1403715549412143104:1403715549612143104,0.037574,formal_public_module_evidence,0.03165307556985131,0.087064130719684,0.10848744079158515,0.34356411287843325,0.8341513439372985,0,0,V1_02_medium,4,OK,True,510,1403715549412143104,3.049840873524176e-09,1403715549612143104,157,True,218
0.007740993119405301,0.4891,0.033333333333333326,0.9166666666666666,221,0.5900810937432385,6.0,,16,1.7309553077248627,0.6899821714224451,1.7015046745806957,2.31815279397148,True,0.7711463109195779,0.5946666328448743,6,0.038413885386608504,DPR-Exact-Block,V1_02_medium:1403715549412143104:1403715549612143104,0.037574,formal_public_module_evidence,0.03165307556985131,0.087064130719684,0.10848744079158515,0.34356411287843325,0.8341513439372985,0,0,V1_02_medium,4,OK,True,510,1403715549412143104,3.049840873524176e-09,1403715549612143104,157,True,218
0.029953445664319782,0.177433,0.033333333333333326,0.9166666666666666,221,0.6127484012470958,6.0,,16,1.7309553077248627,0.6899821714224451,1.7015046745806957,2.318566913735439,True,0.7711463109195779,0.5946666328448743,6,0.038413885386608504,DUC-K16,V1_02_medium:1403715549412143104:1403715549612143104,0.037574,formal_public_module_evidence,0.03165307556985131,0.087064130719684,0.10848744079158515,0.34356411287843325,0.8341513439372985,0,0,V1_02_medium,4,OK,True,510,1403715549412143104,3.049840873524176e-09,1403715549612143104,157,True,218
0.002158105102419637,0.069407,0.033333333333333326,0.9166666666666666,221,0.5933846635600759,6.0,,16,1.7309553077248627,0.6899821714224451,1.7015046745806957,2.3181250854087607,True,0.7711463109195779,0.5946666328448743,6,0.038413885386608504,Permuted-K16,V1_02_medium:1403715549412143104:1403715549612143104,0.037574,formal_public_module_evidence,0.03165307556985131,0.087064130719684,0.10848744079158515,0.34356411287843325,0.8341513439372985,0,0,V1_02_medium,4,OK,True,510,1403715549412143104,3.049840873524176e-09,1403715549612143104,157,True,218
0.6834742935188732,0.00614,0.050000000000000044,1.0,221,0.9839255903486115,6.0,,48,1.7313438562737982,0.9919302346176426,1.70399845023518,2.326531972365038,True,0.7048010962636366,0.49674458529442406,6,0.01766802959456082,Raw,V1_02_medium:1403715549412143104:1403715549612143104,0.038642,formal_public_module_evidence,0.013631345648645099,0.0311510431395138,0.058885282468720795,0.4739591645466954,1.0,5,0,V1_02_medium,5,OK,True,510,1403715549412143104,4.395336276998058e-10,1403715549612143104,157,True,218
0.7480128146564444,0.00199,0.050000000000000044,1.0,221,1.0495206297051856,6.0,,48,1.7313438562737982,0.9919302346176426,1.70399845023518,2.3595167491082782,True,0.7048010962636366,0.49674458529442406,6,0.01766802959456082,Global-DoF,V1_02_medium:1403715549412143104:1403715549612143104,0.038642,formal_public_module_evidence,0.013631345648645099,0.0311510431395138,0.058885282468720795,0.4739591645466954,1.0,5,0,V1_02_medium,5,OK,True,510,1403715549412143104,4.395336276998058e-10,1403715549612143104,157,True,218
0.7620192763958211,1.273569,0.050000000000000044,1.0,221,1.0643241305711089,6.0,,48,1.7313438562737982,0.9919302346176426,1.70399845023518,2.36694007697357,True,0.7048010962636366,0.49674458529442406,6,0.01766802959456082,DPR-Exact-Block,V1_02_medium:1403715549412143104:1403715549612143104,0.038642,formal_public_module_evidence,0.013631345648645099,0.0311510431395138,0.058885282468720795,0.4739591645466954,1.0,5,0,V1_02_medium,5,OK,True,510,1403715549412143104,4.395336276998058e-10,1403715549612143104,157,True,218
0.7795330407470569,0.312412,0.050000000000000044,1.0,221,1.0831286408082443,6.0,,48,1.7313438562737982,0.9919302346176426,1.70399845023518,2.376350927503442,True,0.7048010962636366,0.49674458529442406,6,0.01766802959456082,DUC-K16,V1_02_medium:1403715549412143104:1403715549612143104,0.038642,formal_public_module_evidence,0.013631345648645099,0.0311510431395138,0.058885282468720795,0.4739591645466954,1.0,5,0,V1_02_medium,5,OK,True,510,1403715549412143104,4.395336276998058e-10,1403715549612143104,157,True,218
0.7331513454364547,0.103887,0.050000000000000044,1.0,221,1.034038539426187,6.0,,48,1.7313438562737982,0.9919302346176426,1.70399845023518,2.351741832768966,True,0.7048010962636366,0.49674458529442406,6,0.01766802959456082,Permuted-K16,V1_02_medium:1403715549412143104:1403715549612143104,0.038642,formal_public_module_evidence,0.013631345648645099,0.0311510431395138,0.058885282468720795,0.4739591645466954,1.0,5,0,V1_02_medium,5,OK,True,510,1403715549412143104,4.395336276998058e-10,1403715549612143104,157,True,218
,,,,214,,,INSUFFICIENT_TRACKS,16,,,,,,,,,,Raw,V1_02_medium:1403715549912143104:1403715550112143104,,formal_public_module_evidence,,,,,,,,V1_02_medium,,,,520,1403715549912143104,,1403715550112143104,53,False,213
,,,,214,,,INSUFFICIENT_TRACKS,16,,,,,,,,,,Global-DoF,V1_02_medium:1403715549912143104:1403715550112143104,,formal_public_module_evidence,,,,,,,,V1_02_medium,,,,520,1403715549912143104,,1403715550112143104,53,False,213
,,,,214,,,INSUFFICIENT_TRACKS,16,,,,,,,,,,DPR-Exact-Block,V1_02_medium:1403715549912143104:1403715550112143104,,formal_public_module_evidence,,,,,,,,V1_02_medium,,,,520,1403715549912143104,,1403715550112143104,53,False,213
,,,,214,,,INSUFFICIENT_TRACKS,16,,,,,,,,,,DUC-K16,V1_02_medium:1403715549912143104:1403715550112143104,,formal_public_module_evidence,,,,,,,,V1_02_medium,,,,520,1403715549912143104,,1403715550112143104,53,False,213
,,,,214,,,INSUFFICIENT_TRACKS,16,,,,,,,,,,Permuted-K16,V1_02_medium:1403715549912143104:1403715550112143104,,formal_public_module_evidence,,,,,,,,V1_02_medium,,,,520,1403715549912143104,,1403715550112143104,53,False,213
,,,,214,,,INSUFFICIENT_TRACKS,48,,,,,,,,,,Raw,V1_02_medium:1403715549912143104:1403715550112143104,,formal_public_module_evidence,,,,,,,,V1_02_medium,,,,520,1403715549912143104,,1403715550112143104,53,False,213
,,,,214,,,INSUFFICIENT_TRACKS,48,,,,,,,,,,Global-DoF,V1_02_medium:1403715549912143104:1403715550112143104,,formal_public_module_evidence,,,,,,,,V1_02_medium,,,,520,1403715549912143104,,1403715550112143104,53,False,213
,,,,214,,,INSUFFICIENT_TRACKS,48,,,,,,,,,,DPR-Exact-Block,V1_02_medium:1403715549912143104:1403715550112143104,,formal_public_module_evidence,,,,,,,,V1_02_medium,,,,520,1403715549912143104,,1403715550112143104,53,False,213
,,,,214,,,INSUFFICIENT_TRACKS,48,,,,,,,,,,DUC-K16,V1_02_medium:1403715549912143104:1403715550112143104,,formal_public_module_evidence,,,,,,,,V1_02_medium,,,,520,1403715549912143104,,1403715550112143104,53,False,213
,,,,214,,,INSUFFICIENT_TRACKS,48,,,,,,,,,,Permuted-K16,V1_02_medium:1403715549912143104:1403715550112143104,,formal_public_module_evidence,,,,,,,,V1_02_medium,,,,520,1403715549912143104,,1403715550112143104,53,False,213
1.037553231142692,0.005836,0.033333333333333326,0.9166666666666666,251,0.08038201045389806,6.0,,16,2.10188452941184,0.28351721368181165,1.7419044872831737,2.1392152241756626,True,0.47630073709549625,0.22686239215771306,6,0.0025293607875827018,Raw,V1_02_medium:1403715550412143104:1403715550612143104,0.038426,formal_public_module_evidence,0.03531945712349205,0.08544979956206283,0.11744294006970643,0.3611481350755035,0.667344111265752,0,0,V1_02_medium,4,OK,True,530,1403715550412143104,1.7188393360868618e-09,1403715550612143104,75,True,240
0.8299138663644474,0.002034,0.033333333333333326,0.9166666666666666,251,0.09893170517402838,6.0,,16,2.10188452941184,0.28351721368181165,1.7419044872831737,1.8176727696715007,True,0.47630073709549625,0.22686239215771306,6,0.0025293607875827018,Global-DoF,V1_02_medium:1403715550412143104:1403715550612143104,0.038426,formal_public_module_evidence,0.03531945712349205,0.08544979956206283,0.11744294006970643,0.3611481350755035,0.667344111265752,0,0,V1_02_medium,4,OK,True,530,1403715550412143104,1.7188393360868618e-09,1403715550612143104,75,True,240
0.8176987579897402,0.482429,0.033333333333333326,0.9166666666666666,251,0.10014757756271443,6.0,,16,2.10188452941184,0.28351721368181165,1.7419044872831737,1.802047536428546,True,0.47630073709549625,0.22686239215771306,6,0.0025293607875827018,DPR-Exact-Block,V1_02_medium:1403715550412143104:1403715550612143104,0.038426,formal_public_module_evidence,0.03531945712349205,0.08544979956206283,0.11744294006970643,0.3611481350755035,0.667344111265752,0,0,V1_02_medium,4,OK,True,530,1403715550412143104,1.7188393360868618e-09,1403715550612143104,75,True,240
0.8151725906513643,0.176173,0.033333333333333326,0.9166666666666666,251,0.10040088691837297,6.0,,16,2.10188452941184,0.28351721368181165,1.7419044872831737,1.7988584470942648,True,0.47630073709549625,0.22686239215771306,6,0.0025293607875827018,DUC-K16,V1_02_medium:1403715550412143104:1403715550612143104,0.038426,formal_public_module_evidence,0.03531945712349205,0.08544979956206283,0.11744294006970643,0.3611481350755035,0.667344111265752,0,0,V1_02_medium,4,OK,True,530,1403715550412143104,1.7188393360868618e-09,1403715550612143104,75,True,240
0.8699098927280687,0.068231,0.033333333333333326,0.9166666666666666,251,0.09505291523350916,6.0,,16,2.10188452941184,0.28351721368181165,1.7419044872831737,1.8712513116061296,True,0.47630073709549625,0.22686239215771306,6,0.0025293607875827018,Permuted-K16,V1_02_medium:1403715550412143104:1403715550612143104,0.038426,formal_public_module_evidence,0.03531945712349205,0.08544979956206283,0.11744294006970643,0.3611481350755035,0.667344111265752,0,0,V1_02_medium,4,OK,True,530,1403715550412143104,1.7188393360868618e-09,1403715550612143104,75,True,240
0.4807993689630037,0.00626,0.033333333333333326,0.9166666666666666,251,0.42020751724808464,6.000000000000001,,48,1.9655494006931176,0.6482341531021677,1.7665557217116372,2.58823722374672,True,0.8243965490087404,0.6796296700175205,6,0.027053821497784236,Raw,V1_02_medium:1403715550412143104:1403715550612143104,0.043542,formal_public_module_evidence,0.011260672024680451,0.027999486474497185,0.04681275372895427,0.40784074240137635,1.0,6,0,V1_02_medium,4,OK,True,530,1403715550412143104,6.433717531005629e-09,1403715550612143104,75,True,240
0.4162608478254323,0.00199,0.033333333333333326,0.9166666666666666,251,0.4482213517312903,6.000000000000001,,48,1.9655494006931176,0.6482341531021677,1.7665557217116372,2.5516903224856784,True,0.8243965490087404,0.6796296700175205,6,0.027053821497784236,Global-DoF,V1_02_medium:1403715550412143104:1403715550612143104,0.043542,formal_public_module_evidence,0.011260672024680451,0.027999486474497185,0.04681275372895427,0.40784074240137635,1.0,6,0,V1_02_medium,4,OK,True,530,1403715550412143104,6.433717531005629e-09,1403715550612143104,75,True,240
0.316840702063625,1.275048,0.008333333333333415,0.9583333333333334,251,0.49507404876288835,6.000000000000001,,48,1.9655494006931176,0.6482341531021677,1.7665557217116372,2.5076130051370233,True,0.8243965490087404,0.6796296700175205,6,0.027053821497784236,DPR-Exact-Block,V1_02_medium:1403715550412143104:1403715550612143104,0.043542,formal_public_module_evidence,0.011260672024680451,0.027999486474497185,0.04681275372895427,0.40784074240137635,1.0,6,0,V1_02_medium,4,OK,True,530,1403715550412143104,6.433717531005629e-09,1403715550612143104,75,True,240
0.2901463659686794,0.311764,0.008333333333333415,0.9583333333333334,251,0.5084676937063048,6.000000000000001,,48,1.9655494006931176,0.6482341531021677,1.7665557217116372,2.498146578208405,True,0.8243965490087404,0.6796296700175205,6,0.027053821497784236,DUC-K16,V1_02_medium:1403715550412143104:1403715550612143104,0.043542,formal_public_module_evidence,0.011260672024680451,0.027999486474497185,0.04681275372895427,0.40784074240137635,1.0,6,0,V1_02_medium,4,OK,True,530,1403715550412143104,6.433717531005629e-09,1403715550612143104,75,True,240
0.4211146106915008,0.104014,0.033333333333333326,0.9166666666666666,251,0.4460510628730328,6.000000000000001,,48,1.9655494006931176,0.6482341531021677,1.7665557217116372,2.55421411964214,True,0.8243965490087404,0.6796296700175205,6,0.027053821497784236,Permuted-K16,V1_02_medium:1403715550412143104:1403715550612143104,0.043542,formal_public_module_evidence,0.011260672024680451,0.027999486474497185,0.04681275372895427,0.40784074240137635,1.0,6,0,V1_02_medium,4,OK,True,530,1403715550412143104,6.433717531005629e-09,1403715550612143104,75,True,240
1.5112486054114984,0.00594,0.32499999999999996,0.625,386,0.20581476139662516,6.0,,16,1.8512416717196065,0.4536681181178871,1.9545684907510017,4.789484760129031,True,0.965832299425085,0.932832030612747,6,0.05335003598449095,Raw,V1_02_medium:1403715550912143104:1403715551112143104,0.038523,formal_public_module_evidence,0.036571849629423836,0.10444846680957265,0.1258204983650098,0.35475731051387677,0.8084346331634147,0,0,V1_02_medium,4,OK,True,540,1403715550912143104,3.827516853748561e-11,1403715551112143104,193,True,380
1.303609240633254,0.002063,0.2833333333333333,0.6666666666666666,386,0.2533104755650771,6.0,,16,1.8512416717196065,0.4536681181178871,1.9545684907510017,4.147301670225178,True,0.965832299425085,0.932832030612747,6,0.05335003598449095,Global-DoF,V1_02_medium:1403715550912143104:1403715551112143104,0.038523,formal_public_module_evidence,0.036571849629423836,0.10444846680957265,0.1258204983650098,0.35475731051387677,0.8084346331634147,0,0,V1_02_medium,4,OK,True,540,1403715550912143104,3.827516853748561e-11,1403715551112143104,193,True,380
1.286209746547171,0.446173,0.2833333333333333,0.6666666666666666,386,0.2577565169555189,6.0,,16,1.8512416717196065,0.4536681181178871,1.9545684907510017,4.10118062939621,True,0.965832299425085,0.932832030612747,6,0.05335003598449095,DPR-Exact-Block,V1_02_medium:1403715550912143104:1403715551112143104,0.038523,formal_public_module_evidence,0.036571849629423836,0.10444846680957265,0.1258204983650098,0.35475731051387677,0.8084346331634147,0,0,V1_02_medium,4,OK,True,540,1403715550912143104,3.827516853748561e-11,1403715551112143104,193,True,380
1.2342341507948782,0.174584,0.2833333333333333,0.6666666666666666,386,0.2715078364103329,6.0,,16,1.8512416717196065,0.4536681181178871,1.9545684907510017,3.9698590391127264,True,0.965832299425085,0.932832030612747,6,0.05335003598449095,DUC-K16,V1_02_medium:1403715550912143104:1403715551112143104,0.038523,formal_public_module_evidence,0.036571849629423836,0.10444846680957265,0.1258204983650098,0.35475731051387677,0.8084346331634147,0,0,V1_02_medium,4,OK,True,540,1403715550912143104,3.827516853748561e-11,1403715551112143104,193,True,380
1.258138593454339,0.067954,0.2833333333333333,0.6666666666666666,386,0.26509455129473153,6.0,,16,1.8512416717196065,0.4536681181178871,1.9545684907510017,4.029073695560537,True,0.965832299425085,0.932832030612747,6,0.05335003598449095,Permuted-K16,V1_02_medium:1403715550912143104:1403715551112143104,0.038523,formal_public_module_evidence,0.036571849629423836,0.10444846680957265,0.1258204983650098,0.35475731051387677,0.8084346331634147,0,0,V1_02_medium,4,OK,True,540,1403715550912143104,3.827516853748561e-11,1403715551112143104,193,True,380
0.11837543911526457,0.005816,0.008333333333333415,0.9583333333333334,386,0.66649445194307,6.0,,48,1.8411772576089307,0.816391114566462,1.944241919318157,2.320516066824803,True,0.7694729712972952,0.5920886535570881,6,0.01678631371649497,Raw,V1_02_medium:1403715550912143104:1403715551112143104,0.037901,formal_public_module_evidence,0.013007677569125409,0.04342995047914544,0.06108317466305415,0.5661238606598078,1.0833111298727178,5,0,V1_02_medium,4,OK,True,540,1403715550912143104,1.2464792589186736e-09,1403715551112143104,193,True,380
0.18291396025283563,0.002167,0.008333333333333415,0.9583333333333334,386,0.7109274154059413,6.0,,48,1.8411772576089307,0.816391114566462,1.944241919318157,2.32953193396363,True,0.7694729712972952,0.5920886535570881,6,0.01678631371649497,Global-DoF,V1_02_medium:1403715550912143104:1403715551112143104,0.037901,formal_public_module_evidence,0.013007677569125409,0.04342995047914544,0.06108317466305415,0.5661238606598078,1.0833111298727178,5,0,V1_02_medium,4,OK,True,540,1403715550912143104,1.2464792589186736e-09,1403715551112143104,193,True,380
0.19658125390460898,1.281733,0.008333333333333415,0.9583333333333334,386,0.7207105715044998,6.0,,48,1.8411772576089307,0.816391114566462,1.944241919318157,2.331893993325401,True,0.7694729712972952,0.5920886535570881,6,0.01678631371649497,DPR-Exact-Block,V1_02_medium:1403715550912143104:1403715551112143104,0.037901,formal_public_module_evidence,0.013007677569125409,0.04342995047914544,0.06108317466305415,0.5661238606598078,1.0833111298727178,5,0,V1_02_medium,4,OK,True,540,1403715550912143104,1.2464792589186736e-09,1403715551112143104,193,True,380
0.21322823455419168,0.313568,0.008333333333333415,0.9583333333333334,386,0.7328086452565686,6.0,,48,1.8411772576089307,0.816391114566462,1.944241919318157,2.334978107391844,True,0.7694729712972952,0.5920886535570881,6,0.01678631371649497,DUC-K16,V1_02_medium:1403715550912143104:1403715551112143104,0.037901,formal_public_module_evidence,0.013007677569125409,0.04342995047914544,0.06108317466305415,0.5661238606598078,1.0833111298727178,5,0,V1_02_medium,4,OK,True,540,1403715550912143104,1.2464792589186736e-09,1403715551112143104,193,True,380
0.197497732598651,0.104459,0.008333333333333415,0.9583333333333334,386,0.7213713901547076,6.0,,48,1.8411772576089307,0.816391114566462,1.944241919318157,2.3320578979961084,True,0.7694729712972952,0.5920886535570881,6,0.01678631371649497,Permuted-K16,V1_02_medium:1403715550912143104:1403715551112143104,0.037901,formal_public_module_evidence,0.013007677569125409,0.04342995047914544,0.06108317466305415,0.5661238606598078,1.0833111298727178,5,0,V1_02_medium,4,OK,True,540,1403715550912143104,1.2464792589186736e-09,1403715551112143104,193,True,380
,,,,726,,,INSUFFICIENT_TRACKS,16,,,,,,,,,,Raw,V1_02_medium:1403715551412143104:1403715551612143104,,formal_public_module_evidence,,,,,,,,V1_02_medium,,,,550,1403715551412143104,,1403715551612143104,38,False,665
,,,,726,,,INSUFFICIENT_TRACKS,16,,,,,,,,,,Global-DoF,V1_02_medium:1403715551412143104:1403715551612143104,,formal_public_module_evidence,,,,,,,,V1_02_medium,,,,550,1403715551412143104,,1403715551612143104,38,False,665
,,,,726,,,INSUFFICIENT_TRACKS,16,,,,,,,,,,DPR-Exact-Block,V1_02_medium:1403715551412143104:1403715551612143104,,formal_public_module_evidence,,,,,,,,V1_02_medium,,,,550,1403715551412143104,,1403715551612143104,38,False,665
,,,,726,,,INSUFFICIENT_TRACKS,16,,,,,,,,,,DUC-K16,V1_02_medium:1403715551412143104:1403715551612143104,,formal_public_module_evidence,,,,,,,,V1_02_medium,,,,550,1403715551412143104,,1403715551612143104,38,False,665
,,,,726,,,INSUFFICIENT_TRACKS,16,,,,,,,,,,Permuted-K16,V1_02_medium:1403715551412143104:1403715551612143104,,formal_public_module_evidence,,,,,,,,V1_02_medium,,,,550,1403715551412143104,,1403715551612143104,38,False,665
,,,,726,,,INSUFFICIENT_TRACKS,48,,,,,,,,,,Raw,V1_02_medium:1403715551412143104:1403715551612143104,,formal_public_module_evidence,,,,,,,,V1_02_medium,,,,550,1403715551412143104,,1403715551612143104,38,False,665
,,,,726,,,INSUFFICIENT_TRACKS,48,,,,,,,,,,Global-DoF,V1_02_medium:1403715551412143104:1403715551612143104,,formal_public_module_evidence,,,,,,,,V1_02_medium,,,,550,1403715551412143104,,1403715551612143104,38,False,665
,,,,726,,,INSUFFICIENT_TRACKS,48,,,,,,,,,,DPR-Exact-Block,V1_02_medium:1403715551412143104:1403715551612143104,,formal_public_module_evidence,,,,,,,,V1_02_medium,,,,550,1403715551412143104,,1403715551612143104,38,False,665
,,,,726,,,INSUFFICIENT_TRACKS,48,,,,,,,,,,DUC-K16,V1_02_medium:1403715551412143104:1403715551612143104,,formal_public_module_evidence,,,,,,,,V1_02_medium,,,,550,1403715551412143104,,1403715551612143104,38,False,665
,,,,726,,,INSUFFICIENT_TRACKS,48,,,,,,,,,,Permuted-K16,V1_02_medium:1403715551412143104:1403715551612143104,,formal_public_module_evidence,,,,,,,,V1_02_medium,,,,550,1403715551412143104,,1403715551612143104,38,False,665
0.42112556499000886,0.006322,0.07499999999999996,0.875,621,1.3672126805436489,6.000000000000001,,16,2.2825219327444386,1.1692787009706662,2.3818430933270576,3.674326780720218,True,1.4433255291795035,2.083188583181294,6,0.09549960703708305,Raw,V1_02_medium:1403715551912143104:1403715552112143104,0.038531,formal_public_module_evidence,0.02176026797171976,0.07968921248940339,0.09229969904026902,0.2843665975280232,0.6183465908636215,0,0,V1_02_medium,5,OK,True,560,1403715551912143104,8.399442983358117e-11,1403715552112143104,325,True,594
0.21348620021176454,0.002011,0.033333333333333326,0.9166666666666666,621,1.6827232991306444,6.000000000000001,,16,2.2825219327444386,1.1692787009706662,2.3818430933270576,3.5962769729908044,True,1.4433255291795035,2.083188583181294,6,0.09549960703708305,Global-DoF,V1_02_medium:1403715551912143104:1403715552112143104,0.038531,formal_public_module_evidence,0.02176026797171976,0.07968921248940339,0.09229969904026902,0.2843665975280232,0.6183465908636215,0,0,V1_02_medium,5,OK,True,560,1403715551912143104,8.399442983358117e-11,1403715552112143104,325,True,594
0.14096037560942257,0.485354,0.033333333333333326,0.9166666666666666,621,1.8092987096819415,6.000000000000001,,16,2.2825219327444386,1.1692787009706662,2.3818430933270576,3.5821954077819735,True,1.4433255291795035,2.083188583181294,6,0.09549960703708305,DPR-Exact-Block,V1_02_medium:1403715551912143104:1403715552112143104,0.038531,formal_public_module_evidence,0.02176026797171976,0.07968921248940339,0.09229969904026902,0.2843665975280232,0.6183465908636215,0,0,V1_02_medium,5,OK,True,560,1403715551912143104,8.399442983358117e-11,1403715552112143104,325,True,594
0.2413329153031069,0.178662,0.033333333333333326,0.9166666666666666,621,1.6365113938946148,6.000000000000001,,16,2.2825219327444386,1.1692787009706662,2.3818430933270576,3.603388591260249,True,1.4433255291795035,2.083188583181294,6,0.09549960703708305,DUC-K16,V1_02_medium:1403715551912143104:1403715552112143104,0.038531,formal_public_module_evidence,0.02176026797171976,0.07968921248940339,0.09229969904026902,0.2843665975280232,0.6183465908636215,0,0,V1_02_medium,5,OK,True,560,1403715551912143104,8.399442983358117e-11,1403715552112143104,325,True,594
0.24168711676580035,0.068673,0.033333333333333326,0.9166666666666666,621,1.63593184181034,6.000000000000001,,16,2.2825219327444386,1.1692787009706662,2.3818430933270576,3.60348534854948,True,1.4433255291795035,2.083188583181294,6,0.09549960703708305,Permuted-K16,V1_02_medium:1403715551912143104:1403715552112143104,0.038531,formal_public_module_evidence,0.02176026797171976,0.07968921248940339,0.09229969904026902,0.2843665975280232,0.6183465908636215,0,0,V1_02_medium,5,OK,True,560,1403715551912143104,8.399442983358117e-11,1403715552112143104,325,True,594
0.769401969121867,0.005768,0.033333333333333326,0.9166666666666666,621,3.3245764300826646,6.000000000000001,,48,2.263781580623541,1.823342104511017,2.364784057772595,3.502509390189392,True,1.2410653372534215,1.5402431713319489,6,0.004970535276381249,Raw,V1_02_medium:1403715551912143104:1403715552112143104,0.038101,formal_public_module_evidence,0.009458591622704349,0.04235011697105783,0.052977375412440804,0.5171740291596729,1.0,5,0,V1_02_medium,4,OK,True,560,1403715551912143104,1.592315687322984e-09,1403715552112143104,325,True,594
0.833940490259438,0.001907,0.033333333333333326,0.9166666666666666,621,3.5462148587548414,6.000000000000001,,48,2.263781580623541,1.823342104511017,2.364784057772595,3.538092283374727,True,1.2410653372534215,1.5402431713319489,6,0.004970535276381249,Global-DoF,V1_02_medium:1403715551912143104:1403715552112143104,0.038101,formal_public_module_evidence,0.009458591622704349,0.04235011697105783,0.052977375412440804,0.5171740291596729,1.0,5,0,V1_02_medium,4,OK,True,560,1403715551912143104,1.592315687322984e-09,1403715552112143104,325,True,594
0.8110485143437649,1.278162,0.033333333333333326,0.9166666666666666,621,3.4659571274837204,6.000000000000001,,48,2.263781580623541,1.823342104511017,2.364784057772595,3.525257758784185,True,1.2410653372534215,1.5402431713319489,6,0.004970535276381249,DPR-Exact-Block,V1_02_medium:1403715551912143104:1403715552112143104,0.038101,formal_public_module_evidence,0.009458591622704349,0.04235011697105783,0.052977375412440804,0.5171740291596729,1.0,5,0,V1_02_medium,4,OK,True,560,1403715551912143104,1.592315687322984e-09,1403715552112143104,325,True,594
0.8060655848693273,0.313114,0.033333333333333326,0.9166666666666666,621,3.4487294653151377,6.000000000000001,,48,2.263781580623541,1.823342104511017,2.364784057772595,3.52249472886821,True,1.2410653372534215,1.5402431713319489,6,0.004970535276381249,DUC-K16,V1_02_medium:1403715551912143104:1403715552112143104,0.038101,formal_public_module_evidence,0.009458591622704349,0.04235011697105783,0.052977375412440804,0.5171740291596729,1.0,5,0,V1_02_medium,4,OK,True,560,1403715551912143104,1.592315687322984e-09,1403715552112143104,325,True,594
0.7997064576090454,0.10634,0.033333333333333326,0.9166666666666666,621,3.426868138907155,6.000000000000001,,48,2.263781580623541,1.823342104511017,2.364784057772595,3.5189847120170565,True,1.2410653372534215,1.5402431713319489,6,0.004970535276381249,Permuted-K16,V1_02_medium:1403715551912143104:1403715552112143104,0.038101,formal_public_module_evidence,0.009458591622704349,0.04235011697105783,0.052977375412440804,0.5171740291596729,1.0,5,0,V1_02_medium,4,OK,True,560,1403715551912143104,1.592315687322984e-09,1403715552112143104,325,True,594
1.220549809867172,0.005803,0.050000000000000044,1.0,671,1.9207976659837176,6.0,,16,2.724513123036561,1.3859284490852035,2.812399335443214,2.7856855082860066,True,0.752838439834583,0.566765716492569,6,0.00820935871658146,Raw,V1_02_medium:1403715552412143104:1403715552612143104,0.037862,formal_public_module_evidence,0.03536782229557339,0.09633938065383657,0.1177830180961725,0.39487706563499203,0.6716014782305985,0,0,V1_02_medium,5,OK,True,570,1403715552412143104,1.1324820439720125e-09,1403715552612143104,343,True,528
1.4281891746454167,0.002056,0.050000000000000044,1.0,671,2.364058665826114,6.0,,16,2.724513123036561,1.3859284490852035,2.812399335443214,2.937999643486813,True,0.752838439834583,0.566765716492569,6,0.00820935871658146,Global-DoF,V1_02_medium:1403715552412143104:1403715552612143104,0.037862,formal_public_module_evidence,0.03536782229557339,0.09633938065383657,0.1177830180961725,0.39487706563499203,0.6716014782305985,0,0,V1_02_medium,5,OK,True,570,1403715552412143104,1.1324820439720125e-09,1403715552612143104,343,True,528
1.3784220096924722,0.482226,0.050000000000000044,1.0,671,2.2492858157838707,6.0,,16,2.724513123036561,1.3859284490852035,2.812399335443214,2.9004656719965385,True,0.752838439834583,0.566765716492569,6,0.00820935871658146,DPR-Exact-Block,V1_02_medium:1403715552412143104:1403715552612143104,0.037862,formal_public_module_evidence,0.03536782229557339,0.09633938065383657,0.1177830180961725,0.39487706563499203,0.6716014782305985,0,0,V1_02_medium,5,OK,True,570,1403715552412143104,1.1324820439720125e-09,1403715552612143104,343,True,528
1.3701787686283082,0.177287,0.050000000000000044,1.0,671,2.2308206216659823,6.0,,16,2.724513123036561,1.3859284490852035,2.812399335443214,2.8943081132278308,True,0.752838439834583,0.566765716492569,6,0.00820935871658146,DUC-K16,V1_02_medium:1403715552412143104:1403715552612143104,0.037862,formal_public_module_evidence,0.03536782229557339,0.09633938065383657,0.1177830180961725,0.39487706563499203,0.6716014782305985,0,0,V1_02_medium,5,OK,True,570,1403715552412143104,1.1324820439720125e-09,1403715552612143104,343,True,528
1.3788001208591283,0.069338,0.050000000000000044,1.0,671,2.250136456676095,6.0,,16,2.724513123036561,1.3859284490852035,2.812399335443214,2.900748526288684,True,0.752838439834583,0.566765716492569,6,0.00820935871658146,Permuted-K16,V1_02_medium:1403715552412143104:1403715552612143104,0.037862,formal_public_module_evidence,0.03536782229557339,0.09633938065383657,0.1177830180961725,0.39487706563499203,0.6716014782305985,0,0,V1_02_medium,5,OK,True,570,1403715552412143104,1.1324820439720125e-09,1403715552612143104,343,True,528
0.798394278476569,0.006278,0.050000000000000044,1.0,671,1.398407821966942,6.0,,48,2.7304224488462525,1.182542947197666,2.8120870064260246,2.623262426702622,True,0.7933189118180022,0.6293548958480991,6,0.0026812106793132617,Raw,V1_02_medium:1403715552412143104:1403715552612143104,0.037966,formal_public_module_evidence,0.017341424526194194,0.04970594320325814,0.06860762735262503,0.5747243846623031,1.2408946352183492,4,0,V1_02_medium,4,OK,True,570,1403715552412143104,6.85989481449171e-11,1403715552612143104,343,True,528
0.86293279961414,0.001955,0.050000000000000044,1.0,671,1.4916350100980713,6.0,,48,2.7304224488462525,1.182542947197666,2.8120870064260246,2.659672757785321,True,0.7933189118180022,0.6293548958480991,6,0.0026812106793132617,Global-DoF,V1_02_medium:1403715552412143104:1403715552612143104,0.037966,formal_public_module_evidence,0.017341424526194194,0.04970594320325814,0.06860762735262503,0.5747243846623031,1.2408946352183492,4,0,V1_02_medium,4,OK,True,570,1403715552412143104,6.85989481449171e-11,1403715552612143104,343,True,528
0.8413313123809026,1.287328,0.050000000000000044,1.0,671,1.4597589995881466,6.0,,48,2.7304224488462525,1.182542947197666,2.8120870064260246,2.6472845840038306,True,0.7933189118180022,0.6293548958480991,6,0.0026812106793132617,DPR-Exact-Block,V1_02_medium:1403715552412143104:1403715552612143104,0.037966,formal_public_module_evidence,0.017341424526194194,0.04970594320325814,0.06860762735262503,0.5747243846623031,1.2408946352183492,4,0,V1_02_medium,4,OK,True,570,1403715552412143104,6.85989481449171e-11,1403715552612143104,343,True,528
0.844008935026947,0.316556,0.050000000000000044,1.0,671,1.463672921007066,6.0,,48,2.7304224488462525,1.182542947197666,2.8120870064260246,2.6488093308648497,True,0.7933189118180022,0.6293548958480991,6,0.0026812106793132617,DUC-K16,V1_02_medium:1403715552412143104:1403715552612143104,0.037966,formal_public_module_evidence,0.017341424526194194,0.04970594320325814,0.06860762735262503,0.5747243846623031,1.2408946352183492,4,0,V1_02_medium,4,OK,True,570,1403715552412143104,6.85989481449171e-11,1403715552612143104,343,True,528
0.8690355926716742,0.105324,0.050000000000000044,1.0,671,1.500765983763877,6.0,,48,2.7304224488462525,1.182542947197666,2.8120870064260246,2.663208484103906,True,0.7933189118180022,0.6293548958480991,6,0.0026812106793132617,Permuted-K16,V1_02_medium:1403715552412143104:1403715552612143104,0.037966,formal_public_module_evidence,0.017341424526194194,0.04970594320325814,0.06860762735262503,0.5747243846623031,1.2408946352183492,4,0,V1_02_medium,4,OK,True,570,1403715552412143104,6.85989481449171e-11,1403715552612143104,343,True,528
0.3134133392442972,0.006487,0.11666666666666659,0.8333333333333334,417,0.24552938798618734,6.0,,16,2.6893600976694207,0.49550922088916505,3.181719734909971,1.8016253323421934,True,0.5795735836130289,0.33590553882204865,6,0.010695030630667013,Raw,V1_02_medium:1403715552912143104:1403715553112143104,0.041019,formal_public_module_evidence,0.026767941878088786,0.09474385736336971,0.11816382536691883,0.3073319802335893,1.0035217445939746,1,0,V1_02_medium,4,OK,True,580,1403715552912143104,2.574595282059023e-10,1403715553112143104,247,True,390
0.10577397446605272,0.002099,0.07499999999999996,0.875,417,0.3021900159829998,6.0,,16,2.6893600976694207,0.49550922088916505,3.181719734909971,1.7527484037116945,True,0.5795735836130289,0.33590553882204865,6,0.010695030630667013,Global-DoF,V1_02_medium:1403715552912143104:1403715553112143104,0.041019,formal_public_module_evidence,0.026767941878088786,0.09474385736336971,0.11816382536691883,0.3073319802335893,1.0035217445939746,1,0,V1_02_medium,4,OK,True,580,1403715552912143104,2.574595282059023e-10,1403715553112143104,247,True,390
0.0660413599723715,0.452436,0.07499999999999996,0.875,417,0.31443853693967555,6.0,,16,2.6893600976694207,0.49550922088916505,3.181719734909971,1.7491813133413465,True,0.5795735836130289,0.33590553882204865,6,0.010695030630667013,DPR-Exact-Block,V1_02_medium:1403715552912143104:1403715553112143104,0.041019,formal_public_module_evidence,0.026767941878088786,0.09474385736336971,0.11816382536691883,0.3073319802335893,1.0035217445939746,1,0,V1_02_medium,4,OK,True,580,1403715552912143104,2.574595282059023e-10,1403715553112143104,247,True,390
0.05540311664597991,0.177672,0.07499999999999996,0.875,417,0.3178014667237075,6.0,,16,2.6893600976694207,0.49550922088916505,3.181719734909971,1.7485152664020298,True,0.5795735836130289,0.33590553882204865,6,0.010695030630667013,DUC-K16,V1_02_medium:1403715552912143104:1403715553112143104,0.041019,formal_public_module_evidence,0.026767941878088786,0.09474385736336971,0.11816382536691883,0.3073319802335893,1.0035217445939746,1,0,V1_02_medium,4,OK,True,580,1403715552912143104,2.574595282059023e-10,1403715553112143104,247,True,390
0.0671397280919501,0.067796,0.07499999999999996,0.875,417,0.314093357277005,6.0,,16,2.6893600976694207,0.49550922088916505,3.181719734909971,1.7492569445449868,True,0.5795735836130289,0.33590553882204865,6,0.010695030630667013,Permuted-K16,V1_02_medium:1403715552912143104:1403715553112143104,0.041019,formal_public_module_evidence,0.026767941878088786,0.09474385736336971,0.11816382536691883,0.3073319802335893,1.0035217445939746,1,0,V1_02_medium,4,OK,True,580,1403715552912143104,2.574595282059023e-10,1403715553112143104,247,True,390
0.08267871957875765,0.005907,0.008333333333333415,0.9583333333333334,417,0.4628167963479499,5.999999999999999,,48,2.501350267655406,0.6803063988732944,3.17085393443039,1.9880999605041418,True,0.6527563420820937,0.42609084212839526,6,0.013189253665712775,Raw,V1_02_medium:1403715552912143104:1403715553112143104,0.03747,formal_public_module_evidence,0.012825141752847047,0.046814583675684154,0.06473254972919128,0.4460790015362962,1.282697050518741,4,0,V1_02_medium,4,OK,True,580,1403715552912143104,5.212793455578827e-10,1403715553112143104,247,True,390
0.14721724071632877,0.002037,0.008333333333333415,0.9583333333333334,417,0.49367124943781315,5.999999999999999,,48,2.501350267655406,0.6803063988732944,3.17085393443039,1.9950980512961305,True,0.6527563420820937,0.42609084212839526,6,0.013189253665712775,Global-DoF,V1_02_medium:1403715552912143104:1403715553112143104,0.03747,formal_public_module_evidence,0.012825141752847047,0.046814583675684154,0.06473254972919128,0.4460790015362962,1.282697050518741,4,0,V1_02_medium,4,OK,True,580,1403715552912143104,5.212793455578827e-10,1403715553112143104,247,True,390
0.15041759124713955,1.293622,0.008333333333333415,0.9583333333333334,417,0.49525370133272384,5.999999999999999,,48,2.501350267655406,0.6803063988732944,3.17085393443039,1.9955405739867056,True,0.6527563420820937,0.42609084212839526,6,0.013189253665712775,DPR-Exact-Block,V1_02_medium:1403715552912143104:1403715553112143104,0.03747,formal_public_module_evidence,0.012825141752847047,0.046814583675684154,0.06473254972919128,0.4460790015362962,1.282697050518741,4,0,V1_02_medium,4,OK,True,580,1403715552912143104,5.212793455578827e-10,1403715553112143104,247,True,390
0.13714058694429543,0.31286,0.008333333333333415,0.9583333333333334,417,0.48872167463696337,5.999999999999999,,48,2.501350267655406,0.6803063988732944,3.17085393443039,1.9937625894595719,True,0.6527563420820937,0.42609084212839526,6,0.013189253665712775,DUC-K16,V1_02_medium:1403715552912143104:1403715553112143104,0.03747,formal_public_module_evidence,0.012825141752847047,0.046814583675684154,0.06473254972919128,0.4460790015362962,1.282697050518741,4,0,V1_02_medium,4,OK,True,580,1403715552912143104,5.212793455578827e-10,1403715553112143104,247,True,390
0.14506789144416501,0.104906,0.008333333333333415,0.9583333333333334,417,0.4926113169877136,5.999999999999999,,48,2.501350267655406,0.6803063988732944,3.17085393443039,1.9948058143317675,True,0.6527563420820937,0.42609084212839526,6,0.013189253665712775,Permuted-K16,V1_02_medium:1403715552912143104:1403715553112143104,0.03747,formal_public_module_evidence,0.012825141752847047,0.046814583675684154,0.06473254972919128,0.4460790015362962,1.282697050518741,4,0,V1_02_medium,4,OK,True,580,1403715552912143104,5.212793455578827e-10,1403715553112143104,247,True,390
0.8291328949346167,0.006337,0.24166666666666659,0.7083333333333334,342,0.3079646064384841,6.0,,16,2.8635696084135445,0.5549455887188257,2.827525742623893,2.9514377034958557,True,0.8400290865332919,0.7056488662219569,6,0.0638440221058797,Raw,V1_02_medium:1403715553412143104:1403715553612143104,0.037684,formal_public_module_evidence,0.03073762281719372,0.06234779190650486,0.10158280847486806,0.28274034141446924,0.7117097516973916,0,0,V1_02_medium,4,OK,True,590,1403715553412143104,3.0120656882171027e-09,1403715553612143104,127,True,293
0.6214935301563724,0.002006,0.11666666666666659,0.8333333333333334,342,0.3790333617704419,6.0,,16,2.8635696084135445,0.5549455887188257,2.827525742623893,2.729452495675542,True,0.8400290865332919,0.7056488662219569,6,0.0638440221058797,Global-DoF,V1_02_medium:1403715553412143104:1403715553612143104,0.037684,formal_public_module_evidence,0.03073762281719372,0.06234779190650486,0.10158280847486806,0.28274034141446924,0.7117097516973916,0,0,V1_02_medium,4,OK,True,590,1403715553412143104,3.0120656882171027e-09,1403715553612143104,127,True,293
0.6093196345733686,0.44596,0.11666666666666659,0.8333333333333334,342,0.38367587574293166,6.0,,16,2.8635696084135445,0.5549455887188257,2.827525742623893,2.7190995687545505,True,0.8400290865332919,0.7056488662219569,6,0.0638440221058797,DPR-Exact-Block,V1_02_medium:1403715553412143104:1403715553612143104,0.037684,formal_public_module_evidence,0.03073762281719372,0.06234779190650486,0.10158280847486806,0.28274034141446924,0.7117097516973916,0,0,V1_02_medium,4,OK,True,590,1403715553412143104,3.0120656882171027e-09,1403715553612143104,127,True,293
0.6752928079120504,0.17766,0.24166666666666659,0.7083333333333334,342,0.3591804646505072,6.0,,16,2.8635696084135445,0.5549455887188257,2.827525742623893,2.7785548812270324,True,0.8400290865332919,0.7056488662219569,6,0.0638440221058797,DUC-K16,V1_02_medium:1403715553412143104:1403715553612143104,0.037684,formal_public_module_evidence,0.03073762281719372,0.06234779190650486,0.10158280847486806,0.28274034141446924,0.7117097516973916,0,0,V1_02_medium,4,OK,True,590,1403715553412143104,3.0120656882171027e-09,1403715553612143104,127,True,293
0.601755543544808,0.076536,0.11666666666666659,0.8333333333333334,342,0.3865890388180341,6.0,,16,2.8635696084135445,0.5549455887188257,2.827525742623893,2.7128044197830583,True,0.8400290865332919,0.7056488662219569,6,0.0638440221058797,Permuted-K16,V1_02_medium:1403715553412143104:1403715553612143104,0.037684,formal_public_module_evidence,0.03073762281719372,0.06234779190650486,0.10158280847486806,0.28274034141446924,0.7117097516973916,0,0,V1_02_medium,4,OK,True,590,1403715553412143104,3.0120656882171027e-09,1403715553612143104,127,True,293
0.17003303383504104,0.006373,0.033333333333333326,0.9166666666666666,342,0.48669774805885063,6.0,,48,2.857836866961545,0.6976372610883471,2.821504129715553,2.3031090844285202,True,0.7595421377028477,0.5769042589462118,6,0.01798036070018738,Raw,V1_02_medium:1403715553412143104:1403715553612143104,0.037932,formal_public_module_evidence,0.013030387075141314,0.03296499647247478,0.05664250064676444,0.4702607426346982,1.0,3,0,V1_02_medium,4,OK,True,590,1403715553412143104,5.569299793143384e-09,1403715553612143104,127,True,293
0.10549451269747018,0.002022,0.033333333333333326,0.9166666666666666,342,0.5191442645961072,6.0,,48,2.857836866961545,0.6976372610883471,2.821504129715553,2.29356360512034,True,0.7595421377028477,0.5769042589462118,6,0.01798036070018738,Global-DoF,V1_02_medium:1403715553412143104:1403715553612143104,0.037932,formal_public_module_evidence,0.013030387075141314,0.03296499647247478,0.05664250064676444,0.4702607426346982,1.0,3,0,V1_02_medium,4,OK,True,590,1403715553412143104,5.569299793143384e-09,1403715553612143104,127,True,293
0.11152281090795878,1.299,0.033333333333333326,0.9166666666666666,342,0.5160241221782582,6.0,,48,2.857836866961545,0.6976372610883471,2.821504129715553,2.2942545460599217,True,0.7595421377028477,0.5769042589462118,6,0.01798036070018738,DPR-Exact-Block,V1_02_medium:1403715553412143104:1403715553612143104,0.037932,formal_public_module_evidence,0.013030387075141314,0.03296499647247478,0.05664250064676444,0.4702607426346982,1.0,3,0,V1_02_medium,4,OK,True,590,1403715553412143104,5.569299793143384e-09,1403715553612143104,127,True,293
0.09370218500875957,0.311906,0.033333333333333326,0.9166666666666666,342,0.5253024220250209,6.0,,48,2.857836866961545,0.6976372610883471,2.821504129715553,2.2923285531917075,True,0.7595421377028477,0.5769042589462118,6,0.01798036070018738,DUC-K16,V1_02_medium:1403715553412143104:1403715553612143104,0.037932,formal_public_module_evidence,0.013030387075141314,0.03296499647247478,0.05664250064676444,0.4702607426346982,1.0,3,0,V1_02_medium,4,OK,True,590,1403715553412143104,5.569299793143384e-09,1403715553612143104,127,True,293
0.1067079086846304,0.105332,0.033333333333333326,0.9166666666666666,342,0.5185147190499503,6.0,,48,2.857836866961545,0.6976372610883471,2.821504129715553,2.29369942596759,True,0.7595421377028477,0.5769042589462118,6,0.01798036070018738,Permuted-K16,V1_02_medium:1403715553412143104:1403715553612143104,0.037932,formal_public_module_evidence,0.013030387075141314,0.03296499647247478,0.05664250064676444,0.4702607426346982,1.0,3,0,V1_02_medium,4,OK,True,590,1403715553412143104,5.569299793143384e-09,1403715553612143104,127,True,293
0.05600220655715548,0.00599,0.07499999999999996,0.875,303,1.164345448826047,6.000000000000001,,16,2.849416737291486,1.0790483996679885,2.7119707761022767,3.0476361664197946,True,1.1096899417968697,1.23141176692514,6,0.05956872297408733,Raw,V1_02_medium:1403715553912143104:1403715554112143104,0.037926,formal_public_module_evidence,0.03678217748258461,0.07717462971765854,0.10386351393665727,0.2586527946855412,0.8178660308879432,0,0,V1_02_medium,4,OK,True,600,1403715553912143104,1.3697746725402533e-08,1403715554112143104,148,True,249
0.15163715822108903,0.002094,0.07499999999999996,0.875,303,1.4330405524012886,6.000000000000001,,16,2.849416737291486,1.0790483996679885,2.7119707761022767,3.0569755279376163,True,1.1096899417968697,1.23141176692514,6,0.05956872297408733,Global-DoF,V1_02_medium:1403715553912143104:1403715554112143104,0.037926,formal_public_module_evidence,0.03678217748258461,0.07717462971765854,0.10386351393665727,0.2586527946855412,0.8178660308879432,0,0,V1_02_medium,4,OK,True,600,1403715553912143104,1.3697746725402533e-08,1403715554112143104,148,True,249
0.2504937497637336,0.488427,0.033333333333333326,0.9166666666666666,303,1.5819448992619765,6.000000000000001,,16,2.849416737291486,1.0790483996679885,2.7119707761022767,3.0749484506363722,True,1.1096899417968697,1.23141176692514,6,0.05956872297408733,DPR-Exact-Block,V1_02_medium:1403715553912143104:1403715554112143104,0.037926,formal_public_module_evidence,0.03678217748258461,0.07717462971765854,0.10386351393665727,0.2586527946855412,0.8178660308879432,0,0,V1_02_medium,4,OK,True,600,1403715553912143104,1.3697746725402533e-08,1403715554112143104,148,True,249
0.3083557099768538,0.178931,0.033333333333333326,0.9166666666666666,303,1.6761793367263835,6.000000000000001,,16,2.849416737291486,1.0790483996679885,2.7119707761022767,3.0890480133519453,True,1.1096899417968697,1.23141176692514,6,0.05956872297408733,DUC-K16,V1_02_medium:1403715553912143104:1403715554112143104,0.037926,formal_public_module_evidence,0.03678217748258461,0.07717462971765854,0.10386351393665727,0.2586527946855412,0.8178660308879432,0,0,V1_02_medium,4,OK,True,600,1403715553912143104,1.3697746725402533e-08,1403715554112143104,148,True,249
0.21039833348082748,0.070127,0.07499999999999996,0.875,303,1.5197709347199129,6.000000000000001,,16,2.849416737291486,1.0790483996679885,2.7119707761022767,3.0666981164938267,True,1.1096899417968697,1.23141176692514,6,0.05956872297408733,Permuted-K16,V1_02_medium:1403715553912143104:1403715554112143104,0.037926,formal_public_module_evidence,0.03678217748258461,0.07717462971765854,0.10386351393665727,0.2586527946855412,0.8178660308879432,0,0,V1_02_medium,4,OK,True,600,1403715553912143104,1.3697746725402533e-08,1403715554112143104,148,True,249
0.3133325310366479,0.006129,0.15833333333333333,0.7916666666666666,303,0.8085867864180935,6.000000000000002,,48,2.8078156657269773,0.8992145385935958,2.704526792892676,2.9933861531885158,True,1.0517260102990722,1.1061276007396041,6,0.03165218155326044,Raw,V1_02_medium:1403715553912143104:1403715554112143104,0.037384,formal_public_module_evidence,0.015660410219214493,0.04187226823516302,0.0662859626854465,0.48339116945858085,1.0518691124818094,4,0,V1_02_medium,4,OK,True,600,1403715553912143104,6.054910689676512e-09,1403715554112143104,148,True,249
0.2487940098990769,0.001942,0.15833333333333333,0.7916666666666666,303,0.8624925721792995,6.000000000000002,,48,2.8078156657269773,0.8992145385935958,2.704526792892676,2.9724261524513076,True,1.0517260102990722,1.1061276007396041,6,0.03165218155326044,Global-DoF,V1_02_medium:1403715553912143104:1403715554112143104,0.037384,formal_public_module_evidence,0.015660410219214493,0.04187226823516302,0.0662859626854465,0.48339116945858085,1.0518691124818094,4,0,V1_02_medium,4,OK,True,600,1403715553912143104,6.054910689676512e-09,1403715554112143104,148,True,249
0.22403756897733643,1.248705,0.11666666666666659,0.8333333333333334,303,0.8841113160329076,6.000000000000002,,48,2.8078156657269773,0.8992145385935958,2.704526792892676,2.965822787021397,True,1.0517260102990722,1.1061276007396041,6,0.03165218155326044,DPR-Exact-Block,V1_02_medium:1403715553912143104:1403715554112143104,0.037384,formal_public_module_evidence,0.015660410219214493,0.04187226823516302,0.0662859626854465,0.48339116945858085,1.0518691124818094,4,0,V1_02_medium,4,OK,True,600,1403715553912143104,6.054910689676512e-09,1403715554112143104,148,True,249
0.2562015086444281,0.318755,0.15833333333333333,0.7916666666666666,303,0.856127264144542,6.000000000000002,,48,2.8078156657269773,0.8992145385935958,2.704526792892676,2.974553879093152,True,1.0517260102990722,1.1061276007396041,6,0.03165218155326044,DUC-K16,V1_02_medium:1403715553912143104:1403715554112143104,0.037384,formal_public_module_evidence,0.015660410219214493,0.04187226823516302,0.0662859626854465,0.48339116945858085,1.0518691124818094,4,0,V1_02_medium,4,OK,True,600,1403715553912143104,6.054910689676512e-09,1403715554112143104,148,True,249
0.22311815290840784,0.105088,0.11666666666666659,0.8333333333333334,303,0.8849245559792395,6.000000000000002,,48,2.8078156657269773,0.8992145385935958,2.704526792892676,2.965592433716198,True,1.0517260102990722,1.1061276007396041,6,0.03165218155326044,Permuted-K16,V1_02_medium:1403715553912143104:1403715554112143104,0.037384,formal_public_module_evidence,0.015660410219214493,0.04187226823516302,0.0662859626854465,0.48339116945858085,1.0518691124818094,4,0,V1_02_medium,4,OK,True,600,1403715553912143104,6.054910689676512e-09,1403715554112143104,148,True,249
,,,,310,,,INSUFFICIENT_TRACKS,16,,,,,,,,,,Raw,V1_02_medium:1403715554412143104:1403715554612143104,,formal_public_module_evidence,,,,,,,,V1_02_medium,,,,610,1403715554412143104,,1403715554612143104,35,False,243
,,,,310,,,INSUFFICIENT_TRACKS,16,,,,,,,,,,Global-DoF,V1_02_medium:1403715554412143104:1403715554612143104,,formal_public_module_evidence,,,,,,,,V1_02_medium,,,,610,1403715554412143104,,1403715554612143104,35,False,243
,,,,310,,,INSUFFICIENT_TRACKS,16,,,,,,,,,,DPR-Exact-Block,V1_02_medium:1403715554412143104:1403715554612143104,,formal_public_module_evidence,,,,,,,,V1_02_medium,,,,610,1403715554412143104,,1403715554612143104,35,False,243
,,,,310,,,INSUFFICIENT_TRACKS,16,,,,,,,,,,DUC-K16,V1_02_medium:1403715554412143104:1403715554612143104,,formal_public_module_evidence,,,,,,,,V1_02_medium,,,,610,1403715554412143104,,1403715554612143104,35,False,243
,,,,310,,,INSUFFICIENT_TRACKS,16,,,,,,,,,,Permuted-K16,V1_02_medium:1403715554412143104:1403715554612143104,,formal_public_module_evidence,,,,,,,,V1_02_medium,,,,610,1403715554412143104,,1403715554612143104,35,False,243
,,,,310,,,INSUFFICIENT_TRACKS,48,,,,,,,,,,Raw,V1_02_medium:1403715554412143104:1403715554612143104,,formal_public_module_evidence,,,,,,,,V1_02_medium,,,,610,1403715554412143104,,1403715554612143104,35,False,243
,,,,310,,,INSUFFICIENT_TRACKS,48,,,,,,,,,,Global-DoF,V1_02_medium:1403715554412143104:1403715554612143104,,formal_public_module_evidence,,,,,,,,V1_02_medium,,,,610,1403715554412143104,,1403715554612143104,35,False,243
,,,,310,,,INSUFFICIENT_TRACKS,48,,,,,,,,,,DPR-Exact-Block,V1_02_medium:1403715554412143104:1403715554612143104,,formal_public_module_evidence,,,,,,,,V1_02_medium,,,,610,1403715554412143104,,1403715554612143104,35,False,243
,,,,310,,,INSUFFICIENT_TRACKS,48,,,,,,,,,,DUC-K16,V1_02_medium:1403715554412143104:1403715554612143104,,formal_public_module_evidence,,,,,,,,V1_02_medium,,,,610,1403715554412143104,,1403715554612143104,35,False,243
,,,,310,,,INSUFFICIENT_TRACKS,48,,,,,,,,,,Permuted-K16,V1_02_medium:1403715554412143104:1403715554612143104,,formal_public_module_evidence,,,,,,,,V1_02_medium,,,,610,1403715554412143104,,1403715554612143104,35,False,243
,,,,362,,,INSUFFICIENT_TRACKS,16,,,,,,,,,,Raw,V1_02_medium:1403715554912143104:1403715555112143104,,formal_public_module_evidence,,,,,,,,V1_02_medium,,,,620,1403715554912143104,,1403715555112143104,67,False,264
,,,,362,,,INSUFFICIENT_TRACKS,16,,,,,,,,,,Global-DoF,V1_02_medium:1403715554912143104:1403715555112143104,,formal_public_module_evidence,,,,,,,,V1_02_medium,,,,620,1403715554912143104,,1403715555112143104,67,False,264
,,,,362,,,INSUFFICIENT_TRACKS,16,,,,,,,,,,DPR-Exact-Block,V1_02_medium:1403715554912143104:1403715555112143104,,formal_public_module_evidence,,,,,,,,V1_02_medium,,,,620,1403715554912143104,,1403715555112143104,67,False,264
,,,,362,,,INSUFFICIENT_TRACKS,16,,,,,,,,,,DUC-K16,V1_02_medium:1403715554912143104:1403715555112143104,,formal_public_module_evidence,,,,,,,,V1_02_medium,,,,620,1403715554912143104,,1403715555112143104,67,False,264
,,,,362,,,INSUFFICIENT_TRACKS,16,,,,,,,,,,Permuted-K16,V1_02_medium:1403715554912143104:1403715555112143104,,formal_public_module_evidence,,,,,,,,V1_02_medium,,,,620,1403715554912143104,,1403715555112143104,67,False,264
,,,,362,,,INSUFFICIENT_TRACKS,48,,,,,,,,,,Raw,V1_02_medium:1403715554912143104:1403715555112143104,,formal_public_module_evidence,,,,,,,,V1_02_medium,,,,620,1403715554912143104,,1403715555112143104,67,False,264
,,,,362,,,INSUFFICIENT_TRACKS,48,,,,,,,,,,Global-DoF,V1_02_medium:1403715554912143104:1403715555112143104,,formal_public_module_evidence,,,,,,,,V1_02_medium,,,,620,1403715554912143104,,1403715555112143104,67,False,264
,,,,362,,,INSUFFICIENT_TRACKS,48,,,,,,,,,,DPR-Exact-Block,V1_02_medium:1403715554912143104:1403715555112143104,,formal_public_module_evidence,,,,,,,,V1_02_medium,,,,620,1403715554912143104,,1403715555112143104,67,False,264
,,,,362,,,INSUFFICIENT_TRACKS,48,,,,,,,,,,DUC-K16,V1_02_medium:1403715554912143104:1403715555112143104,,formal_public_module_evidence,,,,,,,,V1_02_medium,,,,620,1403715554912143104,,1403715555112143104,67,False,264
,,,,362,,,INSUFFICIENT_TRACKS,48,,,,,,,,,,Permuted-K16,V1_02_medium:1403715554912143104:1403715555112143104,,formal_public_module_evidence,,,,,,,,V1_02_medium,,,,620,1403715554912143104,,1403715555112143104,67,False,264
4.6188898594032795,0.006505,0.19999999999999996,0.75,254,0.46189600311144774,6.0,,16,3.1312073434326884,0.6796293130166235,2.6865601582822514,102.44688355393531,True,6.843074865336267,46.827673612596975,6,0.04165771884895808,Raw,V1_02_medium:1403715555412143104:1403715555612143104,0.038397,formal_public_module_evidence,0.026900445027215114,0.08935047316793332,0.1073289998773734,0.32128910230388547,1.0666862391043601,0,0,V1_02_medium,4,OK,True,630,1403715555412143104,4.5859277259018084e-10,1403715555612143104,121,True,207
4.411250494625035,0.001995,0.15833333333333333,0.7916666666666666,254,0.5684873884448588,6.0,,16,3.1312073434326884,0.6796293130166235,2.6865601582822514,83.64550629329055,True,6.843074865336267,46.827673612596975,6,0.04165771884895808,Global-DoF,V1_02_medium:1403715555412143104:1403715555612143104,0.038397,formal_public_module_evidence,0.026900445027215114,0.08935047316793332,0.1073289998773734,0.32128910230388547,1.0666862391043601,0,0,V1_02_medium,4,OK,True,630,1403715555412143104,4.5859277259018084e-10,1403715555612143104,121,True,207
4.449732746467366,0.496556,0.15833333333333333,0.7916666666666666,254,0.5470262975292055,6.0,,16,3.1312073434326884,0.6796293130166235,2.6865601582822514,86.83868162119899,True,6.843074865336267,46.827673612596975,6,0.04165771884895808,DPR-Exact-Block,V1_02_medium:1403715555412143104:1403715555612143104,0.038397,formal_public_module_evidence,0.026900445027215114,0.08935047316793332,0.1073289998773734,0.32128910230388547,1.0666862391043601,0,0,V1_02_medium,4,OK,True,630,1403715555412143104,4.5859277259018084e-10,1403715555612143104,121,True,207
4.492283024076489,0.178307,0.15833333333333333,0.7916666666666666,254,0.5242384298237474,6.0,,16,3.1312073434326884,0.6796293130166235,2.6865601582822514,90.51721310854208,True,6.843074865336267,46.827673612596975,6,0.04165771884895808,DUC-K16,V1_02_medium:1403715555412143104:1403715555612143104,0.038397,formal_public_module_evidence,0.026900445027215114,0.08935047316793332,0.1073289998773734,0.32128910230388547,1.0666862391043601,0,0,V1_02_medium,4,OK,True,630,1403715555412143104,4.5859277259018084e-10,1403715555612143104,121,True,207
4.129265461347476,0.06873,0.11666666666666659,0.8333333333333334,254,0.7536772020191528,6.0,,16,3.1312073434326884,0.6796293130166235,2.6865601582822514,63.687353566617396,True,6.843074865336267,46.827673612596975,6,0.04165771884895808,Permuted-K16,V1_02_medium:1403715555412143104:1403715555612143104,0.038397,formal_public_module_evidence,0.026900445027215114,0.08935047316793332,0.1073289998773734,0.32128910230388547,1.0666862391043601,0,0,V1_02_medium,4,OK,True,630,1403715555412143104,4.5859277259018084e-10,1403715555612143104,121,True,207
0.4161587398711039,0.005751,0.008333333333333415,0.9583333333333334,254,25.781969286810675,6.0,,48,3.036088272960612,5.0775948328722205,2.759463782061252,6.603678968662661,True,6.252097836775635,39.08872736061457,6,0.06997672265316413,Raw,V1_02_medium:1403715555412143104:1403715555612143104,0.038357,formal_public_module_evidence,0.01234944408755001,0.04990867353938659,0.06714934433582627,0.5894221258000686,1.489671833480927,8,0,V1_02_medium,5,OK,True,630,1403715555412143104,1.8562158712618756e-08,1403715555612143104,121,True,207
0.35162021873353283,0.001988,0.008333333333333415,0.9583333333333334,254,27.500767239264718,6.0,,48,3.036088272960612,5.0775948328722205,2.759463782061252,6.573459582331611,True,6.252097836775635,39.08872736061457,6,0.06997672265316413,Global-DoF,V1_02_medium:1403715555412143104:1403715555612143104,0.038357,formal_public_module_evidence,0.01234944408755001,0.04990867353938659,0.06714934433582627,0.5894221258000686,1.489671833480927,8,0,V1_02_medium,5,OK,True,630,1403715555412143104,1.8562158712618756e-08,1403715555612143104,121,True,207
0.27639026622425134,1.283632,0.008333333333333415,0.9583333333333334,254,29.64945832786781,6.0,,48,3.036088272960612,5.0775948328722205,2.759463782061252,6.545683198721189,True,6.252097836775635,39.08872736061457,6,0.06997672265316413,DPR-Exact-Block,V1_02_medium:1403715555412143104:1403715555612143104,0.038357,formal_public_module_evidence,0.01234944408755001,0.04990867353938659,0.06714934433582627,0.5894221258000686,1.489671833480927,8,0,V1_02_medium,5,OK,True,630,1403715555412143104,1.8562158712618756e-08,1403715555612143104,121,True,207
0.34893592996711725,0.314472,0.008333333333333415,0.9583333333333334,254,27.574686405642055,6.0,,48,3.036088272960612,5.0775948328722205,2.759463782061252,6.572333623490112,True,6.252097836775635,39.08872736061457,6,0.06997672265316413,DUC-K16,V1_02_medium:1403715555412143104:1403715555612143104,0.038357,formal_public_module_evidence,0.01234944408755001,0.04990867353938659,0.06714934433582627,0.5894221258000686,1.489671833480927,8,0,V1_02_medium,5,OK,True,630,1403715555412143104,1.8562158712618756e-08,1403715555612143104,121,True,207
0.3447638369115684,0.103149,0.008333333333333415,0.9583333333333334,254,27.689970884868014,6.0,,48,3.036088272960612,5.0775948328722205,2.759463782061252,6.570603851264029,True,6.252097836775635,39.08872736061457,6,0.06997672265316413,Permuted-K16,V1_02_medium:1403715555412143104:1403715555612143104,0.038357,formal_public_module_evidence,0.01234944408755001,0.04990867353938659,0.06714934433582627,0.5894221258000686,1.489671833480927,8,0,V1_02_medium,5,OK,True,630,1403715555412143104,1.8562158712618756e-08,1403715555612143104,121,True,207
0.5378430711746544,0.00639,0.033333333333333326,0.9166666666666666,276,1.3142481319730022,6.000000000000002,,16,3.309389934244239,1.1464066172056937,3.3028425500610434,2.6951483611869196,True,0.8760876237722286,0.76752952452687,6,0.03152639880280228,Raw,V1_02_medium:1403715555912143104:1403715556112143104,0.037623,formal_public_module_evidence,0.046082469137615045,0.0924783781474981,0.14769782319972713,0.37762063606545354,0.9973052036503675,0,0,V1_02_medium,5,OK,True,640,1403715555912143104,1.3878977718911185e-10,1403715556112143104,161,True,198
0.7454824359528983,0.001949,0.008333333333333415,0.9583333333333334,276,1.6175361624283098,6.000000000000002,,16,3.309389934244239,1.1464066172056937,3.3028425500610434,2.7932864968230375,True,0.8760876237722286,0.76752952452687,6,0.03152639880280228,Global-DoF,V1_02_medium:1403715555912143104:1403715556112143104,0.037623,formal_public_module_evidence,0.046082469137615045,0.0924783781474981,0.14769782319972713,0.37762063606545354,0.9973052036503675,0,0,V1_02_medium,5,OK,True,640,1403715555912143104,1.3878977718911185e-10,1403715556112143104,161,True,198
0.6907492360056398,0.48468,0.033333333333333326,0.9166666666666666,276,1.5313824724416918,6.000000000000002,,16,3.309389934244239,1.1464066172056937,3.3028425500610434,2.7652483815546334,True,0.8760876237722286,0.76752952452687,6,0.03152639880280228,DPR-Exact-Block,V1_02_medium:1403715555912143104:1403715556112143104,0.037623,formal_public_module_evidence,0.046082469137615045,0.0924783781474981,0.14769782319972713,0.37762063606545354,0.9973052036503675,0,0,V1_02_medium,5,OK,True,640,1403715555912143104,1.3878977718911185e-10,1403715556112143104,161,True,198
0.7217888818421292,0.175617,0.008333333333333415,0.9583333333333334,276,1.5796614469875099,6.000000000000002,,16,3.309389934244239,1.1464066172056937,3.3028425500610434,2.7809699084807034,True,0.8760876237722286,0.76752952452687,6,0.03152639880280228,DUC-K16,V1_02_medium:1403715555912143104:1403715556112143104,0.037623,formal_public_module_evidence,0.046082469137615045,0.0924783781474981,0.14769782319972713,0.37762063606545354,0.9973052036503675,0,0,V1_02_medium,5,OK,True,640,1403715555912143104,1.3878977718911185e-10,1403715556112143104,161,True,198
0.7147364261072071,0.074063,0.008333333333333415,0.9583333333333334,276,1.5685601462845713,6.000000000000002,,16,3.309389934244239,1.1464066172056937,3.3028425500610434,2.7773562277542294,True,0.8760876237722286,0.76752952452687,6,0.03152639880280228,Permuted-K16,V1_02_medium:1403715555912143104:1403715556112143104,0.037623,formal_public_module_evidence,0.046082469137615045,0.0924783781474981,0.14769782319972713,0.37762063606545354,0.9973052036503675,0,0,V1_02_medium,5,OK,True,640,1403715555912143104,1.3878977718911185e-10,1403715556112143104,161,True,198
0.7921663960695381,0.006475,0.008333333333333415,0.9583333333333334,276,2.2547034240058568,6.000000000000002,,48,1.9782526615115823,1.5015669895165706,3.3505168435555204,3.103758163368233,True,1.0104805648487012,1.0210709719369504,6,0.0874640683485397,Raw,V1_02_medium:1403715555912143104:1403715556112143104,0.037817,formal_public_module_evidence,0.013223918108601018,0.042454154997921406,0.06088304798760671,0.5093494296449177,1.572887811208617,4,0,V1_02_medium,5,OK,True,640,1403715555912143104,1.143711717859021e-09,1403715556112143104,161,True,198
0.8567049172071095,0.00204,0.008333333333333415,0.9583333333333334,276,2.4050169856062475,6.000000000000002,,48,1.9782526615115823,1.5015669895165706,3.3505168435555204,3.139992768759459,True,1.0104805648487012,1.0210709719369504,6,0.0874640683485397,Global-DoF,V1_02_medium:1403715555912143104:1403715556112143104,0.037817,formal_public_module_evidence,0.013223918108601018,0.042454154997921406,0.06088304798760671,0.5093494296449177,1.572887811208617,4,0,V1_02_medium,5,OK,True,640,1403715555912143104,1.143711717859021e-09,1403715556112143104,161,True,198
0.9618328241295275,1.258417,0.008333333333333415,0.9583333333333334,276,2.6716195807838456,6.000000000000002,,48,1.9782526615115823,1.5015669895165706,3.3505168435555204,3.2027536928640052,True,1.0104805648487012,1.0210709719369504,6,0.0874640683485397,DPR-Exact-Block,V1_02_medium:1403715555912143104:1403715556112143104,0.037817,formal_public_module_evidence,0.013223918108601018,0.042454154997921406,0.06088304798760671,0.5093494296449177,1.572887811208617,4,0,V1_02_medium,5,OK,True,640,1403715555912143104,1.143711717859021e-09,1403715556112143104,161,True,198
1.045681266965333,0.321178,0.050000000000000044,1.0,276,2.9052902983988207,6.000000000000002,,48,1.9782526615115823,1.5015669895165706,3.3505168435555204,3.255862687277935,True,1.0104805648487012,1.0210709719369504,6,0.0874640683485397,DUC-K16,V1_02_medium:1403715555912143104:1403715556112143104,0.037817,formal_public_module_evidence,0.013223918108601018,0.042454154997921406,0.06088304798760671,0.5093494296449177,1.572887811208617,4,0,V1_02_medium,5,OK,True,640,1403715555912143104,1.143711717859021e-09,1403715556112143104,161,True,198
0.847820716949278,0.10594,0.008333333333333415,0.9583333333333334,276,2.383744965440935,6.000000000000002,,48,1.9782526615115823,1.5015669895165706,3.3505168435555204,3.134897238065123,True,1.0104805648487012,1.0210709719369504,6,0.0874640683485397,Permuted-K16,V1_02_medium:1403715555912143104:1403715556112143104,0.037817,formal_public_module_evidence,0.013223918108601018,0.042454154997921406,0.06088304798760671,0.5093494296449177,1.572887811208617,4,0,V1_02_medium,5,OK,True,640,1403715555912143104,1.143711717859021e-09,1403715556112143104,161,True,198
1.250732315458682,0.006429,0.15833333333333333,0.7916666666666666,325,0.2913405176598444,6.0,,16,3.317394753938799,0.5397596851005496,1.3368677715175041,4.097514459975333,True,1.0087731521451975,1.0176232724889578,6,0.18495132767027478,Raw,V1_02_medium:1403715556412143104:1403715556612143104,0.037732,formal_public_module_evidence,0.028963784834228568,0.11448084376432155,0.13336354695348646,0.3917349384201093,0.958876142794796,0,0,V1_02_medium,5,OK,True,650,1403715556412143104,1.4715657420628761e-09,1403715556612143104,245,True,263
1.0430929506804376,0.002099,0.15833333333333333,0.7916666666666666,325,0.35857294481211616,6.0,,16,3.317394753938799,0.5397596851005496,1.3368677715175041,3.650235088683871,True,1.0087731521451975,1.0176232724889578,6,0.18495132767027478,Global-DoF,V1_02_medium:1403715556412143104:1403715556612143104,0.037732,formal_public_module_evidence,0.028963784834228568,0.11448084376432155,0.13336354695348646,0.3917349384201093,0.958876142794796,0,0,V1_02_medium,5,OK,True,650,1403715556412143104,1.4715657420628761e-09,1403715556612143104,245,True,263
1.0722634476320163,0.443895,0.15833333333333333,0.7916666666666666,325,0.34826427924263875,6.0,,16,3.317394753938799,0.5397596851005496,1.3368677715175041,3.7050691845663337,True,1.0087731521451975,1.0176232724889578,6,0.18495132767027478,DPR-Exact-Block,V1_02_medium:1403715556412143104:1403715556612143104,0.037732,formal_public_module_evidence,0.028963784834228568,0.11448084376432155,0.13336354695348646,0.3917349384201093,0.958876142794796,0,0,V1_02_medium,5,OK,True,650,1403715556412143104,1.4715657420628761e-09,1403715556612143104,245,True,263
0.9025617475844397,0.182512,0.15833333333333333,0.7916666666666666,325,0.41267622006869614,6.0,,16,3.317394753938799,0.5397596851005496,1.3368677715175041,3.4186971731612075,True,1.0087731521451975,1.0176232724889578,6,0.18495132767027478,DUC-K16,V1_02_medium:1403715556412143104:1403715556612143104,0.037732,formal_public_module_evidence,0.028963784834228568,0.11448084376432155,0.13336354695348646,0.3917349384201093,0.958876142794796,0,0,V1_02_medium,5,OK,True,650,1403715556412143104,1.4715657420628761e-09,1403715556612143104,245,True,263
0.9206674036529532,0.069873,0.15833333333333333,0.7916666666666666,325,0.40527168065778874,6.0,,16,3.317394753938799,0.5397596851005496,1.3368677715175041,3.4456451045628076,True,1.0087731521451975,1.0176232724889578,6,0.18495132767027478,Permuted-K16,V1_02_medium:1403715556412143104:1403715556612143104,0.037732,formal_public_module_evidence,0.028963784834228568,0.11448084376432155,0.13336354695348646,0.3917349384201093,0.958876142794796,0,0,V1_02_medium,5,OK,True,650,1403715556412143104,1.4715657420628761e-09,1403715556612143104,245,True,263
0.26590658556318625,0.006285,0.033333333333333326,0.9166666666666666,325,0.3590083406320477,6.0,,48,1.4638452081113467,0.5991730473177576,1.3460380402441734,2.1180805918927352,True,0.6843734463720799,0.468367014099198,6,0.0013411094243864774,Raw,V1_02_medium:1403715556412143104:1403715556612143104,0.037905,formal_public_module_evidence,0.01217302821090499,0.04545930943784288,0.05775572698553728,0.5589048966694421,1.367605477918842,6,0,V1_02_medium,4,OK,True,650,1403715556412143104,4.912838117145753e-10,1403715556612143104,245,True,263
0.20136806442561542,0.002076,0.033333333333333326,0.9166666666666666,325,0.3829422300075174,6.0,,48,1.4638452081113467,0.5991730473177576,1.3460380402441734,2.1010807890747576,True,0.6843734463720799,0.468367014099198,6,0.0013411094243864774,Global-DoF,V1_02_medium:1403715556412143104:1403715556612143104,0.037905,formal_public_module_evidence,0.01217302821090499,0.04545930943784288,0.05775572698553728,0.5589048966694421,1.367605477918842,6,0,V1_02_medium,4,OK,True,650,1403715556412143104,4.912838117145753e-10,1403715556612143104,245,True,263
0.05380792756211342,1.285121,0.033333333333333326,0.9166666666666666,325,0.4438311863355839,6.0,,48,1.4638452081113467,0.5991730473177576,1.3460380402441734,2.0808479587275497,True,0.6843734463720799,0.468367014099198,6,0.0013411094243864774,DPR-Exact-Block,V1_02_medium:1403715556412143104:1403715556612143104,0.037905,formal_public_module_evidence,0.01217302821090499,0.04545930943784288,0.05775572698553728,0.5589048966694421,1.367605477918842,6,0,V1_02_medium,4,OK,True,650,1403715556412143104,4.912838117145753e-10,1403715556612143104,245,True,263
0.05514993707858201,0.312371,0.033333333333333326,0.9166666666666666,325,0.4432359601487526,6.0,,48,1.4638452081113467,0.5991730473177576,1.3460380402441734,2.080923098253928,True,0.6843734463720799,0.468367014099198,6,0.0013411094243864774,DUC-K16,V1_02_medium:1403715556412143104:1403715556612143104,0.037905,formal_public_module_evidence,0.01217302821090499,0.04545930943784288,0.05775572698553728,0.5589048966694421,1.367605477918842,6,0,V1_02_medium,4,OK,True,650,1403715556412143104,4.912838117145753e-10,1403715556612143104,245,True,263
0.23084554876725322,0.104068,0.033333333333333326,0.9166666666666666,325,0.3718188071180617,6.0,,48,1.4638452081113467,0.5991730473177576,1.3460380402441734,2.108193113062813,True,0.6843734463720799,0.468367014099198,6,0.0013411094243864774,Permuted-K16,V1_02_medium:1403715556412143104:1403715556612143104,0.037905,formal_public_module_evidence,0.01217302821090499,0.04545930943784288,0.05775572698553728,0.5589048966694421,1.367605477918842,6,0,V1_02_medium,4,OK,True,650,1403715556412143104,4.912838117145753e-10,1403715556612143104,245,True,263
2.060561352518538,0.006492,0.3666666666666666,0.5833333333333334,305,0.029837650674635684,5.999999999999998,,16,3.4026497817803967,0.17273578284372837,3.1009394161759904,6.176268230581617,True,0.4839801224218978,0.2342367588995152,6,0.05806474768116021,Raw,V1_02_medium:1403715556912143104:1403715557112143104,0.041485,formal_public_module_evidence,0.018039483674405554,0.06164242453353985,0.07917747499838862,0.17087656996790435,0.5415371151012236,0,0,V1_02_medium,5,OK,True,660,1403715556912143104,8.61819683128128e-09,1403715557112143104,222,True,236
1.8529219877402932,0.002177,0.2833333333333333,0.6666666666666666,305,0.03672326236878238,5.999999999999998,,16,3.4026497817803967,0.17273578284372837,3.1009394161759904,4.911962207548416,True,0.4839801224218978,0.2342367588995152,6,0.05806474768116021,Global-DoF,V1_02_medium:1403715556912143104:1403715557112143104,0.041485,formal_public_module_evidence,0.018039483674405554,0.06164242453353985,0.07917747499838862,0.17087656996790435,0.5415371151012236,0,0,V1_02_medium,5,OK,True,660,1403715556912143104,8.61819683128128e-09,1403715557112143104,222,True,236
1.835579135471856,0.46902,0.24166666666666659,0.7083333333333334,305,0.037365703259178824,5.999999999999998,,16,3.4026497817803967,0.17273578284372837,3.1009394161759904,4.819638603681778,True,0.4839801224218978,0.2342367588995152,6,0.05806474768116021,DPR-Exact-Block,V1_02_medium:1403715556912143104:1403715557112143104,0.041485,formal_public_module_evidence,0.018039483674405554,0.06164242453353985,0.07917747499838862,0.17087656996790435,0.5415371151012236,0,0,V1_02_medium,5,OK,True,660,1403715556912143104,8.61819683128128e-09,1403715557112143104,222,True,236
1.8953978765086859,0.181626,0.2833333333333333,0.6666666666666666,305,0.0351960731275055,5.999999999999998,,16,3.4026497817803967,0.17273578284372837,3.1009394161759904,5.146252128934454,True,0.4839801224218978,0.2342367588995152,6,0.05806474768116021,DUC-K16,V1_02_medium:1403715556912143104:1403715557112143104,0.041485,formal_public_module_evidence,0.018039483674405554,0.06164242453353985,0.07917747499838862,0.17087656996790435,0.5415371151012236,0,0,V1_02_medium,5,OK,True,660,1403715556912143104,8.61819683128128e-09,1403715557112143104,222,True,236
1.8831935587711355,0.069619,0.2833333333333333,0.6666666666666666,305,0.035628249028873675,5.999999999999998,,16,3.4026497817803967,0.17273578284372837,3.1009394161759904,5.077727942397496,True,0.4839801224218978,0.2342367588995152,6,0.05806474768116021,Permuted-K16,V1_02_medium:1403715556912143104:1403715557112143104,0.041485,formal_public_module_evidence,0.018039483674405554,0.06164242453353985,0.07917747499838862,0.17087656996790435,0.5415371151012236,0,0,V1_02_medium,5,OK,True,660,1403715556912143104,8.61819683128128e-09,1403715557112143104,222,True,236
0.27964561635046387,0.006066,0.07499999999999996,0.875,305,0.1731619147821558,6.0,,48,1.5618288962647227,0.4161272819488718,3.1007990721667724,1.4070098676582372,True,0.4785755022355832,0.22903451134004071,6,0.05364559647745737,Raw,V1_02_medium:1403715556912143104:1403715557112143104,0.037749,formal_public_module_evidence,0.01565816313962709,0.05456680730355553,0.06922283925862116,0.646498676703801,1.7528114634378573,3,0,V1_02_medium,4,OK,True,660,1403715556912143104,3.337628870456627e-10,1403715557112143104,222,True,236
0.2151070952128927,0.002085,0.07499999999999996,0.875,305,0.18470604243429953,6.0,,48,1.5618288962647227,0.4161272819488718,3.1007990721667724,1.3888820763057845,True,0.4785755022355832,0.22903451134004071,6,0.05364559647745737,Global-DoF,V1_02_medium:1403715556912143104:1403715557112143104,0.037749,formal_public_module_evidence,0.01565816313962709,0.05456680730355553,0.06922283925862116,0.646498676703801,1.7528114634378573,3,0,V1_02_medium,4,OK,True,660,1403715556912143104,3.337628870456627e-10,1403715557112143104,222,True,236
0.17883511720642778,1.273718,0.07499999999999996,0.875,305,0.1915286832779349,6.0,,48,1.5618288962647227,0.4161272819488718,3.1007990721667724,1.3809829241451261,True,0.4785755022355832,0.22903451134004071,6,0.05364559647745737,DPR-Exact-Block,V1_02_medium:1403715556912143104:1403715557112143104,0.037749,formal_public_module_evidence,0.01565816313962709,0.05456680730355553,0.06922283925862116,0.646498676703801,1.7528114634378573,3,0,V1_02_medium,4,OK,True,660,1403715556912143104,3.337628870456627e-10,1403715557112143104,222,True,236
0.1265789698570161,0.312875,0.033333333333333326,0.9166666666666666,305,0.20180335373492175,6.0,,48,1.5618288962647227,0.4161272819488718,3.1007990721667724,1.3723545879249601,True,0.4785755022355832,0.22903451134004071,6,0.05364559647745737,DUC-K16,V1_02_medium:1403715556912143104:1403715557112143104,0.037749,formal_public_module_evidence,0.01565816313962709,0.05456680730355553,0.06922283925862116,0.646498676703801,1.7528114634378573,3,0,V1_02_medium,4,OK,True,660,1403715556912143104,3.337628870456627e-10,1403715557112143104,222,True,236
0.1530996072880051,0.102998,0.07499999999999996,0.875,305,0.19652174552839294,6.0,,48,1.5618288962647227,0.4161272819488718,3.1007990721667724,1.3763359364649947,True,0.4785755022355832,0.22903451134004071,6,0.05364559647745737,Permuted-K16,V1_02_medium:1403715556912143104:1403715557112143104,0.037749,formal_public_module_evidence,0.01565816313962709,0.05456680730355553,0.06922283925862116,0.646498676703801,1.7528114634378573,3,0,V1_02_medium,4,OK,True,660,1403715556912143104,3.337628870456627e-10,1403715557112143104,222,True,236
1.47030111763109,0.006065,0.050000000000000044,1.0,302,41.23705854215237,6.000000000000001,,16,2.8545604401234685,6.421608719172507,3.1999570941202826,5.787070658646432,True,3.078732870973518,9.478596090812841,6,0.055802520933711186,Raw,V1_02_medium:1403715557412143104:1403715557612143104,0.037071,formal_public_module_evidence,0.01977536199503893,0.11736431802284325,0.09286816046012174,0.284874622527675,0.8553999760804488,0,0,V1_02_medium,6,OK,True,670,1403715557412143104,1.0721035435518368e-08,1403715557612143104,194,True,235
1.6779404824093347,0.002034,0.050000000000000044,1.0,302,50.753302821110616,6.000000000000001,,16,2.8545604401234685,6.421608719172507,3.1999570941202826,5.951611974488653,True,3.078732870973518,9.478596090812841,6,0.055802520933711186,Global-DoF,V1_02_medium:1403715557412143104:1403715557612143104,0.037071,formal_public_module_evidence,0.01977536199503893,0.11736431802284325,0.09286816046012174,0.284874622527675,0.8553999760804488,0,0,V1_02_medium,6,OK,True,670,1403715557412143104,1.0721035435518368e-08,1403715557612143104,194,True,235
1.6653482147585927,0.490173,0.050000000000000044,1.0,302,50.11821066497215,6.000000000000001,,16,2.8545604401234685,6.421608719172507,3.1999570941202826,5.941386285253174,True,3.078732870973518,9.478596090812841,6,0.055802520933711186,DPR-Exact-Block,V1_02_medium:1403715557412143104:1403715557612143104,0.037071,formal_public_module_evidence,0.01977536199503893,0.11736431802284325,0.09286816046012174,0.284874622527675,0.8553999760804488,0,0,V1_02_medium,6,OK,True,670,1403715557412143104,1.0721035435518368e-08,1403715557612143104,194,True,235
1.7196493758631695,0.177049,0.050000000000000044,1.0,302,52.914933164764406,6.000000000000001,,16,2.8545604401234685,6.421608719172507,3.1999570941202826,5.985691599719661,True,3.078732870973518,9.478596090812841,6,0.055802520933711186,DUC-K16,V1_02_medium:1403715557412143104:1403715557612143104,0.037071,formal_public_module_evidence,0.01977536199503893,0.11736431802284325,0.09286816046012174,0.284874622527675,0.8553999760804488,0,0,V1_02_medium,6,OK,True,670,1403715557412143104,1.0721035435518368e-08,1403715557612143104,194,True,235
1.7364067291626046,0.069073,0.050000000000000044,1.0,302,53.809118560414674,6.000000000000001,,16,2.8545604401234685,6.421608719172507,3.1999570941202826,5.999472236622335,True,3.078732870973518,9.478596090812841,6,0.055802520933711186,Permuted-K16,V1_02_medium:1403715557412143104:1403715557612143104,0.037071,formal_public_module_evidence,0.01977536199503893,0.11736431802284325,0.09286816046012174,0.284874622527675,0.8553999760804488,0,0,V1_02_medium,6,OK,True,670,1403715557412143104,1.0721035435518368e-08,1403715557612143104,194,True,235
2.797832993921664,0.006355,0.050000000000000044,1.0,302,15.719433772467582,6.0,,48,2.898983566214513,3.964774113675025,3.2318898965793905,4.65371681448175,True,0.978761175539842,0.9579734387441334,6,0.000959166580760229,Raw,V1_02_medium:1403715557412143104:1403715557612143104,0.038399,formal_public_module_evidence,0.014692701960027366,0.03638928709849294,0.06285595071723246,0.5745969549533896,1.433004792801847,3,0,V1_02_medium,5,OK,True,670,1403715557412143104,1.7006981802456274e-10,1403715557612143104,194,True,235
2.8623715150592353,0.001969,0.050000000000000044,1.0,302,16.767396023965425,6.0,,48,2.898983566214513,3.964774113675025,3.2318898965793905,4.71444646178912,True,0.978761175539842,0.9579734387441334,6,0.000959166580760229,Global-DoF,V1_02_medium:1403715557412143104:1403715557612143104,0.038399,formal_public_module_evidence,0.014692701960027366,0.03638928709849294,0.06285595071723246,0.5745969549533896,1.433004792801847,3,0,V1_02_medium,5,OK,True,670,1403715557412143104,1.7006981802456274e-10,1403715557612143104,194,True,235
2.847068168508102,1.275171,0.050000000000000044,1.0,302,16.51275217301848,6.0,,48,2.898983566214513,3.964774113675025,3.2318898965793905,4.700024167308894,True,0.978761175539842,0.9579734387441334,6,0.000959166580760229,DPR-Exact-Block,V1_02_medium:1403715557412143104:1403715557612143104,0.038399,formal_public_module_evidence,0.014692701960027366,0.03638928709849294,0.06285595071723246,0.5745969549533896,1.433004792801847,3,0,V1_02_medium,5,OK,True,670,1403715557412143104,1.7006981802456274e-10,1403715557612143104,194,True,235
2.8461085416327205,0.315772,0.050000000000000044,1.0,302,16.496913692977746,6.0,,48,2.898983566214513,3.964774113675025,3.2318898965793905,4.699120239100838,True,0.978761175539842,0.9579734387441334,6,0.000959166580760229,DUC-K16,V1_02_medium:1403715557412143104:1403715557612143104,0.038399,formal_public_module_evidence,0.014692701960027366,0.03638928709849294,0.06285595071723246,0.5745969549533896,1.433004792801847,3,0,V1_02_medium,5,OK,True,670,1403715557412143104,1.7006981802456274e-10,1403715557612143104,194,True,235
2.818165456310053,0.10524,0.050000000000000044,1.0,302,16.042319980658828,6.0,,48,2.898983566214513,3.964774113675025,3.2318898965793905,4.672822688366735,True,0.978761175539842,0.9579734387441334,6,0.000959166580760229,Permuted-K16,V1_02_medium:1403715557412143104:1403715557612143104,0.038399,formal_public_module_evidence,0.014692701960027366,0.03638928709849294,0.06285595071723246,0.5745969549533896,1.433004792801847,3,0,V1_02_medium,5,OK,True,670,1403715557412143104,1.7006981802456274e-10,1403715557612143104,194,True,235
1.0525538498637474,0.006509,0.07499999999999996,0.875,263,0.09537254451642889,6.0,,16,2.826648432176023,0.30882445582633006,2.7923204359135845,2.3528709880653924,True,0.5227220848324505,0.2732383779715836,6,0.039556802728627716,Raw,V1_02_medium:1403715557912143104:1403715558112143104,0.037803,formal_public_module_evidence,0.02600714919628172,0.05185551615898823,0.08363126769007599,0.31248457813065644,0.5307103958126299,0,0,V1_02_medium,4,OK,True,680,1403715557912143104,2.0826398583034482e-10,1403715558112143104,181,True,194
0.8449144850855028,0.002112,0.033333333333333326,0.9166666666666666,263,0.11738159325098942,6.0,,16,2.826648432176023,0.30882445582633006,2.7923204359135845,2.0233306421686565,True,0.5227220848324505,0.2732383779715836,6,0.039556802728627716,Global-DoF,V1_02_medium:1403715557912143104:1403715558112143104,0.037803,formal_public_module_evidence,0.02600714919628172,0.05185551615898823,0.08363126769007599,0.31248457813065644,0.5307103958126299,0,0,V1_02_medium,4,OK,True,680,1403715557912143104,2.0826398583034482e-10,1403715558112143104,181,True,194
0.8848568489347239,0.478973,0.033333333333333326,0.9166666666666666,263,0.11278549548091854,6.0,,16,2.826648432176023,0.30882445582633006,2.7923204359135845,2.078247095574939,True,0.5227220848324505,0.2732383779715836,6,0.039556802728627716,DPR-Exact-Block,V1_02_medium:1403715557912143104:1403715558112143104,0.037803,formal_public_module_evidence,0.02600714919628172,0.05185551615898823,0.08363126769007599,0.31248457813065644,0.5307103958126299,0,0,V1_02_medium,4,OK,True,680,1403715557912143104,2.0826398583034482e-10,1403715558112143104,181,True,194
0.9252172861645889,0.175176,0.033333333333333326,0.9166666666666666,263,0.10832406188552932,6.0,,16,2.826648432176023,0.30882445582633006,2.7923204359135845,2.1376653818085076,True,0.5227220848324505,0.2732383779715836,6,0.039556802728627716,DUC-K16,V1_02_medium:1403715557912143104:1403715558112143104,0.037803,formal_public_module_evidence,0.02600714919628172,0.05185551615898823,0.08363126769007599,0.31248457813065644,0.5307103958126299,0,0,V1_02_medium,4,OK,True,680,1403715557912143104,2.0826398583034482e-10,1403715558112143104,181,True,194
0.8980739874848789,0.068865,0.033333333333333326,0.9166666666666666,263,0.11130460210554165,6.0,,16,2.826648432176023,0.30882445582633006,2.7923204359135845,2.0972628373449056,True,0.5227220848324505,0.2732383779715836,6,0.039556802728627716,Permuted-K16,V1_02_medium:1403715557912143104:1403715558112143104,0.037803,formal_public_module_evidence,0.02600714919628172,0.05185551615898823,0.08363126769007599,0.31248457813065644,0.5307103958126299,0,0,V1_02_medium,4,OK,True,680,1403715557912143104,2.0826398583034482e-10,1403715558112143104,181,True,194
0.2662452527596958,0.005874,0.033333333333333326,0.9166666666666666,263,0.31925331997891154,6.0,,48,2.3762757275093533,0.565025061372424,2.7909660380990977,1.462357860831478,True,0.49459906278677584,0.24462823290955704,6,0.001855823398468348,Raw,V1_02_medium:1403715557912143104:1403715558112143104,0.037836,formal_public_module_evidence,0.011246823636390457,0.02445779087896413,0.05417160809777485,0.3759009466180143,1.0,6,0,V1_02_medium,4,OK,True,680,1403715557912143104,2.7631464709515257e-11,1403715558112143104,181,True,194
0.33078377389726704,0.001921,0.033333333333333326,0.9166666666666666,263,0.3405368746441723,6.0,,48,2.3762757275093533,0.565025061372424,2.7909660380990977,1.4790056832666603,True,0.49459906278677584,0.24462823290955704,6,0.001855823398468348,Global-DoF,V1_02_medium:1403715557912143104:1403715558112143104,0.037836,formal_public_module_evidence,0.011246823636390457,0.02445779087896413,0.05417160809777485,0.3759009466180143,1.0,6,0,V1_02_medium,4,OK,True,680,1403715557912143104,2.7631464709515257e-11,1403715558112143104,181,True,194
0.3099017633180661,1.278625,0.033333333333333326,0.9166666666666666,263,0.33349951287983176,6.0,,48,2.3762757275093533,0.565025061372424,2.7909660380990977,1.4732822033104347,True,0.49459906278677584,0.24462823290955704,6,0.001855823398468348,DPR-Exact-Block,V1_02_medium:1403715557912143104:1403715558112143104,0.037836,formal_public_module_evidence,0.011246823636390457,0.02445779087896413,0.05417160809777485,0.3759009466180143,1.0,6,0,V1_02_medium,4,OK,True,680,1403715557912143104,2.7631464709515257e-11,1403715558112143104,181,True,194
0.30804421574584967,0.312802,0.033333333333333326,0.9166666666666666,263,0.33288059668045156,6.0,,48,2.3762757275093533,0.565025061372424,2.7909660380990977,1.4727884684779415,True,0.49459906278677584,0.24462823290955704,6,0.001855823398468348,DUC-K16,V1_02_medium:1403715557912143104:1403715558112143104,0.037836,formal_public_module_evidence,0.011246823636390457,0.02445779087896413,0.05417160809777485,0.3759009466180143,1.0,6,0,V1_02_medium,4,OK,True,680,1403715557912143104,2.7631464709515257e-11,1403715558112143104,181,True,194
0.32994205423110756,0.105656,0.033333333333333326,0.9166666666666666,263,0.3402503586597174,6.0,,48,2.3762757275093533,0.565025061372424,2.7909660380990977,1.4787688762920996,True,0.49459906278677584,0.24462823290955704,6,0.001855823398468348,Permuted-K16,V1_02_medium:1403715557912143104:1403715558112143104,0.037836,formal_public_module_evidence,0.011246823636390457,0.02445779087896413,0.05417160809777485,0.3759009466180143,1.0,6,0,V1_02_medium,4,OK,True,680,1403715557912143104,2.7631464709515257e-11,1403715558112143104,181,True,194
0.9322812868914829,0.006409,0.033333333333333326,0.9166666666666666,189,0.6378120713878046,6.0,,16,2.1330365953052968,0.7986313739065131,2.088874125191842,3.928463188761684,True,1.2728835574976736,1.6202325509479332,6,0.02271501722959912,Raw,V1_02_medium:1403715558412143104:1403715558612143104,0.037123,formal_public_module_evidence,0.02537477239370628,0.06190533326537431,0.08933903631037854,0.22239213411390604,0.5358930587640336,0,0,V1_02_medium,5,OK,True,690,1403715558412143104,1.9559156094689457e-10,1403715558612143104,137,True,139
0.7246419221132383,0.002151,0.033333333333333326,0.9166666666666666,189,0.7849994724772981,6.0,,16,2.1330365953052968,0.7986313739065131,2.088874125191842,3.6597967309773067,True,1.2728835574976736,1.6202325509479332,6,0.02271501722959912,Global-DoF,V1_02_medium:1403715558412143104:1403715558612143104,0.037123,formal_public_module_evidence,0.02537477239370628,0.06190533326537431,0.08933903631037854,0.22239213411390604,0.5358930587640336,0,0,V1_02_medium,5,OK,True,690,1403715558412143104,1.9559156094689457e-10,1403715558612143104,137,True,139
0.7467751496059724,0.449599,0.033333333333333326,0.9166666666666666,189,0.7678157674871835,6.0,,16,2.1330365953052968,0.7986313739065131,2.088874125191842,3.6838556102048634,True,1.2728835574976736,1.6202325509479332,6,0.02271501722959912,DPR-Exact-Block,V1_02_medium:1403715558412143104:1403715558612143104,0.037123,formal_public_module_evidence,0.02537477239370628,0.06190533326537431,0.08933903631037854,0.22239213411390604,0.5358930587640336,0,0,V1_02_medium,5,OK,True,690,1403715558412143104,1.9559156094689457e-10,1403715558612143104,137,True,139
0.7697521274000552,0.173742,0.033333333333333326,0.9166666666666666,189,0.7503748190995543,6.0,,16,2.1330365953052968,0.7986313739065131,2.088874125191842,3.709925601170878,True,1.2728835574976736,1.6202325509479332,6,0.02271501722959912,DUC-K16,V1_02_medium:1403715558412143104:1403715558612143104,0.037123,formal_public_module_evidence,0.02537477239370628,0.06190533326537431,0.08933903631037854,0.22239213411390604,0.5358930587640336,0,0,V1_02_medium,5,OK,True,690,1403715558412143104,1.9559156094689457e-10,1403715558612143104,137,True,139
0.6509009038814957,0.06816,0.033333333333333326,0.9166666666666666,189,0.8450738872022242,6.0,,16,2.1330365953052968,0.7986313739065131,2.088874125191842,3.5868131762062005,True,1.2728835574976736,1.6202325509479332,6,0.02271501722959912,Permuted-K16,V1_02_medium:1403715558412143104:1403715558612143104,0.037123,formal_public_module_evidence,0.02537477239370628,0.06190533326537431,0.08933903631037854,0.22239213411390604,0.5358930587640336,0,0,V1_02_medium,5,OK,True,690,1403715558412143104,1.9559156094689457e-10,1403715558612143104,137,True,139
0.61992669047531,0.005919,0.033333333333333326,0.9166666666666666,189,0.9057877307536216,6.0,,48,2.139120577587611,0.9517288115601111,2.0949060353593305,3.5977185429631717,True,1.297563400774448,1.6836707790293512,6,0.006397763384358157,Raw,V1_02_medium:1403715558412143104:1403715558612143104,0.038075,formal_public_module_evidence,0.012011915331632206,0.03783930083197682,0.05732257960747262,0.41318783696645256,1.0,3,0,V1_02_medium,5,OK,True,690,1403715558412143104,4.951928581113128e-10,1403715558612143104,137,True,139
0.5553881693377387,0.001933,0.033333333333333326,0.9166666666666666,189,0.9661735794705297,6.0,,48,2.139120577587611,0.9517288115601111,2.0949060353593305,3.5460825784938534,True,1.297563400774448,1.6836707790293512,6,0.006397763384358157,Global-DoF,V1_02_medium:1403715558412143104:1403715558612143104,0.038075,formal_public_module_evidence,0.012011915331632206,0.03783930083197682,0.05732257960747262,0.41318783696645256,1.0,3,0,V1_02_medium,5,OK,True,690,1403715558412143104,4.951928581113128e-10,1403715558612143104,137,True,139
0.5592353784816154,1.281167,0.033333333333333326,0.9166666666666666,189,0.9624636486567885,6.0,,48,2.139120577587611,0.9517288115601111,2.0949060353593305,3.548952495308838,True,1.297563400774448,1.6836707790293512,6,0.006397763384358157,DPR-Exact-Block,V1_02_medium:1403715558412143104:1403715558612143104,0.038075,formal_public_module_evidence,0.012011915331632206,0.03783930083197682,0.05732257960747262,0.41318783696645256,1.0,3,0,V1_02_medium,5,OK,True,690,1403715558412143104,4.951928581113128e-10,1403715558612143104,137,True,139
0.5656536952648881,0.313154,0.033333333333333326,0.9166666666666666,189,0.9563060339666363,6.0,,48,2.139120577587611,0.9517288115601111,2.0949060353593305,3.5537980698728866,True,1.297563400774448,1.6836707790293512,6,0.006397763384358157,DUC-K16,V1_02_medium:1403715558412143104:1403715558612143104,0.038075,formal_public_module_evidence,0.012011915331632206,0.03783930083197682,0.05732257960747262,0.41318783696645256,1.0,3,0,V1_02_medium,5,OK,True,690,1403715558412143104,4.951928581113128e-10,1403715558612143104,137,True,139
0.5158591782858724,0.104376,0.033333333333333326,0.9166666666666666,189,1.0051303343601263,6.0,,48,2.139120577587611,0.9517288115601111,2.0949060353593305,3.5180713590053556,True,1.297563400774448,1.6836707790293512,6,0.006397763384358157,Permuted-K16,V1_02_medium:1403715558412143104:1403715558612143104,0.038075,formal_public_module_evidence,0.012011915331632206,0.03783930083197682,0.05732257960747262,0.41318783696645256,1.0,3,0,V1_02_medium,5,OK,True,690,1403715558412143104,4.951928581113128e-10,1403715558612143104,137,True,139
0.27244823822889713,0.00581,0.033333333333333326,0.9166666666666666,162,0.2871752564746347,6.000000000000001,,16,2.101358549440762,0.5358873542775895,2.110164728066605,1.9033899514179584,True,0.6140940535961406,0.3771115066621395,6,0.031499087986195495,Raw,V1_02_medium:1403715558912143104:1403715559112143104,0.037697,formal_public_module_evidence,0.033689031193442964,0.09698660544364526,0.12316430609146539,0.33432191450076904,0.8314925371406869,1,0,V1_02_medium,5,OK,True,700,1403715558912143104,1.0410054629598659e-10,1403715559112143104,115,True,120
0.06480887345065263,0.002001,0.008333333333333415,0.9583333333333334,162,0.35344646950724273,6.000000000000001,,16,2.101358549440762,0.5358873542775895,2.110164728066605,1.8648089127841263,True,0.6140940535961406,0.3771115066621395,6,0.031499087986195495,Global-DoF,V1_02_medium:1403715558912143104:1403715559112143104,0.037697,formal_public_module_evidence,0.033689031193442964,0.09698660544364526,0.12316430609146539,0.33432191450076904,0.8314925371406869,1,0,V1_02_medium,5,OK,True,700,1403715558912143104,1.0410054629598659e-10,1403715559112143104,115,True,120
0.014507933759625951,0.491959,0.050000000000000044,1.0,162,0.3716798939126985,6.000000000000001,,16,2.101358549440762,0.5358873542775895,2.110164728066605,1.862768455643374,True,0.6140940535961406,0.3771115066621395,6,0.031499087986195495,DPR-Exact-Block,V1_02_medium:1403715558912143104:1403715559112143104,0.037697,formal_public_module_evidence,0.033689031193442964,0.09698660544364526,0.12316430609146539,0.33432191450076904,0.8314925371406869,1,0,V1_02_medium,5,OK,True,700,1403715558912143104,1.0410054629598659e-10,1403715559112143104,115,True,120
0.04651378821853788,0.176728,0.050000000000000044,1.0,162,0.3599723162316426,6.000000000000001,,16,2.101358549440762,0.5358873542775895,2.110164728066605,1.8637614402432787,True,0.6140940535961406,0.3771115066621395,6,0.031499087986195495,DUC-K16,V1_02_medium:1403715558912143104:1403715559112143104,0.037697,formal_public_module_evidence,0.033689031193442964,0.09698660544364526,0.12316430609146539,0.33432191450076904,0.8314925371406869,1,0,V1_02_medium,5,OK,True,700,1403715558912143104,1.0410054629598659e-10,1403715559112143104,115,True,120
0.1486274119271347,0.067978,0.008333333333333415,0.9583333333333334,162,0.32502870627466385,6.000000000000001,,16,2.101358549440762,0.5358873542775895,2.110164728066605,1.8742759097055146,True,0.6140940535961406,0.3771115066621395,6,0.031499087986195495,Permuted-K16,V1_02_medium:1403715558912143104:1403715559112143104,0.037697,formal_public_module_evidence,0.033689031193442964,0.09698660544364526,0.12316430609146539,0.33432191450076904,0.8314925371406869,1,0,V1_02_medium,5,OK,True,700,1403715558912143104,1.0410054629598659e-10,1403715559112143104,115,True,120
0.07733899024856178,0.006161,0.008333333333333415,0.9583333333333334,162,0.3005228920391838,6.0,,48,2.1092691526564664,0.5481996826332388,2.1184911777910163,1.561221757499732,True,0.5274057148845763,0.27815678809291106,6,0.020778698003832696,Raw,V1_02_medium:1403715558912143104:1403715559112143104,0.038369,formal_public_module_evidence,0.010047511175529489,0.04121095620950685,0.05032570883620489,0.32255188206089197,1.0921049963979255,6,0,V1_02_medium,4,OK,True,700,1403715558912143104,2.1756425857099454e-08,1403715559112143104,115,True,120
0.14187751138613278,0.00192,0.050000000000000044,1.0,162,0.32055775150846266,6.0,,48,2.1092691526564664,0.5481996826332388,2.1184911777910163,1.567911776189309,True,0.5274057148845763,0.27815678809291106,6,0.020778698003832696,Global-DoF,V1_02_medium:1403715558912143104:1403715559112143104,0.038369,formal_public_module_evidence,0.010047511175529489,0.04121095620950685,0.05032570883620489,0.32255188206089197,1.0921049963979255,6,0,V1_02_medium,4,OK,True,700,1403715558912143104,2.1756425857099454e-08,1403715559112143104,115,True,120
0.16184840438765527,1.283406,0.050000000000000044,1.0,162,0.3270239288213676,6.0,,48,2.1092691526564664,0.5481996826332388,2.1184911777910163,1.5707252699389072,True,0.5274057148845763,0.27815678809291106,6,0.020778698003832696,DPR-Exact-Block,V1_02_medium:1403715558912143104:1403715559112143104,0.038369,formal_public_module_evidence,0.010047511175529489,0.04121095620950685,0.05032570883620489,0.32255188206089197,1.0921049963979255,6,0,V1_02_medium,4,OK,True,700,1403715558912143104,2.1756425857099454e-08,1403715559112143104,115,True,120
0.1824141698353512,0.318332,0.050000000000000044,1.0,162,0.33381906027837366,6.0,,48,2.1092691526564664,0.5481996826332388,2.1184911777910163,1.5739770572911678,True,0.5274057148845763,0.27815678809291106,6,0.020778698003832696,DUC-K16,V1_02_medium:1403715558912143104:1403715559112143104,0.038369,formal_public_module_evidence,0.010047511175529489,0.04121095620950685,0.05032570883620489,0.32255188206089197,1.0921049963979255,6,0,V1_02_medium,4,OK,True,700,1403715558912143104,2.1756425857099454e-08,1403715559112143104,115,True,120
0.14079470682933695,0.10572,0.050000000000000044,1.0,162,0.32021083796808963,6.0,,48,2.1092691526564664,0.5481996826332388,2.1184911777910163,1.5677690598373752,True,0.5274057148845763,0.27815678809291106,6,0.020778698003832696,Permuted-K16,V1_02_medium:1403715558912143104:1403715559112143104,0.038369,formal_public_module_evidence,0.010047511175529489,0.04121095620950685,0.05032570883620489,0.32255188206089197,1.0921049963979255,6,0,V1_02_medium,4,OK,True,700,1403715558912143104,2.1756425857099454e-08,1403715559112143104,115,True,120
0.3948022820537993,0.005963,0.008333333333333415,0.9583333333333334,276,0.662572379227186,6.0,,16,2.098374159538223,0.8139854907964797,2.171002940848944,2.1000648420351067,True,0.6681691768586104,0.446450048903913,6,0.021350928000732128,Raw,V1_02_medium:1403715559412143104:1403715559612143104,0.03782,formal_public_module_evidence,0.043783909329548454,0.0912580286657047,0.1312480482833714,0.38262762458919963,0.7739395444658506,0,0,V1_02_medium,5,OK,True,710,1403715559412143104,1.2079853335716685e-10,1403715559612143104,167,True,203
0.6024416468320439,0.002135,0.008333333333333415,0.9583333333333334,276,0.8154736975103829,6.0,,16,2.098374159538223,0.8139854907964797,2.171002940848944,2.181364222241219,True,0.6681691768586104,0.446450048903913,6,0.021350928000732128,Global-DoF,V1_02_medium:1403715559412143104:1403715559612143104,0.03782,formal_public_module_evidence,0.043783909329548454,0.0912580286657047,0.1312480482833714,0.38262762458919963,0.7739395444658506,0,0,V1_02_medium,5,OK,True,710,1403715559412143104,1.2079853335716685e-10,1403715559612143104,167,True,203
0.5522312268202978,0.489356,0.008333333333333415,0.9583333333333334,276,0.7755393698046467,6.0,,16,2.098374159538223,0.8139854907964797,2.171002940848944,2.1593444753080284,True,0.6681691768586104,0.446450048903913,6,0.021350928000732128,DPR-Exact-Block,V1_02_medium:1403715559412143104:1403715559612143104,0.03782,formal_public_module_evidence,0.043783909329548454,0.0912580286657047,0.1312480482833714,0.38262762458919963,0.7739395444658506,0,0,V1_02_medium,5,OK,True,710,1403715559412143104,1.2079853335716685e-10,1403715559612143104,167,True,203
0.5306490705404643,0.176073,0.008333333333333415,0.9583333333333334,276,0.7589808845582144,6.0,,16,2.098374159538223,0.8139854907964797,2.171002940848944,2.1503214269635937,True,0.6681691768586104,0.446450048903913,6,0.021350928000732128,DUC-K16,V1_02_medium:1403715559412143104:1403715559612143104,0.03782,formal_public_module_evidence,0.043783909329548454,0.0912580286657047,0.1312480482833714,0.38262762458919963,0.7739395444658506,0,0,V1_02_medium,5,OK,True,710,1403715559412143104,1.2079853335716685e-10,1403715559612143104,167,True,203
0.606724506742031,0.069412,0.008333333333333415,0.9583333333333334,276,0.8189737468775748,6.0,,16,2.098374159538223,0.8139854907964797,2.171002940848944,2.18330734480651,True,0.6681691768586104,0.446450048903913,6,0.021350928000732128,Permuted-K16,V1_02_medium:1403715559412143104:1403715559612143104,0.03782,formal_public_module_evidence,0.043783909329548454,0.0912580286657047,0.1312480482833714,0.38262762458919963,0.7739395444658506,0,0,V1_02_medium,5,OK,True,710,1403715559412143104,1.2079853335716685e-10,1403715559612143104,167,True,203
0.3466240698906921,0.006307,0.008333333333333415,0.9583333333333334,276,0.5116639941276495,6.0,,48,2.1053316780437226,0.7153069230251092,2.1774298540368076,1.8748610231758664,True,0.6014838458511942,0.3617828168199431,6,0.00632286571857954,Raw,V1_02_medium:1403715559412143104:1403715559612143104,0.038991,formal_public_module_evidence,0.013546197412175165,0.03119725050168197,0.05617835735077412,0.4867380018888635,1.0,6,0,V1_02_medium,4,OK,True,710,1403715559412143104,2.442806543023861e-10,1403715559612143104,167,True,203
0.4111625910282634,0.002026,0.008333333333333415,0.9583333333333334,276,0.5457749270694929,6.0,,48,2.1053316780437226,0.7153069230251092,2.1774298540368076,1.895207601337663,True,0.6014838458511942,0.3617828168199431,6,0.00632286571857954,Global-DoF,V1_02_medium:1403715559412143104:1403715559612143104,0.038991,formal_public_module_evidence,0.013546197412175165,0.03119725050168197,0.05617835735077412,0.4867380018888635,1.0,6,0,V1_02_medium,4,OK,True,710,1403715559412143104,2.442806543023861e-10,1403715559612143104,167,True,203
0.3996259626562353,1.27671,0.008333333333333415,0.9583333333333334,276,0.5395147049222468,6.0,,48,2.1053316780437226,0.7153069230251092,2.1774298540368076,1.8913626459901909,True,0.6014838458511942,0.3617828168199431,6,0.00632286571857954,DPR-Exact-Block,V1_02_medium:1403715559412143104:1403715559612143104,0.038991,formal_public_module_evidence,0.013546197412175165,0.03119725050168197,0.05617835735077412,0.4867380018888635,1.0,6,0,V1_02_medium,4,OK,True,710,1403715559412143104,2.442806543023861e-10,1403715559612143104,167,True,203
0.39328302296076534,0.313429,0.008333333333333415,0.9583333333333334,276,0.5361034258898244,6.0,,48,2.1053316780437226,0.7153069230251092,2.1774298540368076,1.889286614617952,True,0.6014838458511942,0.3617828168199431,6,0.00632286571857954,DUC-K16,V1_02_medium:1403715559412143104:1403715559612143104,0.038991,formal_public_module_evidence,0.013546197412175165,0.03119725050168197,0.05617835735077412,0.4867380018888635,1.0,6,0,V1_02_medium,4,OK,True,710,1403715559412143104,2.442806543023861e-10,1403715559612143104,167,True,203
0.42387219131362486,0.104062,0.008333333333333415,0.9583333333333334,276,0.5527557761690877,6.0,,48,2.1053316780437226,0.7153069230251092,2.1774298540368076,1.8995455852971894,True,0.6014838458511942,0.3617828168199431,6,0.00632286571857954,Permuted-K16,V1_02_medium:1403715559412143104:1403715559612143104,0.038991,formal_public_module_evidence,0.013546197412175165,0.03119725050168197,0.05617835735077412,0.4867380018888635,1.0,6,0,V1_02_medium,4,OK,True,710,1403715559412143104,2.442806543023861e-10,1403715559612143104,167,True,203
0.8530593570045104,0.006201,0.033333333333333326,0.9166666666666666,295,0.5562478736988218,6.0,,16,2.0987281165739797,0.7458202690319041,2.1146438032961274,3.59815142557699,True,1.1425459301996244,1.3054112026157247,6,0.23502672914452227,Raw,V1_02_medium:1403715559912143104:1403715560112143104,0.03762,formal_public_module_evidence,0.03244752659668004,0.09739005467327885,0.11583157480269042,0.3947837193644073,0.6040682026835034,0,0,V1_02_medium,4,OK,True,720,1403715559912143104,8.283682318839213e-09,1403715560112143104,173,True,238
0.6454199922262659,0.002068,0.008333333333333415,0.9583333333333334,295,0.6846127676293191,6.0,,16,2.0987281165739797,0.7458202690319041,2.1146438032961274,3.36576286024763,True,1.1425459301996244,1.3054112026157247,6,0.23502672914452227,Global-DoF,V1_02_medium:1403715559912143104:1403715560112143104,0.03762,formal_public_module_evidence,0.03244752659668004,0.09739005467327885,0.11583157480269042,0.3947837193644073,0.6040682026835034,0,0,V1_02_medium,4,OK,True,720,1403715559912143104,8.283682318839213e-09,1403715560112143104,173,True,238
0.5528653012957154,0.445303,0.008333333333333415,0.9583333333333334,295,0.7510018135574598,6.0,,16,2.0987281165739797,0.7458202690319041,2.1146438032961274,3.2897562857925187,True,1.1425459301996244,1.3054112026157247,6,0.23502672914452227,DPR-Exact-Block,V1_02_medium:1403715559912143104:1403715560112143104,0.03762,formal_public_module_evidence,0.03244752659668004,0.09739005467327885,0.11583157480269042,0.3947837193644073,0.6040682026835034,0,0,V1_02_medium,4,OK,True,720,1403715559912143104,8.283682318839213e-09,1403715560112143104,173,True,238
0.3417726884179802,0.175931,0.008333333333333415,0.9583333333333334,295,0.9275073133794739,6.0,,16,2.0987281165739797,0.7458202690319041,2.1146438032961274,3.170062800583859,True,1.1425459301996244,1.3054112026157247,6,0.23502672914452227,DUC-K16,V1_02_medium:1403715559912143104:1403715560112143104,0.03762,formal_public_module_evidence,0.03244752659668004,0.09739005467327885,0.11583157480269042,0.3947837193644073,0.6040682026835034,0,0,V1_02_medium,4,OK,True,720,1403715559912143104,8.283682318839213e-09,1403715560112143104,173,True,238
0.6278836688762666,0.074784,0.008333333333333415,0.9583333333333334,295,0.6967242434926724,6.0,,16,2.0987281165739797,0.7458202690319041,2.1146438032961274,3.350152621832254,True,1.1425459301996244,1.3054112026157247,6,0.23502672914452227,Permuted-K16,V1_02_medium:1403715559912143104:1403715560112143104,0.03762,formal_public_module_evidence,0.03244752659668004,0.09739005467327885,0.11583157480269042,0.3947837193644073,0.6040682026835034,0,0,V1_02_medium,4,OK,True,720,1403715559912143104,8.283682318839213e-09,1403715560112143104,173,True,238
0.5653396552532236,0.006288,0.008333333333333415,0.9583333333333334,295,0.6699633743672652,6.0,,48,2.0906529784469807,0.8185129042154834,2.1190447545331805,3.1973903230999787,True,1.0858941087679461,1.179166015456932,6,0.02279532705144116,Raw,V1_02_medium:1403715559912143104:1403715560112143104,0.038622,formal_public_module_evidence,0.011060280655129096,0.033707526511780404,0.05126693628303113,0.3540913085340165,1.0,4,0,V1_02_medium,4,OK,True,720,1403715559912143104,5.3100141422171615e-09,1403715560112143104,173,True,238
0.5008011341156526,0.002127,0.008333333333333415,0.9583333333333334,295,0.7146275993250827,6.0,,48,2.0906529784469807,0.8185129042154834,2.1190447545331805,3.15192600111846,True,1.0858941087679461,1.179166015456932,6,0.02279532705144116,Global-DoF,V1_02_medium:1403715559912143104:1403715560112143104,0.038622,formal_public_module_evidence,0.011060280655129096,0.033707526511780404,0.05126693628303113,0.3540913085340165,1.0,4,0,V1_02_medium,4,OK,True,720,1403715559912143104,5.3100141422171615e-09,1403715560112143104,173,True,238
0.5107052250654295,1.282234,0.008333333333333415,0.9583333333333334,295,0.7075847964358721,6.0,,48,2.0906529784469807,0.8185129042154834,2.1190447545331805,3.158445277627456,True,1.0858941087679461,1.179166015456932,6,0.02279532705144116,DPR-Exact-Block,V1_02_medium:1403715559912143104:1403715560112143104,0.038622,formal_public_module_evidence,0.011060280655129096,0.033707526511780404,0.05126693628303113,0.3540913085340165,1.0,4,0,V1_02_medium,4,OK,True,720,1403715559912143104,5.3100141422171615e-09,1403715560112143104,173,True,238
0.4881658294213384,0.312674,0.008333333333333415,0.9583333333333334,295,0.7237144232872553,6.0,,48,2.0906529784469807,0.8185129042154834,2.1190447545331805,3.143843676622353,True,1.0858941087679461,1.179166015456932,6,0.02279532705144116,DUC-K16,V1_02_medium:1403715559912143104:1403715560112143104,0.038622,formal_public_module_evidence,0.011060280655129096,0.033707526511780404,0.05126693628303113,0.3540913085340165,1.0,4,0,V1_02_medium,4,OK,True,720,1403715559912143104,5.3100141422171615e-09,1403715560112143104,173,True,238
0.49700032846148956,0.105536,0.008333333333333415,0.9583333333333334,295,0.7173489282904238,6.0,,48,2.0906529784469807,0.8185129042154834,2.1190447545331805,3.149467218625682,True,1.0858941087679461,1.179166015456932,6,0.02279532705144116,Permuted-K16,V1_02_medium:1403715559912143104:1403715560112143104,0.038622,formal_public_module_evidence,0.011060280655129096,0.033707526511780404,0.05126693628303113,0.3540913085340165,1.0,4,0,V1_02_medium,4,OK,True,720,1403715559912143104,5.3100141422171615e-09,1403715560112143104,173,True,238
2.1582609258924785,0.006334,0.07499999999999996,0.875,351,0.22586545027874516,6.000000000000001,,16,1.8288490572158258,0.47525303815835324,1.8389910603162456,9.006132268941029,True,1.3982515427612279,1.9551073768341538,6,0.024062172352454336,Raw,V1_02_medium:1403715560412143104:1403715560612143104,0.037514,formal_public_module_evidence,0.028975437497803624,0.0837318096235222,0.11163522234342846,0.29701341070863974,0.7451651339120782,0,0,V1_02_medium,5,OK,True,730,1403715560412143104,5.337698125932243e-10,1403715560612143104,223,True,269
1.9506215611142341,0.002043,0.07499999999999996,0.875,351,0.2779882464969171,6.000000000000001,,16,1.8288490572158258,0.47525303815835324,1.8389910603162456,7.590758318916161,True,1.3982515427612279,1.9551073768341538,6,0.024062172352454336,Global-DoF,V1_02_medium:1403715560412143104:1403715560612143104,0.037514,formal_public_module_evidence,0.028975437497803624,0.0837318096235222,0.11163522234342846,0.29701341070863974,0.7451651339120782,0,0,V1_02_medium,5,OK,True,730,1403715560412143104,5.337698125932243e-10,1403715560612143104,223,True,269
1.9309175855809777,0.488928,0.07499999999999996,0.875,351,0.2835200402953782,6.000000000000001,,16,1.8288490572158258,0.47525303815835324,1.8389910603162456,7.473239455052924,True,1.3982515427612279,1.9551073768341538,6,0.024062172352454336,DPR-Exact-Block,V1_02_medium:1403715560412143104:1403715560612143104,0.037514,formal_public_module_evidence,0.028975437497803624,0.0837318096235222,0.11163522234342846,0.29701341070863974,0.7451651339120782,0,0,V1_02_medium,5,OK,True,730,1403715560412143104,5.337698125932243e-10,1403715560612143104,223,True,269
1.955273981359822,0.174819,0.07499999999999996,0.875,351,0.276697932220416,6.000000000000001,,16,1.8288490572158258,0.47525303815835324,1.8389910603162456,7.618902872184946,True,1.3982515427612279,1.9551073768341538,6,0.024062172352454336,DUC-K16,V1_02_medium:1403715560412143104:1403715560612143104,0.037514,formal_public_module_evidence,0.028975437497803624,0.0837318096235222,0.11163522234342846,0.29701341070863974,0.7451651339120782,0,0,V1_02_medium,5,OK,True,730,1403715560412143104,5.337698125932243e-10,1403715560612143104,223,True,269
1.9935135771515273,0.068234,0.07499999999999996,0.875,351,0.26631686402182814,6.000000000000001,,16,1.8288490572158258,0.47525303815835324,1.8389910603162456,7.856091268872501,True,1.3982515427612279,1.9551073768341538,6,0.024062172352454336,Permuted-K16,V1_02_medium:1403715560412143104:1403715560612143104,0.037514,formal_public_module_evidence,0.028975437497803624,0.0837318096235222,0.11163522234342846,0.29701341070863974,0.7451651339120782,0,0,V1_02_medium,5,OK,True,730,1403715560412143104,5.337698125932243e-10,1403715560612143104,223,True,269
2.2621931253298997,0.006535,0.11666666666666659,0.8333333333333334,351,0.2038506164552205,6.0,,48,1.7883739394190554,0.45149819097668653,1.839388634225724,9.85163838632755,True,1.3992167976555216,1.957807646841373,6,0.002827572124848854,Raw,V1_02_medium:1403715560412143104:1403715560612143104,0.042318,formal_public_module_evidence,0.012187029148254758,0.034196943141575946,0.0528833927926336,0.34506182980329136,1.0,3,0,V1_02_medium,7,OK,True,730,1403715560412143104,6.678597775457092e-09,1403715560612143104,223,True,269
2.197654604192328,0.002048,0.11666666666666659,0.8333333333333334,351,0.21744065755223524,6.0,,48,1.7883739394190554,0.45149819097668653,1.839388634225724,9.31591883586657,True,1.3992167976555216,1.957807646841373,6,0.002827572124848854,Global-DoF,V1_02_medium:1403715560412143104:1403715560612143104,0.042318,formal_public_module_evidence,0.012187029148254758,0.034196943141575946,0.0528833927926336,0.34506182980329136,1.0,3,0,V1_02_medium,7,OK,True,730,1403715560412143104,6.678597775457092e-09,1403715560612143104,223,True,269
2.1928154049888673,1.266857,0.11666666666666659,0.8333333333333334,351,0.21849544631713133,6.0,,48,1.7883739394190554,0.45149819097668653,1.839388634225724,9.277291765134043,True,1.3992167976555216,1.957807646841373,6,0.002827572124848854,DPR-Exact-Block,V1_02_medium:1403715560412143104:1403715560612143104,0.042318,formal_public_module_evidence,0.012187029148254758,0.034196943141575946,0.0528833927926336,0.34506182980329136,1.0,3,0,V1_02_medium,7,OK,True,730,1403715560412143104,6.678597775457092e-09,1403715560612143104,223,True,269
2.195646982247428,0.311679,0.11666666666666659,0.8333333333333334,351,0.2178776346837186,6.0,,48,1.7883739394190554,0.45149819097668653,1.839388634225724,9.299868221775156,True,1.3992167976555216,1.957807646841373,6,0.002827572124848854,DUC-K16,V1_02_medium:1403715560412143104:1403715560612143104,0.042318,formal_public_module_evidence,0.012187029148254758,0.034196943141575946,0.0528833927926336,0.34506182980329136,1.0,3,0,V1_02_medium,7,OK,True,730,1403715560412143104,6.678597775457092e-09,1403715560612143104,223,True,269
2.1926964766213155,0.104091,0.11666666666666659,0.8333333333333334,351,0.21852143316913564,6.0,,48,1.7883739394190554,0.45149819097668653,1.839388634225724,9.276345110550926,True,1.3992167976555216,1.957807646841373,6,0.002827572124848854,Permuted-K16,V1_02_medium:1403715560412143104:1403715560612143104,0.042318,formal_public_module_evidence,0.012187029148254758,0.034196943141575946,0.0528833927926336,0.34506182980329136,1.0,3,0,V1_02_medium,7,OK,True,730,1403715560412143104,6.678597775457092e-09,1403715560612143104,223,True,269
4.221465718670025,0.006145,0.2833333333333333,0.6666666666666666,382,0.1540817388751925,6.0,,16,1.8852025231062695,0.3925324685617643,1.741365358398832,68.1008803734244,True,3.240076162927632,10.498093541571846,6,0.22990347652591336,Raw,V1_02_medium:1403715560912143104:1403715561112143104,0.037861,formal_public_module_evidence,0.038047434552050174,0.1391411009688619,0.14636217245588143,0.36561521984317,0.7936973813412367,0,0,V1_02_medium,4,OK,True,740,1403715560912143104,5.940975095489014e-09,1403715561112143104,196,True,337
4.013826353891781,0.001987,0.24166666666666659,0.7083333333333334,382,0.18963906323100616,6.0,,16,1.8852025231062695,0.3925324685617643,1.741365358398832,55.53353060961333,True,3.240076162927632,10.498093541571846,6,0.22990347652591336,Global-DoF,V1_02_medium:1403715560912143104:1403715561112143104,0.037861,formal_public_module_evidence,0.038047434552050174,0.1391411009688619,0.14636217245588143,0.36561521984317,0.7936973813412367,0,0,V1_02_medium,4,OK,True,740,1403715560912143104,5.940975095489014e-09,1403715561112143104,196,True,337
3.988847196368519,0.453773,0.24166666666666659,0.7083333333333334,382,0.19443574640808467,6.0,,16,1.8852025231062695,0.3925324685617643,1.741365358398832,54.1928341383111,True,3.240076162927632,10.498093541571846,6,0.22990347652591336,DPR-Exact-Block,V1_02_medium:1403715560912143104:1403715561112143104,0.037861,formal_public_module_evidence,0.038047434552050174,0.1391411009688619,0.14636217245588143,0.36561521984317,0.7936973813412367,0,0,V1_02_medium,4,OK,True,740,1403715560912143104,5.940975095489014e-09,1403715561112143104,196,True,337
3.7819115044326437,0.176504,0.19999999999999996,0.75,382,0.2391372004682142,6.0,,16,1.8852025231062695,0.3925324685617643,1.741365358398832,44.30703562839113,True,3.240076162927632,10.498093541571846,6,0.22990347652591336,DUC-K16,V1_02_medium:1403715560912143104:1403715561112143104,0.037861,formal_public_module_evidence,0.038047434552050174,0.1391411009688619,0.14636217245588143,0.36561521984317,0.7936973813412367,0,0,V1_02_medium,4,OK,True,740,1403715560912143104,5.940975095489014e-09,1403715561112143104,196,True,337
3.9677850038416524,0.067575,0.24166666666666659,0.7083333333333334,382,0.1985744213195453,6.0,,16,1.8852025231062695,0.3925324685617643,1.741365358398832,53.0885859238422,True,3.240076162927632,10.498093541571846,6,0.22990347652591336,Permuted-K16,V1_02_medium:1403715560912143104:1403715561112143104,0.037861,formal_public_module_evidence,0.038047434552050174,0.1391411009688619,0.14636217245588143,0.36561521984317,0.7936973813412367,0,0,V1_02_medium,4,OK,True,740,1403715560912143104,5.940975095489014e-09,1403715561112143104,196,True,337
3.570666145181244,0.00752,0.15833333333333333,0.7916666666666666,382,0.2926009979687868,6.0,,48,1.8854871385033873,0.5409260559159512,1.7416311933909046,36.14919192769468,True,3.224765978266532,10.399115614585304,6,0.005009340633284398,Raw,V1_02_medium:1403715560912143104:1403715561112143104,0.042866,formal_public_module_evidence,0.015734805575691624,0.04428236520206143,0.07061485274658816,0.5328981348004354,1.2867635192439741,3,0,V1_02_medium,5,OK,True,740,1403715560912143104,1.7176607703561272e-08,1403715561112143104,196,True,337
3.506127624043673,0.001931,0.15833333333333333,0.7916666666666666,382,0.3121077311667059,6.0,,48,1.8854871385033873,0.5409260559159512,1.7416311933909046,33.9924641837701,True,3.224765978266532,10.399115614585304,6,0.005009340633284398,Global-DoF,V1_02_medium:1403715560912143104:1403715561112143104,0.042866,formal_public_module_evidence,0.015734805575691624,0.04428236520206143,0.07061485274658816,0.5328981348004354,1.2867635192439741,3,0,V1_02_medium,5,OK,True,740,1403715560912143104,1.7176607703561272e-08,1403715561112143104,196,True,337
3.4495063343904313,1.395987,0.11666666666666659,0.8333333333333334,382,0.33028955530866194,6.0,,48,1.8854871385033873,0.5409260559159512,1.7416311933909046,32.21493698365001,True,3.224765978266532,10.399115614585304,6,0.005009340633284398,DPR-Exact-Block,V1_02_medium:1403715560912143104:1403715561112143104,0.042866,formal_public_module_evidence,0.015734805575691624,0.04428236520206143,0.07061485274658816,0.5328981348004354,1.2867635192439741,3,0,V1_02_medium,5,OK,True,740,1403715560912143104,1.7176607703561272e-08,1403715561112143104,196,True,337
3.454528263829179,0.322314,0.11666666666666659,0.8333333333333334,382,0.32863502241850484,6.0,,48,1.8854871385033873,0.5409260559159512,1.7416311933909046,32.36842741243469,True,3.224765978266532,10.399115614585304,6,0.005009340633284398,DUC-K16,V1_02_medium:1403715560912143104:1403715561112143104,0.042866,formal_public_module_evidence,0.015734805575691624,0.04428236520206143,0.07061485274658816,0.5328981348004354,1.2867635192439741,3,0,V1_02_medium,5,OK,True,740,1403715560912143104,1.7176607703561272e-08,1403715561112143104,196,True,337
3.510914827755871,0.106808,0.15833333333333333,0.7916666666666666,382,0.31061717851367726,6.0,,48,1.8854871385033873,0.5409260559159512,1.7416311933909046,34.14756419268638,True,3.224765978266532,10.399115614585304,6,0.005009340633284398,Permuted-K16,V1_02_medium:1403715560912143104:1403715561112143104,0.042866,formal_public_module_evidence,0.015734805575691624,0.04428236520206143,0.07061485274658816,0.5328981348004354,1.2867635192439741,3,0,V1_02_medium,5,OK,True,740,1403715560912143104,1.7176607703561272e-08,1403715561112143104,196,True,337
0.6671218506878209,0.005806,0.050000000000000044,1.0,461,1.3672366781118945,6.0,,16,2.002747732548672,1.169288962622967,1.7704707639431747,2.6638522189862943,True,0.8376414906209333,0.7016432668096592,6,0.05472860755535924,Raw,V1_02_medium:1403715561412143104:1403715561612143104,0.037989,formal_public_module_evidence,0.028314446221491818,0.04714082324689142,0.08900716350403456,0.22977980477191495,0.7244712966205713,1,0,V1_02_medium,4,OK,True,750,1403715561412143104,2.7704539874128487e-10,1403715561612143104,224,True,299
0.8747612154660653,0.002062,0.050000000000000044,1.0,461,1.6827528345992546,6.0,,16,2.002747732548672,1.169288962622967,1.7704707639431747,2.775269682587569,True,0.8376414906209333,0.7016432668096592,6,0.05472860755535924,Global-DoF,V1_02_medium:1403715561412143104:1403715561612143104,0.037989,formal_public_module_evidence,0.028314446221491818,0.04714082324689142,0.08900716350403456,0.22977980477191495,0.7244712966205713,1,0,V1_02_medium,4,OK,True,750,1403715561412143104,2.7704539874128487e-10,1403715561612143104,224,True,299
0.8599080794465159,0.45135,0.050000000000000044,1.0,461,1.657943383049981,6.0,,16,2.002747732548672,1.169288962622967,1.7704707639431747,2.766655956199505,True,0.8376414906209333,0.7016432668096592,6,0.05472860755535924,DPR-Exact-Block,V1_02_medium:1403715561412143104:1403715561612143104,0.037989,formal_public_module_evidence,0.028314446221491818,0.04714082324689142,0.08900716350403456,0.22977980477191495,0.7244712966205713,1,0,V1_02_medium,4,OK,True,750,1403715561412143104,2.7704539874128487e-10,1403715561612143104,224,True,299
0.9131915692582705,0.176144,0.050000000000000044,1.0,461,1.7486803158099282,6.0,,16,2.002747732548672,1.169288962622967,1.7704707639431747,2.7979800526070395,True,0.8376414906209333,0.7016432668096592,6,0.05472860755535924,DUC-K16,V1_02_medium:1403715561412143104:1403715561612143104,0.037989,formal_public_module_evidence,0.028314446221491818,0.04714082324689142,0.08900716350403456,0.22977980477191495,0.7244712966205713,1,0,V1_02_medium,4,OK,True,750,1403715561412143104,2.7704539874128487e-10,1403715561612143104,224,True,299
0.9509580478255619,0.068596,0.050000000000000044,1.0,461,1.8159847394747384,6.0,,16,2.002747732548672,1.169288962622967,1.7704707639431747,2.8208756276676694,True,0.8376414906209333,0.7016432668096592,6,0.05472860755535924,Permuted-K16,V1_02_medium:1403715561412143104:1403715561612143104,0.037989,formal_public_module_evidence,0.028314446221491818,0.04714082324689142,0.08900716350403456,0.22977980477191495,0.7244712966205713,1,0,V1_02_medium,4,OK,True,750,1403715561412143104,2.7704539874128487e-10,1403715561612143104,224,True,299
0.7976168965471613,0.005597,0.050000000000000044,1.0,461,1.007271667892089,6.0,,48,2.005457208755907,1.0036292482247062,1.7733576213406106,2.2955234616455926,True,0.6735549014130604,0.4536762052175575,6,0.015532691220877637,Raw,V1_02_medium:1403715561412143104:1403715561612143104,0.038333,formal_public_module_evidence,0.011913693851760887,0.03853877306080922,0.059046614554019626,0.43651120640791996,1.1435534068686504,4,0,V1_02_medium,4,OK,True,750,1403715561412143104,7.446576816597212e-12,1403715561612143104,224,True,299
0.8621554176847324,0.001985,0.050000000000000044,1.0,461,1.0744231124182282,6.0,,48,2.005457208755907,1.0036292482247062,1.7733576213406106,2.331911917880182,True,0.6735549014130604,0.4536762052175575,6,0.015532691220877637,Global-DoF,V1_02_medium:1403715561412143104:1403715561612143104,0.038333,formal_public_module_evidence,0.011913693851760887,0.03853877306080922,0.059046614554019626,0.43651120640791996,1.1435534068686504,4,0,V1_02_medium,4,OK,True,750,1403715561412143104,7.446576816597212e-12,1403715561612143104,224,True,299
0.8670924259999437,1.281698,0.050000000000000044,1.0,461,1.0797406638552716,6.0,,48,2.005457208755907,1.0036292482247062,1.7733576213406106,2.3347694071531553,True,0.6735549014130604,0.4536762052175575,6,0.015532691220877637,DPR-Exact-Block,V1_02_medium:1403715561412143104:1403715561612143104,0.038333,formal_public_module_evidence,0.011913693851760887,0.03853877306080922,0.059046614554019626,0.43651120640791996,1.1435534068686504,4,0,V1_02_medium,4,OK,True,750,1403715561412143104,7.446576816597212e-12,1403715561612143104,224,True,299
0.8514378386331367,0.312122,0.050000000000000044,1.0,461,1.0629693855249822,6.0,,48,2.005457208755907,1.0036292482247062,1.7733576213406106,2.325744185133896,True,0.6735549014130604,0.4536762052175575,6,0.015532691220877637,DUC-K16,V1_02_medium:1403715561412143104:1403715561612143104,0.038333,formal_public_module_evidence,0.011913693851760887,0.03853877306080922,0.059046614554019626,0.43651120640791996,1.1435534068686504,4,0,V1_02_medium,4,OK,True,750,1403715561412143104,7.446576816597212e-12,1403715561612143104,224,True,299
0.8475184015765733,0.105512,0.050000000000000044,1.0,461,1.058811297929705,6.0,,48,2.005457208755907,1.0036292482247062,1.7733576213406106,2.323500849567884,True,0.6735549014130604,0.4536762052175575,6,0.015532691220877637,Permuted-K16,V1_02_medium:1403715561412143104:1403715561612143104,0.038333,formal_public_module_evidence,0.011913693851760887,0.03853877306080922,0.059046614554019626,0.43651120640791996,1.1435534068686504,4,0,V1_02_medium,4,OK,True,750,1403715561412143104,7.446576816597212e-12,1403715561612143104,224,True,299
3.5707678262965814,0.006306,0.07499999999999996,0.875,531,0.1591842717357791,6.0,,16,1.5112940636199674,0.39897903671218005,1.4146618936748374,35.544058458354726,True,2.3786604904612045,5.658025728881138,6,0.11001211987266557,Raw,V1_02_medium:1403715561912143104:1403715562112143104,0.038058,formal_public_module_evidence,0.047642078205588745,0.09488651437190332,0.13894321926464645,0.38080105352666727,1.069302932089088,0,0,V1_02_medium,4,OK,True,760,1403715561912143104,1.080589557755313e-10,1403715562112143104,260,True,344
3.363128461518337,0.00201,0.07499999999999996,0.875,531,0.19591910367480503,6.0,,16,1.5112940636199674,0.39897903671218005,1.4146618936748374,29.08722141100284,True,2.3786604904612045,5.658025728881138,6,0.11001211987266557,Global-DoF,V1_02_medium:1403715561912143104:1403715562112143104,0.038058,formal_public_module_evidence,0.047642078205588745,0.09488651437190332,0.13894321926464645,0.38080105352666727,1.069302932089088,0,0,V1_02_medium,4,OK,True,760,1403715561912143104,1.080589557755313e-10,1403715562112143104,260,True,344
3.3100079845589194,0.482507,0.07499999999999996,0.875,531,0.20660780094021147,6.0,,16,1.5112940636199674,0.39897903671218005,1.4146618936748374,27.646288232989026,True,2.3786604904612045,5.658025728881138,6,0.11001211987266557,DPR-Exact-Block,V1_02_medium:1403715561912143104:1403715562112143104,0.038058,formal_public_module_evidence,0.047642078205588745,0.09488651437190332,0.13894321926464645,0.38080105352666727,1.069302932089088,0,0,V1_02_medium,4,OK,True,760,1403715561912143104,1.080589557755313e-10,1403715562112143104,260,True,344
3.2056370504900835,0.176522,0.07499999999999996,0.875,531,0.22933716310387384,6.0,,16,1.5112940636199674,0.39897903671218005,1.4146618936748374,25.03652685503319,True,2.3786604904612045,5.658025728881138,6,0.11001211987266557,DUC-K16,V1_02_medium:1403715561912143104:1403715562112143104,0.038058,formal_public_module_evidence,0.047642078205588745,0.09488651437190332,0.13894321926464645,0.38080105352666727,1.069302932089088,0,0,V1_02_medium,4,OK,True,760,1403715561912143104,1.080589557755313e-10,1403715562112143104,260,True,344
3.267060013824008,0.068132,0.07499999999999996,0.875,531,0.21567449109604345,6.0,,16,1.5112940636199674,0.39897903671218005,1.4146618936748374,26.53799004204713,True,2.3786604904612045,5.658025728881138,6,0.11001211987266557,Permuted-K16,V1_02_medium:1403715561912143104:1403715562112143104,0.038058,formal_public_module_evidence,0.047642078205588745,0.09488651437190332,0.13894321926464645,0.38080105352666727,1.069302932089088,0,0,V1_02_medium,4,OK,True,760,1403715561912143104,1.080589557755313e-10,1403715562112143104,260,True,344
1.1948118714004483,0.006008,0.008333333333333415,0.9583333333333334,531,1.755701690277233,6.000000000000001,,48,1.5098036876434837,1.325028939411224,1.4130649719082553,5.703682002200313,True,2.408105252412497,5.798970906696656,6,0.00590399300289024,Raw,V1_02_medium:1403715561912143104:1403715562112143104,0.03802,formal_public_module_evidence,0.01956948513201323,0.047199714285712825,0.07840158547025357,0.5912369756655511,1.7382463953560232,3,0,V1_02_medium,4,OK,True,760,1403715561912143104,1.1662332846292813e-09,1403715562112143104,260,True,344
1.1302733502628766,0.001933,0.008333333333333415,0.9583333333333334,531,1.8727484696290493,6.000000000000001,,48,1.5098036876434837,1.325028939411224,1.4130649719082553,5.561787002384041,True,2.408105252412497,5.798970906696656,6,0.00590399300289024,Global-DoF,V1_02_medium:1403715561912143104:1403715562112143104,0.03802,formal_public_module_evidence,0.01956948513201323,0.047199714285712825,0.07840158547025357,0.5912369756655511,1.7382463953560232,3,0,V1_02_medium,4,OK,True,760,1403715561912143104,1.1662332846292813e-09,1403715562112143104,260,True,344
1.1237548288424208,1.292508,0.008333333333333415,0.9583333333333334,531,1.884995894827999,6.000000000000001,,48,1.5098036876434837,1.325028939411224,1.4130649719082553,5.5481865481077195,True,2.408105252412497,5.798970906696656,6,0.00590399300289024,DPR-Exact-Block,V1_02_medium:1403715561912143104:1403715562112143104,0.03802,formal_public_module_evidence,0.01956948513201323,0.047199714285712825,0.07840158547025357,0.5912369756655511,1.7382463953560232,3,0,V1_02_medium,4,OK,True,760,1403715561912143104,1.1662332846292813e-09,1403715562112143104,260,True,344
1.129676319315954,0.313615,0.008333333333333415,0.9583333333333334,531,1.8738668922544577,6.000000000000001,,48,1.5098036876434837,1.325028939411224,1.4130649719082553,5.5605358770817235,True,2.408105252412497,5.798970906696656,6,0.00590399300289024,DUC-K16,V1_02_medium:1403715561912143104:1403715562112143104,0.03802,formal_public_module_evidence,0.01956948513201323,0.047199714285712825,0.07840158547025357,0.5912369756655511,1.7382463953560232,3,0,V1_02_medium,4,OK,True,760,1403715561912143104,1.1662332846292813e-09,1403715562112143104,260,True,344
1.1356841177798358,0.104469,0.008333333333333415,0.9583333333333334,531,1.862642827337398,6.000000000000001,,48,1.5098036876434837,1.325028939411224,1.4130649719082553,5.573176100808753,True,2.408105252412497,5.798970906696656,6,0.00590399300289024,Permuted-K16,V1_02_medium:1403715561912143104:1403715562112143104,0.03802,formal_public_module_evidence,0.01956948513201323,0.047199714285712825,0.07840158547025357,0.5912369756655511,1.7382463953560232,3,0,V1_02_medium,4,OK,True,760,1403715561912143104,1.1662332846292813e-09,1403715562112143104,260,True,344
4.794280269482733,0.007104,0.44999999999999996,0.5,510,0.061456190486165255,6.0,,16,1.259772829357835,0.24790359111187812,1.2590627174783913,119.86584087584322,True,2.7248810637338163,7.424976811495134,6,0.034884659624526804,Raw,V1_02_medium:1403715562412143104:1403715562612143104,0.041296,formal_public_module_evidence,0.0317671212468052,0.14211640992842328,0.11707265221123878,0.37152500386048,0.6989920757868668,0,0,V1_02_medium,5,OK,True,770,1403715562412143104,1.2257088084939169e-09,1403715562612143104,246,True,361
4.586640904704488,0.001997,0.4083333333333333,0.5416666666666666,510,0.07563838829066492,6.0,,16,1.259772829357835,0.24790359111187812,1.2590627174783913,97.42021876863454,True,2.7248810637338163,7.424976811495134,6,0.034884659624526804,Global-DoF,V1_02_medium:1403715562412143104:1403715562612143104,0.041296,formal_public_module_evidence,0.0317671212468052,0.14211640992842328,0.11707265221123878,0.37152500386048,0.6989920757868668,0,0,V1_02_medium,5,OK,True,770,1403715562412143104,1.2257088084939169e-09,1403715562612143104,246,True,361
4.610757555789778,0.478276,0.4083333333333333,0.5416666666666666,510,0.07383606403791183,6.0,,16,1.259772829357835,0.24790359111187812,1.2590627174783913,99.79226989874543,True,2.7248810637338163,7.424976811495134,6,0.034884659624526804,DPR-Exact-Block,V1_02_medium:1403715562412143104:1403715562612143104,0.041296,formal_public_module_evidence,0.0317671212468052,0.14211640992842328,0.11707265221123878,0.37152500386048,0.6989920757868668,0,0,V1_02_medium,5,OK,True,770,1403715562412143104,1.2257088084939169e-09,1403715562612143104,246,True,361
4.646265216870164,0.176186,0.4083333333333333,0.5416666666666666,510,0.07126031807593451,6.0,,16,1.259772829357835,0.24790359111187812,1.2590627174783913,103.39157324865442,True,2.7248810637338163,7.424976811495134,6,0.034884659624526804,DUC-K16,V1_02_medium:1403715562412143104:1403715562612143104,0.041296,formal_public_module_evidence,0.0317671212468052,0.14211640992842328,0.11707265221123878,0.37152500386048,0.6989920757868668,0,0,V1_02_medium,5,OK,True,770,1403715562412143104,1.2257088084939169e-09,1403715562612143104,246,True,361
4.548670888765845,0.06917,0.4083333333333333,0.5416666666666666,510,0.0785656005709995,6.0,,16,1.259772829357835,0.24790359111187812,1.2590627174783913,93.8007706060046,True,2.7248810637338163,7.424976811495134,6,0.034884659624526804,Permuted-K16,V1_02_medium:1403715562412143104:1403715562612143104,0.041296,formal_public_module_evidence,0.0317671212468052,0.14211640992842328,0.11707265221123878,0.37152500386048,0.6989920757868668,0,0,V1_02_medium,5,OK,True,770,1403715562412143104,1.2257088084939169e-09,1403715562612143104,246,True,361
1.4661631624205127,0.006354,0.033333333333333326,0.9166666666666666,510,1.8457284191751366,6.0,,48,1.1495637697413936,1.3585758790642268,1.2611198515745103,6.783330877701329,True,2.8278553134216575,7.996765673647101,6,0.052340114436774776,Raw,V1_02_medium:1403715562412143104:1403715562612143104,0.037872,formal_public_module_evidence,0.011948399820285671,0.041373590352881,0.05315131714681792,0.42453113649195634,1.0,4,0,V1_02_medium,4,OK,True,770,1403715562412143104,3.0017449247749305e-10,1403715562612143104,246,True,361
1.4016246412829414,0.002001,0.033333333333333326,0.9166666666666666,510,1.9687769804534792,6.0,,48,1.1495637697413936,1.3585758790642268,1.2611198515745103,6.577083161053005,True,2.8278553134216575,7.996765673647101,6,0.052340114436774776,Global-DoF,V1_02_medium:1403715562412143104:1403715562612143104,0.037872,formal_public_module_evidence,0.011948399820285671,0.041373590352881,0.05315131714681792,0.42453113649195634,1.0,4,0,V1_02_medium,4,OK,True,770,1403715562412143104,3.0017449247749305e-10,1403715562612143104,246,True,361
1.251421595852038,1.290275,0.008333333333333415,0.9583333333333334,510,2.2878570039391937,6.0,,48,1.1495637697413936,1.3585758790642268,1.2611198515745103,6.160800982777407,True,2.8278553134216575,7.996765673647101,6,0.052340114436774776,DPR-Exact-Block,V1_02_medium:1403715562412143104:1403715562612143104,0.037872,formal_public_module_evidence,0.011948399820285671,0.041373590352881,0.05315131714681792,0.42453113649195634,1.0,4,0,V1_02_medium,4,OK,True,770,1403715562412143104,3.0017449247749305e-10,1403715562612143104,246,True,361
1.2004052310910214,0.320333,0.008333333333333415,0.9583333333333334,510,2.4076037013403475,6.0,,48,1.1495637697413936,1.3585758790642268,1.2611198515745103,6.037971614434697,True,2.8278553134216575,7.996765673647101,6,0.052340114436774776,DUC-K16,V1_02_medium:1403715562412143104:1403715562612143104,0.037872,formal_public_module_evidence,0.011948399820285671,0.041373590352881,0.05315131714681792,0.42453113649195634,1.0,4,0,V1_02_medium,4,OK,True,770,1403715562412143104,3.0017449247749305e-10,1403715562612143104,246,True,361
1.4480331854736868,0.106446,0.033333333333333326,0.9166666666666666,510,1.879496616230907,6.0,,48,1.1495637697413936,1.3585758790642268,1.2611198515745103,6.723619049913165,True,2.8278553134216575,7.996765673647101,6,0.052340114436774776,Permuted-K16,V1_02_medium:1403715562412143104:1403715562612143104,0.037872,formal_public_module_evidence,0.011948399820285671,0.041373590352881,0.05315131714681792,0.42453113649195634,1.0,4,0,V1_02_medium,4,OK,True,770,1403715562412143104,3.0017449247749305e-10,1403715562612143104,246,True,361
3.131857882834366,0.006153,0.15833333333333333,0.7916666666666666,807,0.16403349675268805,6.000000000000002,,16,1.5322149795744064,0.40501048968228964,1.095832709812087,22.94670866111835,True,1.9388337444623995,3.759076288666089,6,0.02639356000983417,Raw,V1_02_medium:1403715562912143104:1403715563112143104,0.037161,formal_public_module_evidence,0.022705675843595174,0.14270839643146419,0.10528217175942367,0.2855313239329115,0.9312244559655696,0,0,V1_02_medium,4,OK,True,780,1403715562912143104,1.2226557579769819e-09,1403715563112143104,340,True,634
2.9242185180561218,0.002091,0.15833333333333333,0.7916666666666666,807,0.201887380618693,6.000000000000002,,16,1.5322149795744064,0.40501048968228964,1.095832709812087,18.85750123497831,True,1.9388337444623995,3.759076288666089,6,0.02639356000983417,Global-DoF,V1_02_medium:1403715562912143104:1403715563112143104,0.037161,formal_public_module_evidence,0.022705675843595174,0.14270839643146419,0.10528217175942367,0.2855313239329115,0.9312244559655696,0,0,V1_02_medium,4,OK,True,780,1403715562912143104,1.2226557579769819e-09,1403715563112143104,340,True,634
2.9593487672005163,0.449144,0.15833333333333333,0.7916666666666666,807,0.19491815862262576,6.000000000000002,,16,1.5322149795744064,0.40501048968228964,1.095832709812087,19.48810993314031,True,1.9388337444623995,3.759076288666089,6,0.02639356000983417,DPR-Exact-Block,V1_02_medium:1403715562912143104:1403715563112143104,0.037161,formal_public_module_evidence,0.022705675843595174,0.14270839643146419,0.10528217175942367,0.2855313239329115,0.9312244559655696,0,0,V1_02_medium,4,OK,True,780,1403715562912143104,1.2226557579769819e-09,1403715563112143104,340,True,634
2.9860968899151836,0.176344,0.15833333333333333,0.7916666666666666,807,0.18977357450601312,6.000000000000002,,16,1.5322149795744064,0.40501048968228964,1.095832709812087,19.984171194528326,True,1.9388337444623995,3.759076288666089,6,0.02639356000983417,DUC-K16,V1_02_medium:1403715562912143104:1403715563112143104,0.037161,formal_public_module_evidence,0.022705675843595174,0.14270839643146419,0.10528217175942367,0.2855313239329115,0.9312244559655696,0,0,V1_02_medium,4,OK,True,780,1403715562912143104,1.2226557579769819e-09,1403715563112143104,340,True,634
2.0293502408411803,0.06887,0.11666666666666659,0.8333333333333334,807,0.49402113390324964,6.000000000000002,,16,1.5322149795744064,0.40501048968228964,1.095832709812087,8.741840728248965,True,1.9388337444623995,3.759076288666089,6,0.02639356000983417,Permuted-K16,V1_02_medium:1403715562912143104:1403715563112143104,0.037161,formal_public_module_evidence,0.022705675843595174,0.14270839643146419,0.10528217175942367,0.2855313239329115,0.9312244559655696,0,0,V1_02_medium,4,OK,True,780,1403715562912143104,1.2226557579769819e-09,1403715563112143104,340,True,634
2.7544310764243933,0.006018,0.11666666666666659,0.8333333333333334,807,0.18790840198146008,6.0,,48,1.0851731570619032,0.43348402736601505,1.0936144089562225,15.878175783787208,True,1.7182652546897037,2.952435485473872,6,0.018524872366777467,Raw,V1_02_medium:1403715562912143104:1403715563112143104,0.037405,formal_public_module_evidence,0.010510244890584108,0.030870777018830457,0.04723107754547959,0.40612069400582185,1.6559229524229713,6,0,V1_02_medium,4,OK,True,780,1403715562912143104,1.3889761338515457e-09,1403715563112143104,340,True,634
2.6898925552868223,0.002107,0.11666666666666659,0.8333333333333334,807,0.20043562878022414,6.0,,48,1.0851731570619032,0.43348402736601505,1.0936144089562225,14.960708093939472,True,1.7182652546897037,2.952435485473872,6,0.018524872366777467,Global-DoF,V1_02_medium:1403715562912143104:1403715563112143104,0.037405,formal_public_module_evidence,0.010510244890584108,0.030870777018830457,0.04723107754547959,0.40612069400582185,1.6559229524229713,6,0,V1_02_medium,4,OK,True,780,1403715562912143104,1.3889761338515457e-09,1403715563112143104,340,True,634
2.659278543535008,1.281445,0.11666666666666659,0.8333333333333334,807,0.20666665925012276,6.0,,48,1.0851731570619032,0.43348402736601505,1.0936144089562225,14.547207609104282,True,1.7182652546897037,2.952435485473872,6,0.018524872366777467,DPR-Exact-Block,V1_02_medium:1403715562912143104:1403715563112143104,0.037405,formal_public_module_evidence,0.010510244890584108,0.030870777018830457,0.04723107754547959,0.40612069400582185,1.6559229524229713,6,0,V1_02_medium,4,OK,True,780,1403715562912143104,1.3889761338515457e-09,1403715563112143104,340,True,634
2.6409231665625246,0.317524,0.11666666666666659,0.8333333333333334,807,0.21049513273519957,6.0,,48,1.0851731570619032,0.43348402736601505,1.0936144089562225,14.305730419742074,True,1.7182652546897037,2.952435485473872,6,0.018524872366777467,DUC-K16,V1_02_medium:1403715562912143104:1403715563112143104,0.037405,formal_public_module_evidence,0.010510244890584108,0.030870777018830457,0.04723107754547959,0.40612069400582185,1.6559229524229713,6,0,V1_02_medium,4,OK,True,780,1403715562912143104,1.3889761338515457e-09,1403715563112143104,340,True,634
2.6780455098088205,0.1046,0.11666666666666659,0.8333333333333334,807,0.20282432032028153,6.0,,48,1.0851731570619032,0.43348402736601505,1.0936144089562225,14.79907668835498,True,1.7182652546897037,2.952435485473872,6,0.018524872366777467,Permuted-K16,V1_02_medium:1403715562912143104:1403715563112143104,0.037405,formal_public_module_evidence,0.010510244890584108,0.030870777018830457,0.04723107754547959,0.40612069400582185,1.6559229524229713,6,0,V1_02_medium,4,OK,True,780,1403715562912143104,1.3889761338515457e-09,1403715563112143104,340,True,634
,,,,794,,,INSUFFICIENT_TRACKS,16,,,,,,,,,,Raw,V1_02_medium:1403715563412143104:1403715563612143104,,formal_public_module_evidence,,,,,,,,V1_02_medium,,,,790,1403715563412143104,,1403715563612143104,60,False,753
,,,,794,,,INSUFFICIENT_TRACKS,16,,,,,,,,,,Global-DoF,V1_02_medium:1403715563412143104:1403715563612143104,,formal_public_module_evidence,,,,,,,,V1_02_medium,,,,790,1403715563412143104,,1403715563612143104,60,False,753
,,,,794,,,INSUFFICIENT_TRACKS,16,,,,,,,,,,DPR-Exact-Block,V1_02_medium:1403715563412143104:1403715563612143104,,formal_public_module_evidence,,,,,,,,V1_02_medium,,,,790,1403715563412143104,,1403715563612143104,60,False,753
,,,,794,,,INSUFFICIENT_TRACKS,16,,,,,,,,,,DUC-K16,V1_02_medium:1403715563412143104:1403715563612143104,,formal_public_module_evidence,,,,,,,,V1_02_medium,,,,790,1403715563412143104,,1403715563612143104,60,False,753
,,,,794,,,INSUFFICIENT_TRACKS,16,,,,,,,,,,Permuted-K16,V1_02_medium:1403715563412143104:1403715563612143104,,formal_public_module_evidence,,,,,,,,V1_02_medium,,,,790,1403715563412143104,,1403715563612143104,60,False,753
,,,,794,,,INSUFFICIENT_TRACKS,48,,,,,,,,,,Raw,V1_02_medium:1403715563412143104:1403715563612143104,,formal_public_module_evidence,,,,,,,,V1_02_medium,,,,790,1403715563412143104,,1403715563612143104,60,False,753
,,,,794,,,INSUFFICIENT_TRACKS,48,,,,,,,,,,Global-DoF,V1_02_medium:1403715563412143104:1403715563612143104,,formal_public_module_evidence,,,,,,,,V1_02_medium,,,,790,1403715563412143104,,1403715563612143104,60,False,753
,,,,794,,,INSUFFICIENT_TRACKS,48,,,,,,,,,,DPR-Exact-Block,V1_02_medium:1403715563412143104:1403715563612143104,,formal_public_module_evidence,,,,,,,,V1_02_medium,,,,790,1403715563412143104,,1403715563612143104,60,False,753
,,,,794,,,INSUFFICIENT_TRACKS,48,,,,,,,,,,DUC-K16,V1_02_medium:1403715563412143104:1403715563612143104,,formal_public_module_evidence,,,,,,,,V1_02_medium,,,,790,1403715563412143104,,1403715563612143104,60,False,753
,,,,794,,,INSUFFICIENT_TRACKS,48,,,,,,,,,,Permuted-K16,V1_02_medium:1403715563412143104:1403715563612143104,,formal_public_module_evidence,,,,,,,,V1_02_medium,,,,790,1403715563412143104,,1403715563612143104,60,False,753
,,,,542,,,INSUFFICIENT_TRACKS,16,,,,,,,,,,Raw,V1_02_medium:1403715563912143104:1403715564112143104,,formal_public_module_evidence,,,,,,,,V1_02_medium,,,,800,1403715563912143104,,1403715564112143104,32,False,532
,,,,542,,,INSUFFICIENT_TRACKS,16,,,,,,,,,,Global-DoF,V1_02_medium:1403715563912143104:1403715564112143104,,formal_public_module_evidence,,,,,,,,V1_02_medium,,,,800,1403715563912143104,,1403715564112143104,32,False,532
,,,,542,,,INSUFFICIENT_TRACKS,16,,,,,,,,,,DPR-Exact-Block,V1_02_medium:1403715563912143104:1403715564112143104,,formal_public_module_evidence,,,,,,,,V1_02_medium,,,,800,1403715563912143104,,1403715564112143104,32,False,532
,,,,542,,,INSUFFICIENT_TRACKS,16,,,,,,,,,,DUC-K16,V1_02_medium:1403715563912143104:1403715564112143104,,formal_public_module_evidence,,,,,,,,V1_02_medium,,,,800,1403715563912143104,,1403715564112143104,32,False,532
,,,,542,,,INSUFFICIENT_TRACKS,16,,,,,,,,,,Permuted-K16,V1_02_medium:1403715563912143104:1403715564112143104,,formal_public_module_evidence,,,,,,,,V1_02_medium,,,,800,1403715563912143104,,1403715564112143104,32,False,532
,,,,542,,,INSUFFICIENT_TRACKS,48,,,,,,,,,,Raw,V1_02_medium:1403715563912143104:1403715564112143104,,formal_public_module_evidence,,,,,,,,V1_02_medium,,,,800,1403715563912143104,,1403715564112143104,32,False,532
,,,,542,,,INSUFFICIENT_TRACKS,48,,,,,,,,,,Global-DoF,V1_02_medium:1403715563912143104:1403715564112143104,,formal_public_module_evidence,,,,,,,,V1_02_medium,,,,800,1403715563912143104,,1403715564112143104,32,False,532
,,,,542,,,INSUFFICIENT_TRACKS,48,,,,,,,,,,DPR-Exact-Block,V1_02_medium:1403715563912143104:1403715564112143104,,formal_public_module_evidence,,,,,,,,V1_02_medium,,,,800,1403715563912143104,,1403715564112143104,32,False,532
,,,,542,,,INSUFFICIENT_TRACKS,48,,,,,,,,,,DUC-K16,V1_02_medium:1403715563912143104:1403715564112143104,,formal_public_module_evidence,,,,,,,,V1_02_medium,,,,800,1403715563912143104,,1403715564112143104,32,False,532
,,,,542,,,INSUFFICIENT_TRACKS,48,,,,,,,,,,Permuted-K16,V1_02_medium:1403715563912143104:1403715564112143104,,formal_public_module_evidence,,,,,,,,V1_02_medium,,,,800,1403715563912143104,,1403715564112143104,32,False,532
,,,,295,,,INSUFFICIENT_TRACKS,16,,,,,,,,,,Raw,V1_02_medium:1403715564412143104:1403715564612143104,,formal_public_module_evidence,,,,,,,,V1_02_medium,,,,810,1403715564412143104,,1403715564612143104,1,False,201
,,,,295,,,INSUFFICIENT_TRACKS,16,,,,,,,,,,Global-DoF,V1_02_medium:1403715564412143104:1403715564612143104,,formal_public_module_evidence,,,,,,,,V1_02_medium,,,,810,1403715564412143104,,1403715564612143104,1,False,201
,,,,295,,,INSUFFICIENT_TRACKS,16,,,,,,,,,,DPR-Exact-Block,V1_02_medium:1403715564412143104:1403715564612143104,,formal_public_module_evidence,,,,,,,,V1_02_medium,,,,810,1403715564412143104,,1403715564612143104,1,False,201
,,,,295,,,INSUFFICIENT_TRACKS,16,,,,,,,,,,DUC-K16,V1_02_medium:1403715564412143104:1403715564612143104,,formal_public_module_evidence,,,,,,,,V1_02_medium,,,,810,1403715564412143104,,1403715564612143104,1,False,201
,,,,295,,,INSUFFICIENT_TRACKS,16,,,,,,,,,,Permuted-K16,V1_02_medium:1403715564412143104:1403715564612143104,,formal_public_module_evidence,,,,,,,,V1_02_medium,,,,810,1403715564412143104,,1403715564612143104,1,False,201
,,,,295,,,INSUFFICIENT_TRACKS,48,,,,,,,,,,Raw,V1_02_medium:1403715564412143104:1403715564612143104,,formal_public_module_evidence,,,,,,,,V1_02_medium,,,,810,1403715564412143104,,1403715564612143104,1,False,201
,,,,295,,,INSUFFICIENT_TRACKS,48,,,,,,,,,,Global-DoF,V1_02_medium:1403715564412143104:1403715564612143104,,formal_public_module_evidence,,,,,,,,V1_02_medium,,,,810,1403715564412143104,,1403715564612143104,1,False,201
,,,,295,,,INSUFFICIENT_TRACKS,48,,,,,,,,,,DPR-Exact-Block,V1_02_medium:1403715564412143104:1403715564612143104,,formal_public_module_evidence,,,,,,,,V1_02_medium,,,,810,1403715564412143104,,1403715564612143104,1,False,201
,,,,295,,,INSUFFICIENT_TRACKS,48,,,,,,,,,,DUC-K16,V1_02_medium:1403715564412143104:1403715564612143104,,formal_public_module_evidence,,,,,,,,V1_02_medium,,,,810,1403715564412143104,,1403715564612143104,1,False,201
,,,,295,,,INSUFFICIENT_TRACKS,48,,,,,,,,,,Permuted-K16,V1_02_medium:1403715564412143104:1403715564612143104,,formal_public_module_evidence,,,,,,,,V1_02_medium,,,,810,1403715564412143104,,1403715564612143104,1,False,201
,,,,290,,,INSUFFICIENT_TRACKS,16,,,,,,,,,,Raw,V1_02_medium:1403715564912143104:1403715565112143104,,formal_public_module_evidence,,,,,,,,V1_02_medium,,,,820,1403715564912143104,,1403715565112143104,20,False,231
,,,,290,,,INSUFFICIENT_TRACKS,16,,,,,,,,,,Global-DoF,V1_02_medium:1403715564912143104:1403715565112143104,,formal_public_module_evidence,,,,,,,,V1_02_medium,,,,820,1403715564912143104,,1403715565112143104,20,False,231
,,,,290,,,INSUFFICIENT_TRACKS,16,,,,,,,,,,DPR-Exact-Block,V1_02_medium:1403715564912143104:1403715565112143104,,formal_public_module_evidence,,,,,,,,V1_02_medium,,,,820,1403715564912143104,,1403715565112143104,20,False,231
,,,,290,,,INSUFFICIENT_TRACKS,16,,,,,,,,,,DUC-K16,V1_02_medium:1403715564912143104:1403715565112143104,,formal_public_module_evidence,,,,,,,,V1_02_medium,,,,820,1403715564912143104,,1403715565112143104,20,False,231
,,,,290,,,INSUFFICIENT_TRACKS,16,,,,,,,,,,Permuted-K16,V1_02_medium:1403715564912143104:1403715565112143104,,formal_public_module_evidence,,,,,,,,V1_02_medium,,,,820,1403715564912143104,,1403715565112143104,20,False,231
,,,,290,,,INSUFFICIENT_TRACKS,48,,,,,,,,,,Raw,V1_02_medium:1403715564912143104:1403715565112143104,,formal_public_module_evidence,,,,,,,,V1_02_medium,,,,820,1403715564912143104,,1403715565112143104,20,False,231
,,,,290,,,INSUFFICIENT_TRACKS,48,,,,,,,,,,Global-DoF,V1_02_medium:1403715564912143104:1403715565112143104,,formal_public_module_evidence,,,,,,,,V1_02_medium,,,,820,1403715564912143104,,1403715565112143104,20,False,231
,,,,290,,,INSUFFICIENT_TRACKS,48,,,,,,,,,,DPR-Exact-Block,V1_02_medium:1403715564912143104:1403715565112143104,,formal_public_module_evidence,,,,,,,,V1_02_medium,,,,820,1403715564912143104,,1403715565112143104,20,False,231
,,,,290,,,INSUFFICIENT_TRACKS,48,,,,,,,,,,DUC-K16,V1_02_medium:1403715564912143104:1403715565112143104,,formal_public_module_evidence,,,,,,,,V1_02_medium,,,,820,1403715564912143104,,1403715565112143104,20,False,231
,,,,290,,,INSUFFICIENT_TRACKS,48,,,,,,,,,,Permuted-K16,V1_02_medium:1403715564912143104:1403715565112143104,,formal_public_module_evidence,,,,,,,,V1_02_medium,,,,820,1403715564912143104,,1403715565112143104,20,False,231
1.9054989043865587,0.006051,0.11666666666666659,0.8333333333333334,307,0.5001066211580849,6.000000000000002,,16,2.3568542315386334,0.7071821697116556,2.305268378866387,7.867703911396248,True,1.8336022446333484,3.362097191524454,6,0.010895315682713957,Raw,V1_02_medium:1403715565412143104:1403715565612143104,0.044964,formal_public_module_evidence,0.04119896286810276,0.08448242348377005,0.12430660504147588,0.4600418907684945,0.8637253823204365,0,0,V1_02_medium,4,OK,True,830,1403715565412143104,3.4761377889392453e-09,1403715565612143104,93,True,273
1.6978595396083143,0.002135,0.07499999999999996,0.875,307,0.6155158414253352,6.000000000000002,,16,2.3568542315386334,0.7071821697116556,2.305268378866387,6.8148256250563195,True,1.8336022446333484,3.362097191524454,6,0.010895315682713957,Global-DoF,V1_02_medium:1403715565412143104:1403715565612143104,0.044964,formal_public_module_evidence,0.04119896286810276,0.08448242348377005,0.12430660504147588,0.4600418907684945,0.8637253823204365,0,0,V1_02_medium,4,OK,True,830,1403715565412143104,3.4761377889392453e-09,1403715565612143104,93,True,273
1.702486698424301,0.484299,0.07499999999999996,0.875,307,0.6126743310031729,6.000000000000002,,16,2.3568542315386334,0.7071821697116556,2.305268378866387,6.835531698052843,True,1.8336022446333484,3.362097191524454,6,0.010895315682713957,DPR-Exact-Block,V1_02_medium:1403715565412143104:1403715565612143104,0.044964,formal_public_module_evidence,0.04119896286810276,0.08448242348377005,0.12430660504147588,0.4600418907684945,0.8637253823204365,0,0,V1_02_medium,4,OK,True,830,1403715565412143104,3.4761377889392453e-09,1403715565612143104,93,True,273
1.7134418027328364,0.178153,0.07499999999999996,0.875,307,0.6059990507561978,6.000000000000002,,16,2.3568542315386334,0.7071821697116556,2.305268378866387,6.885024065092513,True,1.8336022446333484,3.362097191524454,6,0.010895315682713957,DUC-K16,V1_02_medium:1403715565412143104:1403715565612143104,0.044964,formal_public_module_evidence,0.04119896286810276,0.08448242348377005,0.12430660504147588,0.4600418907684945,0.8637253823204365,0,0,V1_02_medium,4,OK,True,830,1403715565412143104,3.4761377889392453e-09,1403715565612143104,93,True,273
1.630229558696503,0.068304,0.033333333333333326,0.9166666666666666,307,0.6585830700834887,6.000000000000002,,16,2.3568542315386334,0.7071821697116556,2.305268378866387,6.525258942977175,True,1.8336022446333484,3.362097191524454,6,0.010895315682713957,Permuted-K16,V1_02_medium:1403715565412143104:1403715565612143104,0.044964,formal_public_module_evidence,0.04119896286810276,0.08448242348377005,0.12430660504147588,0.4600418907684945,0.8637253823204365,0,0,V1_02_medium,4,OK,True,830,1403715565412143104,3.4761377889392453e-09,1403715565612143104,93,True,273
1.7217775483171767,0.006278,0.07499999999999996,0.875,307,0.6005086336171036,6.0,,48,2.3107301648618623,0.7749249212776058,2.3093097152563686,6.922362867560345,True,1.8329004253621448,3.3595239692927312,6,0.01191637537832202,Raw,V1_02_medium:1403715565412143104:1403715565612143104,0.039065,formal_public_module_evidence,0.020008842702282648,0.060838115147910675,0.08471567672853848,0.5984648851417598,1.9238247434349873,7,0,V1_02_medium,4,OK,True,830,1403715565412143104,4.010396786532786e-10,1403715565612143104,93,True,273
1.6572390271796056,0.002041,0.07499999999999996,0.875,307,0.6405425425249105,6.0,,48,2.3107301648618623,0.7749249212776058,2.3093097152563686,6.63724738486443,True,1.8329004253621448,3.3595239692927312,6,0.01191637537832202,Global-DoF,V1_02_medium:1403715565412143104:1403715565612143104,0.039065,formal_public_module_evidence,0.020008842702282648,0.060838115147910675,0.08471567672853848,0.5984648851417598,1.9238247434349873,7,0,V1_02_medium,4,OK,True,830,1403715565412143104,4.010396786532786e-10,1403715565612143104,93,True,273
1.674087807683983,1.284003,0.07499999999999996,0.875,307,0.6298405923990339,6.0,,48,2.3107301648618623,0.7749249212776058,2.3093097152563686,6.7095159085358445,True,1.8329004253621448,3.3595239692927312,6,0.01191637537832202,DPR-Exact-Block,V1_02_medium:1403715565412143104:1403715565612143104,0.039065,formal_public_module_evidence,0.020008842702282648,0.060838115147910675,0.08471567672853848,0.5984648851417598,1.9238247434349873,7,0,V1_02_medium,4,OK,True,830,1403715565412143104,4.010396786532786e-10,1403715565612143104,93,True,273
1.6860757521946985,0.314513,0.07499999999999996,0.875,307,0.6223351754715023,6.0,,48,2.3107301648618623,0.7749249212776058,2.3093097152563686,6.761855596928463,True,1.8329004253621448,3.3595239692927312,6,0.01191637537832202,DUC-K16,V1_02_medium:1403715565412143104:1403715565612143104,0.039065,formal_public_module_evidence,0.020008842702282648,0.060838115147910675,0.08471567672853848,0.5984648851417598,1.9238247434349873,7,0,V1_02_medium,4,OK,True,830,1403715565412143104,4.010396786532786e-10,1403715565612143104,93,True,273
1.6529832640942994,0.108488,0.07499999999999996,0.875,307,0.6432743486687323,6.0,,48,2.3107301648618623,0.7749249212776058,2.3093097152563686,6.619229907351982,True,1.8329004253621448,3.3595239692927312,6,0.01191637537832202,Permuted-K16,V1_02_medium:1403715565412143104:1403715565612143104,0.039065,formal_public_module_evidence,0.020008842702282648,0.060838115147910675,0.08471567672853848,0.5984648851417598,1.9238247434349873,7,0,V1_02_medium,4,OK,True,830,1403715565412143104,4.010396786532786e-10,1403715565612143104,93,True,273
,,,,269,,,INSUFFICIENT_TRACKS,16,,,,,,,,,,Raw,V1_02_medium:1403715565912143104:1403715566112143104,,formal_public_module_evidence,,,,,,,,V1_02_medium,,,,840,1403715565912143104,,1403715566112143104,60,False,131
,,,,269,,,INSUFFICIENT_TRACKS,16,,,,,,,,,,Global-DoF,V1_02_medium:1403715565912143104:1403715566112143104,,formal_public_module_evidence,,,,,,,,V1_02_medium,,,,840,1403715565912143104,,1403715566112143104,60,False,131
,,,,269,,,INSUFFICIENT_TRACKS,16,,,,,,,,,,DPR-Exact-Block,V1_02_medium:1403715565912143104:1403715566112143104,,formal_public_module_evidence,,,,,,,,V1_02_medium,,,,840,1403715565912143104,,1403715566112143104,60,False,131
,,,,269,,,INSUFFICIENT_TRACKS,16,,,,,,,,,,DUC-K16,V1_02_medium:1403715565912143104:1403715566112143104,,formal_public_module_evidence,,,,,,,,V1_02_medium,,,,840,1403715565912143104,,1403715566112143104,60,False,131
,,,,269,,,INSUFFICIENT_TRACKS,16,,,,,,,,,,Permuted-K16,V1_02_medium:1403715565912143104:1403715566112143104,,formal_public_module_evidence,,,,,,,,V1_02_medium,,,,840,1403715565912143104,,1403715566112143104,60,False,131
,,,,269,,,INSUFFICIENT_TRACKS,48,,,,,,,,,,Raw,V1_02_medium:1403715565912143104:1403715566112143104,,formal_public_module_evidence,,,,,,,,V1_02_medium,,,,840,1403715565912143104,,1403715566112143104,60,False,131
,,,,269,,,INSUFFICIENT_TRACKS,48,,,,,,,,,,Global-DoF,V1_02_medium:1403715565912143104:1403715566112143104,,formal_public_module_evidence,,,,,,,,V1_02_medium,,,,840,1403715565912143104,,1403715566112143104,60,False,131
,,,,269,,,INSUFFICIENT_TRACKS,48,,,,,,,,,,DPR-Exact-Block,V1_02_medium:1403715565912143104:1403715566112143104,,formal_public_module_evidence,,,,,,,,V1_02_medium,,,,840,1403715565912143104,,1403715566112143104,60,False,131
,,,,269,,,INSUFFICIENT_TRACKS,48,,,,,,,,,,DUC-K16,V1_02_medium:1403715565912143104:1403715566112143104,,formal_public_module_evidence,,,,,,,,V1_02_medium,,,,840,1403715565912143104,,1403715566112143104,60,False,131
,,,,269,,,INSUFFICIENT_TRACKS,48,,,,,,,,,,Permuted-K16,V1_02_medium:1403715565912143104:1403715566112143104,,formal_public_module_evidence,,,,,,,,V1_02_medium,,,,840,1403715565912143104,,1403715566112143104,60,False,131
1.391195524323921,0.005884,0.11666666666666659,0.8333333333333334,240,0.32197227504270465,6.000000000000002,,16,2.5609735802033446,0.5674260084299139,2.634545606344024,4.724240001115177,True,1.1376364747104741,1.2942167485916753,6,0.06721433057932313,Raw,V1_02_medium:1403715566412143104:1403715566612143104,0.037947,formal_public_module_evidence,0.02508223282984623,0.12474793270012824,0.13201067727361304,0.2759807095307644,0.8795209212650388,0,0,V1_02_medium,4,OK,True,850,1403715566412143104,5.417529291157458e-10,1403715566612143104,170,True,215
1.1835561595456765,0.002078,0.11666666666666659,0.8333333333333334,240,0.3962735692833288,6.000000000000002,,16,2.5609735802033446,0.5674260084299139,2.634545606344024,4.178194470730467,True,1.1376364747104741,1.2942167485916753,6,0.06721433057932313,Global-DoF,V1_02_medium:1403715566412143104:1403715566612143104,0.037947,formal_public_module_evidence,0.02508223282984623,0.12474793270012824,0.13201067727361304,0.2759807095307644,0.8795209212650388,0,0,V1_02_medium,4,OK,True,850,1403715566412143104,5.417529291157458e-10,1403715566612143104,170,True,215
1.1905098979739765,0.485289,0.11666666666666659,0.8333333333333334,240,0.39352754516839483,6.000000000000002,,16,2.5609735802033446,0.5674260084299139,2.634545606344024,4.194030564080282,True,1.1376364747104741,1.2942167485916753,6,0.06721433057932313,DPR-Exact-Block,V1_02_medium:1403715566412143104:1403715566612143104,0.037947,formal_public_module_evidence,0.02508223282984623,0.12474793270012824,0.13201067727361304,0.2759807095307644,0.8795209212650388,0,0,V1_02_medium,4,OK,True,850,1403715566412143104,5.417529291157458e-10,1403715566612143104,170,True,215
1.1254580736808986,0.181782,0.11666666666666659,0.8333333333333334,240,0.41997823568141285,6.000000000000002,,16,2.5609735802033446,0.5674260084299139,2.634545606344024,4.051952815956358,True,1.1376364747104741,1.2942167485916753,6,0.06721433057932313,DUC-K16,V1_02_medium:1403715566412143104:1403715566612143104,0.037947,formal_public_module_evidence,0.02508223282984623,0.12474793270012824,0.13201067727361304,0.2759807095307644,0.8795209212650388,0,0,V1_02_medium,4,OK,True,850,1403715566412143104,5.417529291157458e-10,1403715566612143104,170,True,215
1.11076082564465,0.073415,0.11666666666666659,0.8333333333333334,240,0.42619634258051814,6.000000000000002,,16,2.5609735802033446,0.5674260084299139,2.634545606344024,4.021689816159776,True,1.1376364747104741,1.2942167485916753,6,0.06721433057932313,Permuted-K16,V1_02_medium:1403715566412143104:1403715566612143104,0.037947,formal_public_module_evidence,0.02508223282984623,0.12474793270012824,0.13201067727361304,0.2759807095307644,0.8795209212650388,0,0,V1_02_medium,4,OK,True,850,1403715566412143104,5.417529291157458e-10,1403715566612143104,170,True,215
0.7136483940250399,0.006319,0.07499999999999996,0.875,240,0.6302017419674416,6.0,,48,2.562065695282875,0.79385246864102,2.6352276457943793,3.4175873945803485,True,1.134244232006654,1.2865099778403641,6,0.004410937893321698,Raw,V1_02_medium:1403715566412143104:1403715566612143104,0.03853,formal_public_module_evidence,0.011779172023176687,0.043413694933517356,0.05880289608473042,0.4493614220362258,1.118432424342365,4,0,V1_02_medium,4,OK,True,850,1403715566412143104,4.003621120995342e-10,1403715566612143104,170,True,215
0.6491098728874688,0.001951,0.07499999999999996,0.875,240,0.6722151914319376,6.0,,48,2.562065695282875,0.79385246864102,2.6352276457943793,3.3545368148626946,True,1.134244232006654,1.2865099778403641,6,0.004410937893321698,Global-DoF,V1_02_medium:1403715566412143104:1403715566612143104,0.03853,formal_public_module_evidence,0.011779172023176687,0.043413694933517356,0.05880289608473042,0.4493614220362258,1.118432424342365,4,0,V1_02_medium,4,OK,True,850,1403715566412143104,4.003621120995342e-10,1403715566612143104,170,True,215
0.6344578688583005,1.279531,0.07499999999999996,0.875,240,0.6821370008192812,6.0,,48,2.562065695282875,0.79385246864102,2.6352276457943793,3.3413517113078797,True,1.134244232006654,1.2865099778403641,6,0.004410937893321698,DPR-Exact-Block,V1_02_medium:1403715566412143104:1403715566612143104,0.03853,formal_public_module_evidence,0.011779172023176687,0.043413694933517356,0.05880289608473042,0.4493614220362258,1.118432424342365,4,0,V1_02_medium,4,OK,True,850,1403715566412143104,4.003621120995342e-10,1403715566612143104,170,True,215
0.630056630638882,0.314245,0.07499999999999996,0.875,240,0.6851458647646318,6.0,,48,2.562065695282875,0.79385246864102,2.6352276457943793,3.337470456844749,True,1.134244232006654,1.2865099778403641,6,0.004410937893321698,DUC-K16,V1_02_medium:1403715566412143104:1403715566612143104,0.03853,formal_public_module_evidence,0.011779172023176687,0.043413694933517356,0.05880289608473042,0.4493614220362258,1.118432424342365,4,0,V1_02_medium,4,OK,True,850,1403715566412143104,4.003621120995342e-10,1403715566612143104,170,True,215
0.6566046877139983,0.104539,0.07499999999999996,0.875,240,0.6671958958893057,6.0,,48,2.562065695282875,0.79385246864102,2.6352276457943793,3.3614397370986233,True,1.134244232006654,1.2865099778403641,6,0.004410937893321698,Permuted-K16,V1_02_medium:1403715566412143104:1403715566612143104,0.03853,formal_public_module_evidence,0.011779172023176687,0.043413694933517356,0.05880289608473042,0.4493614220362258,1.118432424342365,4,0,V1_02_medium,4,OK,True,850,1403715566412143104,4.003621120995342e-10,1403715566612143104,170,True,215
0.6232471310212481,0.006107,0.19999999999999996,0.75,378,2.43361668622559,5.999999999999999,,16,1.7804248978413029,1.56000534814006,3.3355922305917014,4.592229601022044,True,2.130406518061482,4.5386319321988475,6,0.035763804395898324,Raw,V1_02_medium:1403715566912143104:1403715567112143104,0.03723,formal_public_module_evidence,0.025578034633401192,0.09767814357052482,0.09717375811483353,0.3182960155862255,1.087255350004459,1,0,V1_02_medium,5,OK,True,860,1403715566912143104,4.616246140410538e-10,1403715567112143104,162,True,342
0.4156077662430037,0.00209,0.15833333333333333,0.7916666666666666,378,2.995220536893034,5.999999999999999,,16,1.7804248978413029,1.56000534814006,3.3355922305917014,4.450186334141837,True,2.130406518061482,4.5386319321988475,6,0.035763804395898324,Global-DoF,V1_02_medium:1403715566912143104:1403715567112143104,0.03723,formal_public_module_evidence,0.025578034633401192,0.09767814357052482,0.09717375811483353,0.3182960155862255,1.087255350004459,1,0,V1_02_medium,5,OK,True,860,1403715566912143104,4.616246140410538e-10,1403715567112143104,162,True,342
0.12842026651714458,0.44942,0.11666666666666659,0.8333333333333334,378,3.991652731687628,5.999999999999999,,16,1.7804248978413029,1.56000534814006,3.3355922305917014,4.359113188268761,True,2.130406518061482,4.5386319321988475,6,0.035763804395898324,DPR-Exact-Block,V1_02_medium:1403715566912143104:1403715567112143104,0.03723,formal_public_module_evidence,0.025578034633401192,0.09767814357052482,0.09717375811483353,0.3182960155862255,1.087255350004459,1,0,V1_02_medium,5,OK,True,860,1403715566912143104,4.616246140410538e-10,1403715567112143104,162,True,342
0.0932811367079232,0.175151,0.11666666666666659,0.8333333333333334,378,4.134409419200058,5.999999999999999,,16,1.7804248978413029,1.56000534814006,3.3355922305917014,4.3549918752456085,True,2.130406518061482,4.5386319321988475,6,0.035763804395898324,DUC-K16,V1_02_medium:1403715566912143104:1403715567112143104,0.03723,formal_public_module_evidence,0.025578034633401192,0.09767814357052482,0.09717375811483353,0.3182960155862255,1.087255350004459,1,0,V1_02_medium,5,OK,True,860,1403715566912143104,4.616246140410538e-10,1403715567112143104,162,True,342
0.13529553593779142,0.067865,0.008333333333333415,0.9583333333333334,378,5.1961666241111235,5.999999999999999,,16,1.7804248978413029,1.56000534814006,3.3355922305917014,4.359255967858121,True,2.130406518061482,4.5386319321988475,6,0.035763804395898324,Permuted-K16,V1_02_medium:1403715566912143104:1403715567112143104,0.03723,formal_public_module_evidence,0.025578034633401192,0.09767814357052482,0.09717375811483353,0.3182960155862255,1.087255350004459,1,0,V1_02_medium,5,OK,True,860,1403715566912143104,4.616246140410538e-10,1403715567112143104,162,True,342
0.047699878248819674,0.00598,0.07499999999999996,0.875,378,2.227240386337934,6.000000000000002,,48,1.7682830374660372,1.4923941792763513,3.327590711140582,3.68749621427292,True,1.5284155357260356,2.336054049848704,6,0.03612567422429391,Raw,V1_02_medium:1403715566912143104:1403715567112143104,0.039201,formal_public_module_evidence,0.007918682081784367,0.0344486940706196,0.0432050370577625,0.4131392700842542,0.9830532322351958,1,0,V1_02_medium,5,OK,True,860,1403715566912143104,1.2256003624960362e-10,1403715567112143104,162,True,342
0.016838642888751545,0.001929,0.07499999999999996,0.875,378,2.3757230787604633,6.000000000000002,,48,1.7682830374660372,1.4923941792763513,3.327590711140582,3.686481246433217,True,1.5284155357260356,2.336054049848704,6,0.03612567422429391,Global-DoF,V1_02_medium:1403715566912143104:1403715567112143104,0.039201,formal_public_module_evidence,0.007918682081784367,0.0344486940706196,0.0432050370577625,0.4131392700842542,0.9830532322351958,1,0,V1_02_medium,5,OK,True,860,1403715566912143104,1.2256003624960362e-10,1403715567112143104,162,True,342
0.03624183952257689,1.277439,0.07499999999999996,0.875,378,2.422269818241699,6.000000000000002,,48,1.7682830374660372,1.4923941792763513,3.327590711140582,3.6869891419498892,True,1.5284155357260356,2.336054049848704,6,0.03612567422429391,DPR-Exact-Block,V1_02_medium:1403715566912143104:1403715567112143104,0.039201,formal_public_module_evidence,0.007918682081784367,0.0344486940706196,0.0432050370577625,0.4131392700842542,0.9830532322351958,1,0,V1_02_medium,5,OK,True,860,1403715566912143104,1.2256003624960362e-10,1403715567112143104,162,True,342
0.0005525208001765601,0.312383,0.07499999999999996,0.875,378,2.3347636879045597,6.000000000000002,,48,1.7682830374660372,1.4923941792763513,3.327590711140582,3.6863404215530835,True,1.5284155357260356,2.336054049848704,6,0.03612567422429391,DUC-K16,V1_02_medium:1403715566912143104:1403715567112143104,0.039201,formal_public_module_evidence,0.007918682081784367,0.0344486940706196,0.0432050370577625,0.4131392700842542,0.9830532322351958,1,0,V1_02_medium,5,OK,True,860,1403715566912143104,1.2256003624960362e-10,1403715567112143104,162,True,342
0.009914303781690822,0.103848,0.07499999999999996,0.875,378,2.359329589080283,6.000000000000002,,48,1.7682830374660372,1.4923941792763513,3.327590711140582,3.686389253578388,True,1.5284155357260356,2.336054049848704,6,0.03612567422429391,Permuted-K16,V1_02_medium:1403715566912143104:1403715567112143104,0.039201,formal_public_module_evidence,0.007918682081784367,0.0344486940706196,0.0432050370577625,0.4131392700842542,0.9830532322351958,1,0,V1_02_medium,5,OK,True,860,1403715566912143104,1.2256003624960362e-10,1403715567112143104,162,True,342
0.13292207430840977,0.006293,0.050000000000000044,1.0,319,0.48648720322466,6.0,,16,2.852230736661828,0.6974863462639681,2.7315740936193067,2.259493376133157,True,0.7454171357236191,0.5556467062304044,6,0.03252261840212545,Raw,V1_02_medium:1403715567412143104:1403715567612143104,0.037098,formal_public_module_evidence,0.029433368063180976,0.06526891229388007,0.1109296265796246,0.2969648064518279,0.6286342050164139,0,0,V1_02_medium,5,OK,True,870,1403715567412143104,3.7569599225710264e-10,1403715567612143104,127,True,280
0.07471729046983465,0.001982,0.050000000000000044,1.0,319,0.5987534808918892,6.0,,16,2.852230736661828,0.6974863462639681,2.7315740936193067,2.2529775550655597,True,0.7454171357236191,0.5556467062304044,6,0.03252261840212545,Global-DoF,V1_02_medium:1403715567412143104:1403715567612143104,0.037098,formal_public_module_evidence,0.029433368063180976,0.06526891229388007,0.1109296265796246,0.2969648064518279,0.6286342050164139,0,0,V1_02_medium,5,OK,True,870,1403715567412143104,3.7569599225710264e-10,1403715567612143104,127,True,280
0.06545347476494691,0.45338,0.050000000000000044,1.0,319,0.5932323518376946,6.0,,16,2.852230736661828,0.6974863462639681,2.7315740936193067,2.2523505572928157,True,0.7454171357236191,0.5556467062304044,6,0.03252261840212545,DPR-Exact-Block,V1_02_medium:1403715567412143104:1403715567612143104,0.037098,formal_public_module_evidence,0.029433368063180976,0.06526891229388007,0.1109296265796246,0.2969648064518279,0.6286342050164139,0,0,V1_02_medium,5,OK,True,870,1403715567412143104,3.7569599225710264e-10,1403715567612143104,127,True,280
0.032390242220061295,0.176114,0.050000000000000044,1.0,319,0.5739388824350818,6.0,,16,2.852230736661828,0.6974863462639681,2.7315740936193067,2.2507734051411217,True,0.7454171357236191,0.5556467062304044,6,0.03252261840212545,DUC-K16,V1_02_medium:1403715567412143104:1403715567612143104,0.037098,formal_public_module_evidence,0.029433368063180976,0.06526891229388007,0.1109296265796246,0.2969648064518279,0.6286342050164139,0,0,V1_02_medium,5,OK,True,870,1403715567412143104,3.7569599225710264e-10,1403715567612143104,127,True,280
0.062217432270733536,0.067788,0.050000000000000044,1.0,319,0.5913157295463631,6.0,,16,2.852230736661828,0.6974863462639681,2.7315740936193067,2.2521504396709826,True,0.7454171357236191,0.5556467062304044,6,0.03252261840212545,Permuted-K16,V1_02_medium:1403715567412143104:1403715567612143104,0.037098,formal_public_module_evidence,0.029433368063180976,0.06526891229388007,0.1109296265796246,0.2969648064518279,0.6286342050164139,0,0,V1_02_medium,5,OK,True,870,1403715567412143104,3.7569599225710264e-10,1403715567612143104,127,True,280
0.31371808315238897,0.005924,0.008333333333333415,0.9583333333333334,319,0.6843195663057515,6.0,,48,2.7263668757947266,0.8272361007026661,2.739136739472896,2.1892718009596446,True,0.7071417234289582,0.5000494170140772,6,0.002839028278654787,Raw,V1_02_medium:1403715567412143104:1403715567612143104,0.038002,formal_public_module_evidence,0.014000306424582443,0.03837718585149231,0.05505303338732548,0.39928912935875066,1.4250321055335813,3,0,V1_02_medium,4,OK,True,870,1403715567412143104,9.277215621340104e-09,1403715567612143104,127,True,280
0.37825660428996033,0.001867,0.008333333333333415,0.9583333333333334,319,0.729940870726135,6.0,,48,2.7263668757947266,0.8272361007026661,2.739136739472896,2.2081400094213746,True,0.7071417234289582,0.5000494170140772,6,0.002839028278654787,Global-DoF,V1_02_medium:1403715567412143104:1403715567612143104,0.038002,formal_public_module_evidence,0.014000306424582443,0.03837718585149231,0.05505303338732548,0.39928912935875066,1.4250321055335813,3,0,V1_02_medium,4,OK,True,870,1403715567412143104,9.277215621340104e-09,1403715567612143104,127,True,280
0.37582846481856785,1.282988,0.008333333333333415,0.9583333333333334,319,0.7281706225606261,6.0,,48,2.7263668757947266,0.8272361007026661,2.739136739472896,2.2073772994124137,True,0.7071417234289582,0.5000494170140772,6,0.002839028278654787,DPR-Exact-Block,V1_02_medium:1403715567412143104:1403715567612143104,0.038002,formal_public_module_evidence,0.014000306424582443,0.03837718585149231,0.05505303338732548,0.39928912935875066,1.4250321055335813,3,0,V1_02_medium,4,OK,True,870,1403715567412143104,9.277215621340104e-09,1403715567612143104,127,True,280
0.3786634706678347,0.317891,0.008333333333333415,0.9583333333333334,319,0.7302379195497615,6.0,,48,2.7263668757947266,0.8272361007026661,2.739136739472896,2.2082682067731993,True,0.7071417234289582,0.5000494170140772,6,0.002839028278654787,DUC-K16,V1_02_medium:1403715567412143104:1403715567612143104,0.038002,formal_public_module_evidence,0.014000306424582443,0.03837718585149231,0.05505303338732548,0.39928912935875066,1.4250321055335813,3,0,V1_02_medium,4,OK,True,870,1403715567412143104,9.277215621340104e-09,1403715567612143104,127,True,280
0.38983471012900645,0.10444,0.008333333333333415,0.9583333333333334,319,0.7384413179638839,6.0,,48,2.7263668757947266,0.8272361007026661,2.739136739472896,2.2118322195137634,True,0.7071417234289582,0.5000494170140772,6,0.002839028278654787,Permuted-K16,V1_02_medium:1403715567412143104:1403715567612143104,0.038002,formal_public_module_evidence,0.014000306424582443,0.03837718585149231,0.05505303338732548,0.39928912935875066,1.4250321055335813,3,0,V1_02_medium,4,OK,True,870,1403715567412143104,9.277215621340104e-09,1403715567612143104,127,True,280
2.542227658783863,0.006281,0.11666666666666659,0.8333333333333334,478,0.8198826717719618,6.000000000000001,,16,1.366435830652967,0.9054737278198423,1.2760952903283245,14.347231470069568,True,3.2278517184507782,10.419026716305643,6,0.038301938986096795,Raw,V1_02_medium:1403715567912143104:1403715568112143104,0.038952,formal_public_module_evidence,0.013954872525676287,0.07390758333567957,0.08050857373053913,0.11761943367730333,0.7092046040333367,0,0,V1_02_medium,4,OK,True,880,1403715567912143104,1.4662527427696544e-09,1403715568112143104,186,True,431
2.3345882940056186,0.002069,0.07499999999999996,0.875,478,1.0090863652577993,6.000000000000001,,16,1.366435830652967,0.9054737278198423,1.2760952903283245,12.17213050313037,True,3.2278517184507782,10.419026716305643,6,0.038301938986096795,Global-DoF,V1_02_medium:1403715567912143104:1403715568112143104,0.038952,formal_public_module_evidence,0.013954872525676287,0.07390758333567957,0.08050857373053913,0.11761943367730333,0.7092046040333367,0,0,V1_02_medium,4,OK,True,880,1403715567912143104,1.4662527427696544e-09,1403715568112143104,186,True,431
2.3643233290502517,0.452272,0.07499999999999996,0.875,478,0.9795228609789065,6.000000000000001,,16,1.366435830652967,0.9054737278198423,1.2760952903283245,12.454026105946731,True,3.2278517184507782,10.419026716305643,6,0.038301938986096795,DPR-Exact-Block,V1_02_medium:1403715567912143104:1403715568112143104,0.038952,formal_public_module_evidence,0.013954872525676287,0.07390758333567957,0.08050857373053913,0.11761943367730333,0.7092046040333367,0,0,V1_02_medium,4,OK,True,880,1403715567912143104,1.4662527427696544e-09,1403715568112143104,186,True,431
2.326736701262433,0.175021,0.07499999999999996,0.875,478,1.0170404858356075,6.000000000000001,,16,1.366435830652967,0.9054737278198423,1.2760952903283245,12.099230197207921,True,3.2278517184507782,10.419026716305643,6,0.038301938986096795,DUC-K16,V1_02_medium:1403715567912143104:1403715568112143104,0.038952,formal_public_module_evidence,0.013954872525676287,0.07390758333567957,0.08050857373053913,0.11761943367730333,0.7092046040333367,0,0,V1_02_medium,4,OK,True,880,1403715567912143104,1.4662527427696544e-09,1403715568112143104,186,True,431
2.380664398040318,0.068457,0.07499999999999996,0.875,478,0.9636464821196853,6.000000000000001,,16,1.366435830652967,0.9054737278198423,1.2760952903283245,12.612930300510675,True,3.2278517184507782,10.419026716305643,6,0.038301938986096795,Permuted-K16,V1_02_medium:1403715567912143104:1403715568112143104,0.038952,formal_public_module_evidence,0.013954872525676287,0.07390758333567957,0.08050857373053913,0.11761943367730333,0.7092046040333367,0,0,V1_02_medium,4,OK,True,880,1403715567912143104,1.4662527427696544e-09,1403715568112143104,186,True,431
0.9588884306481733,0.00565,0.033333333333333326,0.9166666666666666,478,3.9855454980736353,5.999999999999999,,48,1.370464251727644,1.996383104034302,1.2801898658435367,5.8293462616887455,True,3.22451099948687,10.397471185811815,6,0.04132964845341225,Raw,V1_02_medium:1403715567912143104:1403715568112143104,0.03786,formal_public_module_evidence,0.01520283896866037,0.036016883570234845,0.06456028997766249,0.4213944867400312,1.175136541962126,1,0,V1_02_medium,4,OK,True,880,1403715567912143104,5.965611771288464e-11,1403715568112143104,186,True,431
0.8943499095106022,0.001995,0.033333333333333326,0.9166666666666666,478,4.251248531278544,5.999999999999999,,48,1.370464251727644,1.996383104034302,1.2801898658435367,5.7308350950414635,True,3.22451099948687,10.397471185811815,6,0.04132964845341225,Global-DoF,V1_02_medium:1403715567912143104:1403715568112143104,0.03786,formal_public_module_evidence,0.01520283896866037,0.036016883570234845,0.06456028997766249,0.4213944867400312,1.175136541962126,1,0,V1_02_medium,4,OK,True,880,1403715567912143104,5.965611771288464e-11,1403715568112143104,186,True,431
0.9021645127876419,1.278201,0.033333333333333326,0.9166666666666666,478,4.2181561807767105,5.999999999999999,,48,1.370464251727644,1.996383104034302,1.2801898658435367,5.742207894457028,True,3.22451099948687,10.397471185811815,6,0.04132964845341225,DPR-Exact-Block,V1_02_medium:1403715567912143104:1403715568112143104,0.03786,formal_public_module_evidence,0.01520283896866037,0.036016883570234845,0.06456028997766249,0.4213944867400312,1.175136541962126,1,0,V1_02_medium,4,OK,True,880,1403715567912143104,5.965611771288464e-11,1403715568112143104,186,True,431
0.8616661081016546,0.316704,0.033333333333333326,0.9166666666666666,478,4.3924910928498,5.999999999999999,,48,1.370464251727644,1.996383104034302,1.2801898658435367,5.68487483635107,True,3.22451099948687,10.397471185811815,6,0.04132964845341225,DUC-K16,V1_02_medium:1403715567912143104:1403715568112143104,0.03786,formal_public_module_evidence,0.01520283896866037,0.036016883570234845,0.06456028997766249,0.4213944867400312,1.175136541962126,1,0,V1_02_medium,4,OK,True,880,1403715567912143104,5.965611771288464e-11,1403715568112143104,186,True,431
0.8992872636367651,0.109572,0.033333333333333326,0.9166666666666666,478,4.230310343959048,5.999999999999999,,48,1.370464251727644,1.996383104034302,1.2801898658435367,5.738003111305322,True,3.22451099948687,10.397471185811815,6,0.04132964845341225,Permuted-K16,V1_02_medium:1403715567912143104:1403715568112143104,0.03786,formal_public_module_evidence,0.01520283896866037,0.036016883570234845,0.06456028997766249,0.4213944867400312,1.175136541962126,1,0,V1_02_medium,4,OK,True,880,1403715567912143104,5.965611771288464e-11,1403715568112143104,186,True,431
1.605787349114273,0.007386,0.008333333333333415,0.9583333333333334,914,6.902594183804029,6.000000000000001,,16,1.2663362990219102,2.627278855356627,1.4548924938941423,8.751554835449147,True,5.864060779377651,34.387208824235216,6,0.04331909898027386,Raw,V1_02_medium:1403715568412143104:1403715568612143104,0.039487,formal_public_module_evidence,0.030609313258457727,0.11548206045129841,0.11798799290963834,0.39466907897636777,0.8631696722075373,1,0,V1_02_medium,6,OK,True,890,1403715568412143104,2.1618953893602665e-08,1403715568612143104,312,True,560
1.3981479843360283,0.002053,0.008333333333333415,0.9583333333333334,914,8.49550053391265,6.000000000000001,,16,1.2663362990219102,2.627278855356627,1.4548924938941423,8.02511036408467,True,5.864060779377651,34.387208824235216,6,0.04331909898027386,Global-DoF,V1_02_medium:1403715568412143104:1403715568612143104,0.039487,formal_public_module_evidence,0.030609313258457727,0.11548206045129841,0.11798799290963834,0.39466907897636777,0.8631696722075373,1,0,V1_02_medium,6,OK,True,890,1403715568412143104,2.1618953893602665e-08,1403715568612143104,312,True,560
0.9046246401916186,0.450468,0.008333333333333415,0.9583333333333334,914,13.916288916483337,6.000000000000001,,16,1.2663362990219102,2.627278855356627,1.4548924938941423,6.941941318228075,True,5.864060779377651,34.387208824235216,6,0.04331909898027386,DPR-Exact-Block,V1_02_medium:1403715568412143104:1403715568612143104,0.039487,formal_public_module_evidence,0.030609313258457727,0.11548206045129841,0.11798799290963834,0.39466907897636777,0.8631696722075373,1,0,V1_02_medium,6,OK,True,890,1403715568412143104,2.1618953893602665e-08,1403715568612143104,312,True,560
0.8622175675506322,0.17688,0.008333333333333415,0.9583333333333334,914,14.519130013494568,6.000000000000001,,16,1.2663362990219102,2.627278855356627,1.4548924938941423,6.881751134605918,True,5.864060779377651,34.387208824235216,6,0.04331909898027386,DUC-K16,V1_02_medium:1403715568412143104:1403715568612143104,0.039487,formal_public_module_evidence,0.030609313258457727,0.11548206045129841,0.11798799290963834,0.39466907897636777,0.8631696722075373,1,0,V1_02_medium,6,OK,True,890,1403715568412143104,2.1618953893602665e-08,1403715568612143104,312,True,560
0.8819587063950668,0.067652,0.008333333333333415,0.9583333333333334,914,14.235316470360319,6.000000000000001,,16,1.2663362990219102,2.627278855356627,1.4548924938941423,6.909229597596945,True,5.864060779377651,34.387208824235216,6,0.04331909898027386,Permuted-K16,V1_02_medium:1403715568412143104:1403715568612143104,0.039487,formal_public_module_evidence,0.030609313258457727,0.11548206045129841,0.11798799290963834,0.39466907897636777,0.8631696722075373,1,0,V1_02_medium,6,OK,True,890,1403715568412143104,2.1618953893602665e-08,1403715568612143104,312,True,560
1.00850298047705,0.005851,0.008333333333333415,0.9583333333333334,914,13.903396449437645,5.999999999999999,,48,1.1906668526921713,3.72872584798583,1.4809785559323558,4.834774856396024,True,2.251991845676787,5.0714672729947425,6,0.2926281048719064,Raw,V1_02_medium:1403715568412143104:1403715568612143104,0.037824,formal_public_module_evidence,0.016737906088509946,0.06970072682671642,0.07904993965680084,0.8178134779783843,2.40372292947236,5,0,V1_02_medium,6,OK,True,890,1403715568412143104,2.1269906604610057e-08,1403715568612143104,312,True,560
1.0730415016146213,0.001975,0.008333333333333415,0.9583333333333334,914,14.830289546066824,5.999999999999999,,48,1.1906668526921713,3.72872584798583,1.4809785559323558,4.876515588107472,True,2.251991845676787,5.0714672729947425,6,0.2926281048719064,Global-DoF,V1_02_medium:1403715568412143104:1403715568612143104,0.037824,formal_public_module_evidence,0.016737906088509946,0.06970072682671642,0.07904993965680084,0.8178134779783843,2.40372292947236,5,0,V1_02_medium,6,OK,True,890,1403715568412143104,2.1269906604610057e-08,1403715568612143104,312,True,560
1.6310451279795815,1.276035,0.050000000000000044,1.0,914,25.911199974225926,5.999999999999999,,48,1.1906668526921713,3.72872584798583,1.4809785559323558,5.288277282696498,True,2.251991845676787,5.0714672729947425,6,0.2926281048719064,DPR-Exact-Block,V1_02_medium:1403715568412143104:1403715568612143104,0.037824,formal_public_module_evidence,0.016737906088509946,0.06970072682671642,0.07904993965680084,0.8178134779783843,2.40372292947236,5,0,V1_02_medium,6,OK,True,890,1403715568412143104,2.1269906604610057e-08,1403715568612143104,312,True,560
1.2848463951634788,0.310741,0.008333333333333415,0.9583333333333334,914,18.328854630811204,5.999999999999999,,48,1.1906668526921713,3.72872584798583,1.4809785559323558,5.023046722028023,True,2.251991845676787,5.0714672729947425,6,0.2926281048719064,DUC-K16,V1_02_medium:1403715568412143104:1403715568612143104,0.037824,formal_public_module_evidence,0.016737906088509946,0.06970072682671642,0.07904993965680084,0.8178134779783843,2.40372292947236,5,0,V1_02_medium,6,OK,True,890,1403715568412143104,2.1269906604610057e-08,1403715568612143104,312,True,560
1.0708488123849864,0.104286,0.008333333333333415,0.9583333333333334,914,14.79780695503493,5.999999999999999,,48,1.1906668526921713,3.72872584798583,1.4809785559323558,4.875073548557831,True,2.251991845676787,5.0714672729947425,6,0.2926281048719064,Permuted-K16,V1_02_medium:1403715568412143104:1403715568612143104,0.037824,formal_public_module_evidence,0.016737906088509946,0.06970072682671642,0.07904993965680084,0.8178134779783843,2.40372292947236,5,0,V1_02_medium,6,OK,True,890,1403715568412143104,2.1269906604610057e-08,1403715568612143104,312,True,560
7.361195264784575,0.006138,0.24166666666666659,0.7083333333333334,1200,0.23126922077429302,6.0,,16,2.2932252121757277,0.4809045859360181,2.190102991695611,1574.0901513816095,True,19.077530669390082,363.9521764415192,6,0.09436844064958638,Raw,V1_02_medium:1403715568912143104:1403715569112143104,0.037984,formal_public_module_evidence,0.017881507714910705,0.10173374117287179,0.10944239963719785,0.21048503564738194,0.7154811935891684,0,0,V1_02_medium,5,OK,True,900,1403715568912143104,2.301980293095399e-09,1403715569112143104,215,True,1122
7.153555900006331,0.001877,0.19999999999999996,0.75,1200,0.28463904095297604,6.0,,16,2.2932252121757277,0.4809045859360181,2.190102991695611,1279.225956914316,True,19.077530669390082,363.9521764415192,6,0.09436844064958638,Global-DoF,V1_02_medium:1403715568912143104:1403715569112143104,0.037984,formal_public_module_evidence,0.017881507714910705,0.10173374117287179,0.10944239963719785,0.21048503564738194,0.7154811935891684,0,0,V1_02_medium,5,OK,True,900,1403715568912143104,2.301980293095399e-09,1403715569112143104,215,True,1122
7.14300253057052,0.487297,0.19999999999999996,0.75,1200,0.2876588484529078,6.0,,16,2.2932252121757277,0.4809045859360181,2.190102991695611,1265.813455113804,True,19.077530669390082,363.9521764415192,6,0.09436844064958638,DPR-Exact-Block,V1_02_medium:1403715568912143104:1403715569112143104,0.037984,formal_public_module_evidence,0.017881507714910705,0.10173374117287179,0.10944239963719785,0.21048503564738194,0.7154811935891684,0,0,V1_02_medium,5,OK,True,900,1403715568912143104,2.301980293095399e-09,1403715569112143104,215,True,1122
7.242125253604932,0.17543,0.24166666666666659,0.7083333333333334,1200,0.2605129314853512,6.0,,16,2.2932252121757277,0.4809045859360181,2.190102991695611,1397.552698977729,True,19.077530669390082,363.9521764415192,6,0.09436844064958638,DUC-K16,V1_02_medium:1403715568912143104:1403715569112143104,0.037984,formal_public_module_evidence,0.017881507714910705,0.10173374117287179,0.10944239963719785,0.21048503564738194,0.7154811935891684,0,0,V1_02_medium,5,OK,True,900,1403715568912143104,2.301980293095399e-09,1403715569112143104,215,True,1122
7.178751313584592,0.067759,0.24166666666666659,0.7083333333333334,1200,0.27755703427862954,6.0,,16,2.2932252121757277,0.4809045859360181,2.190102991695611,1311.8260188963811,True,19.077530669390082,363.9521764415192,6,0.09436844064958638,Permuted-K16,V1_02_medium:1403715568912143104:1403715569112143104,0.037984,formal_public_module_evidence,0.017881507714910705,0.10173374117287179,0.10944239963719785,0.21048503564738194,0.7154811935891684,0,0,V1_02_medium,5,OK,True,900,1403715568912143104,2.301980293095399e-09,1403715569112143104,215,True,1122
1.7850541635390518,0.00603,0.07499999999999996,0.875,1200,52.835859549683924,6.0,,48,2.315124042886015,7.268827935072059,2.2978376471314923,11.764969933001739,True,17.745325709525428,314.8965845371442,6,0.0232077824885335,Raw,V1_02_medium:1403715568912143104:1403715569112143104,0.037987,formal_public_module_evidence,0.012119994594502803,0.05267396243941096,0.06303470374381663,0.5150648584560364,1.5257816469095653,4,0,V1_02_medium,10,OK,True,900,1403715568912143104,1.830449675666282e-07,1403715569112143104,215,True,1122
1.7205156424014805,0.002113,0.07499999999999996,0.875,1200,56.35825018632953,6.0,,48,2.315124042886015,7.268827935072059,2.2978376471314923,11.457014532372702,True,17.745325709525428,314.8965845371442,6,0.0232077824885335,Global-DoF,V1_02_medium:1403715568912143104:1403715569112143104,0.037987,formal_public_module_evidence,0.012119994594502803,0.05267396243941096,0.06303470374381663,0.5150648584560364,1.5257816469095653,4,0,V1_02_medium,10,OK,True,900,1403715568912143104,1.830449675666282e-07,1403715569112143104,215,True,1122
1.5999850428789086,1.281834,0.07499999999999996,0.875,1200,63.57747487533785,6.0,,48,2.315124042886015,7.268827935072059,2.2978376471314923,10.943094647239542,True,17.745325709525428,314.8965845371442,6,0.0232077824885335,DPR-Exact-Block,V1_02_medium:1403715568912143104:1403715569112143104,0.037987,formal_public_module_evidence,0.012119994594502803,0.05267396243941096,0.06303470374381663,0.5150648584560364,1.5257816469095653,4,0,V1_02_medium,10,OK,True,900,1403715568912143104,1.830449675666282e-07,1403715569112143104,215,True,1122
1.57704246559667,0.311576,0.07499999999999996,0.875,1200,65.0529670834149,6.0,,48,2.315124042886015,7.268827935072059,2.2978376471314923,10.853697207333184,True,17.745325709525428,314.8965845371442,6,0.0232077824885335,DUC-K16,V1_02_medium:1403715568912143104:1403715569112143104,0.037987,formal_public_module_evidence,0.012119994594502803,0.05267396243941096,0.06303470374381663,0.5150648584560364,1.5257816469095653,4,0,V1_02_medium,10,OK,True,900,1403715568912143104,1.830449675666282e-07,1403715569112143104,215,True,1122
1.7326525929073429,0.103538,0.07499999999999996,0.875,1200,55.678367092808884,6.0,,48,2.315124042886015,7.268827935072059,2.2978376471314923,11.513104884427504,True,17.745325709525428,314.8965845371442,6,0.0232077824885335,Permuted-K16,V1_02_medium:1403715568912143104:1403715569112143104,0.037987,formal_public_module_evidence,0.012119994594502803,0.05267396243941096,0.06303470374381663,0.5150648584560364,1.5257816469095653,4,0,V1_02_medium,10,OK,True,900,1403715568912143104,1.830449675666282e-07,1403715569112143104,215,True,1122
,,,,1074,,,INSUFFICIENT_TRACKS,16,,,,,,,,,,Raw,V1_02_medium:1403715569412143104:1403715569612143104,,formal_public_module_evidence,,,,,,,,V1_02_medium,,,,910,1403715569412143104,,1403715569612143104,43,False,891
,,,,1074,,,INSUFFICIENT_TRACKS,16,,,,,,,,,,Global-DoF,V1_02_medium:1403715569412143104:1403715569612143104,,formal_public_module_evidence,,,,,,,,V1_02_medium,,,,910,1403715569412143104,,1403715569612143104,43,False,891
,,,,1074,,,INSUFFICIENT_TRACKS,16,,,,,,,,,,DPR-Exact-Block,V1_02_medium:1403715569412143104:1403715569612143104,,formal_public_module_evidence,,,,,,,,V1_02_medium,,,,910,1403715569412143104,,1403715569612143104,43,False,891
,,,,1074,,,INSUFFICIENT_TRACKS,16,,,,,,,,,,DUC-K16,V1_02_medium:1403715569412143104:1403715569612143104,,formal_public_module_evidence,,,,,,,,V1_02_medium,,,,910,1403715569412143104,,1403715569612143104,43,False,891
,,,,1074,,,INSUFFICIENT_TRACKS,16,,,,,,,,,,Permuted-K16,V1_02_medium:1403715569412143104:1403715569612143104,,formal_public_module_evidence,,,,,,,,V1_02_medium,,,,910,1403715569412143104,,1403715569612143104,43,False,891
,,,,1074,,,INSUFFICIENT_TRACKS,48,,,,,,,,,,Raw,V1_02_medium:1403715569412143104:1403715569612143104,,formal_public_module_evidence,,,,,,,,V1_02_medium,,,,910,1403715569412143104,,1403715569612143104,43,False,891
,,,,1074,,,INSUFFICIENT_TRACKS,48,,,,,,,,,,Global-DoF,V1_02_medium:1403715569412143104:1403715569612143104,,formal_public_module_evidence,,,,,,,,V1_02_medium,,,,910,1403715569412143104,,1403715569612143104,43,False,891
,,,,1074,,,INSUFFICIENT_TRACKS,48,,,,,,,,,,DPR-Exact-Block,V1_02_medium:1403715569412143104:1403715569612143104,,formal_public_module_evidence,,,,,,,,V1_02_medium,,,,910,1403715569412143104,,1403715569612143104,43,False,891
,,,,1074,,,INSUFFICIENT_TRACKS,48,,,,,,,,,,DUC-K16,V1_02_medium:1403715569412143104:1403715569612143104,,formal_public_module_evidence,,,,,,,,V1_02_medium,,,,910,1403715569412143104,,1403715569612143104,43,False,891
,,,,1074,,,INSUFFICIENT_TRACKS,48,,,,,,,,,,Permuted-K16,V1_02_medium:1403715569412143104:1403715569612143104,,formal_public_module_evidence,,,,,,,,V1_02_medium,,,,910,1403715569412143104,,1403715569612143104,43,False,891
0.580730448439082,0.006206,0.050000000000000044,1.0,386,6.322287425833028,5.999999999999999,,16,2.1015805004307073,2.514415921408594,2.1356788705112066,4.241447682562286,True,1.8807588036120588,3.5372536773642627,6,0.30337801676919485,Raw,V1_02_medium:1403715569912143104:1403715570112143104,0.03859,formal_public_module_evidence,0.021305658150254037,0.08349080550936244,0.09643303725689725,0.23608097008857407,0.6326076683329549,0,0,V1_02_medium,6,OK,True,920,1403715569912143104,8.742044695242759e-08,1403715570112143104,153,True,364
0.7883698132173265,0.002086,0.050000000000000044,1.0,386,7.781276831794496,5.999999999999999,,16,2.1015805004307073,2.514415921408594,2.1356788705112066,4.344182758776268,True,1.8807588036120588,3.5372536773642627,6,0.30337801676919485,Global-DoF,V1_02_medium:1403715569912143104:1403715570112143104,0.03859,formal_public_module_evidence,0.021305658150254037,0.08349080550936244,0.09643303725689725,0.23608097008857407,0.6326076683329549,0,0,V1_02_medium,6,OK,True,920,1403715569912143104,8.742044695242759e-08,1403715570112143104,153,True,364
0.9162946816231627,0.459165,0.050000000000000044,1.0,386,8.843169121640141,5.999999999999999,,16,2.1015805004307073,2.514415921408594,2.1356788705112066,4.41752079684048,True,1.8807588036120588,3.5372536773642627,6,0.30337801676919485,DPR-Exact-Block,V1_02_medium:1403715569912143104:1403715570112143104,0.03859,formal_public_module_evidence,0.021305658150254037,0.08349080550936244,0.09643303725689725,0.23608097008857407,0.6326076683329549,0,0,V1_02_medium,6,OK,True,920,1403715569912143104,8.742044695242759e-08,1403715570112143104,153,True,364
1.1812540503307798,0.177669,0.050000000000000044,1.0,386,11.52599223171791,5.999999999999999,,16,2.1015805004307073,2.514415921408594,2.1356788705112066,4.589375382560719,True,1.8807588036120588,3.5372536773642627,6,0.30337801676919485,DUC-K16,V1_02_medium:1403715569912143104:1403715570112143104,0.03859,formal_public_module_evidence,0.021305658150254037,0.08349080550936244,0.09643303725689725,0.23608097008857407,0.6326076683329549,0,0,V1_02_medium,6,OK,True,920,1403715569912143104,8.742044695242759e-08,1403715570112143104,153,True,364
0.8246837854624262,0.067372,0.050000000000000044,1.0,386,8.069039177514943,5.999999999999999,,16,2.1015805004307073,2.514415921408594,2.1356788705112066,4.364285071228894,True,1.8807588036120588,3.5372536773642627,6,0.30337801676919485,Permuted-K16,V1_02_medium:1403715569912143104:1403715570112143104,0.03859,formal_public_module_evidence,0.021305658150254037,0.08349080550936244,0.09643303725689725,0.23608097008857407,0.6326076683329549,0,0,V1_02_medium,6,OK,True,920,1403715569912143104,8.742044695242759e-08,1403715570112143104,153,True,364
0.666136208519756,0.006158,0.008333333333333415,0.9583333333333334,386,3.4783664415777316,6.0,,48,1.9969720155417248,1.8650379196085347,2.1433882249900926,3.598129374220139,True,1.3367125528264365,1.7868004488837688,6,0.07135194133841916,Raw,V1_02_medium:1403715569912143104:1403715570112143104,0.038251,formal_public_module_evidence,0.014407132473310769,0.041538386722675465,0.06482270049091565,0.4396902301906826,1.4007814162126138,5,0,V1_02_medium,5,OK,True,920,1403715569912143104,4.8212547953834545e-08,1403715570112143104,153,True,364
0.7306747296573274,0.001913,0.008333333333333415,0.9583333333333334,386,3.710257537682914,6.0,,48,1.9969720155417248,1.8650379196085347,2.1433882249900926,3.6305622992593936,True,1.3367125528264365,1.7868004488837688,6,0.07135194133841916,Global-DoF,V1_02_medium:1403715569912143104:1403715570112143104,0.038251,formal_public_module_evidence,0.014407132473310769,0.041538386722675465,0.06482270049091565,0.4396902301906826,1.4007814162126138,5,0,V1_02_medium,5,OK,True,920,1403715569912143104,4.8212547953834545e-08,1403715570112143104,153,True,364
0.7710670091847984,1.286596,0.008333333333333415,0.9583333333333334,386,3.863191173855808,6.0,,48,1.9969720155417248,1.8650379196085347,2.1433882249900926,3.651889929905225,True,1.3367125528264365,1.7868004488837688,6,0.07135194133841916,DPR-Exact-Block,V1_02_medium:1403715569912143104:1403715570112143104,0.038251,formal_public_module_evidence,0.014407132473310769,0.041538386722675465,0.06482270049091565,0.4396902301906826,1.4007814162126138,5,0,V1_02_medium,5,OK,True,920,1403715569912143104,4.8212547953834545e-08,1403715570112143104,153,True,364
0.8399883566964959,0.315962,0.050000000000000044,1.0,386,4.1388373638718665,6.0,,48,1.9969720155417248,1.8650379196085347,2.1433882249900926,3.6900075348187964,True,1.3367125528264365,1.7868004488837688,6,0.07135194133841916,DUC-K16,V1_02_medium:1403715569912143104:1403715570112143104,0.038251,formal_public_module_evidence,0.014407132473310769,0.041538386722675465,0.06482270049091565,0.4396902301906826,1.4007814162126138,5,0,V1_02_medium,5,OK,True,920,1403715569912143104,4.8212547953834545e-08,1403715570112143104,153,True,364
0.7396713350377496,0.105167,0.008333333333333415,0.9583333333333334,386,3.7437878640075986,6.0,,48,1.9969720155417248,1.8650379196085347,2.1433882249900926,3.6352457150850284,True,1.3367125528264365,1.7868004488837688,6,0.07135194133841916,Permuted-K16,V1_02_medium:1403715569912143104:1403715570112143104,0.038251,formal_public_module_evidence,0.014407132473310769,0.041538386722675465,0.06482270049091565,0.4396902301906826,1.4007814162126138,5,0,V1_02_medium,5,OK,True,920,1403715569912143104,4.8212547953834545e-08,1403715570112143104,153,True,364
,,,,150,,,INSUFFICIENT_TRACKS,16,,,,,,,,,,Raw,V1_02_medium:1403715570412143104:1403715570612143104,,formal_public_module_evidence,,,,,,,,V1_02_medium,,,,930,1403715570412143104,,1403715570612143104,1,False,131
,,,,150,,,INSUFFICIENT_TRACKS,16,,,,,,,,,,Global-DoF,V1_02_medium:1403715570412143104:1403715570612143104,,formal_public_module_evidence,,,,,,,,V1_02_medium,,,,930,1403715570412143104,,1403715570612143104,1,False,131
,,,,150,,,INSUFFICIENT_TRACKS,16,,,,,,,,,,DPR-Exact-Block,V1_02_medium:1403715570412143104:1403715570612143104,,formal_public_module_evidence,,,,,,,,V1_02_medium,,,,930,1403715570412143104,,1403715570612143104,1,False,131
,,,,150,,,INSUFFICIENT_TRACKS,16,,,,,,,,,,DUC-K16,V1_02_medium:1403715570412143104:1403715570612143104,,formal_public_module_evidence,,,,,,,,V1_02_medium,,,,930,1403715570412143104,,1403715570612143104,1,False,131
,,,,150,,,INSUFFICIENT_TRACKS,16,,,,,,,,,,Permuted-K16,V1_02_medium:1403715570412143104:1403715570612143104,,formal_public_module_evidence,,,,,,,,V1_02_medium,,,,930,1403715570412143104,,1403715570612143104,1,False,131
,,,,150,,,INSUFFICIENT_TRACKS,48,,,,,,,,,,Raw,V1_02_medium:1403715570412143104:1403715570612143104,,formal_public_module_evidence,,,,,,,,V1_02_medium,,,,930,1403715570412143104,,1403715570612143104,1,False,131
,,,,150,,,INSUFFICIENT_TRACKS,48,,,,,,,,,,Global-DoF,V1_02_medium:1403715570412143104:1403715570612143104,,formal_public_module_evidence,,,,,,,,V1_02_medium,,,,930,1403715570412143104,,1403715570612143104,1,False,131
,,,,150,,,INSUFFICIENT_TRACKS,48,,,,,,,,,,DPR-Exact-Block,V1_02_medium:1403715570412143104:1403715570612143104,,formal_public_module_evidence,,,,,,,,V1_02_medium,,,,930,1403715570412143104,,1403715570612143104,1,False,131
,,,,150,,,INSUFFICIENT_TRACKS,48,,,,,,,,,,DUC-K16,V1_02_medium:1403715570412143104:1403715570612143104,,formal_public_module_evidence,,,,,,,,V1_02_medium,,,,930,1403715570412143104,,1403715570612143104,1,False,131
,,,,150,,,INSUFFICIENT_TRACKS,48,,,,,,,,,,Permuted-K16,V1_02_medium:1403715570412143104:1403715570612143104,,formal_public_module_evidence,,,,,,,,V1_02_medium,,,,930,1403715570412143104,,1403715570612143104,1,False,131
,,,,259,,,INSUFFICIENT_TRACKS,16,,,,,,,,,,Raw,V1_02_medium:1403715570912143104:1403715571112143104,,formal_public_module_evidence,,,,,,,,V1_02_medium,,,,940,1403715570912143104,,1403715571112143104,68,False,170
,,,,259,,,INSUFFICIENT_TRACKS,16,,,,,,,,,,Global-DoF,V1_02_medium:1403715570912143104:1403715571112143104,,formal_public_module_evidence,,,,,,,,V1_02_medium,,,,940,1403715570912143104,,1403715571112143104,68,False,170
,,,,259,,,INSUFFICIENT_TRACKS,16,,,,,,,,,,DPR-Exact-Block,V1_02_medium:1403715570912143104:1403715571112143104,,formal_public_module_evidence,,,,,,,,V1_02_medium,,,,940,1403715570912143104,,1403715571112143104,68,False,170
,,,,259,,,INSUFFICIENT_TRACKS,16,,,,,,,,,,DUC-K16,V1_02_medium:1403715570912143104:1403715571112143104,,formal_public_module_evidence,,,,,,,,V1_02_medium,,,,940,1403715570912143104,,1403715571112143104,68,False,170
,,,,259,,,INSUFFICIENT_TRACKS,16,,,,,,,,,,Permuted-K16,V1_02_medium:1403715570912143104:1403715571112143104,,formal_public_module_evidence,,,,,,,,V1_02_medium,,,,940,1403715570912143104,,1403715571112143104,68,False,170
,,,,259,,,INSUFFICIENT_TRACKS,48,,,,,,,,,,Raw,V1_02_medium:1403715570912143104:1403715571112143104,,formal_public_module_evidence,,,,,,,,V1_02_medium,,,,940,1403715570912143104,,1403715571112143104,68,False,170
,,,,259,,,INSUFFICIENT_TRACKS,48,,,,,,,,,,Global-DoF,V1_02_medium:1403715570912143104:1403715571112143104,,formal_public_module_evidence,,,,,,,,V1_02_medium,,,,940,1403715570912143104,,1403715571112143104,68,False,170
,,,,259,,,INSUFFICIENT_TRACKS,48,,,,,,,,,,DPR-Exact-Block,V1_02_medium:1403715570912143104:1403715571112143104,,formal_public_module_evidence,,,,,,,,V1_02_medium,,,,940,1403715570912143104,,1403715571112143104,68,False,170
,,,,259,,,INSUFFICIENT_TRACKS,48,,,,,,,,,,DUC-K16,V1_02_medium:1403715570912143104:1403715571112143104,,formal_public_module_evidence,,,,,,,,V1_02_medium,,,,940,1403715570912143104,,1403715571112143104,68,False,170
,,,,259,,,INSUFFICIENT_TRACKS,48,,,,,,,,,,Permuted-K16,V1_02_medium:1403715570912143104:1403715571112143104,,formal_public_module_evidence,,,,,,,,V1_02_medium,,,,940,1403715570912143104,,1403715571112143104,68,False,170
0.017527978839186137,0.006403,0.033333333333333326,0.9166666666666666,304,0.99452637581553,6.0,,16,2.3791331127962656,0.9972594325527987,2.317245611245636,2.850070902381654,True,1.006037814303608,1.0121120838087807,6,0.06883155903455496,Raw,V1_02_medium:1403715571412143104:1403715571612143104,0.038301,formal_public_module_evidence,0.02675754371153588,0.1080127338050691,0.10228683304195933,0.2548755733045537,1.0113407946975495,0,0,V1_02_medium,5,OK,True,950,1403715571412143104,7.796630521210365e-10,1403715571612143104,77,True,262
0.1901113859390586,0.001873,0.033333333333333326,0.9166666666666666,304,1.224032462542191,6.0,,16,2.3791331127962656,0.9972594325527987,2.317245611245636,2.866894799286026,True,1.006037814303608,1.0121120838087807,6,0.06883155903455496,Global-DoF,V1_02_medium:1403715571412143104:1403715571612143104,0.038301,formal_public_module_evidence,0.02675754371153588,0.1080127338050691,0.10228683304195933,0.2548755733045537,1.0113407946975495,0,0,V1_02_medium,5,OK,True,950,1403715571412143104,7.796630521210365e-10,1403715571612143104,77,True,262
0.33707553113367555,0.482614,0.008333333333333415,0.9583333333333334,304,1.417812017577623,6.0,,16,2.3791331127962656,0.9972594325527987,2.317245611245636,2.9008468366222573,True,1.006037814303608,1.0121120838087807,6,0.06883155903455496,DPR-Exact-Block,V1_02_medium:1403715571412143104:1403715571612143104,0.038301,formal_public_module_evidence,0.02675754371153588,0.1080127338050691,0.10228683304195933,0.2548755733045537,1.0113407946975495,0,0,V1_02_medium,5,OK,True,950,1403715571412143104,7.796630521210365e-10,1403715571612143104,77,True,262
0.40364158203780626,0.179641,0.008333333333333415,0.9583333333333334,304,1.5154022291654186,6.0,,16,2.3791331127962656,0.9972594325527987,2.317245611245636,2.921441427734728,True,1.006037814303608,1.0121120838087807,6,0.06883155903455496,DUC-K16,V1_02_medium:1403715571412143104:1403715571612143104,0.038301,formal_public_module_evidence,0.02675754371153588,0.1080127338050691,0.10228683304195933,0.2548755733045537,1.0113407946975495,0,0,V1_02_medium,5,OK,True,950,1403715571412143104,7.796630521210365e-10,1403715571612143104,77,True,262
0.4548955786624013,0.076778,0.008333333333333415,0.9583333333333334,304,1.5950975562294187,6.0,,16,2.3791331127962656,0.9972594325527987,2.317245611245636,2.939326185868675,True,1.006037814303608,1.0121120838087807,6,0.06883155903455496,Permuted-K16,V1_02_medium:1403715571412143104:1403715571612143104,0.038301,formal_public_module_evidence,0.02675754371153588,0.1080127338050691,0.10228683304195933,0.2548755733045537,1.0113407946975495,0,0,V1_02_medium,5,OK,True,950,1403715571412143104,7.796630521210365e-10,1403715571612143104,77,True,262
0.61848468120811,0.0063,0.15833333333333333,0.7916666666666666,304,0.6549476365086999,5.999999999999999,,48,2.3612399627801395,0.8092883518923895,2.328023655494644,3.2707903820063358,True,1.102568375711801,1.2156570231197592,6,0.049157260595711016,Raw,V1_02_medium:1403715571412143104:1403715571612143104,0.03934,formal_public_module_evidence,0.01105519745678818,0.0421418947488684,0.05504301541197872,0.5103889761462298,1.0834637170193233,8,0,V1_02_medium,4,OK,True,950,1403715571412143104,2.577759799469651e-08,1403715571612143104,77,True,262
0.5539461600705389,0.002005,0.15833333333333333,0.7916666666666666,304,0.6986108122759467,5.999999999999999,,48,2.3612399627801395,0.8092883518923895,2.328023655494644,3.2193218214938377,True,1.102568375711801,1.2156570231197592,6,0.049157260595711016,Global-DoF,V1_02_medium:1403715571412143104:1403715571612143104,0.03934,formal_public_module_evidence,0.01105519745678818,0.0421418947488684,0.05504301541197872,0.5103889761462298,1.0834637170193233,8,0,V1_02_medium,4,OK,True,950,1403715571412143104,2.577759799469651e-08,1403715571612143104,77,True,262
0.4365948689786605,1.281578,0.11666666666666659,0.8333333333333334,304,0.7855979129520491,5.999999999999999,,48,2.3612399627801395,0.8092883518923895,2.328023655494644,3.143995926376375,True,1.102568375711801,1.2156570231197592,6,0.049157260595711016,DPR-Exact-Block,V1_02_medium:1403715571412143104:1403715571612143104,0.03934,formal_public_module_evidence,0.01105519745678818,0.0421418947488684,0.05504301541197872,0.5103889761462298,1.0834637170193233,8,0,V1_02_medium,4,OK,True,950,1403715571412143104,2.577759799469651e-08,1403715571612143104,77,True,262
0.48700146249187237,0.317587,0.15833333333333333,0.7916666666666666,304,0.7469800716216185,5.999999999999999,,48,2.3612399627801395,0.8092883518923895,2.328023655494644,3.173589283799973,True,1.102568375711801,1.2156570231197592,6,0.049157260595711016,DUC-K16,V1_02_medium:1403715571412143104:1403715571612143104,0.03934,formal_public_module_evidence,0.01105519745678818,0.0421418947488684,0.05504301541197872,0.5103889761462298,1.0834637170193233,8,0,V1_02_medium,4,OK,True,950,1403715571412143104,2.577759799469651e-08,1403715571612143104,77,True,262
0.5556765737943082,0.103408,0.15833333333333333,0.7916666666666666,304,0.6974029718720057,5.999999999999999,,48,2.3612399627801395,0.8092883518923895,2.328023655494644,3.2206051181931286,True,1.102568375711801,1.2156570231197592,6,0.049157260595711016,Permuted-K16,V1_02_medium:1403715571412143104:1403715571612143104,0.03934,formal_public_module_evidence,0.01105519745678818,0.0421418947488684,0.05504301541197872,0.5103889761462298,1.0834637170193233,8,0,V1_02_medium,4,OK,True,950,1403715571412143104,2.577759799469651e-08,1403715571612143104,77,True,262
0.33740121585146077,0.006345,0.07499999999999996,0.875,478,0.06939826134113841,6.0,,16,1.3902738624943147,0.2634354974963291,1.2914698998531247,0.5712847771159374,True,0.31184589972444293,0.09724786517494732,6,0.007942813898164314,Raw,V1_02_medium:1403715571912143104:1403715572112143104,0.038473,formal_public_module_evidence,0.027322781000842677,0.08052046526637999,0.11994930498311264,0.3254375323191603,0.7486893297485209,1,0,V1_02_medium,4,OK,True,960,1403715571912143104,4.902617928923601e-10,1403715572112143104,411,True,433
0.1297618510732161,0.00208,0.07499999999999996,0.875,478,0.08541324472755497,6.0,,16,1.3902738624943147,0.2634354974963291,1.2914698998531247,0.5161801715420925,True,0.31184589972444293,0.09724786517494732,6,0.007942813898164314,Global-DoF,V1_02_medium:1403715571912143104:1403715572112143104,0.038473,formal_public_module_evidence,0.027322781000842677,0.08052046526637999,0.11994930498311264,0.3254375323191603,0.7486893297485209,1,0,V1_02_medium,4,OK,True,960,1403715571912143104,4.902617928923601e-10,1403715572112143104,411,True,433
0.10189819036188127,0.4829,0.07499999999999996,0.875,478,0.08782663723268691,6.0,,16,1.3902738624943147,0.2634354974963291,1.2914698998531247,0.5127573625507237,True,0.31184589972444293,0.09724786517494732,6,0.007942813898164314,DPR-Exact-Block,V1_02_medium:1403715571912143104:1403715572112143104,0.038473,formal_public_module_evidence,0.027322781000842677,0.08052046526637999,0.11994930498311264,0.3254375323191603,0.7486893297485209,1,0,V1_02_medium,4,OK,True,960,1403715571912143104,4.902617928923601e-10,1403715572112143104,411,True,433
0.09398675456592358,0.183206,0.07499999999999996,0.875,478,0.08852422786752774,6.0,,16,1.3902738624943147,0.2634354974963291,1.2914698998531247,0.5119432583031774,True,0.31184589972444293,0.09724786517494732,6,0.007942813898164314,DUC-K16,V1_02_medium:1403715571912143104:1403715572112143104,0.038473,formal_public_module_evidence,0.027322781000842677,0.08052046526637999,0.11994930498311264,0.3254375323191603,0.7486893297485209,1,0,V1_02_medium,4,OK,True,960,1403715571912143104,4.902617928923601e-10,1403715572112143104,411,True,433
0.11120530237070449,0.069586,0.07499999999999996,0.875,478,0.08701301698313357,6.0,,16,1.3902738624943147,0.2634354974963291,1.2914698998531247,0.5138038496135849,True,0.31184589972444293,0.09724786517494732,6,0.007942813898164314,Permuted-K16,V1_02_medium:1403715571912143104:1403715572112143104,0.038473,formal_public_module_evidence,0.027322781000842677,0.08052046526637999,0.11994930498311264,0.3254375323191603,0.7486893297485209,1,0,V1_02_medium,4,OK,True,960,1403715571912143104,4.902617928923601e-10,1403715572112143104,411,True,433
0.1267492205812419,0.006225,0.033333333333333326,0.9166666666666666,478,0.0936063555917052,6.000000000000002,,48,1.2570481652002914,0.30595155758993153,1.289479757887092,0.3501746403991027,True,0.28716362366381076,0.08246294675573074,6,0.0028391156120290972,Raw,V1_02_medium:1403715571912143104:1403715572112143104,0.038529,formal_public_module_evidence,0.015967088922037576,0.04511196430382802,0.07173020659891016,0.4534413843796572,1.287040468668379,5,0,V1_02_medium,4,OK,True,960,1403715571912143104,6.152251412224787e-11,1403715572112143104,411,True,433
0.19128774171881302,0.001934,0.033333333333333326,0.9166666666666666,478,0.09984677929781888,6.000000000000002,,48,1.2570481652002914,0.30595155758993153,1.289479757887092,0.3596535009008753,True,0.28716362366381076,0.08246294675573074,6,0.0028391156120290972,Global-DoF,V1_02_medium:1403715571912143104:1403715572112143104,0.038529,formal_public_module_evidence,0.015967088922037576,0.04511196430382802,0.07173020659891016,0.4534413843796572,1.287040468668379,5,0,V1_02_medium,4,OK,True,960,1403715571912143104,6.152251412224787e-11,1403715572112143104,411,True,433
0.20508041985196307,1.273446,0.033333333333333326,0.9166666666666666,478,0.10123347492710327,6.000000000000002,,48,1.2570481652002914,0.30595155758993153,1.289479757887092,0.3621330747261089,True,0.28716362366381076,0.08246294675573074,6,0.0028391156120290972,DPR-Exact-Block,V1_02_medium:1403715571912143104:1403715572112143104,0.038529,formal_public_module_evidence,0.015967088922037576,0.04511196430382802,0.07173020659891016,0.4534413843796572,1.287040468668379,5,0,V1_02_medium,4,OK,True,960,1403715571912143104,6.152251412224787e-11,1403715572112143104,411,True,433
0.2079155127873603,0.310876,0.033333333333333326,0.9166666666666666,478,0.10152088846622877,6.000000000000002,,48,1.2570481652002914,0.30595155758993153,1.289479757887092,0.3626620231518863,True,0.28716362366381076,0.08246294675573074,6,0.0028391156120290972,DUC-K16,V1_02_medium:1403715571912143104:1403715572112143104,0.038529,formal_public_module_evidence,0.015967088922037576,0.04511196430382802,0.07173020659891016,0.4534413843796572,1.287040468668379,5,0,V1_02_medium,4,OK,True,960,1403715571912143104,6.152251412224787e-11,1403715572112143104,411,True,433
0.20136379394670967,0.103317,0.033333333333333326,0.9166666666666666,478,0.10085792629090268,6.000000000000002,,48,1.2570481652002914,0.30595155758993153,1.289479757887092,0.36144957767128666,True,0.28716362366381076,0.08246294675573074,6,0.0028391156120290972,Permuted-K16,V1_02_medium:1403715571912143104:1403715572112143104,0.038529,formal_public_module_evidence,0.015967088922037576,0.04511196430382802,0.07173020659891016,0.4534413843796572,1.287040468668379,5,0,V1_02_medium,4,OK,True,960,1403715571912143104,6.152251412224787e-11,1403715572112143104,411,True,433
0.8815843550851097,0.006374,0.050000000000000044,1.0,425,5.173986566964192,6.0,,16,1.7212308264590865,2.2746398763242044,1.4711480957921639,3.895646822493925,True,1.463790883517101,2.142683750667775,6,0.045018400490674404,Raw,V1_02_medium:1403715572412143104:1403715572612143104,0.037749,formal_public_module_evidence,0.026177282633952526,0.05120874209872214,0.08277714699068618,0.1979386448531405,0.5850114224908762,0,0,V1_02_medium,5,OK,True,970,1403715572412143104,3.6418774672079013e-10,1403715572612143104,211,True,381
1.0892237198633543,0.00204,0.050000000000000044,1.0,425,6.367983467032852,6.0,,16,1.7212308264590865,2.2746398763242044,1.4711480957921639,4.025637511913136,True,1.463790883517101,2.142683750667775,6,0.045018400490674404,Global-DoF,V1_02_medium:1403715572412143104:1403715572612143104,0.037749,formal_public_module_evidence,0.026177282633952526,0.05120874209872214,0.08277714699068618,0.1979386448531405,0.5850114224908762,0,0,V1_02_medium,5,OK,True,970,1403715572412143104,3.6418774672079013e-10,1403715572612143104,211,True,381
1.1686693415699005,0.450385,0.050000000000000044,1.0,425,6.894530899068502,6.0,,16,1.7212308264590865,2.2746398763242044,1.4711480957921639,4.079385748947322,True,1.463790883517101,2.142683750667775,6,0.045018400490674404,DPR-Exact-Block,V1_02_medium:1403715572412143104:1403715572612143104,0.037749,formal_public_module_evidence,0.026177282633952526,0.05120874209872214,0.08277714699068618,0.1979386448531405,0.5850114224908762,0,0,V1_02_medium,5,OK,True,970,1403715572412143104,3.6418774672079013e-10,1403715572612143104,211,True,381
1.1226061353533703,0.183341,0.050000000000000044,1.0,425,6.5841501458589065,6.0,,16,1.7212308264590865,2.2746398763242044,1.4711480957921639,4.047972906570549,True,1.463790883517101,2.142683750667775,6,0.045018400490674404,DUC-K16,V1_02_medium:1403715572412143104:1403715572612143104,0.037749,formal_public_module_evidence,0.026177282633952526,0.05120874209872214,0.08277714699068618,0.1979386448531405,0.5850114224908762,0,0,V1_02_medium,5,OK,True,970,1403715572412143104,3.6418774672079013e-10,1403715572612143104,211,True,381
1.0533142961395545,0.070338,0.050000000000000044,1.0,425,6.143369858899854,6.0,,16,1.7212308264590865,2.2746398763242044,1.4711480957921639,4.002030366581401,True,1.463790883517101,2.142683750667775,6,0.045018400490674404,Permuted-K16,V1_02_medium:1403715572412143104:1403715572612143104,0.037749,formal_public_module_evidence,0.026177282633952526,0.05120874209872214,0.08277714699068618,0.1979386448531405,0.5850114224908762,0,0,V1_02_medium,5,OK,True,970,1403715572412143104,3.6418774672079013e-10,1403715572612143104,211,True,381
0.7567457080158366,0.006125,0.050000000000000044,1.0,425,5.995975628802838,5.999999999999998,,48,1.512031534321744,2.4486681336601817,1.4596830363518452,4.098156411259682,True,1.6772765952895066,2.813256777105959,6,0.05412135386185013,Raw,V1_02_medium:1403715572412143104:1403715572612143104,0.038318,formal_public_module_evidence,0.015143439360417454,0.04781621570750872,0.06814919408144403,0.5552434951576318,1.4774804389239997,5,0,V1_02_medium,5,OK,True,970,1403715572412143104,1.1799428529618135e-09,1403715572612143104,211,True,381
0.8212842291534079,0.001892,0.050000000000000044,1.0,425,6.395707337389695,5.999999999999998,,48,1.512031534321744,2.4486681336601817,1.4596830363518452,4.133370505572619,True,1.6772765952895066,2.813256777105959,6,0.05412135386185013,Global-DoF,V1_02_medium:1403715572412143104:1403715572612143104,0.038318,formal_public_module_evidence,0.015143439360417454,0.04781621570750872,0.06814919408144403,0.5552434951576318,1.4774804389239997,5,0,V1_02_medium,5,OK,True,970,1403715572412143104,1.1799428529618135e-09,1403715572612143104,211,True,381
0.8647230484327454,1.289244,0.050000000000000044,1.0,425,6.6796517708208185,5.999999999999998,,48,1.512031534321744,2.4486681336601817,1.4596830363518452,4.1581111021464245,True,1.6772765952895066,2.813256777105959,6,0.05412135386185013,DPR-Exact-Block,V1_02_medium:1403715572412143104:1403715572612143104,0.038318,formal_public_module_evidence,0.015143439360417454,0.04781621570750872,0.06814919408144403,0.5552434951576318,1.4774804389239997,5,0,V1_02_medium,5,OK,True,970,1403715572412143104,1.1799428529618135e-09,1403715572612143104,211,True,381
0.9174306284155376,0.31507,0.050000000000000044,1.0,425,7.041163567983346,5.999999999999998,,48,1.512031534321744,2.4486681336601817,1.4596830363518452,4.189194803622784,True,1.6772765952895066,2.813256777105959,6,0.05412135386185013,DUC-K16,V1_02_medium:1403715572412143104:1403715572612143104,0.038318,formal_public_module_evidence,0.015143439360417454,0.04781621570750872,0.06814919408144403,0.5552434951576318,1.4774804389239997,5,0,V1_02_medium,5,OK,True,970,1403715572412143104,1.1799428529618135e-09,1403715572612143104,211,True,381
0.8284760167175127,0.105944,0.050000000000000044,1.0,425,6.4418697018752304,5.999999999999998,,48,1.512031534321744,2.4486681336601817,1.4596830363518452,4.137410215536455,True,1.6772765952895066,2.813256777105959,6,0.05412135386185013,Permuted-K16,V1_02_medium:1403715572412143104:1403715572612143104,0.038318,formal_public_module_evidence,0.015143439360417454,0.04781621570750872,0.06814919408144403,0.5552434951576318,1.4774804389239997,5,0,V1_02_medium,5,OK,True,970,1403715572412143104,1.1799428529618135e-09,1403715572612143104,211,True,381
0.4770695013392978,0.006115,0.008333333333333415,0.9583333333333334,337,0.5402821453340417,6.0,,16,1.6271632231669637,0.7350388733489146,1.7895020003845934,1.8428126771991609,True,0.5790498879100132,0.3352987726885989,6,0.10392882367805334,Raw,V1_02_medium:1403715572912143104:1403715573112143104,0.037502,formal_public_module_evidence,0.030889588213782404,0.09585986051197382,0.11961017374043392,0.28843995346756945,0.7478214023970071,0,0,V1_02_medium,4,OK,True,980,1403715572912143104,3.2070191856795966e-09,1403715573112143104,78,True,315
0.6847088661175423,0.00199,0.008333333333333415,0.9583333333333334,337,0.6649626404111283,6.0,,16,1.6271632231669637,0.7350388733489146,1.7895020003845934,1.9340896553576468,True,0.5790498879100132,0.3352987726885989,6,0.10392882367805334,Global-DoF,V1_02_medium:1403715572912143104:1403715573112143104,0.037502,formal_public_module_evidence,0.030889588213782404,0.09585986051197382,0.11961017374043392,0.28843995346756945,0.7478214023970071,0,0,V1_02_medium,4,OK,True,980,1403715572912143104,3.2070191856795966e-09,1403715573112143104,78,True,315
0.727165970684724,0.482582,0.008333333333333415,0.9583333333333334,337,0.693802934278137,6.0,,16,1.6271632231669637,0.7350388733489146,1.7895020003845934,1.955586422643688,True,0.5790498879100132,0.3352987726885989,6,0.10392882367805334,DPR-Exact-Block,V1_02_medium:1403715572912143104:1403715573112143104,0.037502,formal_public_module_evidence,0.030889588213782404,0.09585986051197382,0.11961017374043392,0.28843995346756945,0.7478214023970071,0,0,V1_02_medium,4,OK,True,980,1403715572912143104,3.2070191856795966e-09,1403715573112143104,78,True,315
0.8260414451551524,0.175266,0.008333333333333415,0.9583333333333334,337,0.7659090571020455,6.0,,16,1.6271632231669637,0.7350388733489146,1.7895020003845934,2.008964058038976,True,0.5790498879100132,0.3352987726885989,6,0.10392882367805334,DUC-K16,V1_02_medium:1403715572912143104:1403715573112143104,0.037502,formal_public_module_evidence,0.030889588213782404,0.09585986051197382,0.11961017374043392,0.28843995346756945,0.7478214023970071,0,0,V1_02_medium,4,OK,True,980,1403715572912143104,3.2070191856795966e-09,1403715573112143104,78,True,315
0.7150351740662171,0.075627,0.008333333333333415,0.9583333333333334,337,0.6854373949039774,6.0,,16,1.6271632231669637,0.7350388733489146,1.7895020003845934,1.9493538598439144,True,0.5790498879100132,0.3352987726885989,6,0.10392882367805334,Permuted-K16,V1_02_medium:1403715572912143104:1403715573112143104,0.037502,formal_public_module_evidence,0.030889588213782404,0.09585986051197382,0.11961017374043392,0.28843995346756945,0.7478214023970071,0,0,V1_02_medium,4,OK,True,980,1403715572912143104,3.2070191856795966e-09,1403715573112143104,78,True,315
0.9792091463898724,0.006114,0.008333333333333415,0.9583333333333334,337,1.0161848900997255,6.000000000000001,,48,1.6208638521361778,1.0080599635436998,1.7901904936284667,2.2295404098430294,True,0.6178083902907425,0.3816872071136384,6,0.013992085947452715,Raw,V1_02_medium:1403715572912143104:1403715573112143104,0.038363,formal_public_module_evidence,0.013197133540251094,0.03180013936755338,0.05295787650401293,0.4313159332735722,1.0,8,0,V1_02_medium,4,OK,True,980,1403715572912143104,6.516115764208379e-09,1403715573112143104,78,True,315
1.0437476675274437,0.002063,0.008333333333333415,0.9583333333333334,337,1.0839305494397073,6.000000000000001,,48,1.6208638521361778,1.0080599635436998,1.7901904936284667,2.2706034289562975,True,0.6178083902907425,0.3816872071136384,6,0.013992085947452715,Global-DoF,V1_02_medium:1403715572912143104:1403715573112143104,0.038363,formal_public_module_evidence,0.013197133540251094,0.03180013936755338,0.05295787650401293,0.4313159332735722,1.0,8,0,V1_02_medium,4,OK,True,980,1403715572912143104,6.516115764208379e-09,1403715573112143104,78,True,315
1.0922658199612976,1.27734,0.008333333333333415,0.9583333333333334,337,1.137817535091606,6.000000000000001,,48,1.6208638521361778,1.0080599635436998,1.7901904936284667,2.302444601095773,True,0.6178083902907425,0.3816872071136384,6,0.013992085947452715,DPR-Exact-Block,V1_02_medium:1403715572912143104:1403715573112143104,0.038363,formal_public_module_evidence,0.013197133540251094,0.03180013936755338,0.05295787650401293,0.4313159332735722,1.0,8,0,V1_02_medium,4,OK,True,980,1403715572912143104,6.516115764208379e-09,1403715573112143104,78,True,315
1.106160920314282,0.312873,0.008333333333333415,0.9583333333333334,337,1.1537379758351265,6.000000000000001,,48,1.6208638521361778,1.0080599635436998,1.7901904936284667,2.3117107472851295,True,0.6178083902907425,0.3816872071136384,6,0.013992085947452715,DUC-K16,V1_02_medium:1403715572912143104:1403715573112143104,0.038363,formal_public_module_evidence,0.013197133540251094,0.03180013936755338,0.05295787650401293,0.4313159332735722,1.0,8,0,V1_02_medium,4,OK,True,980,1403715572912143104,6.516115764208379e-09,1403715573112143104,78,True,315
1.0468163443989333,0.104532,0.008333333333333415,0.9583333333333334,337,1.0872618908380158,6.000000000000001,,48,1.6208638521361778,1.0080599635436998,1.7901904936284667,2.2725931811584137,True,0.6178083902907425,0.3816872071136384,6,0.013992085947452715,Permuted-K16,V1_02_medium:1403715572912143104:1403715573112143104,0.038363,formal_public_module_evidence,0.013197133540251094,0.03180013936755338,0.05295787650401293,0.4313159332735722,1.0,8,0,V1_02_medium,4,OK,True,980,1403715572912143104,6.516115764208379e-09,1403715573112143104,78,True,315
,,,,196,,,INSUFFICIENT_TRACKS,16,,,,,,,,,,Raw,V1_02_medium:1403715573412143104:1403715573612143104,,formal_public_module_evidence,,,,,,,,V1_02_medium,,,,990,1403715573412143104,,1403715573612143104,25,False,176
,,,,196,,,INSUFFICIENT_TRACKS,16,,,,,,,,,,Global-DoF,V1_02_medium:1403715573412143104:1403715573612143104,,formal_public_module_evidence,,,,,,,,V1_02_medium,,,,990,1403715573412143104,,1403715573612143104,25,False,176
,,,,196,,,INSUFFICIENT_TRACKS,16,,,,,,,,,,DPR-Exact-Block,V1_02_medium:1403715573412143104:1403715573612143104,,formal_public_module_evidence,,,,,,,,V1_02_medium,,,,990,1403715573412143104,,1403715573612143104,25,False,176
,,,,196,,,INSUFFICIENT_TRACKS,16,,,,,,,,,,DUC-K16,V1_02_medium:1403715573412143104:1403715573612143104,,formal_public_module_evidence,,,,,,,,V1_02_medium,,,,990,1403715573412143104,,1403715573612143104,25,False,176
,,,,196,,,INSUFFICIENT_TRACKS,16,,,,,,,,,,Permuted-K16,V1_02_medium:1403715573412143104:1403715573612143104,,formal_public_module_evidence,,,,,,,,V1_02_medium,,,,990,1403715573412143104,,1403715573612143104,25,False,176
,,,,196,,,INSUFFICIENT_TRACKS,48,,,,,,,,,,Raw,V1_02_medium:1403715573412143104:1403715573612143104,,formal_public_module_evidence,,,,,,,,V1_02_medium,,,,990,1403715573412143104,,1403715573612143104,25,False,176
,,,,196,,,INSUFFICIENT_TRACKS,48,,,,,,,,,,Global-DoF,V1_02_medium:1403715573412143104:1403715573612143104,,formal_public_module_evidence,,,,,,,,V1_02_medium,,,,990,1403715573412143104,,1403715573612143104,25,False,176
,,,,196,,,INSUFFICIENT_TRACKS,48,,,,,,,,,,DPR-Exact-Block,V1_02_medium:1403715573412143104:1403715573612143104,,formal_public_module_evidence,,,,,,,,V1_02_medium,,,,990,1403715573412143104,,1403715573612143104,25,False,176
,,,,196,,,INSUFFICIENT_TRACKS,48,,,,,,,,,,DUC-K16,V1_02_medium:1403715573412143104:1403715573612143104,,formal_public_module_evidence,,,,,,,,V1_02_medium,,,,990,1403715573412143104,,1403715573612143104,25,False,176
,,,,196,,,INSUFFICIENT_TRACKS,48,,,,,,,,,,Permuted-K16,V1_02_medium:1403715573412143104:1403715573612143104,,formal_public_module_evidence,,,,,,,,V1_02_medium,,,,990,1403715573412143104,,1403715573612143104,25,False,176
0.6851726913723734,0.006486,0.24166666666666659,0.7083333333333334,171,0.21438013955290344,5.999999999999998,,16,1.841093047652875,0.4630120295984797,1.805748746627884,2.281987025050777,True,0.652192250562495,0.4253547316937722,6,0.254732681284618,Raw,V1_02_medium:1403715573912143104:1403715574112143104,0.038632,formal_public_module_evidence,0.031852521958486424,0.17170917752944093,0.15118326322476655,0.267627165689531,1.3130679344133385,0,0,V1_02_medium,5,OK,True,1000,1403715573912143104,2.955887665547943e-10,1403715574112143104,85,True,95
0.4775333265941289,0.0023,0.11666666666666659,0.8333333333333334,171,0.2638524794497273,5.999999999999998,,16,1.841093047652875,0.4630120295984797,1.805748746627884,2.117604931316531,True,0.652192250562495,0.4253547316937722,6,0.254732681284618,Global-DoF,V1_02_medium:1403715573912143104:1403715574112143104,0.038632,formal_public_module_evidence,0.031852521958486424,0.17170917752944093,0.15118326322476655,0.267627165689531,1.3130679344133385,0,0,V1_02_medium,5,OK,True,1000,1403715573912143104,2.955887665547943e-10,1403715574112143104,85,True,95
0.445987375183601,0.446368,0.11666666666666659,0.8333333333333334,171,0.2723086344248014,5.999999999999998,,16,1.841093047652875,0.4630120295984797,1.805748746627884,2.0990896418848597,True,0.652192250562495,0.4253547316937722,6,0.254732681284618,DPR-Exact-Block,V1_02_medium:1403715573912143104:1403715574112143104,0.038632,formal_public_module_evidence,0.031852521958486424,0.17170917752944093,0.15118326322476655,0.267627165689531,1.3130679344133385,0,0,V1_02_medium,5,OK,True,1000,1403715573912143104,2.955887665547943e-10,1403715574112143104,85,True,95
0.2190648282486699,0.182963,0.050000000000000044,1.0,171,0.3416745430087839,5.999999999999998,,16,1.841093047652875,0.4630120295984797,1.805748746627884,2.008892422309506,True,0.652192250562495,0.4253547316937722,6,0.254732681284618,DUC-K16,V1_02_medium:1403715573912143104:1403715574112143104,0.038632,formal_public_module_evidence,0.031852521958486424,0.17170917752944093,0.15118326322476655,0.267627165689531,1.3130679344133385,0,0,V1_02_medium,5,OK,True,1000,1403715573912143104,2.955887665547943e-10,1403715574112143104,85,True,95
0.3485899286978855,0.070601,0.11666666666666659,0.8333333333333334,171,0.3001653696343565,5.999999999999998,,16,1.841093047652875,0.4630120295984797,1.805748746627884,2.0515233145964493,True,0.652192250562495,0.4253547316937722,6,0.254732681284618,Permuted-K16,V1_02_medium:1403715573912143104:1403715574112143104,0.038632,formal_public_module_evidence,0.031852521958486424,0.17170917752944093,0.15118326322476655,0.267627165689531,1.3130679344133385,0,0,V1_02_medium,5,OK,True,1000,1403715573912143104,2.955887665547943e-10,1403715574112143104,85,True,95
0.030863077265770707,0.006047,0.033333333333333326,0.9166666666666666,171,0.4185389453409873,6.0,,48,1.7416148583939388,0.6469458596675516,1.8112878302929059,1.9365000577946418,True,0.6370391243174428,0.4058188459111343,6,0.006429206368365414,Raw,V1_02_medium:1403715573912143104:1403715574112143104,0.038046,formal_public_module_evidence,0.01416524402902325,0.02643271016785902,0.05176458241851135,0.3708747166922234,1.0,3,0,V1_02_medium,4,OK,True,1000,1403715573912143104,2.7284127688294756e-09,1403715574112143104,85,True,95
0.09540159840334159,0.002052,0.033333333333333326,0.9166666666666666,171,0.446441541697053,6.0,,48,1.7416148583939388,0.6469458596675516,1.8112878302929059,1.9404380585940595,True,0.6370391243174428,0.4058188459111343,6,0.006429206368365414,Global-DoF,V1_02_medium:1403715573912143104:1403715574112143104,0.038046,formal_public_module_evidence,0.01416524402902325,0.02643271016785902,0.05176458241851135,0.3708747166922234,1.0,3,0,V1_02_medium,4,OK,True,1000,1403715573912143104,2.7284127688294756e-09,1403715574112143104,85,True,95
0.09105439197856689,1.2892,0.033333333333333326,0.9166666666666666,171,0.44450498052408083,6.0,,48,1.7416148583939388,0.6469458596675516,1.8112878302929059,1.9400510985070338,True,0.6370391243174428,0.4058188459111343,6,0.006429206368365414,DPR-Exact-Block,V1_02_medium:1403715573912143104:1403715574112143104,0.038046,formal_public_module_evidence,0.01416524402902325,0.02643271016785902,0.05176458241851135,0.3708747166922234,1.0,3,0,V1_02_medium,4,OK,True,1000,1403715573912143104,2.7284127688294756e-09,1403715574112143104,85,True,95
0.0846044292504962,0.313348,0.033333333333333326,0.9166666666666666,171,0.44164716627252526,6.0,,48,1.7416148583939388,0.6469458596675516,1.8112878302929059,1.939508777235276,True,0.6370391243174428,0.4058188459111343,6,0.006429206368365414,DUC-K16,V1_02_medium:1403715573912143104:1403715574112143104,0.038046,formal_public_module_evidence,0.01416524402902325,0.02643271016785902,0.05176458241851135,0.3708747166922234,1.0,3,0,V1_02_medium,4,OK,True,1000,1403715573912143104,2.7284127688294756e-09,1403715574112143104,85,True,95
0.10240179227537481,0.104496,0.033333333333333326,0.9166666666666666,171,0.4495776830335352,6.0,,48,1.7416148583939388,0.6469458596675516,1.8112878302929059,1.9410972416458125,True,0.6370391243174428,0.4058188459111343,6,0.006429206368365414,Permuted-K16,V1_02_medium:1403715573912143104:1403715574112143104,0.038046,formal_public_module_evidence,0.01416524402902325,0.02643271016785902,0.05176458241851135,0.3708747166922234,1.0,3,0,V1_02_medium,4,OK,True,1000,1403715573912143104,2.7284127688294756e-09,1403715574112143104,85,True,95
2.062931186109292,0.006205,0.19999999999999996,0.75,233,1.061424663080407,6.0,,16,1.8470212942142568,1.0302546593344808,1.8486566308842314,9.766490640621312,True,2.8900436528689744,8.352352315488245,6,0.03243424759090108,Raw,V1_02_medium:1403715574412143104:1403715574612143104,0.039445,formal_public_module_evidence,0.026442535008107115,0.04955464740029708,0.08378276358389522,0.22065008316449347,0.633965225498622,0,0,V1_02_medium,5,OK,True,1010,1403715574412143104,3.8197753936069243e-10,1403715574612143104,98,True,181
1.8552918213310472,0.002057,0.15833333333333333,0.7916666666666666,233,1.3063688160989626,6.0,,16,1.8470212942142568,1.0302546593344808,1.8486566308842314,8.498692215392778,True,2.8900436528689744,8.352352315488245,6,0.03243424759090108,Global-DoF,V1_02_medium:1403715574412143104:1403715574612143104,0.039445,formal_public_module_evidence,0.026442535008107115,0.04955464740029708,0.08378276358389522,0.22065008316449347,0.633965225498622,0,0,V1_02_medium,5,OK,True,1010,1403715574412143104,3.8197753936069243e-10,1403715574612143104,98,True,181
1.735535800259574,0.447119,0.15833333333333333,0.7916666666666666,233,1.4725674079033126,6.0,,16,1.8470212942142568,1.0302546593344808,1.8486566308842314,7.8968505104306566,True,2.8900436528689744,8.352352315488245,6,0.03243424759090108,DPR-Exact-Block,V1_02_medium:1403715574412143104:1403715574612143104,0.039445,formal_public_module_evidence,0.026442535008107115,0.04955464740029708,0.08378276358389522,0.22065008316449347,0.633965225498622,0,0,V1_02_medium,5,OK,True,1010,1403715574412143104,3.8197753936069243e-10,1403715574612143104,98,True,181
1.7685076955006729,0.174572,0.15833333333333333,0.7916666666666666,233,1.4248057920010853,6.0,,16,1.8470212942142568,1.0302546593344808,1.8486566308842314,8.054011378888186,True,2.8900436528689744,8.352352315488245,6,0.03243424759090108,DUC-K16,V1_02_medium:1403715574412143104:1403715574612143104,0.039445,formal_public_module_evidence,0.026442535008107115,0.04955464740029708,0.08378276358389522,0.22065008316449347,0.633965225498622,0,0,V1_02_medium,5,OK,True,1010,1403715574412143104,3.8197753936069243e-10,1403715574612143104,98,True,181
1.8431772617567295,0.06875,0.15833333333333333,0.7916666666666666,233,1.3222911502473673,6.0,,16,1.8470212942142568,1.0302546593344808,1.8486566308842314,8.433818844953194,True,2.8900436528689744,8.352352315488245,6,0.03243424759090108,Permuted-K16,V1_02_medium:1403715574412143104:1403715574612143104,0.039445,formal_public_module_evidence,0.026442535008107115,0.04955464740029708,0.08378276358389522,0.22065008316449347,0.633965225498622,0,0,V1_02_medium,5,OK,True,1010,1403715574412143104,3.8197753936069243e-10,1403715574612143104,98,True,181
1.3132088945753193,0.006018,0.07499999999999996,0.875,233,2.0340275462621213,6.000000000000002,,48,1.8396755915836176,1.4261933761808465,1.8412320572885006,6.265980441446028,True,2.7500342537386167,7.56268839673571,6,0.0007974752591106693,Raw,V1_02_medium:1403715574412143104:1403715574612143104,0.037749,formal_public_module_evidence,0.013018200559415938,0.0544142679768405,0.05960373217278087,0.4913051826396217,1.2111172175066791,2,0,V1_02_medium,4,OK,True,1010,1403715574412143104,3.223753081771007e-09,1403715574612143104,98,True,181
1.2486703734377484,0.001998,0.07499999999999996,0.875,233,2.1696293826795956,6.000000000000002,,48,1.8396755915836176,1.4261933761808465,1.8412320572885006,6.098138616671082,True,2.7500342537386167,7.56268839673571,6,0.0007974752591106693,Global-DoF,V1_02_medium:1403715574412143104:1403715574612143104,0.037749,formal_public_module_evidence,0.013018200559415938,0.0544142679768405,0.05960373217278087,0.4913051826396217,1.2111172175066791,2,0,V1_02_medium,4,OK,True,1010,1403715574412143104,3.223753081771007e-09,1403715574612143104,98,True,181
1.248009470164074,1.287019,0.07499999999999996,0.875,233,2.171063771785285,6.000000000000002,,48,1.8396755915836176,1.4261933761808465,1.8412320572885006,6.096496567072861,True,2.7500342537386167,7.56268839673571,6,0.0007974752591106693,DPR-Exact-Block,V1_02_medium:1403715574412143104:1403715574612143104,0.037749,formal_public_module_evidence,0.013018200559415938,0.0544142679768405,0.05960373217278087,0.4913051826396217,1.2111172175066791,2,0,V1_02_medium,4,OK,True,1010,1403715574412143104,3.223753081771007e-09,1403715574612143104,98,True,181
1.247212312719403,0.312265,0.07499999999999996,0.875,233,2.1727951414292357,6.000000000000002,,48,1.8396755915836176,1.4261933761808465,1.8412320572885006,6.094518010979811,True,2.7500342537386167,7.56268839673571,6,0.0007974752591106693,DUC-K16,V1_02_medium:1403715574412143104:1403715574612143104,0.037749,formal_public_module_evidence,0.013018200559415938,0.0544142679768405,0.05960373217278087,0.4913051826396217,1.2111172175066791,2,0,V1_02_medium,4,OK,True,1010,1403715574412143104,3.223753081771007e-09,1403715574612143104,98,True,181
1.2543099249852165,0.104339,0.07499999999999996,0.875,233,2.157428083203787,6.000000000000002,,48,1.8396755915836176,1.4261933761808465,1.8412320572885006,6.1122124141908065,True,2.7500342537386167,7.56268839673571,6,0.0007974752591106693,Permuted-K16,V1_02_medium:1403715574412143104:1403715574612143104,0.037749,formal_public_module_evidence,0.013018200559415938,0.0544142679768405,0.05960373217278087,0.4913051826396217,1.2111172175066791,2,0,V1_02_medium,4,OK,True,1010,1403715574412143104,3.223753081771007e-09,1403715574612143104,98,True,181
1.6129193970323024,0.006151,0.050000000000000044,1.0,231,5.969959646895932,6.0,,16,1.5488512976259232,2.443350086847141,1.5281004693723759,3.823922148225576,True,1.0907989239573403,1.1898422925064918,6,0.019985694662199016,Raw,V1_02_medium:1403715574912143104:1403715575112143104,0.037255,formal_public_module_evidence,0.01834773188504324,0.06355073381092777,0.08376294211834645,0.1810706837695762,0.7953335646376248,1,0,V1_02_medium,4,OK,True,1020,1403715574912143104,5.0999505519459665e-09,1403715575112143104,139,True,172
1.8205587618105472,0.002074,0.050000000000000044,1.0,231,7.347642642333455,6.0,,16,1.5488512976259232,2.443350086847141,1.5281004693723759,3.994191841675981,True,1.0907989239573403,1.1898422925064918,6,0.019985694662199016,Global-DoF,V1_02_medium:1403715574912143104:1403715575112143104,0.037255,formal_public_module_evidence,0.01834773188504324,0.06355073381092777,0.08376294211834645,0.1810706837695762,0.7953335646376248,1,0,V1_02_medium,4,OK,True,1020,1403715574912143104,5.0999505519459665e-09,1403715575112143104,139,True,172
1.7427999494245372,0.48919,0.050000000000000044,1.0,231,6.797947446129996,6.0,,16,1.5488512976259232,2.443350086847141,1.5281004693723759,3.929527426615055,True,1.0907989239573403,1.1898422925064918,6,0.019985694662199016,DPR-Exact-Block,V1_02_medium:1403715574912143104:1403715575112143104,0.037255,formal_public_module_evidence,0.01834773188504324,0.06355073381092777,0.08376294211834645,0.1810706837695762,0.7953335646376248,1,0,V1_02_medium,4,OK,True,1020,1403715574912143104,5.0999505519459665e-09,1403715575112143104,139,True,172
1.7226118392839487,0.176572,0.050000000000000044,1.0,231,6.662085744141966,6.0,,16,1.5488512976259232,2.443350086847141,1.5281004693723759,3.9129087428774696,True,1.0907989239573403,1.1898422925064918,6,0.019985694662199016,DUC-K16,V1_02_medium:1403715574912143104:1403715575112143104,0.037255,formal_public_module_evidence,0.01834773188504324,0.06355073381092777,0.08376294211834645,0.1810706837695762,0.7953335646376248,1,0,V1_02_medium,4,OK,True,1020,1403715574912143104,5.0999505519459665e-09,1403715575112143104,139,True,172
1.7196955684639434,0.068309,0.050000000000000044,1.0,231,6.642685599672822,6.0,,16,1.5488512976259232,2.443350086847141,1.5281004693723759,3.9105140755013346,True,1.0907989239573403,1.1898422925064918,6,0.019985694662199016,Permuted-K16,V1_02_medium:1403715574912143104:1403715575112143104,0.037255,formal_public_module_evidence,0.01834773188504324,0.06355073381092777,0.08376294211834645,0.1810706837695762,0.7953335646376248,1,0,V1_02_medium,4,OK,True,1020,1403715574912143104,5.0999505519459665e-09,1403715575112143104,139,True,172
1.6127689286279623,0.006323,0.050000000000000044,1.0,231,5.032135729920817,6.0,,48,1.5294189259347855,2.2432422361218185,1.5307732708199109,3.6530564638955503,True,1.0015389648734214,1.0030802981597244,6,0.023160221864947483,Raw,V1_02_medium:1403715574912143104:1403715575112143104,0.037411,formal_public_module_evidence,0.013151016987749509,0.0332929024344176,0.05755991228845649,0.4953639325859284,1.0035500209914552,4,0,V1_02_medium,4,OK,True,1020,1403715574912143104,1.65935736554826e-10,1403715575112143104,139,True,172
1.6773074497655331,0.001994,0.050000000000000044,1.0,231,5.367611445248871,6.0,,48,1.5294189259347855,2.2432422361218185,1.5307732708199109,3.7051365534645497,True,1.0015389648734214,1.0030802981597244,6,0.023160221864947483,Global-DoF,V1_02_medium:1403715574912143104:1403715575112143104,0.037411,formal_public_module_evidence,0.013151016987749509,0.0332929024344176,0.05755991228845649,0.4953639325859284,1.0035500209914552,4,0,V1_02_medium,4,OK,True,1020,1403715574912143104,1.65935736554826e-10,1403715575112143104,139,True,172
1.6566561582703778,1.279339,0.050000000000000044,1.0,231,5.257900076465149,6.0,,48,1.5294189259347855,2.2432422361218185,1.5307732708199109,3.688384627382606,True,1.0015389648734214,1.0030802981597244,6,0.023160221864947483,DPR-Exact-Block,V1_02_medium:1403715574912143104:1403715575112143104,0.037411,formal_public_module_evidence,0.013151016987749509,0.0332929024344176,0.05755991228845649,0.4953639325859284,1.0035500209914552,4,0,V1_02_medium,4,OK,True,1020,1403715574912143104,1.65935736554826e-10,1403715575112143104,139,True,172
1.6332235241620636,0.317167,0.050000000000000044,1.0,231,5.136125944150492,6.0,,48,1.5294189259347855,2.2432422361218185,1.5307732708199109,3.66947516161291,True,1.0015389648734214,1.0030802981597244,6,0.023160221864947483,DUC-K16,V1_02_medium:1403715574912143104:1403715575112143104,0.037411,formal_public_module_evidence,0.013151016987749509,0.0332929024344176,0.05755991228845649,0.4953639325859284,1.0035500209914552,4,0,V1_02_medium,4,OK,True,1020,1403715574912143104,1.65935736554826e-10,1403715575112143104,139,True,172
1.6992096530460201,0.105762,0.050000000000000044,1.0,231,5.486470852269285,6.0,,48,1.5294189259347855,2.2432422361218185,1.5307732708199109,3.7229902477074845,True,1.0015389648734214,1.0030802981597244,6,0.023160221864947483,Permuted-K16,V1_02_medium:1403715574912143104:1403715575112143104,0.037411,formal_public_module_evidence,0.013151016987749509,0.0332929024344176,0.05755991228845649,0.4953639325859284,1.0035500209914552,4,0,V1_02_medium,4,OK,True,1020,1403715574912143104,1.65935736554826e-10,1403715575112143104,139,True,172
1.2389941690971003,0.006122,0.11666666666666659,0.8333333333333334,261,0.37188829843720245,5.999999999999999,,16,1.318578962997323,0.6098264494404965,1.258766531895185,4.300854772971356,True,1.1330535140927631,1.2838102657979595,6,0.010792738788721001,Raw,V1_02_medium:1403715575412143104:1403715575612143104,0.042027,formal_public_module_evidence,0.028904183670099726,0.08139518538757226,0.10570938315350042,0.196270528308014,0.7307969645512633,0,0,V1_02_medium,8,OK,True,1030,1403715575412143104,4.3495111621275816e-08,1403715575612143104,138,True,190
1.0313548043188556,0.001902,0.07499999999999996,0.875,261,0.45770867499963386,5.999999999999999,,16,1.318578962997323,0.6098264494404965,1.258766531895185,3.8612179909908044,True,1.1330535140927631,1.2838102657979595,6,0.010792738788721001,Global-DoF,V1_02_medium:1403715575412143104:1403715575612143104,0.042027,formal_public_module_evidence,0.028904183670099726,0.08139518538757226,0.10570938315350042,0.196270528308014,0.7307969645512633,0,0,V1_02_medium,8,OK,True,1030,1403715575412143104,4.3495111621275816e-08,1403715575612143104,138,True,190
1.0815228909689214,0.476111,0.07499999999999996,0.875,261,0.43531278309162824,5.999999999999999,,16,1.318578962997323,0.6098264494404965,1.258766531895185,3.9553539950593866,True,1.1330535140927631,1.2838102657979595,6,0.010792738788721001,DPR-Exact-Block,V1_02_medium:1403715575412143104:1403715575612143104,0.042027,formal_public_module_evidence,0.028904183670099726,0.08139518538757226,0.10570938315350042,0.196270528308014,0.7307969645512633,0,0,V1_02_medium,8,OK,True,1030,1403715575412143104,4.3495111621275816e-08,1403715575612143104,138,True,190
1.0707879780909175,0.183521,0.07499999999999996,0.875,261,0.4400110002509273,5.999999999999999,,16,1.318578962997323,0.6098264494404965,1.258766531895185,3.934599175078135,True,1.1330535140927631,1.2838102657979595,6,0.010792738788721001,DUC-K16,V1_02_medium:1403715575412143104:1403715575612143104,0.042027,formal_public_module_evidence,0.028904183670099726,0.08139518538757226,0.10570938315350042,0.196270528308014,0.7307969645512633,0,0,V1_02_medium,8,OK,True,1030,1403715575412143104,4.3495111621275816e-08,1403715575612143104,138,True,190
1.00696262061053,0.068642,0.07499999999999996,0.875,261,0.4690104664165525,5.999999999999999,,16,1.318578962997323,0.6098264494404965,1.258766531895185,3.8180211073561368,True,1.1330535140927631,1.2838102657979595,6,0.010792738788721001,Permuted-K16,V1_02_medium:1403715575412143104:1403715575612143104,0.042027,formal_public_module_evidence,0.028904183670099726,0.08139518538757226,0.10570938315350042,0.196270528308014,0.7307969645512633,0,0,V1_02_medium,8,OK,True,1030,1403715575412143104,4.3495111621275816e-08,1403715575612143104,138,True,190
0.505368041668181,0.006043,0.033333333333333326,0.9166666666666666,261,0.8062934843505398,5.999999999999999,,48,1.2153304450802738,0.8979384635655941,1.2597128741411274,3.2801650605739248,True,1.1560745776529748,1.3365084290955043,6,0.008754485967481962,Raw,V1_02_medium:1403715575412143104:1403715575612143104,0.038441,formal_public_module_evidence,0.01644379702235782,0.03462273581969256,0.06302499679300555,0.5206516639967005,1.0,5,0,V1_02_medium,4,OK,True,1030,1403715575412143104,3.3500994271264163e-10,1403715575612143104,138,True,190
0.4408295205306097,0.001892,0.033333333333333326,0.9166666666666666,261,0.8600463833072425,5.999999999999999,,48,1.2153304450802738,0.8979384635655941,1.2597128741411274,3.2411038646856873,True,1.1560745776529748,1.3365084290955043,6,0.008754485967481962,Global-DoF,V1_02_medium:1403715575412143104:1403715575612143104,0.038441,formal_public_module_evidence,0.01644379702235782,0.03462273581969256,0.06302499679300555,0.5206516639967005,1.0,5,0,V1_02_medium,4,OK,True,1030,1403715575412143104,3.3500994271264163e-10,1403715575612143104,138,True,190
0.42494469190805617,1.274006,0.033333333333333326,0.9166666666666666,261,0.8738171563371502,5.999999999999999,,48,1.2153304450802738,0.8979384635655941,1.2597128741411274,3.23249876119638,True,1.1560745776529748,1.3365084290955043,6,0.008754485967481962,DPR-Exact-Block,V1_02_medium:1403715575412143104:1403715575612143104,0.038441,formal_public_module_evidence,0.01644379702235782,0.03462273581969256,0.06302499679300555,0.5206516639967005,1.0,5,0,V1_02_medium,4,OK,True,1030,1403715575412143104,3.3500994271264163e-10,1403715575612143104,138,True,190
0.4162283042601786,0.311732,0.033333333333333326,0.9166666666666666,261,0.8814669763704487,5.999999999999999,,48,1.2153304450802738,0.8979384635655941,1.2597128741411274,3.22794131715051,True,1.1560745776529748,1.3365084290955043,6,0.008754485967481962,DUC-K16,V1_02_medium:1403715575412143104:1403715575612143104,0.038441,formal_public_module_evidence,0.01644379702235782,0.03462273581969256,0.06302499679300555,0.5206516639967005,1.0,5,0,V1_02_medium,4,OK,True,1030,1403715575412143104,3.3500994271264163e-10,1403715575612143104,138,True,190
0.4622309216419873,0.104702,0.033333333333333326,0.9166666666666666,261,0.8418357473106951,5.999999999999999,,48,1.2153304450802738,0.8979384635655941,1.2597128741411274,3.253318583027467,True,1.1560745776529748,1.3365084290955043,6,0.008754485967481962,Permuted-K16,V1_02_medium:1403715575412143104:1403715575612143104,0.038441,formal_public_module_evidence,0.01644379702235782,0.03462273581969256,0.06302499679300555,0.5206516639967005,1.0,5,0,V1_02_medium,4,OK,True,1030,1403715575412143104,3.3500994271264163e-10,1403715575612143104,138,True,190
0.763123159041257,0.005745,0.008333333333333415,0.9583333333333334,270,48.014096005775365,6.0,,16,1.1466666026224868,6.9292204471913985,1.1523947567287918,6.1755798098378385,True,4.731232492360479,22.384560896767553,6,0.033560614055102245,Raw,V1_02_medium:1403715575912143104:1403715576112143104,0.037201,formal_public_module_evidence,0.026684185793347692,0.10893128509584393,0.11859463354776681,0.27367329274604657,0.7606488042746973,1,0,V1_02_medium,5,OK,True,1040,1403715575912143104,3.2050465613770806e-08,1403715576112143104,77,True,217
0.9707625238195017,0.001965,0.008333333333333415,0.9583333333333334,270,59.09427200710815,6.0,,16,1.1466666026224868,6.9292204471913985,1.1523947567287918,6.295805154207596,True,4.731232492360479,22.384560896767553,6,0.033560614055102245,Global-DoF,V1_02_medium:1403715575912143104:1403715576112143104,0.037201,formal_public_module_evidence,0.026684185793347692,0.10893128509584393,0.11859463354776681,0.27367329274604657,0.7606488042746973,1,0,V1_02_medium,5,OK,True,1040,1403715575912143104,3.2050465613770806e-08,1403715576112143104,77,True,217
1.0055845846096718,0.485883,0.008333333333333415,0.9583333333333334,270,61.1883040005218,6.0,,16,1.1466666026224868,6.9292204471913985,1.1523947567287918,6.317663839838751,True,4.731232492360479,22.384560896767553,6,0.033560614055102245,DPR-Exact-Block,V1_02_medium:1403715575912143104:1403715576112143104,0.037201,formal_public_module_evidence,0.026684185793347692,0.10893128509584393,0.11859463354776681,0.27367329274604657,0.7606488042746973,1,0,V1_02_medium,5,OK,True,1040,1403715575912143104,3.2050465613770806e-08,1403715576112143104,77,True,217
0.9714478873013863,0.176016,0.008333333333333415,0.9583333333333334,270,59.13478694527402,6.0,,16,1.1466666026224868,6.9292204471913985,1.1523947567287918,6.296230994997958,True,4.731232492360479,22.384560896767553,6,0.033560614055102245,DUC-K16,V1_02_medium:1403715575912143104:1403715576112143104,0.037201,formal_public_module_evidence,0.026684185793347692,0.10893128509584393,0.11859463354776681,0.27367329274604657,0.7606488042746973,1,0,V1_02_medium,5,OK,True,1040,1403715575912143104,3.2050465613770806e-08,1403715576112143104,77,True,217
0.8854065435751081,0.069638,0.008333333333333415,0.9583333333333334,270,54.25949602929069,6.0,,16,1.1466666026224868,6.9292204471913985,1.1523947567287918,6.24420150661157,True,4.731232492360479,22.384560896767553,6,0.033560614055102245,Permuted-K16,V1_02_medium:1403715575912143104:1403715576112143104,0.037201,formal_public_module_evidence,0.026684185793347692,0.10893128509584393,0.11859463354776681,0.27367329274604657,0.7606488042746973,1,0,V1_02_medium,5,OK,True,1040,1403715575912143104,3.2050465613770806e-08,1403715576112143104,77,True,217
1.4196795029615659,0.006038,0.050000000000000044,1.0,270,21.181433502840985,6.0,,48,1.1124179129008804,4.602329138907927,1.133154498720415,5.132793584140843,True,2.26307104067694,5.121490535150609,6,0.01193116680241868,Raw,V1_02_medium:1403715575912143104:1403715576112143104,0.038037,formal_public_module_evidence,0.015542255228434998,0.03549322604278679,0.06367741894813084,0.6086281757763397,1.2094627289032043,4,0,V1_02_medium,4,OK,True,1040,1403715575912143104,1.4319490136135954e-08,1403715576112143104,77,True,217
1.484218024099137,0.001862,0.050000000000000044,1.0,270,22.59352906969705,6.0,,48,1.1124179129008804,4.602329138907927,1.133154498720415,5.182220136657216,True,2.26307104067694,5.121490535150609,6,0.01193116680241868,Global-DoF,V1_02_medium:1403715575912143104:1403715576112143104,0.038037,formal_public_module_evidence,0.015542255228434998,0.03549322604278679,0.06367741894813084,0.6086281757763397,1.2094627289032043,4,0,V1_02_medium,4,OK,True,1040,1403715575912143104,1.4319490136135954e-08,1403715576112143104,77,True,217
1.5029949324541498,1.286901,0.050000000000000044,1.0,270,23.02177366704318,6.0,,48,1.1124179129008804,4.602329138907927,1.133154498720415,5.1967804157827295,True,2.26307104067694,5.121490535150609,6,0.01193116680241868,DPR-Exact-Block,V1_02_medium:1403715575912143104:1403715576112143104,0.038037,formal_public_module_evidence,0.015542255228434998,0.03549322604278679,0.06367741894813084,0.6086281757763397,1.2094627289032043,4,0,V1_02_medium,4,OK,True,1040,1403715575912143104,1.4319490136135954e-08,1403715576112143104,77,True,217
1.5148554840125055,0.31416,0.050000000000000044,1.0,270,23.2964502887522,6.0,,48,1.1124179129008804,4.602329138907927,1.133154498720415,5.206018020192721,True,2.26307104067694,5.121490535150609,6,0.01193116680241868,DUC-K16,V1_02_medium:1403715575912143104:1403715576112143104,0.038037,formal_public_module_evidence,0.015542255228434998,0.03549322604278679,0.06367741894813084,0.6086281757763397,1.2094627289032043,4,0,V1_02_medium,4,OK,True,1040,1403715575912143104,1.4319490136135954e-08,1403715576112143104,77,True,217
1.5139044655425629,0.104365,0.050000000000000044,1.0,270,23.27430546598028,6.0,,48,1.1124179129008804,4.602329138907927,1.133154498720415,5.2052761730255765,True,2.26307104067694,5.121490535150609,6,0.01193116680241868,Permuted-K16,V1_02_medium:1403715575912143104:1403715576112143104,0.038037,formal_public_module_evidence,0.015542255228434998,0.03549322604278679,0.06367741894813084,0.6086281757763397,1.2094627289032043,4,0,V1_02_medium,4,OK,True,1040,1403715575912143104,1.4319490136135954e-08,1403715576112143104,77,True,217
0.30881809203819377,0.005841,0.07499999999999996,0.875,249,1.429984879503072,6.0,,16,1.3498705775089888,1.1958197520960556,1.2361534669899308,3.5573555598992344,True,1.3954835433085153,1.947374319644889,6,0.16124694151235452,Raw,V1_02_medium:1403715576412143104:1403715576612143104,0.038571,formal_public_module_evidence,0.017000620157445523,0.09520503484089093,0.101739720914673,0.17669681381794927,0.5715569594232761,0,0,V1_02_medium,5,OK,True,1050,1403715576412143104,1.114678029954595e-09,1403715576612143104,83,True,190
0.10117872725994932,0.002028,0.033333333333333326,0.9166666666666666,249,1.759981390157627,6.0,,16,1.3498705775089888,1.1958197520960556,1.2361534669899308,3.509654682855969,True,1.3954835433085153,1.947374319644889,6,0.16124694151235452,Global-DoF,V1_02_medium:1403715576412143104:1403715576612143104,0.038571,formal_public_module_evidence,0.017000620157445523,0.09520503484089093,0.101739720914673,0.17669681381794927,0.5715569594232761,0,0,V1_02_medium,5,OK,True,1050,1403715576412143104,1.114678029954595e-09,1403715576612143104,83,True,190
0.049259321206070614,0.488437,0.033333333333333326,0.9166666666666666,249,1.8537722948219009,6.0,,16,1.3498705775089888,1.1958197520960556,1.2361534669899308,3.505592438146721,True,1.3954835433085153,1.947374319644889,6,0.16124694151235452,DPR-Exact-Block,V1_02_medium:1403715576412143104:1403715576612143104,0.038571,formal_public_module_evidence,0.017000620157445523,0.09520503484089093,0.101739720914673,0.17669681381794927,0.5715569594232761,0,0,V1_02_medium,5,OK,True,1050,1403715576412143104,1.114678029954595e-09,1403715576612143104,83,True,190
0.10023505614722653,0.175742,0.050000000000000044,1.0,249,2.1526874076222713,6.0,,16,1.3498705775089888,1.1958197520960556,1.2361534669899308,3.5092188404700178,True,1.3954835433085153,1.947374319644889,6,0.16124694151235452,DUC-K16,V1_02_medium:1403715576412143104:1403715576612143104,0.038571,formal_public_module_evidence,0.017000620157445523,0.09520503484089093,0.101739720914673,0.17669681381794927,0.5715569594232761,0,0,V1_02_medium,5,OK,True,1050,1403715576412143104,1.114678029954595e-09,1403715576612143104,83,True,190
0.07110956227520442,0.068807,0.033333333333333326,0.9166666666666666,249,1.813706243788324,6.0,,16,1.3498705775089888,1.1958197520960556,1.2361534669899308,3.5069483229280642,True,1.3954835433085153,1.947374319644889,6,0.16124694151235452,Permuted-K16,V1_02_medium:1403715576412143104:1403715576612143104,0.038571,formal_public_module_evidence,0.017000620157445523,0.09520503484089093,0.101739720914673,0.17669681381794927,0.5715569594232761,0,0,V1_02_medium,5,OK,True,1050,1403715576412143104,1.114678029954595e-09,1403715576612143104,83,True,190
0.5677921105454958,0.0063,0.050000000000000044,1.0,249,2.5725252786829307,6.0,,48,1.159960231979939,1.603909373587838,1.2305431938794777,3.349540517363458,True,1.2074949837823137,1.4580441358594498,6,0.011988345769585518,Raw,V1_02_medium:1403715576412143104:1403715576612143104,0.038198,formal_public_module_evidence,0.011537704784486125,0.03980666828391,0.055925313673154155,0.45315919372517,1.0962853905172607,3,0,V1_02_medium,4,OK,True,1050,1403715576412143104,4.659601092554159e-10,1403715576612143104,83,True,190
0.6323306316830671,0.002059,0.050000000000000044,1.0,249,2.7440269639284596,6.0,,48,1.159960231979939,1.603909373587838,1.2305431938794777,3.3786555737652932,True,1.2074949837823137,1.4580441358594498,6,0.011988345769585518,Global-DoF,V1_02_medium:1403715576412143104:1403715576612143104,0.038198,formal_public_module_evidence,0.011537704784486125,0.03980666828391,0.055925313673154155,0.45315919372517,1.0962853905172607,3,0,V1_02_medium,4,OK,True,1050,1403715576412143104,4.659601092554159e-10,1403715576612143104,83,True,190
0.6239952827471342,1.281322,0.050000000000000044,1.0,249,2.7212496022004835,6.0,,48,1.159960231979939,1.603909373587838,1.2305431938794777,3.374767738956464,True,1.2074949837823137,1.4580441358594498,6,0.011988345769585518,DPR-Exact-Block,V1_02_medium:1403715576412143104:1403715576612143104,0.038198,formal_public_module_evidence,0.011537704784486125,0.03980666828391,0.055925313673154155,0.45315919372517,1.0962853905172607,3,0,V1_02_medium,4,OK,True,1050,1403715576412143104,4.659601092554159e-10,1403715576612143104,83,True,190
0.611934497223067,0.312782,0.050000000000000044,1.0,249,2.688626321043957,6.0,,48,1.159960231979939,1.603909373587838,1.2305431938794777,3.3692082426265055,True,1.2074949837823137,1.4580441358594498,6,0.011988345769585518,DUC-K16,V1_02_medium:1403715576412143104:1403715576612143104,0.038198,formal_public_module_evidence,0.011537704784486125,0.03980666828391,0.055925313673154155,0.45315919372517,1.0962853905172607,3,0,V1_02_medium,4,OK,True,1050,1403715576412143104,4.659601092554159e-10,1403715576612143104,83,True,190
0.640185485019199,0.103538,0.050000000000000044,1.0,249,2.7656657668350184,6.0,,48,1.159960231979939,1.603909373587838,1.2305431938794777,3.3823530843331344,True,1.2074949837823137,1.4580441358594498,6,0.011988345769585518,Permuted-K16,V1_02_medium:1403715576412143104:1403715576612143104,0.038198,formal_public_module_evidence,0.011537704784486125,0.03980666828391,0.055925313673154155,0.45315919372517,1.0962853905172607,3,0,V1_02_medium,4,OK,True,1050,1403715576412143104,4.659601092554159e-10,1403715576612143104,83,True,190
2.1090509828112705,0.006041,0.19999999999999996,0.75,245,0.9854670879504678,6.0,,16,1.4959099621052223,0.9927069496837764,1.44087293844892,10.063654792184268,True,2.8496771774200136,8.120660015508497,6,0.054643984739011775,Raw,V1_02_medium:1403715576912143104:1403715577112143104,0.037576,formal_public_module_evidence,0.01883332225294232,0.0990380773556502,0.11056742387077034,0.24134277534524534,0.8479726191772021,1,0,V1_02_medium,9,OK,True,1060,1403715576912143104,4.775755992106964e-08,1403715577112143104,125,True,188
1.9014116180330256,0.001931,0.11666666666666659,0.8333333333333334,245,1.2128825697851913,6.0,,16,1.4959099621052223,0.9927069496837764,1.44087293844892,8.72621591789668,True,2.8496771774200136,8.120660015508497,6,0.054643984739011775,Global-DoF,V1_02_medium:1403715576912143104:1403715577112143104,0.037576,formal_public_module_evidence,0.01883332225294232,0.0990380773556502,0.11056742387077034,0.24134277534524534,0.8479726191772021,1,0,V1_02_medium,9,OK,True,1060,1403715576912143104,4.775755992106964e-08,1403715577112143104,125,True,188
1.8386340817844755,0.488197,0.11666666666666659,0.8333333333333334,245,1.2914651535143946,6.0,,16,1.4959099621052223,0.9927069496837764,1.44087293844892,8.381597994069248,True,2.8496771774200136,8.120660015508497,6,0.054643984739011775,DPR-Exact-Block,V1_02_medium:1403715576912143104:1403715577112143104,0.037576,formal_public_module_evidence,0.01883332225294232,0.0990380773556502,0.11056742387077034,0.24134277534524534,0.8479726191772021,1,0,V1_02_medium,9,OK,True,1060,1403715576912143104,4.775755992106964e-08,1403715577112143104,125,True,188
1.8948277684940418,0.176547,0.11666666666666659,0.8333333333333334,245,1.2208943513747885,6.0,,16,1.4959099621052223,0.9927069496837764,1.44087293844892,8.688863456350312,True,2.8496771774200136,8.120660015508497,6,0.054643984739011775,DUC-K16,V1_02_medium:1403715576912143104:1403715577112143104,0.037576,formal_public_module_evidence,0.01883332225294232,0.0990380773556502,0.11056742387077034,0.24134277534524534,0.8479726191772021,1,0,V1_02_medium,9,OK,True,1060,1403715576912143104,4.775755992106964e-08,1403715577112143104,125,True,188
1.9363639825078856,0.068583,0.11666666666666659,0.8333333333333334,245,1.1712217691041895,6.0,,16,1.4959099621052223,0.9927069496837764,1.44087293844892,8.929419291665882,True,2.8496771774200136,8.120660015508497,6,0.054643984739011775,Permuted-K16,V1_02_medium:1403715576912143104:1403715577112143104,0.037576,formal_public_module_evidence,0.01883332225294232,0.0990380773556502,0.11056742387077034,0.24134277534524534,0.8479726191772021,1,0,V1_02_medium,9,OK,True,1060,1403715576912143104,4.775755992106964e-08,1403715577112143104,125,True,188
1.1822229676229161,0.00593,0.008333333333333415,0.9583333333333334,245,2.3613666958498043,6.000000000000002,,48,1.3986699132849787,1.5366739068031983,1.4566748361314104,5.958734244459759,True,2.775224829972559,7.701872856896219,6,0.004593562182257815,Raw,V1_02_medium:1403715576912143104:1403715577112143104,0.038009,formal_public_module_evidence,0.013065381413434607,0.033950404964213796,0.05706970472050785,0.48056495666792765,1.1897716462643875,3,0,V1_02_medium,5,OK,True,1060,1403715576912143104,1.1018688734790867e-09,1403715577112143104,125,True,188
1.1176844464853448,0.001911,0.008333333333333415,0.9583333333333334,245,2.5187911422397913,6.000000000000002,,48,1.3986699132849787,1.5366739068031983,1.4566748361314104,5.819421726958548,True,2.775224829972559,7.701872856896219,6,0.004593562182257815,Global-DoF,V1_02_medium:1403715576912143104:1403715577112143104,0.038009,formal_public_module_evidence,0.013065381413434607,0.033950404964213796,0.05706970472050785,0.48056495666792765,1.1897716462643875,3,0,V1_02_medium,5,OK,True,1060,1403715576912143104,1.1018688734790867e-09,1403715577112143104,125,True,188
1.1233086917708193,1.283733,0.008333333333333415,0.9583333333333334,245,2.5046646058235638,6.000000000000002,,48,1.3986699132849787,1.5366739068031983,1.4566748361314104,5.831043557938859,True,2.775224829972559,7.701872856896219,6,0.004593562182257815,DPR-Exact-Block,V1_02_medium:1403715576912143104:1403715577112143104,0.038009,formal_public_module_evidence,0.013065381413434607,0.033950404964213796,0.05706970472050785,0.48056495666792765,1.1897716462643875,3,0,V1_02_medium,5,OK,True,1060,1403715576912143104,1.1018688734790867e-09,1403715577112143104,125,True,188
1.1279128367808595,0.312002,0.008333333333333415,0.9583333333333334,245,2.493159273211013,6.000000000000002,,48,1.3986699132849787,1.5366739068031983,1.4566748361314104,5.84062985485852,True,2.775224829972559,7.701872856896219,6,0.004593562182257815,DUC-K16,V1_02_medium:1403715576912143104:1403715577112143104,0.038009,formal_public_module_evidence,0.013065381413434607,0.033950404964213796,0.05706970472050785,0.48056495666792765,1.1897716462643875,3,0,V1_02_medium,5,OK,True,1060,1403715576912143104,1.1018688734790867e-09,1403715577112143104,125,True,188
1.1331540289373794,0.104963,0.008333333333333415,0.9583333333333334,245,2.4801263302970615,6.000000000000002,,48,1.3986699132849787,1.5366739068031983,1.4566748361314104,5.851622269070417,True,2.775224829972559,7.701872856896219,6,0.004593562182257815,Permuted-K16,V1_02_medium:1403715576912143104:1403715577112143104,0.038009,formal_public_module_evidence,0.013065381413434607,0.033950404964213796,0.05706970472050785,0.48056495666792765,1.1897716462643875,3,0,V1_02_medium,5,OK,True,1060,1403715576912143104,1.1018688734790867e-09,1403715577112143104,125,True,188
0.5230217430040822,0.006136,0.033333333333333326,0.9166666666666666,320,15.986296061006449,5.999999999999999,,16,1.7470567490502995,3.998286640675784,1.808305408017427,5.202335696654295,True,3.0782309282448033,9.475505647602864,6,0.007263426348223967,Raw,V1_02_medium:1403715577412143104:1403715577612143104,0.038086,formal_public_module_evidence,0.03563146308992593,0.11556780489765778,0.13825289970983226,0.38344291229390526,0.7362817052520263,0,0,V1_02_medium,4,OK,True,1070,1403715577412143104,2.685740219014271e-08,1403715577612143104,203,True,254
0.7306611077823267,0.002043,0.050000000000000044,1.0,320,19.675441305854093,5.999999999999999,,16,1.7470567490502995,3.998286640675784,1.808305408017427,5.298838791833535,True,3.0782309282448033,9.475505647602864,6,0.007263426348223967,Global-DoF,V1_02_medium:1403715577412143104:1403715577612143104,0.038086,formal_public_module_evidence,0.03563146308992593,0.11556780489765778,0.13825289970983226,0.38344291229390526,0.7362817052520263,0,0,V1_02_medium,4,OK,True,1070,1403715577412143104,2.685740219014271e-08,1403715577612143104,203,True,254
0.797792724526212,0.448087,0.050000000000000044,1.0,320,21.041629667978736,5.999999999999999,,16,1.7470567490502995,3.998286640675784,1.808305408017427,5.334701759286863,True,3.0782309282448033,9.475505647602864,6,0.007263426348223967,DPR-Exact-Block,V1_02_medium:1403715577412143104:1403715577612143104,0.038086,formal_public_module_evidence,0.03563146308992593,0.11556780489765778,0.13825289970983226,0.38344291229390526,0.7362817052520263,0,0,V1_02_medium,4,OK,True,1070,1403715577412143104,2.685740219014271e-08,1403715577612143104,203,True,254
0.7905027910638555,0.180171,0.050000000000000044,1.0,320,20.88879534063877,5.999999999999999,,16,1.7470567490502995,3.998286640675784,1.808305408017427,5.330706637050391,True,3.0782309282448033,9.475505647602864,6,0.007263426348223967,DUC-K16,V1_02_medium:1403715577412143104:1403715577612143104,0.038086,formal_public_module_evidence,0.03563146308992593,0.11556780489765778,0.13825289970983226,0.38344291229390526,0.7362817052520263,0,0,V1_02_medium,4,OK,True,1070,1403715577412143104,2.685740219014271e-08,1403715577612143104,203,True,254
0.8927377505588285,0.069287,0.050000000000000044,1.0,320,23.13734240420752,5.999999999999999,,16,1.7470567490502995,3.998286640675784,1.808305408017427,5.38885795033615,True,3.0782309282448033,9.475505647602864,6,0.007263426348223967,Permuted-K16,V1_02_medium:1403715577412143104:1403715577612143104,0.038086,formal_public_module_evidence,0.03563146308992593,0.11556780489765778,0.13825289970983226,0.38344291229390526,0.7362817052520263,0,0,V1_02_medium,4,OK,True,1070,1403715577412143104,2.685740219014271e-08,1403715577612143104,203,True,254
0.03784864178085732,0.006664,0.11666666666666659,0.8333333333333334,320,11.660267091308498,6.0,,48,1.7327464186164145,3.414713324908622,1.7938068882503904,5.256922820135149,True,3.350699810758937,11.227189221819975,6,0.018948258063099077,Raw,V1_02_medium:1403715577412143104:1403715577612143104,0.037718,formal_public_module_evidence,0.00862884710713191,0.039105701845831516,0.05377258910369276,0.37198871135700756,1.0,4,0,V1_02_medium,5,OK,True,1070,1403715577412143104,5.364751403330943e-10,1403715577612143104,203,True,254
0.10238716291842866,0.002081,0.11666666666666659,0.8333333333333334,320,12.437618230729065,6.0,,48,1.7327464186164145,3.414713324908622,1.7938068882503904,5.261282674620497,True,3.350699810758937,11.227189221819975,6,0.018948258063099077,Global-DoF,V1_02_medium:1403715577412143104:1403715577612143104,0.037718,formal_public_module_evidence,0.00862884710713191,0.039105701845831516,0.05377258910369276,0.37198871135700756,1.0,4,0,V1_02_medium,5,OK,True,1070,1403715577412143104,5.364751403330943e-10,1403715577612143104,203,True,254
0.13976002195009302,1.278228,0.11666666666666659,0.8333333333333334,320,12.91124280999484,6.0,,48,1.7327464186164145,3.414713324908622,1.7938068882503904,5.265542421196554,True,3.350699810758937,11.227189221819975,6,0.018948258063099077,DPR-Exact-Block,V1_02_medium:1403715577412143104:1403715577612143104,0.037718,formal_public_module_evidence,0.00862884710713191,0.039105701845831516,0.05377258910369276,0.37198871135700756,1.0,4,0,V1_02_medium,5,OK,True,1070,1403715577412143104,5.364751403330943e-10,1403715577612143104,203,True,254
0.1585309977308183,0.322811,0.11666666666666659,0.8333333333333334,320,13.155888370673956,6.0,,48,1.7327464186164145,3.414713324908622,1.7938068882503904,5.268143019675165,True,3.350699810758937,11.227189221819975,6,0.018948258063099077,DUC-K16,V1_02_medium:1403715577412143104:1403715577612143104,0.037718,formal_public_module_evidence,0.00862884710713191,0.039105701845831516,0.05377258910369276,0.37198871135700756,1.0,4,0,V1_02_medium,5,OK,True,1070,1403715577412143104,5.364751403330943e-10,1403715577612143104,203,True,254
0.0775416999305182,0.108332,0.11666666666666659,0.8333333333333334,320,12.132407103533867,6.0,,48,1.7327464186164145,3.414713324908622,1.7938068882503904,5.259145646807845,True,3.350699810758937,11.227189221819975,6,0.018948258063099077,Permuted-K16,V1_02_medium:1403715577412143104:1403715577612143104,0.037718,formal_public_module_evidence,0.00862884710713191,0.039105701845831516,0.05377258910369276,0.37198871135700756,1.0,4,0,V1_02_medium,5,OK,True,1070,1403715577412143104,5.364751403330943e-10,1403715577612143104,203,True,254
0.02218400214713533,0.005944,0.033333333333333326,0.9166666666666666,391,0.9762606519303028,6.000000000000001,,16,2.3316806389566875,0.9880590326140958,2.3163470296171638,2.836283296417435,True,0.9990795914997621,0.9981600301513315,6,0.12244296582853842,Raw,V1_02_medium:1403715577912143104:1403715578112143104,0.037447,formal_public_module_evidence,0.040589548194763625,0.08835450692625102,0.12067483911516247,0.2619879459678993,1.0225285032920917,1,0,V1_02_medium,5,OK,True,1080,1403715577912143104,2.793500229916175e-10,1403715578112143104,228,True,324
0.18545536263110943,0.001942,0.033333333333333326,0.9166666666666666,391,1.2015515716065268,6.000000000000001,,16,2.3316806389566875,0.9880590326140958,2.3163470296171638,2.8522166805404887,True,0.9990795914997621,0.9981600301513315,6,0.12244296582853842,Global-DoF,V1_02_medium:1403715577912143104:1403715578112143104,0.037447,formal_public_module_evidence,0.040589548194763625,0.08835450692625102,0.12067483911516247,0.2619879459678993,1.0225285032920917,1,0,V1_02_medium,5,OK,True,1080,1403715577912143104,2.793500229916175e-10,1403715578112143104,228,True,324
0.3480640585693859,0.486548,0.033333333333333326,0.9166666666666666,391,1.4137169828886982,6.000000000000001,,16,2.3316806389566875,0.9880590326140958,2.3163470296171638,2.8901531062855086,True,0.9990795914997621,0.9981600301513315,6,0.12244296582853842,DPR-Exact-Block,V1_02_medium:1403715577912143104:1403715578112143104,0.037447,formal_public_module_evidence,0.040589548194763625,0.08835450692625102,0.12067483911516247,0.2619879459678993,1.0225285032920917,1,0,V1_02_medium,5,OK,True,1080,1403715577912143104,2.793500229916175e-10,1403715578112143104,228,True,324
0.4635715879604846,0.176247,0.008333333333333415,0.9583333333333334,391,1.5868166831157635,6.000000000000001,,16,2.3316806389566875,0.9880590326140958,2.3163470296171638,2.9286399717501013,True,0.9990795914997621,0.9981600301513315,6,0.12244296582853842,DUC-K16,V1_02_medium:1403715577912143104:1403715578112143104,0.037447,formal_public_module_evidence,0.040589548194763625,0.08835450692625102,0.12067483911516247,0.2619879459678993,1.0225285032920917,1,0,V1_02_medium,5,OK,True,1080,1403715577912143104,2.793500229916175e-10,1403715578112143104,228,True,324
0.3776477029892621,0.069096,0.008333333333333415,0.9583333333333334,391,1.4561646662283576,6.000000000000001,,16,2.3316806389566875,0.9880590326140958,2.3163470296171638,2.899155052577133,True,0.9990795914997621,0.9981600301513315,6,0.12244296582853842,Permuted-K16,V1_02_medium:1403715577912143104:1403715578112143104,0.037447,formal_public_module_evidence,0.040589548194763625,0.08835450692625102,0.12067483911516247,0.2619879459678993,1.0225285032920917,1,0,V1_02_medium,5,OK,True,1080,1403715577912143104,2.793500229916175e-10,1403715578112143104,228,True,324
0.7500201523105707,0.005609,0.050000000000000044,1.0,391,2.7553287454374473,6.000000000000002,,48,2.32431573335663,1.6599182948077436,2.310455870239431,3.323770862292349,True,1.1408325524264877,1.3014989126759349,6,0.008572253463288604,Raw,V1_02_medium:1403715577912143104:1403715578112143104,0.037616,formal_public_module_evidence,0.018471655726290004,0.04884440848297654,0.07771556383886469,0.4890588213203574,1.9365973329998725,5,0,V1_02_medium,5,OK,True,1080,1403715577912143104,6.56777264101935e-10,1403715578112143104,228,True,324
0.8145586734481419,0.001895,0.050000000000000044,1.0,391,2.9390173284666106,6.000000000000002,,48,2.32431573335663,1.6599182948077436,2.310455870239431,3.3587870688324544,True,1.1408325524264877,1.3014989126759349,6,0.008572253463288604,Global-DoF,V1_02_medium:1403715577912143104:1403715578112143104,0.037616,formal_public_module_evidence,0.018471655726290004,0.04884440848297654,0.07771556383886469,0.4890588213203574,1.9365973329998725,5,0,V1_02_medium,5,OK,True,1080,1403715577912143104,6.56777264101935e-10,1403715578112143104,228,True,324
0.840949621791417,1.288837,0.050000000000000044,1.0,391,3.017613332834541,6.000000000000002,,48,2.32431573335663,1.6599182948077436,2.310455870239431,3.3736440545148754,True,1.1408325524264877,1.3014989126759349,6,0.008572253463288604,DPR-Exact-Block,V1_02_medium:1403715577912143104:1403715578112143104,0.037616,formal_public_module_evidence,0.018471655726290004,0.04884440848297654,0.07771556383886469,0.4890588213203574,1.9365973329998725,5,0,V1_02_medium,5,OK,True,1080,1403715577912143104,6.56777264101935e-10,1403715578112143104,228,True,324
0.8323404152309806,0.31176,0.050000000000000044,1.0,391,2.9917455864912843,6.000000000000002,,48,2.32431573335663,1.6599182948077436,2.310455870239431,3.3687640348920014,True,1.1408325524264877,1.3014989126759349,6,0.008572253463288604,DUC-K16,V1_02_medium:1403715577912143104:1403715578112143104,0.037616,formal_public_module_evidence,0.018471655726290004,0.04884440848297654,0.07771556383886469,0.4890588213203574,1.9365973329998725,5,0,V1_02_medium,5,OK,True,1080,1403715577912143104,6.56777264101935e-10,1403715578112143104,228,True,324
0.8148080925387419,0.104461,0.050000000000000044,1.0,391,2.939750466921497,6.000000000000002,,48,2.32431573335663,1.6599182948077436,2.310455870239431,3.358926050263367,True,1.1408325524264877,1.3014989126759349,6,0.008572253463288604,Permuted-K16,V1_02_medium:1403715577912143104:1403715578112143104,0.037616,formal_public_module_evidence,0.018471655726290004,0.04884440848297654,0.07771556383886469,0.4890588213203574,1.9365973329998725,5,0,V1_02_medium,5,OK,True,1080,1403715577912143104,6.56777264101935e-10,1403715578112143104,228,True,324
2.5993640676813166,0.006044,0.32499999999999996,0.625,243,2.0415967921956275,5.999999999999998,,16,2.84362337587439,1.4288445654428712,2.836860113238857,16.006788040068166,True,5.241187817188151,27.4700497350415,6,0.02109062749973578,Raw,V1_02_medium:1403715578412143104:1403715578612143104,0.03741,formal_public_module_evidence,0.020505700466690424,0.07329176641551563,0.08126605452679844,0.16994820834031474,0.7542032463747483,0,0,V1_02_medium,5,OK,True,1090,1403715578412143104,3.287295991172941e-10,1403715578612143104,86,True,161
2.3917247029030717,0.002061,0.32499999999999996,0.625,243,2.5127345134715418,5.999999999999998,,16,2.84362337587439,1.4288445654428712,2.836860113238857,13.691581392837811,True,5.241187817188151,27.4700497350415,6,0.02109062749973578,Global-DoF,V1_02_medium:1403715578412143104:1403715578612143104,0.03741,formal_public_module_evidence,0.020505700466690424,0.07329176641551563,0.08126605452679844,0.16994820834031474,0.7542032463747483,0,0,V1_02_medium,5,OK,True,1090,1403715578412143104,3.287295991172941e-10,1403715578612143104,86,True,161
2.3515861361362207,0.481417,0.32499999999999996,0.625,243,2.615643570469046,5.999999999999998,,16,2.84362337587439,1.4288445654428712,2.836860113238857,13.301601703598157,True,5.241187817188151,27.4700497350415,6,0.02109062749973578,DPR-Exact-Block,V1_02_medium:1403715578412143104:1403715578612143104,0.03741,formal_public_module_evidence,0.020505700466690424,0.07329176641551563,0.08126605452679844,0.16994820834031474,0.7542032463747483,0,0,V1_02_medium,5,OK,True,1090,1403715578412143104,3.287295991172941e-10,1403715578612143104,86,True,161
2.3307148374260054,0.174855,0.32499999999999996,0.625,243,2.6708091346858875,5.999999999999998,,16,2.84362337587439,1.4288445654428712,2.836860113238857,13.10554975652611,True,5.241187817188151,27.4700497350415,6,0.02109062749973578,DUC-K16,V1_02_medium:1403715578412143104:1403715578612143104,0.03741,formal_public_module_evidence,0.020505700466690424,0.07329176641551563,0.08126605452679844,0.16994820834031474,0.7542032463747483,0,0,V1_02_medium,5,OK,True,1090,1403715578412143104,3.287295991172941e-10,1403715578612143104,86,True,161
2.4195983946974593,0.068776,0.32499999999999996,0.625,243,2.44366244488627,5.999999999999998,,16,2.84362337587439,1.4288445654428712,2.836860113238857,13.972718807271916,True,5.241187817188151,27.4700497350415,6,0.02109062749973578,Permuted-K16,V1_02_medium:1403715578412143104:1403715578612143104,0.03741,formal_public_module_evidence,0.020505700466690424,0.07329176641551563,0.08126605452679844,0.16994820834031474,0.7542032463747483,0,0,V1_02_medium,5,OK,True,1090,1403715578412143104,3.287295991172941e-10,1403715578612143104,86,True,161
1.0554866999840424,0.006011,0.033333333333333326,0.9166666666666666,243,8.65312123050676,5.999999999999998,,48,1.3659506199255957,2.9416188112171775,2.8799385954197483,6.869170442534613,True,4.9863460941009805,24.8636473701561,6,0.011569273821284032,Raw,V1_02_medium:1403715578412143104:1403715578612143104,0.037956,formal_public_module_evidence,0.013093080992353123,0.032317424392058994,0.05169484397799906,0.5202616487056806,1.322749677798374,3,0,V1_02_medium,4,OK,True,1090,1403715578412143104,7.782131560947474e-10,1403715578612143104,86,True,161
0.9909481788464711,0.001902,0.033333333333333326,0.9166666666666666,243,9.229995979207212,5.999999999999998,,48,1.3659506199255957,2.9416188112171775,2.8799385954197483,6.754123133399037,True,4.9863460941009805,24.8636473701561,6,0.011569273821284032,Global-DoF,V1_02_medium:1403715578412143104:1403715578612143104,0.037956,formal_public_module_evidence,0.013093080992353123,0.032317424392058994,0.05169484397799906,0.5202616487056806,1.322749677798374,3,0,V1_02_medium,4,OK,True,1090,1403715578412143104,7.782131560947474e-10,1403715578612143104,86,True,161
0.9992021530957123,1.28757,0.033333333333333326,0.9166666666666666,243,9.154125377812113,5.999999999999998,,48,1.3659506199255957,2.9416188112171775,2.8799385954197483,6.768195625714074,True,4.9863460941009805,24.8636473701561,6,0.011569273821284032,DPR-Exact-Block,V1_02_medium:1403715578412143104:1403715578612143104,0.037956,formal_public_module_evidence,0.013093080992353123,0.032317424392058994,0.05169484397799906,0.5202616487056806,1.322749677798374,3,0,V1_02_medium,4,OK,True,1090,1403715578412143104,7.782131560947474e-10,1403715578612143104,86,True,161
1.0108388716611514,0.313152,0.033333333333333326,0.9166666666666666,243,9.048218794721839,5.999999999999998,,48,1.3659506199255957,2.9416188112171775,2.8799385954197483,6.788350174706065,True,4.9863460941009805,24.8636473701561,6,0.011569273821284032,DUC-K16,V1_02_medium:1403715578412143104:1403715578612143104,0.037956,formal_public_module_evidence,0.013093080992353123,0.032317424392058994,0.05169484397799906,0.5202616487056806,1.322749677798374,3,0,V1_02_medium,4,OK,True,1090,1403715578412143104,7.782131560947474e-10,1403715578612143104,86,True,161
0.8886425119393697,0.106007,0.033333333333333326,0.9166666666666666,243,10.224269734806915,5.999999999999998,,48,1.3659506199255957,2.9416188112171775,2.8799385954197483,6.594467580752771,True,4.9863460941009805,24.8636473701561,6,0.011569273821284032,Permuted-K16,V1_02_medium:1403715578412143104:1403715578612143104,0.037956,formal_public_module_evidence,0.013093080992353123,0.032317424392058994,0.05169484397799906,0.5202616487056806,1.322749677798374,3,0,V1_02_medium,4,OK,True,1090,1403715578412143104,7.782131560947474e-10,1403715578612143104,86,True,161
1.0004084411888958,0.005652,0.24166666666666659,0.7083333333333334,365,0.16911612077579963,6.0,,16,0.6079623366446666,0.411237304698637,0.5234201314837907,2.7800996850731274,True,0.6781541704692495,0.45989307892483594,6,0.0987599982189189,Raw,V1_02_medium:1403715578912143104:1403715579112143104,0.039458,formal_public_module_evidence,0.026170644970690993,0.21835567055423916,0.14998342715052565,0.2933719515059092,0.9105700020464191,0,0,V1_02_medium,6,OK,True,1100,1403715578912143104,4.321516456665793e-09,1403715579112143104,132,True,346
0.7927690764106513,0.002031,0.15833333333333333,0.7916666666666666,365,0.20814291787790723,6.0,,16,0.6079623366446666,0.411237304698637,0.5234201314837907,2.47785299107213,True,0.6781541704692495,0.45989307892483594,6,0.0987599982189189,Global-DoF,V1_02_medium:1403715578912143104:1403715579112143104,0.039458,formal_public_module_evidence,0.026170644970690993,0.21835567055423916,0.14998342715052565,0.2933719515059092,0.9105700020464191,0,0,V1_02_medium,6,OK,True,1100,1403715578912143104,4.321516456665793e-09,1403715579112143104,132,True,346
0.815227779886164,0.450063,0.15833333333333333,0.7916666666666666,365,0.20352039997979648,6.0,,16,0.6079623366446666,0.411237304698637,0.5234201314837907,2.505578358625363,True,0.6781541704692495,0.45989307892483594,6,0.0987599982189189,DPR-Exact-Block,V1_02_medium:1403715578912143104:1403715579112143104,0.039458,formal_public_module_evidence,0.026170644970690993,0.21835567055423916,0.14998342715052565,0.2933719515059092,0.9105700020464191,0,0,V1_02_medium,6,OK,True,1100,1403715578912143104,4.321516456665793e-09,1403715579112143104,132,True,346
0.7210455102799005,0.175816,0.15833333333333333,0.7916666666666666,365,0.22362007431931483,6.0,,16,0.6079623366446666,0.411237304698637,0.5234201314837907,2.3966525674112265,True,0.6781541704692495,0.45989307892483594,6,0.0987599982189189,DUC-K16,V1_02_medium:1403715578912143104:1403715579112143104,0.039458,formal_public_module_evidence,0.026170644970690993,0.21835567055423916,0.14998342715052565,0.2933719515059092,0.9105700020464191,0,0,V1_02_medium,6,OK,True,1100,1403715578912143104,4.321516456665793e-09,1403715579112143104,132,True,346
0.6601954468377877,0.068639,0.15833333333333333,0.7916666666666666,365,0.23764989910517173,6.0,,16,0.6079623366446666,0.411237304698637,0.5234201314837907,2.3360908863369367,True,0.6781541704692495,0.45989307892483594,6,0.0987599982189189,Permuted-K16,V1_02_medium:1403715578912143104:1403715579112143104,0.039458,formal_public_module_evidence,0.026170644970690993,0.21835567055423916,0.14998342715052565,0.2933719515059092,0.9105700020464191,0,0,V1_02_medium,6,OK,True,1100,1403715578912143104,4.321516456665793e-09,1403715579112143104,132,True,346
1.991999819035593,0.005662,0.050000000000000044,1.0,365,161.236985666735,6.0,,48,0.5987082797248269,12.697912649988384,0.5146665173347347,7.057174642275473,True,4.690024058409248,21.99632566845756,6,0.06964665302733453,Raw,V1_02_medium:1403715578912143104:1403715579112143104,0.03845,formal_public_module_evidence,0.017810930036391115,0.03978122015484467,0.06683942424730566,0.582435334454852,1.0,8,0,V1_02_medium,6,OK,True,1100,1403715578912143104,1.3518315136103966e-08,1403715579112143104,132,True,346
2.056538340173164,0.001959,0.050000000000000044,1.0,365,171.98611804451733,6.0,,48,0.5987082797248269,12.697912649988384,0.5146665173347347,7.113186767632361,True,4.690024058409248,21.99632566845756,6,0.06964665302733453,Global-DoF,V1_02_medium:1403715578912143104:1403715579112143104,0.03845,formal_public_module_evidence,0.017810930036391115,0.03978122015484467,0.06683942424730566,0.582435334454852,1.0,8,0,V1_02_medium,6,OK,True,1100,1403715578912143104,1.3518315136103966e-08,1403715579112143104,132,True,346
2.1371530088559973,1.288309,0.050000000000000044,1.0,365,186.42489182986574,6.0,,48,0.5987082797248269,12.697912649988384,0.5146665173347347,7.183895782193055,True,4.690024058409248,21.99632566845756,6,0.06964665302733453,DPR-Exact-Block,V1_02_medium:1403715578912143104:1403715579112143104,0.03845,formal_public_module_evidence,0.017810930036391115,0.03978122015484467,0.06683942424730566,0.582435334454852,1.0,8,0,V1_02_medium,6,OK,True,1100,1403715578912143104,1.3518315136103966e-08,1403715579112143104,132,True,346
2.204481371976034,0.317979,0.050000000000000044,1.0,365,199.40876158679876,6.0,,48,0.5987082797248269,12.697912649988384,0.5146665173347347,7.243541581871462,True,4.690024058409248,21.99632566845756,6,0.06964665302733453,DUC-K16,V1_02_medium:1403715578912143104:1403715579112143104,0.03845,formal_public_module_evidence,0.017810930036391115,0.03978122015484467,0.06683942424730566,0.582435334454852,1.0,8,0,V1_02_medium,6,OK,True,1100,1403715578912143104,1.3518315136103966e-08,1403715579112143104,132,True,346
2.0046042252618173,0.105671,0.050000000000000044,1.0,365,163.2821440600625,6.0,,48,0.5987082797248269,12.697912649988384,0.5146665173347347,7.068070317397403,True,4.690024058409248,21.99632566845756,6,0.06964665302733453,Permuted-K16,V1_02_medium:1403715578912143104:1403715579112143104,0.03845,formal_public_module_evidence,0.017810930036391115,0.03978122015484467,0.06683942424730566,0.582435334454852,1.0,8,0,V1_02_medium,6,OK,True,1100,1403715578912143104,1.3518315136103966e-08,1403715579112143104,132,True,346
0.7533196652775744,0.006536,0.050000000000000044,1.0,167,5.889921832856476,6.000000000000001,,16,2.7102668520643576,2.4269161157436976,2.6173061886322064,4.081920846624391,True,1.665227133371691,2.7729814057172995,6,0.02666934201754212,Raw,V1_02_medium:1403715579412143104:1403715579612143104,0.038788,formal_public_module_evidence,0.011250805357935711,0.0428263192475124,0.05834282326158124,0.1212796276855379,0.5445342162815123,0,0,V1_02_medium,5,OK,True,1110,1403715579412143104,1.2264667684890354e-10,1403715579612143104,80,True,143
0.960959030055819,0.002025,0.050000000000000044,1.0,167,7.249134563515663,6.000000000000001,,16,2.7102668520643576,2.4269161157436976,2.6173061886322064,4.201285013814854,True,1.665227133371691,2.7729814057172995,6,0.02666934201754212,Global-DoF,V1_02_medium:1403715579412143104:1403715579612143104,0.038788,formal_public_module_evidence,0.011250805357935711,0.0428263192475124,0.05834282326158124,0.1212796276855379,0.5445342162815123,0,0,V1_02_medium,5,OK,True,1110,1403715579412143104,1.2264667684890354e-10,1403715579612143104,80,True,143
0.8867546742050446,0.481365,0.050000000000000044,1.0,167,6.73069047745388,6.000000000000001,,16,2.7102668520643576,2.4269161157436976,2.6173061886322064,4.156545431093083,True,1.665227133371691,2.7729814057172995,6,0.02666934201754212,DPR-Exact-Block,V1_02_medium:1403715579412143104:1403715579612143104,0.038788,formal_public_module_evidence,0.011250805357935711,0.0428263192475124,0.05834282326158124,0.1212796276855379,0.5445342162815123,0,0,V1_02_medium,5,OK,True,1110,1403715579412143104,1.2264667684890354e-10,1403715579612143104,80,True,143
0.913074588380265,0.174935,0.050000000000000044,1.0,167,6.910193563811311,6.000000000000001,,16,2.7102668520643576,2.4269161157436976,2.6173061886322064,4.172163244258478,True,1.665227133371691,2.7729814057172995,6,0.02666934201754212,DUC-K16,V1_02_medium:1403715579412143104:1403715579612143104,0.038788,formal_public_module_evidence,0.011250805357935711,0.0428263192475124,0.05834282326158124,0.1212796276855379,0.5445342162815123,0,0,V1_02_medium,5,OK,True,1110,1403715579412143104,1.2264667684890354e-10,1403715579612143104,80,True,143
0.9453407949261564,0.069255,0.050000000000000044,1.0,167,7.136795428486323,6.000000000000001,,16,2.7102668520643576,2.4269161157436976,2.6173061886322064,4.191688055915849,True,1.665227133371691,2.7729814057172995,6,0.02666934201754212,Permuted-K16,V1_02_medium:1403715579412143104:1403715579612143104,0.038788,formal_public_module_evidence,0.011250805357935711,0.0428263192475124,0.05834282326158124,0.1212796276855379,0.5445342162815123,0,0,V1_02_medium,5,OK,True,1110,1403715579412143104,1.2264667684890354e-10,1403715579612143104,80,True,143
0.32385000339253484,0.006607,0.07499999999999996,0.875,167,3.2780500576877114,6.000000000000001,,48,2.606625377384567,1.8105386098307077,2.6182702912683316,3.748484553015158,True,1.5398721196773808,2.3712061449597095,6,0.007504715046684263,Raw,V1_02_medium:1403715579412143104:1403715579612143104,0.037948,formal_public_module_evidence,0.015202308378017615,0.03701870259385969,0.05999011275548138,0.48350614146179816,1.0,4,0,V1_02_medium,4,OK,True,1110,1403715579412143104,3.4545789308732664e-09,1403715579612143104,80,True,143
0.3883885245301059,0.001951,0.07499999999999996,0.875,167,3.4965867282002256,6.000000000000001,,48,2.606625377384567,1.8105386098307077,2.6182702912683316,3.767813153177782,True,1.5398721196773808,2.3712061449597095,6,0.007504715046684263,Global-DoF,V1_02_medium:1403715579412143104:1403715579612143104,0.037948,formal_public_module_evidence,0.015202308378017615,0.03701870259385969,0.05999011275548138,0.48350614146179816,1.0,4,0,V1_02_medium,4,OK,True,1110,1403715579412143104,3.4545789308732664e-09,1403715579612143104,80,True,143
0.3734424987867625,1.28392,0.07499999999999996,0.875,167,3.4447152547354016,6.000000000000001,,48,2.606625377384567,1.8105386098307077,2.6182702912683316,3.763078879536336,True,1.5398721196773808,2.3712061449597095,6,0.007504715046684263,DPR-Exact-Block,V1_02_medium:1403715579412143104:1403715579612143104,0.037948,formal_public_module_evidence,0.015202308378017615,0.03701870259385969,0.05999011275548138,0.48350614146179816,1.0,4,0,V1_02_medium,4,OK,True,1110,1403715579412143104,3.4545789308732664e-09,1403715579612143104,80,True,143
0.3659094816779264,0.315046,0.07499999999999996,0.875,167,3.418863648331646,6.000000000000001,,48,2.606625377384567,1.8105386098307077,2.6182702912683316,3.760750874462289,True,1.5398721196773808,2.3712061449597095,6,0.007504715046684263,DUC-K16,V1_02_medium:1403715579412143104:1403715579612143104,0.037948,formal_public_module_evidence,0.015202308378017615,0.03701870259385969,0.05999011275548138,0.48350614146179816,1.0,4,0,V1_02_medium,4,OK,True,1110,1403715579412143104,3.4545789308732664e-09,1403715579612143104,80,True,143
0.4253024735569716,0.106919,0.07499999999999996,0.875,167,3.6280714320984644,6.000000000000001,,48,2.606625377384567,1.8105386098307077,2.6182702912683316,3.7801503545417083,True,1.5398721196773808,2.3712061449597095,6,0.007504715046684263,Permuted-K16,V1_02_medium:1403715579412143104:1403715579612143104,0.037948,formal_public_module_evidence,0.015202308378017615,0.03701870259385969,0.05999011275548138,0.48350614146179816,1.0,4,0,V1_02_medium,4,OK,True,1110,1403715579412143104,3.4545789308732664e-09,1403715579612143104,80,True,143
1.6106517029118648,0.006404,0.008333333333333415,0.9583333333333334,152,81.16271499080844,6.0,,16,0.561469160401077,9.009035186456341,2.364473825794636,6.434090422307405,True,4.026518601075127,16.212852044803995,6,36271.26569233354,Raw,V1_02_medium:1403715579912143104:1403715580112143104,0.038879,formal_public_module_evidence,0.01981585620296039,305.7965370606028,0.08710140144898768,0.30433638171421307,0.6131166364230173,0,1,V1_02_medium,5,OK,True,1120,1403715579912143104,6.079440686727337e-09,1403715580112143104,78,True,130
1.818291067690109,0.001979,0.050000000000000044,1.0,152,99.8925722963796,6.0,,16,0.561469160401077,9.009035186456341,2.364473825794636,6.6042752766156,True,4.026518601075127,16.212852044803995,6,36271.26569233354,Global-DoF,V1_02_medium:1403715579912143104:1403715580112143104,0.038879,formal_public_module_evidence,0.01981585620296039,305.7965370606028,0.08710140144898768,0.30433638171421307,0.6131166364230173,0,1,V1_02_medium,5,OK,True,1120,1403715579912143104,6.079440686727337e-09,1403715580112143104,78,True,130
1.7746148546457503,0.452389,0.050000000000000044,1.0,152,95.62354902706045,6.0,,16,0.561469160401077,9.009035186456341,2.364473825794636,6.56784492270231,True,4.026518601075127,16.212852044803995,6,36271.26569233354,DPR-Exact-Block,V1_02_medium:1403715579912143104:1403715580112143104,0.038879,formal_public_module_evidence,0.01981585620296039,305.7965370606028,0.08710140144898768,0.30433638171421307,0.6131166364230173,0,1,V1_02_medium,5,OK,True,1120,1403715579912143104,6.079440686727337e-09,1403715580112143104,78,True,130
12.2734235523644,0.176101,0.050000000000000044,1.0,152,3468482.7767534186,6.0,,16,0.561469160401077,9.009035186456341,2.364473825794636,16.897109556921816,True,4.026518601075127,16.212852044803995,6,36271.26569233354,DUC-K16,V1_02_medium:1403715579912143104:1403715580112143104,0.038879,formal_public_module_evidence,0.01981585620296039,305.7965370606028,0.08710140144898768,0.30433638171421307,0.6131166364230173,0,1,V1_02_medium,5,OK,True,1120,1403715579912143104,6.079440686727337e-09,1403715580112143104,78,True,130
13.583603613650855,0.069679,0.050000000000000044,1.0,152,12857114.548628474,6.0,,16,0.561469160401077,9.009035186456341,2.364473825794636,18.207286204875185,True,4.026518601075127,16.212852044803995,6,36271.26569233354,Permuted-K16,V1_02_medium:1403715579912143104:1403715580112143104,0.038879,formal_public_module_evidence,0.01981585620296039,305.7965370606028,0.08710140144898768,0.30433638171421307,0.6131166364230173,0,1,V1_02_medium,5,OK,True,1120,1403715579912143104,6.079440686727337e-09,1403715580112143104,78,True,130
1.2171743535340922,0.005967,0.050000000000000044,1.0,152,107.90010536430786,6.0,,48,0.7341276234712246,10.387497550628249,2.5236785741076257,6.815148477885123,True,5.65203551045354,31.945505411427806,6,0.0068224437412985894,Raw,V1_02_medium:1403715579912143104:1403715580112143104,0.038324,formal_public_module_evidence,0.01424073824182559,0.03975710146160917,0.06099747334133401,0.6083373432912625,2.075600474398087,5,0,V1_02_medium,8,OK,True,1120,1403715579912143104,1.818966719660306e-07,1403715580112143104,78,True,130
1.2817128746716633,0.00192,0.050000000000000044,1.0,152,115.09344572192838,6.0,,48,0.7341276234712246,10.387497550628249,2.5236785741076257,6.861182901353158,True,5.65203551045354,31.945505411427806,6,0.0068224437412985894,Global-DoF,V1_02_medium:1403715579912143104:1403715580112143104,0.038324,formal_public_module_evidence,0.01424073824182559,0.03975710146160917,0.06099747334133401,0.6083373432912625,2.075600474398087,5,0,V1_02_medium,8,OK,True,1120,1403715579912143104,1.818966719660306e-07,1403715580112143104,78,True,130
1.5212267901999141,1.282766,0.050000000000000044,1.0,152,146.24134215640026,6.0,,48,0.7341276234712246,10.387497550628249,2.5236785741076257,7.04157908970605,True,5.65203551045354,31.945505411427806,6,0.0068224437412985894,DPR-Exact-Block,V1_02_medium:1403715579912143104:1403715580112143104,0.038324,formal_public_module_evidence,0.01424073824182559,0.03975710146160917,0.06099747334133401,0.6083373432912625,2.075600474398087,5,0,V1_02_medium,8,OK,True,1120,1403715579912143104,1.818966719660306e-07,1403715580112143104,78,True,130
1.5143809671928201,0.314468,0.050000000000000044,1.0,152,145.24361882688623,6.0,,48,0.7341276234712246,10.387497550628249,2.5236785741076257,7.03623382428088,True,5.65203551045354,31.945505411427806,6,0.0068224437412985894,DUC-K16,V1_02_medium:1403715579912143104:1403715580112143104,0.038324,formal_public_module_evidence,0.01424073824182559,0.03975710146160917,0.06099747334133401,0.6083373432912625,2.075600474398087,5,0,V1_02_medium,8,OK,True,1120,1403715579912143104,1.818966719660306e-07,1403715580112143104,78,True,130
1.3449188177260927,0.103586,0.050000000000000044,1.0,152,122.60285532020072,6.0,,48,0.7341276234712246,10.387497550628249,2.5236785741076257,6.907388239289045,True,5.65203551045354,31.945505411427806,6,0.0068224437412985894,Permuted-K16,V1_02_medium:1403715579912143104:1403715580112143104,0.038324,formal_public_module_evidence,0.01424073824182559,0.03975710146160917,0.06099747334133401,0.6083373432912625,2.075600474398087,5,0,V1_02_medium,8,OK,True,1120,1403715579912143104,1.818966719660306e-07,1403715580112143104,78,True,130
0.10377155107280807,0.006309,0.008333333333333415,0.9583333333333334,230,47.46734186192626,6.0,,16,2.29596120084581,6.889654698308636,2.3742833376036603,6.599350206129508,True,6.541295220950703,42.788543167632504,6,0.029873692633433868,Raw,V1_02_medium:1403715580412143104:1403715580612143104,0.037264,formal_public_module_evidence,0.024162648884398508,0.07608671120756558,0.08671509461523896,0.17854232296567918,0.635846839002835,0,0,V1_02_medium,5,OK,True,1130,1403715580412143104,2.3840259332432894e-08,1403715580612143104,128,True,205
0.31141091585105246,0.002039,0.008333333333333415,0.9583333333333334,230,58.42134383006309,6.0,,16,2.29596120084581,6.889654698308636,2.3742833376036603,6.637971219990441,True,6.541295220950703,42.788543167632504,6,0.029873692633433868,Global-DoF,V1_02_medium:1403715580412143104:1403715580612143104,0.037264,formal_public_module_evidence,0.024162648884398508,0.07608671120756558,0.08671509461523896,0.17854232296567918,0.635846839002835,0,0,V1_02_medium,5,OK,True,1130,1403715580412143104,2.3840259332432894e-08,1403715580612143104,128,True,205
0.2980380385438116,0.453257,0.008333333333333415,0.9583333333333334,230,57.645283015388955,6.0,,16,2.29596120084581,6.889654698308636,2.3742833376036603,6.634458592930941,True,6.541295220950703,42.788543167632504,6,0.029873692633433868,DPR-Exact-Block,V1_02_medium:1403715580412143104:1403715580612143104,0.037264,formal_public_module_evidence,0.024162648884398508,0.07608671120756558,0.08671509461523896,0.17854232296567918,0.635846839002835,0,0,V1_02_medium,5,OK,True,1130,1403715580412143104,2.3840259332432894e-08,1403715580612143104,128,True,205
0.2677090363619898,0.176095,0.008333333333333415,0.9583333333333334,230,55.92320554881992,6.0,,16,2.29596120084581,6.889654698308636,2.3742833376036603,6.626986860361577,True,6.541295220950703,42.788543167632504,6,0.029873692633433868,DUC-K16,V1_02_medium:1403715580412143104:1403715580612143104,0.037264,formal_public_module_evidence,0.024162648884398508,0.07608671120756558,0.08671509461523896,0.17854232296567918,0.635846839002835,0,0,V1_02_medium,5,OK,True,1130,1403715580412143104,2.3840259332432894e-08,1403715580612143104,128,True,205
0.26037206602840035,0.069002,0.008333333333333415,0.9583333333333334,230,55.51440017905383,6.0,,16,2.29596120084581,6.889654698308636,2.3742833376036603,6.625284273258036,True,6.541295220950703,42.788543167632504,6,0.029873692633433868,Permuted-K16,V1_02_medium:1403715580412143104:1403715580612143104,0.037264,formal_public_module_evidence,0.024162648884398508,0.07608671120756558,0.08671509461523896,0.17854232296567918,0.635846839002835,0,0,V1_02_medium,5,OK,True,1130,1403715580412143104,2.3840259332432894e-08,1403715580612143104,128,True,205
0.7316453258518831,0.005769,0.008333333333333415,0.9583333333333334,230,18.29385852771419,6.0,,48,2.2942971820198714,4.277132044690015,2.386059459981992,6.822940072058253,True,6.166339357820428,38.02374107580525,6,0.013576059357619075,Raw,V1_02_medium:1403715580412143104:1403715580612143104,0.037299,formal_public_module_evidence,0.01535961872052194,0.03765313132031186,0.0645631883230141,0.49151343466091424,1.0,6,0,V1_02_medium,4,OK,True,1130,1403715580412143104,2.8239118368302343e-09,1403715580612143104,128,True,205
0.667106804714312,0.001983,0.008333333333333415,0.9583333333333334,230,19.513449096228467,6.0,,48,2.2942971820198714,4.277132044690015,2.386059459981992,6.757572493089191,True,6.166339357820428,38.02374107580525,6,0.013576059357619075,Global-DoF,V1_02_medium:1403715580412143104:1403715580612143104,0.037299,formal_public_module_evidence,0.01535961872052194,0.03765313132031186,0.0645631883230141,0.49151343466091424,1.0,6,0,V1_02_medium,4,OK,True,1130,1403715580412143104,2.8239118368302343e-09,1403715580612143104,128,True,205
0.6824906298599149,1.292142,0.008333333333333415,0.9583333333333334,230,19.215554858774123,6.0,,48,2.2942971820198714,4.277132044690015,2.386059459981992,6.772397224695929,True,6.166339357820428,38.02374107580525,6,0.013576059357619075,DPR-Exact-Block,V1_02_medium:1403715580412143104:1403715580612143104,0.037299,formal_public_module_evidence,0.01535961872052194,0.03765313132031186,0.0645631883230141,0.49151343466091424,1.0,6,0,V1_02_medium,4,OK,True,1130,1403715580412143104,2.8239118368302343e-09,1403715580612143104,128,True,205
0.6961596865622163,0.320333,0.008333333333333415,0.9583333333333334,230,18.95468334542182,6.0,,48,2.2942971820198714,4.277132044690015,2.386059459981992,6.785962205958633,True,6.166339357820428,38.02374107580525,6,0.013576059357619075,DUC-K16,V1_02_medium:1403715580412143104:1403715580612143104,0.037299,formal_public_module_evidence,0.01535961872052194,0.03765313132031186,0.0645631883230141,0.49151343466091424,1.0,6,0,V1_02_medium,4,OK,True,1130,1403715580412143104,2.8239118368302343e-09,1403715580612143104,128,True,205
0.6325648748202163,0.105838,0.008333333333333415,0.9583333333333334,230,20.199257675099197,6.0,,48,2.2942971820198714,4.277132044690015,2.386059459981992,6.725955518037046,True,6.166339357820428,38.02374107580525,6,0.013576059357619075,Permuted-K16,V1_02_medium:1403715580412143104:1403715580612143104,0.037299,formal_public_module_evidence,0.01535961872052194,0.03765313132031186,0.0645631883230141,0.49151343466091424,1.0,6,0,V1_02_medium,4,OK,True,1130,1403715580412143104,2.8239118368302343e-09,1403715580612143104,128,True,205
3.0936212475028615,0.005834,0.2833333333333333,0.6666666666666666,232,0.07943666790029444,6.000000000000001,,16,2.2952482884270604,0.28184511331632917,2.3844126108981487,21.361888547497568,True,1.3236764059476978,1.7521192276626143,6,0.022323599976200814,Raw,V1_02_medium:1403715580912143104:1403715581112143104,0.037438,formal_public_module_evidence,0.02357012507435502,0.06792941392872787,0.09301571748487336,0.2696055168270022,0.5766621647486676,0,0,V1_02_medium,4,OK,True,1140,1403715580912143104,3.531144618443783e-11,1403715581112143104,142,True,187
2.885981882724617,0.002138,0.24166666666666659,0.7083333333333334,232,0.09776820664651623,6.000000000000001,,16,2.2952482884270604,0.28184511331632917,2.3844126108981487,17.433876658637033,True,1.3236764059476978,1.7521192276626143,6,0.022323599976200814,Global-DoF,V1_02_medium:1403715580912143104:1403715581112143104,0.037438,formal_public_module_evidence,0.02357012507435502,0.06792941392872787,0.09301571748487336,0.2696055168270022,0.5766621647486676,0,0,V1_02_medium,4,OK,True,1140,1403715580912143104,3.531144618443783e-11,1403715581112143104,142,True,187
2.9361981830615953,0.447497,0.24166666666666659,0.7083333333333334,232,0.0929798811879718,6.000000000000001,,16,2.2952482884270604,0.28184511331632917,2.3844126108981487,18.30657318317426,True,1.3236764059476978,1.7521192276626143,6,0.022323599976200814,DPR-Exact-Block,V1_02_medium:1403715580912143104:1403715581112143104,0.037438,formal_public_module_evidence,0.02357012507435502,0.06792941392872787,0.09301571748487336,0.2696055168270022,0.5766621647486676,0,0,V1_02_medium,4,OK,True,1140,1403715580912143104,3.531144618443783e-11,1403715581112143104,142,True,187
2.958774726082824,0.180969,0.24166666666666659,0.7083333333333334,232,0.09090423551449685,6.000000000000001,,16,2.2952482884270604,0.28184511331632917,2.3844126108981487,18.714269316971397,True,1.3236764059476978,1.7521192276626143,6,0.022323599976200814,DUC-K16,V1_02_medium:1403715580912143104:1403715581112143104,0.037438,formal_public_module_evidence,0.02357012507435502,0.06792941392872787,0.09301571748487336,0.2696055168270022,0.5766621647486676,0,0,V1_02_medium,4,OK,True,1140,1403715580912143104,3.531144618443783e-11,1403715581112143104,142,True,187
2.7332659235084624,0.069118,0.24166666666666659,0.7083333333333334,232,0.11389937668829828,6.000000000000001,,16,2.2952482884270604,0.28184511331632917,2.3844126108981487,15.048482102841819,True,1.3236764059476978,1.7521192276626143,6,0.022323599976200814,Permuted-K16,V1_02_medium:1403715580912143104:1403715581112143104,0.037438,formal_public_module_evidence,0.02357012507435502,0.06792941392872787,0.09301571748487336,0.2696055168270022,0.5766621647486676,0,0,V1_02_medium,4,OK,True,1140,1403715580912143104,3.531144618443783e-11,1403715581112143104,142,True,187
2.1268036883598676,0.005845,0.15833333333333333,0.7916666666666666,232,0.20752058998435188,5.999999999999999,,48,2.291788427758839,0.45554427884054466,2.3814011536210034,8.653365564811553,True,1.319350389746229,1.7406854509235263,6,0.00823247260115234,Raw,V1_02_medium:1403715580912143104:1403715581112143104,0.038648,formal_public_module_evidence,0.0170639764882633,0.03920246513772018,0.0655347378930229,0.5903724179030808,1.132650213554466,6,0,V1_02_medium,4,OK,True,1140,1403715580912143104,1.891259220345074e-12,1403715581112143104,142,True,187
2.0622651672222965,0.001932,0.15833333333333333,0.7916666666666666,232,0.22135529598330864,5.999999999999999,,48,2.291788427758839,0.45554427884054466,2.3814011536210034,8.193653260086862,True,1.319350389746229,1.7406854509235263,6,0.00823247260115234,Global-DoF,V1_02_medium:1403715580912143104:1403715581112143104,0.038648,formal_public_module_evidence,0.0170639764882633,0.03920246513772018,0.0655347378930229,0.5903724179030808,1.132650213554466,6,0,V1_02_medium,4,OK,True,1140,1403715580912143104,1.891259220345074e-12,1403715581112143104,142,True,187
2.06533281249316,1.269086,0.15833333333333333,0.7916666666666666,232,0.22067729691840687,5.999999999999999,,48,2.291788427758839,0.45554427884054466,2.3814011536210034,8.214745886942225,True,1.319350389746229,1.7406854509235263,6,0.00823247260115234,DPR-Exact-Block,V1_02_medium:1403715580912143104:1403715581112143104,0.038648,formal_public_module_evidence,0.0170639764882633,0.03920246513772018,0.0655347378930229,0.5903724179030808,1.132650213554466,6,0,V1_02_medium,4,OK,True,1140,1403715580912143104,1.891259220345074e-12,1403715581112143104,142,True,187
2.0735993590342563,0.313753,0.15833333333333333,0.7916666666666666,232,0.21886057711782972,5.999999999999999,,48,2.291788427758839,0.45554427884054466,2.3814011536210034,8.271955478089632,True,1.319350389746229,1.7406854509235263,6,0.00823247260115234,DUC-K16,V1_02_medium:1403715580912143104:1403715581112143104,0.038648,formal_public_module_evidence,0.0170639764882633,0.03920246513772018,0.0655347378930229,0.5903724179030808,1.132650213554466,6,0,V1_02_medium,4,OK,True,1140,1403715580912143104,1.891259220345074e-12,1403715581112143104,142,True,187
2.065623888082077,0.102467,0.15833333333333333,0.7916666666666666,232,0.22061307249178055,5.999999999999999,,48,2.291788427758839,0.45554427884054466,2.3814011536210034,8.216751127271461,True,1.319350389746229,1.7406854509235263,6,0.00823247260115234,Permuted-K16,V1_02_medium:1403715580912143104:1403715581112143104,0.038648,formal_public_module_evidence,0.0170639764882633,0.03920246513772018,0.0655347378930229,0.5903724179030808,1.132650213554466,6,0,V1_02_medium,4,OK,True,1140,1403715580912143104,1.891259220345074e-12,1403715581112143104,142,True,187
0.164496539338289,0.006212,0.11666666666666659,0.8333333333333334,234,0.4921635251268507,5.999999999999999,,16,2.1834776107552667,0.7015436730003705,2.143601182269565,2.3077323069597537,True,0.7616837352040221,0.5801621124743508,6,0.016469210312520133,Raw,V1_02_medium:1403715581412143104:1403715581612143104,0.038611,formal_public_module_evidence,0.02968372592924684,0.10249288957019642,0.11301521943706391,0.3237652384988587,0.6799507827385752,0,0,V1_02_medium,4,OK,True,1150,1403715581412143104,2.422677910608249e-09,1403715581612143104,170,True,207
0.04314282543995561,0.002349,0.033333333333333326,0.9166666666666666,234,0.605739723233047,5.999999999999999,,16,2.1834776107552667,0.7015436730003705,2.143601182269565,2.2943467673408193,True,0.7616837352040221,0.5801621124743508,6,0.016469210312520133,Global-DoF,V1_02_medium:1403715581412143104:1403715581612143104,0.038611,formal_public_module_evidence,0.02968372592924684,0.10249288957019642,0.11301521943706391,0.3237652384988587,0.6799507827385752,0,0,V1_02_medium,4,OK,True,1150,1403715581412143104,2.422677910608249e-09,1403715581612143104,170,True,207
0.05968014838808297,0.44352,0.033333333333333326,0.9166666666666666,234,0.6158403249204681,5.999999999999999,,16,2.1834776107552667,0.7015436730003705,2.143601182269565,2.295175311234972,True,0.7616837352040221,0.5801621124743508,6,0.016469210312520133,DPR-Exact-Block,V1_02_medium:1403715581412143104:1403715581612143104,0.038611,formal_public_module_evidence,0.02968372592924684,0.10249288957019642,0.11301521943706391,0.3237652384988587,0.6799507827385752,0,0,V1_02_medium,4,OK,True,1150,1403715581412143104,2.422677910608249e-09,1403715581612143104,170,True,207
0.07601521211153596,0.182238,0.033333333333333326,0.9166666666666666,234,0.6259827287505141,5.999999999999999,,16,2.1834776107552667,0.7015436730003705,2.143601182269565,2.2962466761264015,True,0.7616837352040221,0.5801621124743508,6,0.016469210312520133,DUC-K16,V1_02_medium:1403715581412143104:1403715581612143104,0.038611,formal_public_module_evidence,0.02968372592924684,0.10249288957019642,0.11301521943706391,0.3237652384988587,0.6799507827385752,0,0,V1_02_medium,4,OK,True,1150,1403715581412143104,2.422677910608249e-09,1403715581612143104,170,True,207
0.3419478141298758,0.070827,0.008333333333333415,0.9583333333333334,234,0.8166865674520739,5.999999999999999,,16,2.1834776107552667,0.7015436730003705,2.143601182269565,2.3457624461252475,True,0.7616837352040221,0.5801621124743508,6,0.016469210312520133,Permuted-K16,V1_02_medium:1403715581412143104:1403715581612143104,0.038611,formal_public_module_evidence,0.02968372592924684,0.10249288957019642,0.11301521943706391,0.3237652384988587,0.6799507827385752,0,0,V1_02_medium,4,OK,True,1150,1403715581412143104,2.422677910608249e-09,1403715581612143104,170,True,207
0.49457821579501515,0.006129,0.11666666666666659,0.8333333333333334,234,0.39898543537489345,6.0,,48,2.1269706587673305,0.6316529390218124,2.1431967509201097,2.5588531495458917,True,0.8088627138588256,0.6542588898710643,6,0.0012753427905667358,Raw,V1_02_medium:1403715581412143104:1403715581612143104,0.038622,formal_public_module_evidence,0.015780099385167334,0.04928361521225946,0.07034685239426658,0.44477598021047077,1.637351101804902,6,0,V1_02_medium,4,OK,True,1150,1403715581412143104,1.248626296232447e-10,1403715581612143104,170,True,207
0.4300396946574441,0.001941,0.11666666666666659,0.8333333333333334,234,0.42558446439988634,6.0,,48,2.1269706587673305,0.6316529390218124,2.1431967509201097,2.520903767638783,True,0.8088627138588256,0.6542588898710643,6,0.0012753427905667358,Global-DoF,V1_02_medium:1403715581412143104:1403715581612143104,0.038622,formal_public_module_evidence,0.015780099385167334,0.04928361521225946,0.07034685239426658,0.44477598021047077,1.637351101804902,6,0,V1_02_medium,4,OK,True,1150,1403715581412143104,1.248626296232447e-10,1403715581612143104,170,True,207
0.4316574454037869,1.276484,0.11666666666666659,0.8333333333333334,234,0.42489653141705314,6.0,,48,2.1269706587673305,0.6316529390218124,2.1431967509201097,2.521775027873915,True,0.8088627138588256,0.6542588898710643,6,0.0012753427905667358,DPR-Exact-Block,V1_02_medium:1403715581412143104:1403715581612143104,0.038622,formal_public_module_evidence,0.015780099385167334,0.04928361521225946,0.07034685239426658,0.44477598021047077,1.637351101804902,6,0,V1_02_medium,4,OK,True,1150,1403715581412143104,1.248626296232447e-10,1403715581612143104,170,True,207
0.4303829151720494,0.312369,0.11666666666666659,0.8333333333333334,234,0.4254384201451327,6.0,,48,2.1269706587673305,0.6316529390218124,2.1431967509201097,2.5210882769452048,True,0.8088627138588256,0.6542588898710643,6,0.0012753427905667358,DUC-K16,V1_02_medium:1403715581412143104:1403715581612143104,0.038622,formal_public_module_evidence,0.015780099385167334,0.04928361521225946,0.07034685239426658,0.44477598021047077,1.637351101804902,6,0,V1_02_medium,4,OK,True,1150,1403715581412143104,1.248626296232447e-10,1403715581612143104,170,True,207
0.43644789108676574,0.104706,0.11666666666666659,0.8333333333333334,234,0.42286595522808246,6.0,,48,2.1269706587673305,0.6316529390218124,2.1431967509201097,2.524378642936374,True,0.8088627138588256,0.6542588898710643,6,0.0012753427905667358,Permuted-K16,V1_02_medium:1403715581412143104:1403715581612143104,0.038622,formal_public_module_evidence,0.015780099385167334,0.04928361521225946,0.07034685239426658,0.44477598021047077,1.637351101804902,6,0,V1_02_medium,4,OK,True,1150,1403715581412143104,1.248626296232447e-10,1403715581612143104,170,True,207
,,,,241,,,INSUFFICIENT_TRACKS,16,,,,,,,,,,Raw,V1_02_medium:1403715581912143104:1403715582112143104,,formal_public_module_evidence,,,,,,,,V1_02_medium,,,,1160,1403715581912143104,,1403715582112143104,69,False,192
,,,,241,,,INSUFFICIENT_TRACKS,16,,,,,,,,,,Global-DoF,V1_02_medium:1403715581912143104:1403715582112143104,,formal_public_module_evidence,,,,,,,,V1_02_medium,,,,1160,1403715581912143104,,1403715582112143104,69,False,192
,,,,241,,,INSUFFICIENT_TRACKS,16,,,,,,,,,,DPR-Exact-Block,V1_02_medium:1403715581912143104:1403715582112143104,,formal_public_module_evidence,,,,,,,,V1_02_medium,,,,1160,1403715581912143104,,1403715582112143104,69,False,192
,,,,241,,,INSUFFICIENT_TRACKS,16,,,,,,,,,,DUC-K16,V1_02_medium:1403715581912143104:1403715582112143104,,formal_public_module_evidence,,,,,,,,V1_02_medium,,,,1160,1403715581912143104,,1403715582112143104,69,False,192
,,,,241,,,INSUFFICIENT_TRACKS,16,,,,,,,,,,Permuted-K16,V1_02_medium:1403715581912143104:1403715582112143104,,formal_public_module_evidence,,,,,,,,V1_02_medium,,,,1160,1403715581912143104,,1403715582112143104,69,False,192
,,,,241,,,INSUFFICIENT_TRACKS,48,,,,,,,,,,Raw,V1_02_medium:1403715581912143104:1403715582112143104,,formal_public_module_evidence,,,,,,,,V1_02_medium,,,,1160,1403715581912143104,,1403715582112143104,69,False,192
,,,,241,,,INSUFFICIENT_TRACKS,48,,,,,,,,,,Global-DoF,V1_02_medium:1403715581912143104:1403715582112143104,,formal_public_module_evidence,,,,,,,,V1_02_medium,,,,1160,1403715581912143104,,1403715582112143104,69,False,192
,,,,241,,,INSUFFICIENT_TRACKS,48,,,,,,,,,,DPR-Exact-Block,V1_02_medium:1403715581912143104:1403715582112143104,,formal_public_module_evidence,,,,,,,,V1_02_medium,,,,1160,1403715581912143104,,1403715582112143104,69,False,192
,,,,241,,,INSUFFICIENT_TRACKS,48,,,,,,,,,,DUC-K16,V1_02_medium:1403715581912143104:1403715582112143104,,formal_public_module_evidence,,,,,,,,V1_02_medium,,,,1160,1403715581912143104,,1403715582112143104,69,False,192
,,,,241,,,INSUFFICIENT_TRACKS,48,,,,,,,,,,Permuted-K16,V1_02_medium:1403715581912143104:1403715582112143104,,formal_public_module_evidence,,,,,,,,V1_02_medium,,,,1160,1403715581912143104,,1403715582112143104,69,False,192
3.7619586024293716,0.006154,0.15833333333333333,0.7916666666666666,202,0.1759397874904312,6.0,,16,2.426882031689766,0.4194517701600879,2.19130279766354,43.13289090916191,True,2.7515725145136884,7.5711513026271815,6,0.06783533070321235,Raw,V1_02_medium:1403715582412143104:1403715582612143104,0.038373,formal_public_module_evidence,0.025347391224132987,0.046518671303069775,0.09005566304333087,0.21463076271005488,0.5695265942866904,0,0,V1_02_medium,5,OK,True,1170,1403715582412143104,8.640438895261048e-10,1403715582612143104,102,True,129
3.5543192376511272,0.001969,0.15833333333333333,0.7916666666666666,202,0.21654127691129993,6.0,,16,2.426882031689766,0.4194517701600879,2.19130279766354,35.27191265485951,True,2.7515725145136884,7.5711513026271815,6,0.06783533070321235,Global-DoF,V1_02_medium:1403715582412143104:1403715582612143104,0.038373,formal_public_module_evidence,0.025347391224132987,0.046518671303069775,0.09005566304333087,0.21463076271005488,0.5695265942866904,0,0,V1_02_medium,5,OK,True,1170,1403715582412143104,8.640438895261048e-10,1403715582612143104,102,True,129
3.5400796046417975,0.446295,0.15833333333333333,0.7916666666666666,202,0.2196468035308494,6.0,,16,2.426882031689766,0.4194517701600879,2.19130279766354,34.79180563200911,True,2.7515725145136884,7.5711513026271815,6,0.06783533070321235,DPR-Exact-Block,V1_02_medium:1403715582412143104:1403715582612143104,0.038373,formal_public_module_evidence,0.025347391224132987,0.046518671303069775,0.09005566304333087,0.21463076271005488,0.5695265942866904,0,0,V1_02_medium,5,OK,True,1170,1403715582412143104,8.640438895261048e-10,1403715582612143104,102,True,129
3.61032540075025,0.177827,0.15833333333333333,0.7916666666666666,202,0.20474698997543073,6.0,,16,2.426882031689766,0.4194517701600879,2.19130279766354,37.22998036251939,True,2.7515725145136884,7.5711513026271815,6,0.06783533070321235,DUC-K16,V1_02_medium:1403715582412143104:1403715582612143104,0.038373,formal_public_module_evidence,0.025347391224132987,0.046518671303069775,0.09005566304333087,0.21463076271005488,0.5695265942866904,0,0,V1_02_medium,5,OK,True,1170,1403715582412143104,8.640438895261048e-10,1403715582612143104,102,True,129
3.5680522629192106,0.069005,0.15833333333333333,0.7916666666666666,202,0.2135878363380109,6.0,,16,2.426882031689766,0.4194517701600879,2.19130279766354,35.741653438644335,True,2.7515725145136884,7.5711513026271815,6,0.06783533070321235,Permuted-K16,V1_02_medium:1403715582412143104:1403715582612143104,0.038373,formal_public_module_evidence,0.025347391224132987,0.046518671303069775,0.09005566304333087,0.21463076271005488,0.5695265942866904,0,0,V1_02_medium,5,OK,True,1170,1403715582412143104,8.640438895261048e-10,1403715582612143104,102,True,129
2.3502713836113753,0.005994,0.008333333333333415,0.9583333333333334,202,0.7473254671811752,5.999999999999999,,48,2.282778098662176,0.8644798824618044,2.1892151114685343,12.035038299376405,True,2.7996893006069787,7.838260179933194,6,0.005971301813153973,Raw,V1_02_medium:1403715582412143104:1403715582612143104,0.044617,formal_public_module_evidence,0.011086599395655594,0.03104100001386388,0.05306592388601603,0.3722153258752296,1.0,4,0,V1_02_medium,4,OK,True,1170,1403715582412143104,5.10994441580264e-09,1403715582612143104,102,True,129
2.2857328624738042,0.001886,0.008333333333333415,0.9583333333333334,202,0.7971471649932534,5.999999999999999,,48,2.282778098662176,0.8644798824618044,2.1892151114685343,11.444050837847234,True,2.7996893006069787,7.838260179933194,6,0.005971301813153973,Global-DoF,V1_02_medium:1403715582412143104:1403715582612143104,0.044617,formal_public_module_evidence,0.011086599395655594,0.03104100001386388,0.05306592388601603,0.3722153258752296,1.0,4,0,V1_02_medium,4,OK,True,1170,1403715582412143104,5.10994441580264e-09,1403715582612143104,102,True,129
2.28526722035907,1.282117,0.008333333333333415,0.9583333333333334,202,0.7975184367180824,5.999999999999999,,48,2.282778098662176,0.8644798824618044,2.1892151114685343,11.439938938220303,True,2.7996893006069787,7.838260179933194,6,0.005971301813153973,DPR-Exact-Block,V1_02_medium:1403715582412143104:1403715582612143104,0.044617,formal_public_module_evidence,0.011086599395655594,0.03104100001386388,0.05306592388601603,0.3722153258752296,1.0,4,0,V1_02_medium,4,OK,True,1170,1403715582412143104,5.10994441580264e-09,1403715582612143104,102,True,129
2.2912564216860662,0.314529,0.008333333333333415,0.9583333333333334,202,0.792756213430884,5.999999999999999,,48,2.282778098662176,0.8644798824618044,2.1892151114685343,11.49299010318933,True,2.7996893006069787,7.838260179933194,6,0.005971301813153973,DUC-K16,V1_02_medium:1403715582412143104:1403715582612143104,0.044617,formal_public_module_evidence,0.011086599395655594,0.03104100001386388,0.05306592388601603,0.3722153258752296,1.0,4,0,V1_02_medium,4,OK,True,1170,1403715582412143104,5.10994441580264e-09,1403715582612143104,102,True,129
2.2421475095270464,0.105352,0.008333333333333415,0.9583333333333334,202,0.8326593903143823,5.999999999999999,,48,2.282778098662176,0.8644798824618044,2.1892151114685343,11.06827168224879,True,2.7996893006069787,7.838260179933194,6,0.005971301813153973,Permuted-K16,V1_02_medium:1403715582412143104:1403715582612143104,0.044617,formal_public_module_evidence,0.011086599395655594,0.03104100001386388,0.05306592388601603,0.3722153258752296,1.0,4,0,V1_02_medium,4,OK,True,1170,1403715582412143104,5.10994441580264e-09,1403715582612143104,102,True,129
0.5517609536971246,0.005749,0.033333333333333326,0.9166666666666666,149,0.11298051884086735,6.0,,16,2.223459651404081,0.33612574855382227,2.1178964229353583,1.3936450767664226,True,0.44290965865424675,0.19616896572922135,6,0.03721698835696352,Raw,V1_02_medium:1403715582912143104:1403715583112143104,0.038129,formal_public_module_evidence,0.027268684615646133,0.06919389363258616,0.09745717770030454,0.30392775458309224,0.5471055467755099,0,0,V1_02_medium,5,OK,True,1180,1403715582912143104,2.542814923851484e-10,1403715583112143104,97,True,112
0.34412158891888006,0.001919,0.033333333333333326,0.9166666666666666,149,0.1390529462656829,6.0,,16,2.223459651404081,0.33612574855382227,2.1178964229353583,1.2757267130832153,True,0.44290965865424675,0.19616896572922135,6,0.03721698835696352,Global-DoF,V1_02_medium:1403715582912143104:1403715583112143104,0.038129,formal_public_module_evidence,0.027268684615646133,0.06919389363258616,0.09745717770030454,0.30392775458309224,0.5471055467755099,0,0,V1_02_medium,5,OK,True,1180,1403715582912143104,2.542814923851484e-10,1403715583112143104,97,True,112
0.3080201096830047,0.488794,0.033333333333333326,0.9166666666666666,149,0.1441646786972615,6.0,,16,2.223459651404081,0.33612574855382227,2.1178964229353583,1.2618063881306378,True,0.44290965865424675,0.19616896572922135,6,0.03721698835696352,DPR-Exact-Block,V1_02_medium:1403715582912143104:1403715583112143104,0.038129,formal_public_module_evidence,0.027268684615646133,0.06919389363258616,0.09745717770030454,0.30392775458309224,0.5471055467755099,0,0,V1_02_medium,5,OK,True,1180,1403715582912143104,2.542814923851484e-10,1403715583112143104,97,True,112
0.27147895607869027,0.178737,0.033333333333333326,0.9166666666666666,149,0.14953005386582285,6.0,,16,2.223459651404081,0.33612574855382227,2.1178964229353583,1.24952245323406,True,0.44290965865424675,0.19616896572922135,6,0.03721698835696352,DUC-K16,V1_02_medium:1403715582912143104:1403715583112143104,0.038129,formal_public_module_evidence,0.027268684615646133,0.06919389363258616,0.09745717770030454,0.30392775458309224,0.5471055467755099,0,0,V1_02_medium,5,OK,True,1180,1403715582912143104,2.542814923851484e-10,1403715583112143104,97,True,112
0.28271716463420576,0.069281,0.033333333333333326,0.9166666666666666,149,0.1478590112849901,6.0,,16,2.223459651404081,0.33612574855382227,2.1178964229353583,1.2531108433213118,True,0.44290965865424675,0.19616896572922135,6,0.03721698835696352,Permuted-K16,V1_02_medium:1403715582912143104:1403715583112143104,0.038129,formal_public_module_evidence,0.027268684615646133,0.06919389363258616,0.09745717770030454,0.30392775458309224,0.5471055467755099,0,0,V1_02_medium,5,OK,True,1180,1403715582912143104,2.542814923851484e-10,1403715583112143104,97,True,112
0.4662867779483385,0.005759,0.033333333333333326,0.9166666666666666,149,0.13247617223207717,6.000000000000001,,48,2.0330466455020164,0.3639727630360233,2.11933091799969,1.4105886607018645,True,0.4595383630467945,0.21117550711172753,6,0.025423303907118222,Raw,V1_02_medium:1403715582912143104:1403715583112143104,0.038723,formal_public_module_evidence,0.016415952463187333,0.03261617201282123,0.0612246435809878,0.5121547882612604,1.0,5,0,V1_02_medium,5,OK,True,1180,1403715582912143104,9.110744842330126e-10,1403715583112143104,97,True,112
0.40174825681076715,0.002002,0.033333333333333326,0.9166666666666666,149,0.141307917047549,6.000000000000001,,48,2.0330466455020164,0.3639727630360233,2.11933091799969,1.3754981770750063,True,0.4595383630467945,0.21117550711172753,6,0.025423303907118222,Global-DoF,V1_02_medium:1403715582912143104:1403715583112143104,0.038723,formal_public_module_evidence,0.016415952463187333,0.03261617201282123,0.0612246435809878,0.5121547882612604,1.0,5,0,V1_02_medium,5,OK,True,1180,1403715582912143104,9.110744842330126e-10,1403715583112143104,97,True,112
0.39495345844532664,1.277758,0.033333333333333326,0.9166666666666666,149,0.14227134529493787,6.000000000000001,,48,2.0330466455020164,0.3639727630360233,2.11933091799969,1.372173010954593,True,0.4595383630467945,0.21117550711172753,6,0.025423303907118222,DPR-Exact-Block,V1_02_medium:1403715582912143104:1403715583112143104,0.038723,formal_public_module_evidence,0.016415952463187333,0.03261617201282123,0.0612246435809878,0.5121547882612604,1.0,5,0,V1_02_medium,5,OK,True,1180,1403715582912143104,9.110744842330126e-10,1403715583112143104,97,True,112
0.4207055185568794,0.312532,0.033333333333333326,0.9166666666666666,149,0.1386543376462301,6.000000000000001,,48,2.0330466455020164,0.3639727630360233,2.11933091799969,1.3851415504736087,True,0.4595383630467945,0.21117550711172753,6,0.025423303907118222,DUC-K16,V1_02_medium:1403715582912143104:1403715583112143104,0.038723,formal_public_module_evidence,0.016415952463187333,0.03261617201282123,0.0612246435809878,0.5121547882612604,1.0,5,0,V1_02_medium,5,OK,True,1180,1403715582912143104,9.110744842330126e-10,1403715583112143104,97,True,112
0.40078140290524045,0.103759,0.033333333333333326,0.9166666666666666,149,0.14144460722809749,6.000000000000001,,48,2.0330466455020164,0.3639727630360233,2.11933091799969,1.3750208288738577,True,0.4595383630467945,0.21117550711172753,6,0.025423303907118222,Permuted-K16,V1_02_medium:1403715582912143104:1403715583112143104,0.038723,formal_public_module_evidence,0.016415952463187333,0.03261617201282123,0.0612246435809878,0.5121547882612604,1.0,5,0,V1_02_medium,5,OK,True,1180,1403715582912143104,9.110744842330126e-10,1403715583112143104,97,True,112
,,,,134,,,INSUFFICIENT_TRACKS,16,,,,,,,,,,Raw,V1_02_medium:1403715583412143104:1403715583612143104,,formal_public_module_evidence,,,,,,,,V1_02_medium,,,,1190,1403715583412143104,,1403715583612143104,66,False,99
,,,,134,,,INSUFFICIENT_TRACKS,16,,,,,,,,,,Global-DoF,V1_02_medium:1403715583412143104:1403715583612143104,,formal_public_module_evidence,,,,,,,,V1_02_medium,,,,1190,1403715583412143104,,1403715583612143104,66,False,99
,,,,134,,,INSUFFICIENT_TRACKS,16,,,,,,,,,,DPR-Exact-Block,V1_02_medium:1403715583412143104:1403715583612143104,,formal_public_module_evidence,,,,,,,,V1_02_medium,,,,1190,1403715583412143104,,1403715583612143104,66,False,99
,,,,134,,,INSUFFICIENT_TRACKS,16,,,,,,,,,,DUC-K16,V1_02_medium:1403715583412143104:1403715583612143104,,formal_public_module_evidence,,,,,,,,V1_02_medium,,,,1190,1403715583412143104,,1403715583612143104,66,False,99
,,,,134,,,INSUFFICIENT_TRACKS,16,,,,,,,,,,Permuted-K16,V1_02_medium:1403715583412143104:1403715583612143104,,formal_public_module_evidence,,,,,,,,V1_02_medium,,,,1190,1403715583412143104,,1403715583612143104,66,False,99
,,,,134,,,INSUFFICIENT_TRACKS,48,,,,,,,,,,Raw,V1_02_medium:1403715583412143104:1403715583612143104,,formal_public_module_evidence,,,,,,,,V1_02_medium,,,,1190,1403715583412143104,,1403715583612143104,66,False,99
,,,,134,,,INSUFFICIENT_TRACKS,48,,,,,,,,,,Global-DoF,V1_02_medium:1403715583412143104:1403715583612143104,,formal_public_module_evidence,,,,,,,,V1_02_medium,,,,1190,1403715583412143104,,1403715583612143104,66,False,99
,,,,134,,,INSUFFICIENT_TRACKS,48,,,,,,,,,,DPR-Exact-Block,V1_02_medium:1403715583412143104:1403715583612143104,,formal_public_module_evidence,,,,,,,,V1_02_medium,,,,1190,1403715583412143104,,1403715583612143104,66,False,99
,,,,134,,,INSUFFICIENT_TRACKS,48,,,,,,,,,,DUC-K16,V1_02_medium:1403715583412143104:1403715583612143104,,formal_public_module_evidence,,,,,,,,V1_02_medium,,,,1190,1403715583412143104,,1403715583612143104,66,False,99
,,,,134,,,INSUFFICIENT_TRACKS,48,,,,,,,,,,Permuted-K16,V1_02_medium:1403715583412143104:1403715583612143104,,formal_public_module_evidence,,,,,,,,V1_02_medium,,,,1190,1403715583412143104,,1403715583612143104,66,False,99
,,,,193,,,INSUFFICIENT_TRACKS,16,,,,,,,,,,Raw,V1_02_medium:1403715583912143104:1403715584112143104,,formal_public_module_evidence,,,,,,,,V1_02_medium,,,,1200,1403715583912143104,,1403715584112143104,30,False,133
,,,,193,,,INSUFFICIENT_TRACKS,16,,,,,,,,,,Global-DoF,V1_02_medium:1403715583912143104:1403715584112143104,,formal_public_module_evidence,,,,,,,,V1_02_medium,,,,1200,1403715583912143104,,1403715584112143104,30,False,133
,,,,193,,,INSUFFICIENT_TRACKS,16,,,,,,,,,,DPR-Exact-Block,V1_02_medium:1403715583912143104:1403715584112143104,,formal_public_module_evidence,,,,,,,,V1_02_medium,,,,1200,1403715583912143104,,1403715584112143104,30,False,133
,,,,193,,,INSUFFICIENT_TRACKS,16,,,,,,,,,,DUC-K16,V1_02_medium:1403715583912143104:1403715584112143104,,formal_public_module_evidence,,,,,,,,V1_02_medium,,,,1200,1403715583912143104,,1403715584112143104,30,False,133
,,,,193,,,INSUFFICIENT_TRACKS,16,,,,,,,,,,Permuted-K16,V1_02_medium:1403715583912143104:1403715584112143104,,formal_public_module_evidence,,,,,,,,V1_02_medium,,,,1200,1403715583912143104,,1403715584112143104,30,False,133
,,,,193,,,INSUFFICIENT_TRACKS,48,,,,,,,,,,Raw,V1_02_medium:1403715583912143104:1403715584112143104,,formal_public_module_evidence,,,,,,,,V1_02_medium,,,,1200,1403715583912143104,,1403715584112143104,30,False,133
,,,,193,,,INSUFFICIENT_TRACKS,48,,,,,,,,,,Global-DoF,V1_02_medium:1403715583912143104:1403715584112143104,,formal_public_module_evidence,,,,,,,,V1_02_medium,,,,1200,1403715583912143104,,1403715584112143104,30,False,133
,,,,193,,,INSUFFICIENT_TRACKS,48,,,,,,,,,,DPR-Exact-Block,V1_02_medium:1403715583912143104:1403715584112143104,,formal_public_module_evidence,,,,,,,,V1_02_medium,,,,1200,1403715583912143104,,1403715584112143104,30,False,133
,,,,193,,,INSUFFICIENT_TRACKS,48,,,,,,,,,,DUC-K16,V1_02_medium:1403715583912143104:1403715584112143104,,formal_public_module_evidence,,,,,,,,V1_02_medium,,,,1200,1403715583912143104,,1403715584112143104,30,False,133
,,,,193,,,INSUFFICIENT_TRACKS,48,,,,,,,,,,Permuted-K16,V1_02_medium:1403715583912143104:1403715584112143104,,formal_public_module_evidence,,,,,,,,V1_02_medium,,,,1200,1403715583912143104,,1403715584112143104,30,False,133
0.29583812103736185,0.00636,0.008333333333333415,0.9583333333333334,246,1.6702533031194913,6.0,,16,2.538247157712354,1.2923828005353102,2.6551749705238428,3.0947602011540276,True,1.1146813576773655,1.242514529153455,6,0.08836383397117742,Raw,V1_02_medium:1403715584412143104:1403715584612143104,0.041137,formal_public_module_evidence,0.0226845533878276,0.09532395629327231,0.11298549183008645,0.2711564164472148,0.8537435535291814,0,0,V1_02_medium,5,OK,True,1210,1403715584412143104,9.14503338536686e-09,1403715584612143104,76,True,132
0.5034774858156063,0.002135,0.008333333333333415,0.9583333333333334,246,2.055696373070143,6.0,,16,2.538247157712354,1.2923828005353102,2.6551749705238428,3.16291684568789,True,1.1146813576773655,1.242514529153455,6,0.08836383397117742,Global-DoF,V1_02_medium:1403715584412143104:1403715584612143104,0.041137,formal_public_module_evidence,0.0226845533878276,0.09532395629327231,0.11298549183008645,0.2711564164472148,0.8537435535291814,0,0,V1_02_medium,5,OK,True,1210,1403715584412143104,9.14503338536686e-09,1403715584612143104,76,True,132
0.4275119392198056,0.448791,0.008333333333333415,0.9583333333333334,246,1.9053183578994348,6.0,,16,2.538247157712354,1.2923828005353102,2.6551749705238428,3.134655794063928,True,1.1146813576773655,1.242514529153455,6,0.08836383397117742,DPR-Exact-Block,V1_02_medium:1403715584412143104:1403715584612143104,0.041137,formal_public_module_evidence,0.0226845533878276,0.09532395629327231,0.11298549183008645,0.2711564164472148,0.8537435535291814,0,0,V1_02_medium,5,OK,True,1210,1403715584412143104,9.14503338536686e-09,1403715584612143104,76,True,132
0.512187437975766,0.184595,0.008333333333333415,0.9583333333333334,246,2.0736795929390968,6.0,,16,2.538247157712354,1.2923828005353102,2.6551749705238428,3.1663851443721054,True,1.1146813576773655,1.242514529153455,6,0.08836383397117742,DUC-K16,V1_02_medium:1403715584412143104:1403715584612143104,0.041137,formal_public_module_evidence,0.0226845533878276,0.09532395629327231,0.11298549183008645,0.2711564164472148,0.8537435535291814,0,0,V1_02_medium,5,OK,True,1210,1403715584412143104,9.14503338536686e-09,1403715584612143104,76,True,132
0.6078386417793626,0.068453,0.008333333333333415,0.9583333333333334,246,2.2818255768467903,6.0,,16,2.538247157712354,1.2923828005353102,2.6551749705238428,3.2073793955730223,True,1.1146813576773655,1.242514529153455,6,0.08836383397117742,Permuted-K16,V1_02_medium:1403715584412143104:1403715584612143104,0.041137,formal_public_module_evidence,0.0226845533878276,0.09532395629327231,0.11298549183008645,0.2711564164472148,0.8537435535291814,0,0,V1_02_medium,5,OK,True,1210,1403715584412143104,9.14503338536686e-09,1403715584612143104,76,True,132
0.06326527982056392,0.006553,0.033333333333333326,0.9166666666666666,246,1.0303406364325438,6.0,,48,2.416451403111885,1.0150569621615053,2.650731851914958,2.8064609529281026,True,0.9834505631739631,0.9671750102071851,6,0.07281656256122093,Raw,V1_02_medium:1403715584412143104:1403715584612143104,0.03883,formal_public_module_evidence,0.019068373675926953,0.06504100426083682,0.0824937537595939,0.6612903588630639,1.587298881372496,2,0,V1_02_medium,5,OK,True,1210,1403715584412143104,1.2068039885848776e-09,1403715584612143104,76,True,132
0.1278038009581352,0.001954,0.033333333333333326,0.9166666666666666,246,1.0990300121947136,6.0,,48,2.416451403111885,1.0150569621615053,2.650731851914958,2.812331072567655,True,0.9834505631739631,0.9671750102071851,6,0.07281656256122093,Global-DoF,V1_02_medium:1403715584412143104:1403715584612143104,0.03883,formal_public_module_evidence,0.019068373675926953,0.06504100426083682,0.0824937537595939,0.6612903588630639,1.587298881372496,2,0,V1_02_medium,5,OK,True,1210,1403715584412143104,1.2068039885848776e-09,1403715584612143104,76,True,132
0.12162266973136802,1.243744,0.033333333333333326,0.9166666666666666,246,1.0922577152572883,6.0,,48,2.416451403111885,1.0150569621615053,2.650731851914958,2.8116063436657055,True,0.9834505631739631,0.9671750102071851,6,0.07281656256122093,DPR-Exact-Block,V1_02_medium:1403715584412143104:1403715584612143104,0.03883,formal_public_module_evidence,0.019068373675926953,0.06504100426083682,0.0824937537595939,0.6612903588630639,1.587298881372496,2,0,V1_02_medium,5,OK,True,1210,1403715584412143104,1.2068039885848776e-09,1403715584612143104,76,True,132
0.1919101612265531,0.327477,0.008333333333333415,0.9583333333333334,246,1.171792167513297,6.0,,48,2.416451403111885,1.0150569621615053,2.650731851914958,2.821792426744878,True,0.9834505631739631,0.9671750102071851,6,0.07281656256122093,DUC-K16,V1_02_medium:1403715584412143104:1403715584612143104,0.03883,formal_public_module_evidence,0.019068373675926953,0.06504100426083682,0.0824937537595939,0.6612903588630639,1.587298881372496,2,0,V1_02_medium,5,OK,True,1210,1403715584412143104,1.2068039885848776e-09,1403715584612143104,76,True,132
0.16978536870466918,0.104791,0.008333333333333415,0.9583333333333334,246,1.146151205355021,6.0,,48,2.416451403111885,1.0150569621615053,2.650731851914958,2.818132530746468,True,0.9834505631739631,0.9671750102071851,6,0.07281656256122093,Permuted-K16,V1_02_medium:1403715584412143104:1403715584612143104,0.03883,formal_public_module_evidence,0.019068373675926953,0.06504100426083682,0.0824937537595939,0.6612903588630639,1.587298881372496,2,0,V1_02_medium,5,OK,True,1210,1403715584412143104,1.2068039885848776e-09,1403715584612143104,76,True,132
0.5715782366395915,0.005993,0.033333333333333326,0.9166666666666666,238,0.452789649860037,5.999999999999999,,16,2.4639952139667183,0.6728964629569968,2.4434431371349414,2.8166094546409646,True,0.8954985408578003,0.8019176366784495,6,0.058247550489894495,Raw,V1_02_medium:1403715584912143104:1403715585112143104,0.03835,formal_public_module_evidence,0.025853231660865672,0.0797758804427704,0.08353990938154601,0.2348312119716065,0.7038717857348926,1,0,V1_02_medium,4,OK,True,1220,1403715584912143104,1.062624409637064e-09,1403715585112143104,92,True,142
0.363938871861347,0.002087,0.008333333333333415,0.9583333333333334,238,0.5572795690585071,5.999999999999999,,16,2.4639952139667183,0.6728964629569968,2.4434431371349414,2.692175069668773,True,0.8954985408578003,0.8019176366784495,6,0.058247550489894495,Global-DoF,V1_02_medium:1403715584912143104:1403715585112143104,0.03835,formal_public_module_evidence,0.025853231660865672,0.0797758804427704,0.08353990938154601,0.2348312119716065,0.7038717857348926,1,0,V1_02_medium,4,OK,True,1220,1403715584912143104,1.062624409637064e-09,1403715585112143104,92,True,142
0.40085992296875006,0.446551,0.008333333333333415,0.9583333333333334,238,0.5370794215711131,5.999999999999999,,16,2.4639952139667183,0.6728964629569968,2.4434431371349414,2.709375873343024,True,0.8954985408578003,0.8019176366784495,6,0.058247550489894495,DPR-Exact-Block,V1_02_medium:1403715584912143104:1403715585112143104,0.03835,formal_public_module_evidence,0.025853231660865672,0.0797758804427704,0.08353990938154601,0.2348312119716065,0.7038717857348926,1,0,V1_02_medium,4,OK,True,1220,1403715584912143104,1.062624409637064e-09,1403715585112143104,92,True,142
0.3442456372325286,0.176329,0.008333333333333415,0.9583333333333334,238,0.5683629822961599,5.999999999999999,,16,2.4639952139667183,0.6728964629569968,2.4434431371349414,2.68380722407799,True,0.8954985408578003,0.8019176366784495,6,0.058247550489894495,DUC-K16,V1_02_medium:1403715584912143104:1403715585112143104,0.03835,formal_public_module_evidence,0.025853231660865672,0.0797758804427704,0.08353990938154601,0.2348312119716065,0.7038717857348926,1,0,V1_02_medium,4,OK,True,1220,1403715584912143104,1.062624409637064e-09,1403715585112143104,92,True,142
0.17684264364267313,0.068549,0.008333333333333415,0.9583333333333334,238,0.9570432165827575,5.999999999999999,,16,2.4639952139667183,0.6728964629569968,2.4434431371349414,2.6318819611250537,True,0.8954985408578003,0.8019176366784495,6,0.058247550489894495,Permuted-K16,V1_02_medium:1403715584912143104:1403715585112143104,0.03835,formal_public_module_evidence,0.025853231660865672,0.0797758804427704,0.08353990938154601,0.2348312119716065,0.7038717857348926,1,0,V1_02_medium,4,OK,True,1220,1403715584912143104,1.062624409637064e-09,1403715585112143104,92,True,142
1.2128389949577056,0.005941,0.07499999999999996,0.875,238,0.23202812814022353,6.0,,48,2.430123318961083,0.4816929812029894,2.4399661186759003,3.7399990994572128,True,0.8833543655809374,0.7803149351909004,6,0.010312106143984368,Raw,V1_02_medium:1403715584912143104:1403715585112143104,0.043548,formal_public_module_evidence,0.014126772921085773,0.04198692297494054,0.06530831970765115,0.5001389422698819,1.4327532712229358,7,0,V1_02_medium,4,OK,True,1220,1403715584912143104,6.663122841446817e-11,1403715585112143104,92,True,142
1.1483004738201346,0.001987,0.033333333333333326,0.9166666666666666,238,0.24749667001623843,6.0,,48,2.430123318961083,0.4816929812029894,2.4399661186759003,3.5943489514867095,True,0.8833543655809374,0.7803149351909004,6,0.010312106143984368,Global-DoF,V1_02_medium:1403715584912143104:1403715585112143104,0.043548,formal_public_module_evidence,0.014126772921085773,0.04198692297494054,0.06530831970765115,0.5001389422698819,1.4327532712229358,7,0,V1_02_medium,4,OK,True,1220,1403715584912143104,6.663122841446817e-11,1403715585112143104,92,True,142
1.1479252861213374,1.282936,0.033333333333333326,0.9166666666666666,238,0.24758954514403506,6.0,,48,2.430123318961083,0.4816929812029894,2.4399661186759003,3.5935414580169542,True,0.8833543655809374,0.7803149351909004,6,0.010312106143984368,DPR-Exact-Block,V1_02_medium:1403715584912143104:1403715585112143104,0.043548,formal_public_module_evidence,0.014126772921085773,0.04198692297494054,0.06530831970765115,0.5001389422698819,1.4327532712229358,7,0,V1_02_medium,4,OK,True,1220,1403715584912143104,6.663122841446817e-11,1403715585112143104,92,True,142
1.1582909304106166,0.313366,0.033333333333333326,0.9166666666666666,238,0.24503637547436896,6.0,,48,2.430123318961083,0.4816929812029894,2.4399661186759003,3.616014572552144,True,0.8833543655809374,0.7803149351909004,6,0.010312106143984368,DUC-K16,V1_02_medium:1403715584912143104:1403715585112143104,0.043548,formal_public_module_evidence,0.014126772921085773,0.04198692297494054,0.06530831970765115,0.5001389422698819,1.4327532712229358,7,0,V1_02_medium,4,OK,True,1220,1403715584912143104,6.663122841446817e-11,1403715585112143104,92,True,142
1.1486197271935727,0.104234,0.033333333333333326,0.9166666666666666,238,0.24741766848084534,6.0,,48,2.430123318961083,0.4816929812029894,2.4399661186759003,3.5950364104279404,True,0.8833543655809374,0.7803149351909004,6,0.010312106143984368,Permuted-K16,V1_02_medium:1403715584912143104:1403715585112143104,0.043548,formal_public_module_evidence,0.014126772921085773,0.04198692297494054,0.06530831970765115,0.5001389422698819,1.4327532712229358,7,0,V1_02_medium,4,OK,True,1220,1403715584912143104,6.663122841446817e-11,1403715585112143104,92,True,142
6.025145745048338,0.006583,0.07499999999999996,0.875,315,0.13423717000841687,6.0,,16,1.12328403345039,0.36638391068443066,1.0794101392780555,413.53166258590437,True,7.452125647375996,55.53417666427911,6,0.02544000577846761,Raw,V1_02_medium:1403715585412143104:1403715585612143104,0.038511,formal_public_module_evidence,0.01996605218231068,0.08309638194108071,0.07944526720703288,0.17498332139171824,0.9785201496944715,0,0,V1_02_medium,4,OK,True,1230,1403715585412143104,1.1362233627801513e-11,1403715585612143104,170,True,191
5.8175063802700935,0.001987,0.07499999999999996,0.875,315,0.16521497847189767,6.0,,16,1.12328403345039,0.36638391068443066,1.0794101392780555,336.1701895811396,True,7.452125647375996,55.53417666427911,6,0.02544000577846761,Global-DoF,V1_02_medium:1403715585412143104:1403715585612143104,0.038511,formal_public_module_evidence,0.01996605218231068,0.08309638194108071,0.07944526720703288,0.17498332139171824,0.9785201496944715,0,0,V1_02_medium,4,OK,True,1230,1403715585412143104,1.1362233627801513e-11,1403715585612143104,170,True,191
5.874184283288329,0.490541,0.07499999999999996,0.875,315,0.1561113637370194,6.0,,16,1.12328403345039,0.36638391068443066,1.0794101392780555,355.71505523149744,True,7.452125647375996,55.53417666427911,6,0.02544000577846761,DPR-Exact-Block,V1_02_medium:1403715585412143104:1403715585612143104,0.038511,formal_public_module_evidence,0.01996605218231068,0.08309638194108071,0.07944526720703288,0.17498332139171824,0.9785201496944715,0,0,V1_02_medium,4,OK,True,1230,1403715585412143104,1.1362233627801513e-11,1403715585612143104,170,True,191
5.84906248887944,0.175722,0.07499999999999996,0.875,315,0.16008283773257362,6.0,,16,1.12328403345039,0.36638391068443066,1.0794101392780555,346.9148101392834,True,7.452125647375996,55.53417666427911,6,0.02544000577846761,DUC-K16,V1_02_medium:1403715585412143104:1403715585612143104,0.038511,formal_public_module_evidence,0.01996605218231068,0.08309638194108071,0.07944526720703288,0.17498332139171824,0.9785201496944715,0,0,V1_02_medium,4,OK,True,1230,1403715585412143104,1.1362233627801513e-11,1403715585612143104,170,True,191
5.668221620642047,0.067085,0.07499999999999996,0.875,315,0.1918151763671475,6.0,,16,1.12328403345039,0.36638391068443066,1.0794101392780555,289.7058554000864,True,7.452125647375996,55.53417666427911,6,0.02544000577846761,Permuted-K16,V1_02_medium:1403715585412143104:1403715585612143104,0.038511,formal_public_module_evidence,0.01996605218231068,0.08309638194108071,0.07944526720703288,0.17498332139171824,0.9785201496944715,0,0,V1_02_medium,4,OK,True,1230,1403715585412143104,1.1362233627801513e-11,1403715585612143104,170,True,191
5.440288063040609,0.006034,0.008333333333333415,0.9583333333333334,315,0.24009719914857044,5.999999999999999,,48,1.1236245287790265,0.4899971419800022,1.0797164909100856,230.91974052392774,True,7.439385943268783,55.34446321290516,6,0.02962814688560611,Raw,V1_02_medium:1403715585412143104:1403715585612143104,0.038383,formal_public_module_evidence,0.016655371848312228,0.04470387388795514,0.06388182720508995,0.509476351176636,1.8400369670278816,3,0,V1_02_medium,4,OK,True,1230,1403715585412143104,3.588552339949246e-11,1403715585612143104,170,True,191
5.375749541903038,0.002044,0.008333333333333415,0.9583333333333334,315,0.2561036790918084,5.999999999999999,,48,1.1236245287790265,0.4899971419800022,1.0797164909100856,216.57749311389685,True,7.439385943268783,55.34446321290516,6,0.02962814688560611,Global-DoF,V1_02_medium:1403715585412143104:1403715585612143104,0.038383,formal_public_module_evidence,0.016655371848312228,0.04470387388795514,0.06388182720508995,0.509476351176636,1.8400369670278816,3,0,V1_02_medium,4,OK,True,1230,1403715585412143104,3.588552339949246e-11,1403715585612143104,170,True,191
5.362455566644053,1.246501,0.008333333333333415,0.9583333333333334,315,0.25953104625619544,5.999999999999999,,48,1.1236245287790265,0.4899971419800022,1.0797164909100856,213.73694672455665,True,7.439385943268783,55.34446321290516,6,0.02962814688560611,DPR-Exact-Block,V1_02_medium:1403715585412143104:1403715585612143104,0.038383,formal_public_module_evidence,0.016655371848312228,0.04470387388795514,0.06388182720508995,0.509476351176636,1.8400369670278816,3,0,V1_02_medium,4,OK,True,1230,1403715585412143104,3.588552339949246e-11,1403715585612143104,170,True,191
5.333257852027959,0.317469,0.008333333333333415,0.9583333333333334,315,0.26722047021604906,5.999999999999999,,48,1.1236245287790265,0.4899971419800022,1.0797164909100856,207.62981108098643,True,7.439385943268783,55.34446321290516,6,0.02962814688560611,DUC-K16,V1_02_medium:1403715585412143104:1403715585612143104,0.038383,formal_public_module_evidence,0.016655371848312228,0.04470387388795514,0.06388182720508995,0.509476351176636,1.8400369670278816,3,0,V1_02_medium,4,OK,True,1230,1403715585412143104,3.588552339949246e-11,1403715585612143104,170,True,191
5.362493357014929,0.10534,0.008333333333333415,0.9583333333333334,315,0.259521238667021,5.999999999999999,,48,1.1236245287790265,0.4899971419800022,1.0797164909100856,213.74496780552496,True,7.439385943268783,55.34446321290516,6,0.02962814688560611,Permuted-K16,V1_02_medium:1403715585412143104:1403715585612143104,0.038383,formal_public_module_evidence,0.016655371848312228,0.04470387388795514,0.06388182720508995,0.509476351176636,1.8400369670278816,3,0,V1_02_medium,4,OK,True,1230,1403715585412143104,3.588552339949246e-11,1403715585612143104,170,True,191
2.711235209802258,0.005936,0.19999999999999996,0.75,345,0.35620381094249703,6.0,,16,2.4851472020834904,0.5968281251269054,2.5401439237218724,15.853476150551856,True,2.31518940417844,5.360101977220122,6,0.0006564673519748876,Raw,V1_02_medium:1403715585912143104:1403715586112143104,0.037854,formal_public_module_evidence,0.020486062313490705,0.06642499447186123,0.08661963961541039,0.2641062144607065,0.45241720245426165,0,0,V1_02_medium,5,OK,True,1240,1403715585912143104,1.7749233873597e-10,1403715586112143104,110,True,195
2.5035958450240132,0.002016,0.11666666666666659,0.8333333333333334,345,0.43840469039076563,6.0,,16,2.4851472020834904,0.5968281251269054,2.5401439237218724,13.239643397809674,True,2.31518940417844,5.360101977220122,6,0.0006564673519748876,Global-DoF,V1_02_medium:1403715585912143104:1403715586112143104,0.037854,formal_public_module_evidence,0.020486062313490705,0.06642499447186123,0.08661963961541039,0.2641062144607065,0.45241720245426165,0,0,V1_02_medium,5,OK,True,1240,1403715585912143104,1.7749233873597e-10,1403715586112143104,110,True,195
2.5295732465755534,0.446913,0.11666666666666659,0.8333333333333334,345,0.4271627264025663,6.0,,16,2.4851472020834904,0.5968281251269054,2.5401439237218724,13.535436848222053,True,2.31518940417844,5.360101977220122,6,0.0006564673519748876,DPR-Exact-Block,V1_02_medium:1403715585912143104:1403715586112143104,0.037854,formal_public_module_evidence,0.020486062313490705,0.06642499447186123,0.08661963961541039,0.2641062144607065,0.45241720245426165,0,0,V1_02_medium,5,OK,True,1240,1403715585912143104,1.7749233873597e-10,1403715586112143104,110,True,195
2.530229929496568,0.175312,0.11666666666666659,0.8333333333333334,345,0.4268823080187024,6.0,,16,2.4851472020834904,0.5968281251269054,2.5401439237218724,13.54302302729181,True,2.31518940417844,5.360101977220122,6,0.0006564673519748876,DUC-K16,V1_02_medium:1403715585912143104:1403715586112143104,0.037854,formal_public_module_evidence,0.020486062313490705,0.06642499447186123,0.08661963961541039,0.2641062144607065,0.45241720245426165,0,0,V1_02_medium,5,OK,True,1240,1403715585912143104,1.7749233873597e-10,1403715586112143104,110,True,195
2.5039534738730835,0.075558,0.11666666666666659,0.8333333333333334,345,0.43824793225820025,6.0,,16,2.4851472020834904,0.5968281251269054,2.5401439237218724,13.243659056833929,True,2.31518940417844,5.360101977220122,6,0.0006564673519748876,Permuted-K16,V1_02_medium:1403715585912143104:1403715586112143104,0.037854,formal_public_module_evidence,0.020486062313490705,0.06642499447186123,0.08661963961541039,0.2641062144607065,0.45241720245426165,0,0,V1_02_medium,5,OK,True,1240,1403715585912143104,1.7749233873597e-10,1403715586112143104,110,True,195
1.7532650840587465,0.005975,0.11666666666666659,0.8333333333333334,345,0.7516793091824772,5.999999999999998,,48,2.4756311265698034,0.8669944112752268,2.5296483403656467,7.325854215004493,True,2.083209625917714,4.339762345516223,6,0.0200037724694917,Raw,V1_02_medium:1403715585912143104:1403715586112143104,0.038344,formal_public_module_evidence,0.0162832990362185,0.033035553933141545,0.05858465737852429,0.47694496023868826,1.0,4,0,V1_02_medium,4,OK,True,1240,1403715585912143104,4.240150124625718e-09,1403715586112143104,110,True,195
1.6887265629211752,0.001905,0.11666666666666659,0.8333333333333334,345,0.8017912631279757,5.999999999999998,,48,2.4756311265698034,0.8669944112752268,2.5296483403656467,7.029553820820905,True,2.083209625917714,4.339762345516223,6,0.0200037724694917,Global-DoF,V1_02_medium:1403715585912143104:1403715586112143104,0.038344,formal_public_module_evidence,0.0162832990362185,0.033035553933141545,0.05858465737852429,0.47694496023868826,1.0,4,0,V1_02_medium,4,OK,True,1240,1403715585912143104,4.240150124625718e-09,1403715586112143104,110,True,195
1.6883195998892693,1.253097,0.11666666666666659,0.8333333333333334,345,0.8021176289362789,5.999999999999998,,48,2.4756311265698034,0.8669944112752268,2.5296483403656467,7.02775851051999,True,2.083209625917714,4.339762345516223,6,0.0200037724694917,DPR-Exact-Block,V1_02_medium:1403715585912143104:1403715586112143104,0.038344,formal_public_module_evidence,0.0162832990362185,0.033035553933141545,0.05858465737852429,0.47694496023868826,1.0,4,0,V1_02_medium,4,OK,True,1240,1403715585912143104,4.240150124625718e-09,1403715586112143104,110,True,195
1.6685132741004272,0.313097,0.11666666666666659,0.8333333333333334,345,0.8181630074792885,5.999999999999998,,48,2.4756311265698034,0.8669944112752268,2.5296483403656467,6.941459307535495,True,2.083209625917714,4.339762345516223,6,0.0200037724694917,DUC-K16,V1_02_medium:1403715585912143104:1403715586112143104,0.038344,formal_public_module_evidence,0.0162832990362185,0.033035553933141545,0.05858465737852429,0.47694496023868826,1.0,4,0,V1_02_medium,4,OK,True,1240,1403715585912143104,4.240150124625718e-09,1403715586112143104,110,True,195
1.669323543305167,0.104464,0.11666666666666659,0.8333333333333334,345,0.8175003436941551,5.999999999999998,,48,2.4756311265698034,0.8669944112752268,2.5296483403656467,6.944948671463341,True,2.083209625917714,4.339762345516223,6,0.0200037724694917,Permuted-K16,V1_02_medium:1403715585912143104:1403715586112143104,0.038344,formal_public_module_evidence,0.0162832990362185,0.033035553933141545,0.05858465737852429,0.47694496023868826,1.0,4,0,V1_02_medium,4,OK,True,1240,1403715585912143104,4.240150124625718e-09,1403715586112143104,110,True,195
0.29636607403775755,0.006067,0.033333333333333326,0.9166666666666666,369,0.039760310611064636,6.0,,16,2.470328698295178,0.19939987615609153,1.9257404474035222,-0.0420465961170593,True,0.23124905119963796,0.05347612368073278,6,0.011049772535695501,Raw,V1_02_medium:1403715586412143104:1403715586612143104,0.039388,formal_public_module_evidence,0.018180240423096405,0.07014743649909819,0.08887381293809835,0.18660690572441585,0.6898604841321185,0,0,V1_02_medium,9,OK,True,1250,1403715586412143104,2.939505885398906e-08,1403715586612143104,205,True,249
0.08872670925951302,0.001943,0.033333333333333326,0.9166666666666666,369,0.04893576690592571,6.0,,16,2.470328698295178,0.19939987615609153,1.9257404474035222,-0.08658768556663239,True,0.23124905119963796,0.05347612368073278,6,0.011049772535695501,Global-DoF,V1_02_medium:1403715586412143104:1403715586612143104,0.039388,formal_public_module_evidence,0.018180240423096405,0.07014743649909819,0.08887381293809835,0.18660690572441585,0.6898604841321185,0,0,V1_02_medium,9,OK,True,1250,1403715586412143104,2.939505885398906e-08,1403715586612143104,205,True,249
0.06634426652598883,0.451849,0.033333333333333326,0.9166666666666666,369,0.0500434186404266,6.0,,16,2.470328698295178,0.19939987615609153,1.9257404474035222,-0.08839267597668905,True,0.23124905119963796,0.05347612368073278,6,0.011049772535695501,DPR-Exact-Block,V1_02_medium:1403715586412143104:1403715586612143104,0.039388,formal_public_module_evidence,0.018180240423096405,0.07014743649909819,0.08887381293809835,0.18660690572441585,0.6898604841321185,0,0,V1_02_medium,9,OK,True,1250,1403715586412143104,2.939505885398906e-08,1403715586612143104,205,True,249
0.055355096704706785,0.175774,0.033333333333333326,0.9166666666666666,369,0.0505963870333119,6.0,,16,2.470328698295178,0.19939987615609153,1.9257404474035222,-0.08908218594678789,True,0.23124905119963796,0.05347612368073278,6,0.011049772535695501,DUC-K16,V1_02_medium:1403715586412143104:1403715586612143104,0.039388,formal_public_module_evidence,0.018180240423096405,0.07014743649909819,0.08887381293809835,0.18660690572441585,0.6898604841321185,0,0,V1_02_medium,9,OK,True,1250,1403715586412143104,2.939505885398906e-08,1403715586612143104,205,True,249
0.08319698450969787,0.068062,0.033333333333333326,0.9166666666666666,369,0.04920711778372537,6.0,,16,2.470328698295178,0.19939987615609153,1.9257404474035222,-0.08708406760183,True,0.23124905119963796,0.05347612368073278,6,0.011049772535695501,Permuted-K16,V1_02_medium:1403715586412143104:1403715586612143104,0.039388,formal_public_module_evidence,0.018180240423096405,0.07014743649909819,0.08887381293809835,0.18660690572441585,0.6898604841321185,0,0,V1_02_medium,9,OK,True,1250,1403715586412143104,2.939505885398906e-08,1403715586612143104,205,True,249
0.3770744108341765,0.006381,0.008333333333333415,0.9583333333333334,369,0.06507952438800216,5.999999999999998,,48,2.3632598935896034,0.25510688816259386,1.9227594994897979,-0.20840320215402883,True,0.21127179260553514,0.04463577035075625,6,0.008980646375858381,Raw,V1_02_medium:1403715586412143104:1403715586612143104,0.038153,formal_public_module_evidence,0.013900234662328648,0.04343605932172488,0.06360131665377994,0.5060315405773255,1.3780990187579942,3,0,V1_02_medium,7,OK,True,1250,1403715586412143104,7.2055578837779234e-09,1403715586612143104,205,True,249
0.44161293197174756,0.001973,0.008333333333333415,0.9583333333333334,369,0.0694181593472023,5.999999999999998,,48,2.3632598935896034,0.25510688816259386,1.9227594994897979,-0.18673124577943825,True,0.21127179260553514,0.04463577035075625,6,0.008980646375858381,Global-DoF,V1_02_medium:1403715586412143104:1403715586612143104,0.038153,formal_public_module_evidence,0.013900234662328648,0.04343605932172488,0.06360131665377994,0.5060315405773255,1.3780990187579942,3,0,V1_02_medium,7,OK,True,1250,1403715586412143104,7.2055578837779234e-09,1403715586612143104,205,True,249
0.45712086391061313,1.292294,0.008333333333333415,0.9583333333333334,369,0.07050308214895619,5.999999999999998,,48,2.3632598935896034,0.25510688816259386,1.9227594994897979,-0.1811179692499545,True,0.21127179260553514,0.04463577035075625,6,0.008980646375858381,DPR-Exact-Block,V1_02_medium:1403715586412143104:1403715586612143104,0.038153,formal_public_module_evidence,0.013900234662328648,0.04343605932172488,0.06360131665377994,0.5060315405773255,1.3780990187579942,3,0,V1_02_medium,7,OK,True,1250,1403715586412143104,7.2055578837779234e-09,1403715586612143104,205,True,249
0.4480996484564074,0.315728,0.008333333333333415,0.9583333333333334,369,0.06986991889976832,5.999999999999998,,48,2.3632598935896034,0.25510688816259386,1.9227594994897979,-0.18440197940112826,True,0.21127179260553514,0.04463577035075625,6,0.008980646375858381,DUC-K16,V1_02_medium:1403715586412143104:1403715586612143104,0.038153,formal_public_module_evidence,0.013900234662328648,0.04343605932172488,0.06360131665377994,0.5060315405773255,1.3780990187579942,3,0,V1_02_medium,7,OK,True,1250,1403715586412143104,7.2055578837779234e-09,1403715586612143104,205,True,249
0.46887538737052253,0.105492,0.008333333333333415,0.9583333333333334,369,0.0713367020862921,5.999999999999998,,48,2.3632598935896034,0.25510688816259386,1.9227594994897979,-0.1767617127131793,True,0.21127179260553514,0.04463577035075625,6,0.008980646375858381,Permuted-K16,V1_02_medium:1403715586412143104:1403715586612143104,0.038153,formal_public_module_evidence,0.013900234662328648,0.04343605932172488,0.06360131665377994,0.5060315405773255,1.3780990187579942,3,0,V1_02_medium,7,OK,True,1250,1403715586412143104,7.2055578837779234e-09,1403715586612143104,205,True,249
0.19053174591401578,0.006104,0.033333333333333326,0.9166666666666666,362,0.09261118293362272,6.000000000000001,,16,2.5543582379250283,0.30432085523937186,2.505491840886551,0.2850512065045513,True,0.2766675809415912,0.07654495034407194,6,0.08516804233939745,Raw,V1_02_medium:1403715586912143104:1403715587112143104,0.038088,formal_public_module_evidence,0.02666795900650676,0.11109262038217316,0.09834628732459774,0.2451920322779505,0.5380012234216434,0,0,V1_02_medium,4,OK,True,1260,1403715586912143104,2.0344180424627018e-10,1403715587112143104,215,True,228
0.39817111069225997,0.001919,0.008333333333333415,0.9583333333333334,362,0.11398299437984331,6.000000000000001,,16,2.5543582379250283,0.30432085523937186,2.505491840886551,0.33771816152748424,True,0.2766675809415912,0.07654495034407194,6,0.08516804233939745,Global-DoF,V1_02_medium:1403715586912143104:1403715587112143104,0.038088,formal_public_module_evidence,0.02666795900650676,0.11109262038217316,0.09834628732459774,0.2451920322779505,0.5380012234216434,0,0,V1_02_medium,4,OK,True,1260,1403715586912143104,2.0344180424627018e-10,1403715587112143104,215,True,228
0.35720089309186165,0.491256,0.008333333333333415,0.9583333333333334,362,0.10940745669252322,6.000000000000001,,16,2.5543582379250283,0.30432085523937186,2.505491840886551,0.3248327673811196,True,0.2766675809415912,0.07654495034407194,6,0.08516804233939745,DPR-Exact-Block,V1_02_medium:1403715586912143104:1403715587112143104,0.038088,formal_public_module_evidence,0.02666795900650676,0.11109262038217316,0.09834628732459774,0.2451920322779505,0.5380012234216434,0,0,V1_02_medium,4,OK,True,1260,1403715586912143104,2.0344180424627018e-10,1403715587112143104,215,True,228
0.4389357458241302,0.175851,0.050000000000000044,1.0,362,0.11872547559635782,6.000000000000001,,16,2.5543582379250283,0.30432085523937186,2.505491840886551,0.35165789211250936,True,0.2766675809415912,0.07654495034407194,6,0.08516804233939745,DUC-K16,V1_02_medium:1403715586912143104:1403715587112143104,0.038088,formal_public_module_evidence,0.02666795900650676,0.11109262038217316,0.09834628732459774,0.2451920322779505,0.5380012234216434,0,0,V1_02_medium,4,OK,True,1260,1403715586912143104,2.0344180424627018e-10,1403715587112143104,215,True,228
0.38781756952798596,0.0672,0.008333333333333415,0.9583333333333334,362,0.11280895497581057,6.000000000000001,,16,2.5543582379250283,0.30432085523937186,2.505491840886551,0.33435362906139826,True,0.2766675809415912,0.07654495034407194,6,0.08516804233939745,Permuted-K16,V1_02_medium:1403715586912143104:1403715587112143104,0.038088,formal_public_module_evidence,0.02666795900650676,0.11109262038217316,0.09834628732459774,0.2451920322779505,0.5380012234216434,0,0,V1_02_medium,4,OK,True,1260,1403715586912143104,2.0344180424627018e-10,1403715587112143104,215,True,228
0.9178886440123727,0.006466,0.050000000000000044,1.0,362,0.27144532782352054,6.0,,48,2.5349273206024656,0.5210041533649425,2.5018449623227554,0.933243881245074,True,0.3292487985694995,0.10840477135945885,6,0.013144688213346578,Raw,V1_02_medium:1403715586912143104:1403715587112143104,0.038064,formal_public_module_evidence,0.01799470336669695,0.03643386819439315,0.06466883288283043,0.5271274288851145,1.0935227399623426,5,0,V1_02_medium,4,OK,True,1260,1403715586912143104,9.261495814671186e-10,1403715587112143104,215,True,228
0.9824271651499437,0.001985,0.050000000000000044,1.0,362,0.2895416830117552,6.0,,48,2.5349273206024656,0.5210041533649425,2.5018449623227554,0.9728223182865537,True,0.3292487985694995,0.10840477135945885,6,0.013144688213346578,Global-DoF,V1_02_medium:1403715586912143104:1403715587112143104,0.038064,formal_public_module_evidence,0.01799470336669695,0.03643386819439315,0.06466883288283043,0.5271274288851145,1.0935227399623426,5,0,V1_02_medium,4,OK,True,1260,1403715586912143104,9.261495814671186e-10,1403715587112143104,215,True,228
1.0350225488303708,1.285228,0.050000000000000044,1.0,362,0.3051778291509328,6.0,,48,2.5349273206024656,0.5210041533649425,2.5018449623227554,1.0062348116014608,True,0.3292487985694995,0.10840477135945885,6,0.013144688213346578,DPR-Exact-Block,V1_02_medium:1403715586912143104:1403715587112143104,0.038064,formal_public_module_evidence,0.01799470336669695,0.03643386819439315,0.06466883288283043,0.5271274288851145,1.0935227399623426,5,0,V1_02_medium,4,OK,True,1260,1403715586912143104,9.261495814671186e-10,1403715587112143104,215,True,228
1.0480815953025637,0.318493,0.050000000000000044,1.0,362,0.30918929656474775,6.0,,48,2.5349273206024656,0.5210041533649425,2.5018449623227554,1.0146852026764872,True,0.3292487985694995,0.10840477135945885,6,0.013144688213346578,DUC-K16,V1_02_medium:1403715586912143104:1403715587112143104,0.038064,formal_public_module_evidence,0.01799470336669695,0.03643386819439315,0.06466883288283043,0.5271274288851145,1.0935227399623426,5,0,V1_02_medium,4,OK,True,1260,1403715586912143104,9.261495814671186e-10,1403715587112143104,215,True,228
0.9746446529630999,0.104293,0.050000000000000044,1.0,362,0.28729706703991403,6.0,,48,2.5349273206024656,0.5210041533649425,2.5018449623227554,0.9679649562238216,True,0.3292487985694995,0.10840477135945885,6,0.013144688213346578,Permuted-K16,V1_02_medium:1403715586912143104:1403715587112143104,0.038064,formal_public_module_evidence,0.01799470336669695,0.03643386819439315,0.06466883288283043,0.5271274288851145,1.0935227399623426,5,0,V1_02_medium,4,OK,True,1260,1403715586912143104,9.261495814671186e-10,1403715587112143104,215,True,228
0.42300616767958027,0.006286,0.07499999999999996,0.875,381,0.11295475778613488,6.0,,16,2.6918413649243633,0.33608742580783185,2.7070811638397654,1.18365286356452,True,0.4152473662109649,0.17243037514514323,6,0.13232601687544343,Raw,V1_02_medium:1403715587412143104:1403715587612143104,0.038102,formal_public_module_evidence,0.04029635478089216,0.07991295170009821,0.14062452836846542,0.38315564749220754,0.9419673921599568,1,0,V1_02_medium,4,OK,True,1270,1403715587412143104,1.6651864214408056e-10,1403715587612143104,233,True,260
0.2153668029013358,0.001941,0.07499999999999996,0.875,381,0.139021240352166,6.0,,16,2.6918413649243633,0.33608742580783185,2.7070811638397654,1.105065282498409,True,0.4152473662109649,0.17243037514514323,6,0.13232601687544343,Global-DoF,V1_02_medium:1403715587412143104:1403715587612143104,0.038102,formal_public_module_evidence,0.04029635478089216,0.07991295170009821,0.14062452836846542,0.38315564749220754,0.9419673921599568,1,0,V1_02_medium,4,OK,True,1270,1403715587412143104,1.6651864214408056e-10,1403715587612143104,233,True,260
0.11429660995473116,0.487361,0.07499999999999996,0.875,381,0.15380674668043925,6.0,,16,2.6918413649243633,0.33608742580783185,2.7070811638397654,1.0869033105459918,True,0.4152473662109649,0.17243037514514323,6,0.13232601687544343,DPR-Exact-Block,V1_02_medium:1403715587412143104:1403715587612143104,0.038102,formal_public_module_evidence,0.04029635478089216,0.07991295170009821,0.14062452836846542,0.38315564749220754,0.9419673921599568,1,0,V1_02_medium,4,OK,True,1270,1403715587412143104,1.6651864214408056e-10,1403715587612143104,233,True,260
0.2562358403087883,0.182706,0.07499999999999996,0.875,381,0.1334541125236464,6.0,,16,2.6918413649243633,0.33608742580783185,2.7070811638397654,1.1159368909942422,True,0.4152473662109649,0.17243037514514323,6,0.13232601687544343,DUC-K16,V1_02_medium:1403715587412143104:1403715587612143104,0.038102,formal_public_module_evidence,0.04029635478089216,0.07991295170009821,0.14062452836846542,0.38315564749220754,0.9419673921599568,1,0,V1_02_medium,4,OK,True,1270,1403715587412143104,1.6651864214408056e-10,1403715587612143104,233,True,260
0.2541454180385258,0.06824,0.07499999999999996,0.875,381,0.1337333797640566,6.0,,16,2.6918413649243633,0.33608742580783185,2.7070811638397654,1.1153291887699168,True,0.4152473662109649,0.17243037514514323,6,0.13232601687544343,Permuted-K16,V1_02_medium:1403715587412143104:1403715587612143104,0.038102,formal_public_module_evidence,0.04029635478089216,0.07991295170009821,0.14062452836846542,0.38315564749220754,0.9419673921599568,1,0,V1_02_medium,4,OK,True,1270,1403715587412143104,1.6651864214408056e-10,1403715587612143104,233,True,260
0.3249397199685119,0.006497,0.07499999999999996,0.875,381,0.12973883311318193,6.0,,48,2.572754456523299,0.3601927721556638,2.7080173144390645,1.1795924602154881,True,0.42373540953552136,0.179551697294236,6,0.011717239978136451,Raw,V1_02_medium:1403715587412143104:1403715587612143104,0.038217,formal_public_module_evidence,0.01259843382469955,0.03766891264162201,0.054220587734801685,0.4305155936975317,1.0955771067838522,3,0,V1_02_medium,4,OK,True,1270,1403715587412143104,2.31909870025706e-10,1403715587612143104,233,True,260
0.2604011988309409,0.001914,0.07499999999999996,0.875,381,0.13838808865406071,6.0,,48,2.572754456523299,0.3601927721556638,2.7080173144390645,1.1576342801602875,True,0.42373540953552136,0.179551697294236,6,0.011717239978136451,Global-DoF,V1_02_medium:1403715587412143104:1403715587612143104,0.038217,formal_public_module_evidence,0.01259843382469955,0.03766891264162201,0.054220587734801685,0.4305155936975317,1.0955771067838522,3,0,V1_02_medium,4,OK,True,1270,1403715587412143104,2.31909870025706e-10,1403715587612143104,233,True,260
0.26049048788299795,1.283557,0.07499999999999996,0.875,381,0.1383757326644443,6.0,,48,2.572754456523299,0.3601927721556638,2.7080173144390645,1.157660844407203,True,0.42373540953552136,0.179551697294236,6,0.011717239978136451,DPR-Exact-Block,V1_02_medium:1403715587412143104:1403715587612143104,0.038217,formal_public_module_evidence,0.01259843382469955,0.03766891264162201,0.054220587734801685,0.4305155936975317,1.0955771067838522,3,0,V1_02_medium,4,OK,True,1270,1403715587412143104,2.31909870025706e-10,1403715587612143104,233,True,260
0.2488413631953994,0.312278,0.07499999999999996,0.875,381,0.13999711433122405,6.0,,48,2.572754456523299,0.3601927721556638,2.7080173144390645,1.1542821570164703,True,0.42373540953552136,0.179551697294236,6,0.011717239978136451,DUC-K16,V1_02_medium:1403715587412143104:1403715587612143104,0.038217,formal_public_module_evidence,0.01259843382469955,0.03766891264162201,0.054220587734801685,0.4305155936975317,1.0955771067838522,3,0,V1_02_medium,4,OK,True,1270,1403715587412143104,2.31909870025706e-10,1403715587612143104,233,True,260
0.263968471105908,0.10307,0.07499999999999996,0.875,381,0.13789530014019963,6.0,,48,2.572754456523299,0.3601927721556638,2.7080173144390645,1.1587036322798436,True,0.42373540953552136,0.179551697294236,6,0.011717239978136451,Permuted-K16,V1_02_medium:1403715587412143104:1403715587612143104,0.038217,formal_public_module_evidence,0.01259843382469955,0.03766891264162201,0.054220587734801685,0.4305155936975317,1.0955771067838522,3,0,V1_02_medium,4,OK,True,1270,1403715587412143104,2.31909870025706e-10,1403715587612143104,233,True,260
5.54737104868318,0.006492,0.033333333333333326,0.9166666666666666,298,1.0630087622739857,6.0,,16,1.4005941700358453,1.0310231628212752,1.4494840814979042,258.4611594585628,True,16.514473785080437,272.727844398109,6,0.03425166520700251,Raw,V1_02_medium:1403715587912143104:1403715588112143104,0.037873,formal_public_module_evidence,0.029047718205954642,0.05531627064931713,0.09190193674361677,0.24897438889189774,0.935515495273346,1,0,V1_02_medium,4,OK,True,1280,1403715587912143104,1.3963635961505318e-09,1403715588112143104,109,True,215
5.339731683904936,0.001997,0.033333333333333326,0.9166666666666666,298,1.3083184766449054,6.0,,16,1.4005941700358453,1.0310231628212752,1.4494840814979042,210.56339025149225,True,16.514473785080437,272.727844398109,6,0.03425166520700251,Global-DoF,V1_02_medium:1403715587912143104:1403715588112143104,0.037873,formal_public_module_evidence,0.029047718205954642,0.05531627064931713,0.09190193674361677,0.24897438889189774,0.935515495273346,1,0,V1_02_medium,4,OK,True,1280,1403715587912143104,1.3963635961505318e-09,1403715588112143104,109,True,215
5.420943732612239,0.449061,0.033333333333333326,0.9166666666666666,298,1.2062672310337372,6.0,,16,1.4005941700358453,1.0310231628212752,1.4494840814979042,228.11780034028752,True,16.514473785080437,272.727844398109,6,0.03425166520700251,DPR-Exact-Block,V1_02_medium:1403715587912143104:1403715588112143104,0.037873,formal_public_module_evidence,0.029047718205954642,0.05531627064931713,0.09190193674361677,0.24897438889189774,0.935515495273346,1,0,V1_02_medium,4,OK,True,1280,1403715587912143104,1.3963635961505318e-09,1403715588112143104,109,True,215
5.455795734312482,0.17617,0.033333333333333326,0.9166666666666666,298,1.1649505696861917,6.0,,16,1.4005941700358453,1.0310231628212752,1.4494840814979042,236.1016429184507,True,16.514473785080437,272.727844398109,6,0.03425166520700251,DUC-K16,V1_02_medium:1403715587912143104:1403715588112143104,0.037873,formal_public_module_evidence,0.029047718205954642,0.05531627064931713,0.09190193674361677,0.24897438889189774,0.935515495273346,1,0,V1_02_medium,4,OK,True,1280,1403715587912143104,1.3963635961505318e-09,1403715588112143104,109,True,215
5.394134685195841,0.068764,0.033333333333333326,0.9166666666666666,298,1.2390434935454506,6.0,,16,1.4005941700358453,1.0310231628212752,1.4494840814979042,222.1638156134168,True,16.514473785080437,272.727844398109,6,0.03425166520700251,Permuted-K16,V1_02_medium:1403715587912143104:1403715588112143104,0.037873,formal_public_module_evidence,0.029047718205954642,0.05531627064931713,0.09190193674361677,0.24897438889189774,0.935515495273346,1,0,V1_02_medium,4,OK,True,1280,1403715587912143104,1.3963635961505318e-09,1403715588112143104,109,True,215
3.6412783453315445,0.006719,0.008333333333333415,0.9583333333333334,298,7.087048882641043,6.0,,48,1.4133460393691448,2.662151175767643,1.4621597239342845,41.93670846824276,True,16.440925461497578,270.30403003051936,6,0.040783169153181476,Raw,V1_02_medium:1403715587912143104:1403715588112143104,0.03913,formal_public_module_evidence,0.011412461257489626,0.0365404525057399,0.04999472869113841,0.6252723776202656,1.0383414480164652,8,0,V1_02_medium,4,OK,True,1280,1403715587912143104,5.7228973304374536e-11,1403715588112143104,109,True,215
3.576739824193974,0.001991,0.008333333333333415,0.9583333333333334,298,7.559518808150442,6.0,,48,1.4133460393691448,2.662151175767643,1.4621597239342845,39.61746184034781,True,16.440925461497578,270.30403003051936,6,0.040783169153181476,Global-DoF,V1_02_medium:1403715587912143104:1403715588112143104,0.03913,formal_public_module_evidence,0.011412461257489626,0.0365404525057399,0.04999472869113841,0.6252723776202656,1.0383414480164652,8,0,V1_02_medium,4,OK,True,1280,1403715587912143104,5.7228973304374536e-11,1403715588112143104,109,True,215
3.590633112198626,1.282806,0.008333333333333415,0.9583333333333334,298,7.45521845131631,6.0,,48,1.4133460393691448,2.662151175767643,1.4621597239342845,40.10381474221054,True,16.440925461497578,270.30403003051936,6,0.040783169153181476,DPR-Exact-Block,V1_02_medium:1403715587912143104:1403715588112143104,0.03913,formal_public_module_evidence,0.011412461257489626,0.0365404525057399,0.04999472869113841,0.6252723776202656,1.0383414480164652,8,0,V1_02_medium,4,OK,True,1280,1403715587912143104,5.7228973304374536e-11,1403715588112143104,109,True,215
3.6322712408670026,0.317861,0.008333333333333415,0.9583333333333334,298,7.151171016142357,6.0,,48,1.4133460393691448,2.662151175767643,1.4621597239342845,41.60372204080675,True,16.440925461497578,270.30403003051936,6,0.040783169153181476,DUC-K16,V1_02_medium:1403715587912143104:1403715588112143104,0.03913,formal_public_module_evidence,0.011412461257489626,0.0365404525057399,0.04999472869113841,0.6252723776202656,1.0383414480164652,8,0,V1_02_medium,4,OK,True,1280,1403715587912143104,5.7228973304374536e-11,1403715588112143104,109,True,215
3.6092250370844776,0.106521,0.008333333333333415,0.9583333333333334,298,7.317892125883716,6.0,,48,1.4133460393691448,2.662151175767643,1.4621597239342845,40.76561598416524,True,16.440925461497578,270.30403003051936,6,0.040783169153181476,Permuted-K16,V1_02_medium:1403715587912143104:1403715588112143104,0.03913,formal_public_module_evidence,0.011412461257489626,0.0365404525057399,0.04999472869113841,0.6252723776202656,1.0383414480164652,8,0,V1_02_medium,4,OK,True,1280,1403715587912143104,5.7228973304374536e-11,1403715588112143104,109,True,215
0.7016841538915325,0.006263,0.07499999999999996,0.875,221,1.4708342268358177,5.999999999999998,,16,1.9996096157923058,1.2127795458515194,2.0222807222979413,4.24085384189242,True,1.7224659354462772,2.966888898772819,6,0.034390166434242087,Raw,V1_02_medium:1403715588412143104:1403715588612143104,0.03841,formal_public_module_evidence,0.02859939574893966,0.07134528972238571,0.09330378449352045,0.3141809902201494,0.711032428285157,0,0,V1_02_medium,4,OK,True,1290,1403715588412143104,2.3119943520936493e-09,1403715588612143104,121,True,191
0.494044789113288,0.002016,0.07499999999999996,0.875,221,1.8102575099517755,5.999999999999998,,16,1.9996096157923058,1.2127795458515194,2.0222807222979413,4.070278137718507,True,1.7224659354462772,2.966888898772819,6,0.034390166434242087,Global-DoF,V1_02_medium:1403715588412143104:1403715588612143104,0.03841,formal_public_module_evidence,0.02859939574893966,0.07134528972238571,0.09330378449352045,0.3141809902201494,0.711032428285157,0,0,V1_02_medium,4,OK,True,1290,1403715588412143104,2.3119943520936493e-09,1403715588612143104,121,True,191
0.5517049092935398,0.454003,0.07499999999999996,0.875,221,1.7088301022908239,5.999999999999998,,16,1.9996096157923058,1.2127795458515194,2.0222807222979413,4.10989662959358,True,1.7224659354462772,2.966888898772819,6,0.034390166434242087,DPR-Exact-Block,V1_02_medium:1403715588412143104:1403715588612143104,0.03841,formal_public_module_evidence,0.02859939574893966,0.07134528972238571,0.09330378449352045,0.3141809902201494,0.711032428285157,0,0,V1_02_medium,4,OK,True,1290,1403715588412143104,2.3119943520936493e-09,1403715588612143104,121,True,191
0.5867003346525804,0.17589,0.07499999999999996,0.875,221,1.6500631506651995,5.999999999999998,,16,1.9996096157923058,1.2127795458515194,2.0222807222979413,4.136736293988268,True,1.7224659354462772,2.966888898772819,6,0.034390166434242087,DUC-K16,V1_02_medium:1403715588412143104:1403715588612143104,0.03841,formal_public_module_evidence,0.02859939574893966,0.07134528972238571,0.09330378449352045,0.3141809902201494,0.711032428285157,0,0,V1_02_medium,4,OK,True,1290,1403715588412143104,2.3119943520936493e-09,1403715588612143104,121,True,191
0.4288950761340355,0.068763,0.07499999999999996,0.875,221,1.9321218802750832,5.999999999999998,,16,1.9996096157923058,1.2127795458515194,2.0222807222979413,4.032055794300877,True,1.7224659354462772,2.966888898772819,6,0.034390166434242087,Permuted-K16,V1_02_medium:1403715588412143104:1403715588612143104,0.03841,formal_public_module_evidence,0.02859939574893966,0.07134528972238571,0.09330378449352045,0.3141809902201494,0.711032428285157,0,0,V1_02_medium,4,OK,True,1290,1403715588412143104,2.3119943520936493e-09,1403715588612143104,121,True,191
0.02868960943304529,0.006187,0.07499999999999996,0.875,221,2.751563105564475,6.000000000000001,,48,2.0133395473883886,1.658783622286064,2.0360964374679127,3.8791513390070804,True,1.6827500352017477,2.8316476809714834,6,0.009927301815541356,Raw,V1_02_medium:1403715588412143104:1403715588612143104,0.038966,formal_public_module_evidence,0.014699246978815639,0.0445459702817895,0.06819806072853611,0.7399036589620388,1.3440498685363043,6,0,V1_02_medium,4,OK,True,1290,1403715588412143104,9.685645672798396e-10,1403715588612143104,121,True,191
0.03584891170452612,0.002008,0.07499999999999996,0.875,221,2.9350006459354403,6.000000000000001,,48,2.0133395473883886,1.658783622286064,2.0360964374679127,3.879370790121211,True,1.6827500352017477,2.8316476809714834,6,0.009927301815541356,Global-DoF,V1_02_medium:1403715588412143104:1403715588612143104,0.038966,formal_public_module_evidence,0.014699246978815639,0.0445459702817895,0.06819806072853611,0.7399036589620388,1.3440498685363043,6,0,V1_02_medium,4,OK,True,1290,1403715588412143104,9.685645672798396e-10,1403715588612143104,121,True,191
0.037795295269971975,1.279982,0.07499999999999996,0.875,221,2.940718846057393,6.000000000000001,,48,2.0133395473883886,1.658783622286064,2.0360964374679127,3.8794411562910542,True,1.6827500352017477,2.8316476809714834,6,0.009927301815541356,DPR-Exact-Block,V1_02_medium:1403715588412143104:1403715588612143104,0.038966,formal_public_module_evidence,0.014699246978815639,0.0445459702817895,0.06819806072853611,0.7399036589620388,1.3440498685363043,6,0,V1_02_medium,4,OK,True,1290,1403715588412143104,9.685645672798396e-10,1403715588612143104,121,True,191
0.02781838922999003,0.315713,0.07499999999999996,0.875,221,2.911525442517931,6.000000000000001,,48,2.0133395473883886,1.658783622286064,2.0360964374679127,3.8791191963332103,True,1.6827500352017477,2.8316476809714834,6,0.009927301815541356,DUC-K16,V1_02_medium:1403715588412143104:1403715588612143104,0.038966,formal_public_module_evidence,0.014699246978815639,0.0445459702817895,0.06819806072853611,0.7399036589620388,1.3440498685363043,6,0,V1_02_medium,4,OK,True,1290,1403715588412143104,9.685645672798396e-10,1403715588612143104,121,True,191
0.005819199221738289,0.105772,0.07499999999999996,0.875,221,2.8481736402425306,6.000000000000001,,48,2.0133395473883886,1.658783622286064,2.0360964374679127,3.87875272680992,True,1.6827500352017477,2.8316476809714834,6,0.009927301815541356,Permuted-K16,V1_02_medium:1403715588412143104:1403715588612143104,0.038966,formal_public_module_evidence,0.014699246978815639,0.0445459702817895,0.06819806072853611,0.7399036589620388,1.3440498685363043,6,0,V1_02_medium,4,OK,True,1290,1403715588412143104,9.685645672798396e-10,1403715588612143104,121,True,191
,,,,480,,,INSUFFICIENT_TRACKS,16,,,,,,,,,,Raw,V1_02_medium:1403715588912143104:1403715589112143104,,formal_public_module_evidence,,,,,,,,V1_02_medium,,,,1300,1403715588912143104,,1403715589112143104,34,False,416
,,,,480,,,INSUFFICIENT_TRACKS,16,,,,,,,,,,Global-DoF,V1_02_medium:1403715588912143104:1403715589112143104,,formal_public_module_evidence,,,,,,,,V1_02_medium,,,,1300,1403715588912143104,,1403715589112143104,34,False,416
,,,,480,,,INSUFFICIENT_TRACKS,16,,,,,,,,,,DPR-Exact-Block,V1_02_medium:1403715588912143104:1403715589112143104,,formal_public_module_evidence,,,,,,,,V1_02_medium,,,,1300,1403715588912143104,,1403715589112143104,34,False,416
,,,,480,,,INSUFFICIENT_TRACKS,16,,,,,,,,,,DUC-K16,V1_02_medium:1403715588912143104:1403715589112143104,,formal_public_module_evidence,,,,,,,,V1_02_medium,,,,1300,1403715588912143104,,1403715589112143104,34,False,416
,,,,480,,,INSUFFICIENT_TRACKS,16,,,,,,,,,,Permuted-K16,V1_02_medium:1403715588912143104:1403715589112143104,,formal_public_module_evidence,,,,,,,,V1_02_medium,,,,1300,1403715588912143104,,1403715589112143104,34,False,416
,,,,480,,,INSUFFICIENT_TRACKS,48,,,,,,,,,,Raw,V1_02_medium:1403715588912143104:1403715589112143104,,formal_public_module_evidence,,,,,,,,V1_02_medium,,,,1300,1403715588912143104,,1403715589112143104,34,False,416
,,,,480,,,INSUFFICIENT_TRACKS,48,,,,,,,,,,Global-DoF,V1_02_medium:1403715588912143104:1403715589112143104,,formal_public_module_evidence,,,,,,,,V1_02_medium,,,,1300,1403715588912143104,,1403715589112143104,34,False,416
,,,,480,,,INSUFFICIENT_TRACKS,48,,,,,,,,,,DPR-Exact-Block,V1_02_medium:1403715588912143104:1403715589112143104,,formal_public_module_evidence,,,,,,,,V1_02_medium,,,,1300,1403715588912143104,,1403715589112143104,34,False,416
,,,,480,,,INSUFFICIENT_TRACKS,48,,,,,,,,,,DUC-K16,V1_02_medium:1403715588912143104:1403715589112143104,,formal_public_module_evidence,,,,,,,,V1_02_medium,,,,1300,1403715588912143104,,1403715589112143104,34,False,416
,,,,480,,,INSUFFICIENT_TRACKS,48,,,,,,,,,,Permuted-K16,V1_02_medium:1403715588912143104:1403715589112143104,,formal_public_module_evidence,,,,,,,,V1_02_medium,,,,1300,1403715588912143104,,1403715589112143104,34,False,416
0.3562679777092538,0.006575,0.033333333333333326,0.9166666666666666,639,1.904474888238422,6.0,,16,1.7608745821913612,1.380027133152976,1.2582379716636376,3.182368322107133,True,1.1548485061057396,1.3336750720546586,6,0.048132648174390225,Raw,V1_02_medium:1403715589412143104:1403715589612143104,0.039226,formal_public_module_evidence,0.021983787321174342,0.04346259924916515,0.07254533430441525,0.2022271313677823,0.785326616397624,0,0,V1_02_medium,4,OK,True,1310,1403715589412143104,1.325330035440356e-10,1403715589612143104,351,True,548
0.5639073424874983,0.002069,0.008333333333333415,0.9583333333333334,639,2.3439690932165194,6.0,,16,1.7608745821913612,1.380027133152976,1.2582379716636376,3.2587042616973725,True,1.1548485061057396,1.3336750720546586,6,0.048132648174390225,Global-DoF,V1_02_medium:1403715589412143104:1403715589612143104,0.039226,formal_public_module_evidence,0.021983787321174342,0.04346259924916515,0.07254533430441525,0.2022271313677823,0.785326616397624,0,0,V1_02_medium,4,OK,True,1310,1403715589412143104,1.325330035440356e-10,1403715589612143104,351,True,548
0.48027904558789025,0.491061,0.008333333333333415,0.9583333333333334,639,2.1559196607303814,6.0,,16,1.7608745821913612,1.380027133152976,1.2582379716636376,3.2247052027695275,True,1.1548485061057396,1.3336750720546586,6,0.048132648174390225,DPR-Exact-Block,V1_02_medium:1403715589412143104:1403715589612143104,0.039226,formal_public_module_evidence,0.021983787321174342,0.04346259924916515,0.07254533430441525,0.2022271313677823,0.785326616397624,0,0,V1_02_medium,4,OK,True,1310,1403715589412143104,1.325330035440356e-10,1403715589612143104,351,True,548
0.527289196162581,0.180001,0.008333333333333415,0.9583333333333334,639,2.2596897832525675,6.0,,16,1.7608745821913612,1.380027133152976,1.2582379716636376,3.2433073331381164,True,1.1548485061057396,1.3336750720546586,6,0.048132648174390225,DUC-K16,V1_02_medium:1403715589412143104:1403715589612143104,0.039226,formal_public_module_evidence,0.021983787321174342,0.04346259924916515,0.07254533430441525,0.2022271313677823,0.785326616397624,0,0,V1_02_medium,4,OK,True,1310,1403715589412143104,1.325330035440356e-10,1403715589612143104,351,True,548
0.9598436799547223,0.068887,0.050000000000000044,1.0,639,3.482610038065968,6.0,,16,1.7608745821913612,1.380027133152976,1.2582379716636376,3.4686118345033776,True,1.1548485061057396,1.3336750720546586,6,0.048132648174390225,Permuted-K16,V1_02_medium:1403715589412143104:1403715589612143104,0.039226,formal_public_module_evidence,0.021983787321174342,0.04346259924916515,0.07254533430441525,0.2022271313677823,0.785326616397624,0,0,V1_02_medium,4,OK,True,1310,1403715589412143104,1.325330035440356e-10,1403715589612143104,351,True,548
0.8280203625079694,0.006062,0.050000000000000044,1.0,639,1.562057160924806,6.000000000000002,,48,1.2504823091722763,1.2498228518173309,1.2614204195957266,2.72079407269152,True,0.8261256829269128,0.682483643991458,6,0.005049757535254273,Raw,V1_02_medium:1403715589412143104:1403715589612143104,0.038145,formal_public_module_evidence,0.011651164442440243,0.029230961106261617,0.052520583686538724,0.5065305499882362,1.3458274156843135,4,0,V1_02_medium,4,OK,True,1310,1403715589412143104,6.136878812987446e-10,1403715589612143104,351,True,548
0.8925588836455404,0.002089,0.050000000000000044,1.0,639,1.6661943049864596,6.000000000000002,,48,1.2504823091722763,1.2498228518173309,1.2614204195957266,2.7580255087770866,True,0.8261256829269128,0.682483643991458,6,0.005049757535254273,Global-DoF,V1_02_medium:1403715589412143104:1403715589612143104,0.038145,formal_public_module_evidence,0.011651164442440243,0.029230961106261617,0.052520583686538724,0.5065305499882362,1.3458274156843135,4,0,V1_02_medium,4,OK,True,1310,1403715589412143104,6.136878812987446e-10,1403715589612143104,351,True,548
0.8807165250168285,1.284626,0.050000000000000044,1.0,639,1.646579009403412,6.000000000000002,,48,1.2504823091722763,1.2498228518173309,1.2614204195957266,2.7510626901681445,True,0.8261256829269128,0.682483643991458,6,0.005049757535254273,DPR-Exact-Block,V1_02_medium:1403715589412143104:1403715589612143104,0.038145,formal_public_module_evidence,0.011651164442440243,0.029230961106261617,0.052520583686538724,0.5065305499882362,1.3458274156843135,4,0,V1_02_medium,4,OK,True,1310,1403715589412143104,6.136878812987446e-10,1403715589612143104,351,True,548
0.8756539743697439,0.313898,0.050000000000000044,1.0,639,1.6382641846432857,6.000000000000002,,48,1.2504823091722763,1.2498228518173309,1.2614204195957266,2.748103815446005,True,0.8261256829269128,0.682483643991458,6,0.005049757535254273,DUC-K16,V1_02_medium:1403715589412143104:1403715589612143104,0.038145,formal_public_module_evidence,0.011651164442440243,0.029230961106261617,0.052520583686538724,0.5065305499882362,1.3458274156843135,4,0,V1_02_medium,4,OK,True,1310,1403715589412143104,6.136878812987446e-10,1403715589612143104,351,True,548
0.8688288309187209,0.103826,0.050000000000000044,1.0,639,1.6271208671994681,6.000000000000002,,48,1.2504823091722763,1.2498228518173309,1.2614204195957266,2.7441316800558027,True,0.8261256829269128,0.682483643991458,6,0.005049757535254273,Permuted-K16,V1_02_medium:1403715589412143104:1403715589612143104,0.038145,formal_public_module_evidence,0.011651164442440243,0.029230961106261617,0.052520583686538724,0.5065305499882362,1.3458274156843135,4,0,V1_02_medium,4,OK,True,1310,1403715589412143104,6.136878812987446e-10,1403715589612143104,351,True,548
1.5130753484551551,0.005927,0.4083333333333333,0.5416666666666666,599,0.9000675180276687,6.000000000000002,,16,1.4762901465142653,0.9487188825082321,1.9311650653554329,6.273265065183861,True,2.0216114178577285,4.086912724812735,6,0.016587937599587876,Raw,V1_02_medium:1403715589912143104:1403715590112143104,0.038048,formal_public_module_evidence,0.024430468327889754,0.1734775064994989,0.12360712740867737,0.29022216908116505,1.1182441358402575,0,0,V1_02_medium,4,OK,True,1320,1403715589912143104,6.842904733638744e-10,1403715590112143104,167,True,555
1.3054359836769107,0.00205,0.3666666666666666,0.5833333333333334,599,1.1077754068032846,6.000000000000002,,16,1.4762901465142653,0.9487188825082321,1.9311650653554329,5.629528149234208,True,2.0216114178577285,4.086912724812735,6,0.016587937599587876,Global-DoF,V1_02_medium:1403715589912143104:1403715590112143104,0.038048,formal_public_module_evidence,0.024430468327889754,0.1734775064994989,0.12360712740867737,0.29022216908116505,1.1182441358402575,0,0,V1_02_medium,4,OK,True,1320,1403715589912143104,6.842904733638744e-10,1403715590112143104,167,True,555
1.3331890175257206,0.444536,0.3666666666666666,0.5833333333333334,599,1.077453980411177,6.000000000000002,,16,1.4762901465142653,0.9487188825082321,1.9311650653554329,5.705598346838538,True,2.0216114178577285,4.086912724812735,6,0.016587937599587876,DPR-Exact-Block,V1_02_medium:1403715589912143104:1403715590112143104,0.038048,formal_public_module_evidence,0.024430468327889754,0.1734775064994989,0.12360712740867737,0.29022216908116505,1.1182441358402575,0,0,V1_02_medium,4,OK,True,1320,1403715589912143104,6.842904733638744e-10,1403715590112143104,167,True,555
1.3167371569996547,0.176095,0.3666666666666666,0.5833333333333334,599,1.095326719804665,6.000000000000002,,16,1.4762901465142653,0.9487188825082321,1.9311650653554329,5.660156845294293,True,2.0216114178577285,4.086912724812735,6,0.016587937599587876,DUC-K16,V1_02_medium:1403715589912143104:1403715590112143104,0.038048,formal_public_module_evidence,0.024430468327889754,0.1734775064994989,0.12360712740867737,0.29022216908116505,1.1182441358402575,0,0,V1_02_medium,4,OK,True,1320,1403715589912143104,6.842904733638744e-10,1403715590112143104,167,True,555
1.2862773694839804,0.068672,0.3666666666666666,0.5833333333333334,599,1.1292034588951176,6.000000000000002,,16,1.4762901465142653,0.9487188825082321,1.9311650653554329,5.5786777209340315,True,2.0216114178577285,4.086912724812735,6,0.016587937599587876,Permuted-K16,V1_02_medium:1403715589912143104:1403715590112143104,0.038048,formal_public_module_evidence,0.024430468327889754,0.1734775064994989,0.12360712740867737,0.29022216908116505,1.1182441358402575,0,0,V1_02_medium,4,OK,True,1320,1403715589912143104,6.842904733638744e-10,1403715590112143104,167,True,555
1.4442925354119844,0.006425,0.050000000000000044,1.0,599,13.816151833200044,5.999999999999999,,48,1.4692578514675914,3.717008452129218,1.9169768389623787,4.699628314424383,True,1.8053832525304128,3.259408688517292,6,0.020597619406310774,Raw,V1_02_medium:1403715589912143104:1403715590112143104,0.03851,formal_public_module_evidence,0.011102439840889211,0.029794284583603874,0.0473230987225002,0.4105670698061801,1.0,6,0,V1_02_medium,4,OK,True,1320,1403715589912143104,1.2585309569919355e-08,1403715590112143104,167,True,555
1.5088310565495555,0.002099,0.050000000000000044,1.0,599,14.737228622080046,5.999999999999999,,48,1.4692578514675914,3.717008452129218,1.9169768389623787,4.749422278214023,True,1.8053832525304128,3.259408688517292,6,0.020597619406310774,Global-DoF,V1_02_medium:1403715589912143104:1403715590112143104,0.03851,formal_public_module_evidence,0.011102439840889211,0.029794284583603874,0.0473230987225002,0.4105670698061801,1.0,6,0,V1_02_medium,4,OK,True,1320,1403715589912143104,1.2585309569919355e-08,1403715590112143104,167,True,555
1.6000233249385993,1.285702,0.050000000000000044,1.0,599,16.144333479776797,5.999999999999999,,48,1.4692578514675914,3.717008452129218,1.9169768389623787,4.821337995209803,True,1.8053832525304128,3.259408688517292,6,0.020597619406310774,DPR-Exact-Block,V1_02_medium:1403715589912143104:1403715590112143104,0.03851,formal_public_module_evidence,0.011102439840889211,0.029794284583603874,0.0473230987225002,0.4105670698061801,1.0,6,0,V1_02_medium,4,OK,True,1320,1403715589912143104,1.2585309569919355e-08,1403715590112143104,167,True,555
1.5792106158871215,0.315735,0.050000000000000044,1.0,599,15.811798643191795,5.999999999999999,,48,1.4692578514675914,3.717008452129218,1.9169768389623787,4.80477123319893,True,1.8053832525304128,3.259408688517292,6,0.020597619406310774,DUC-K16,V1_02_medium:1403715589912143104:1403715590112143104,0.03851,formal_public_module_evidence,0.011102439840889211,0.029794284583603874,0.0473230987225002,0.4105670698061801,1.0,6,0,V1_02_medium,4,OK,True,1320,1403715589912143104,1.2585309569919355e-08,1403715590112143104,167,True,555
1.50338979703286,0.10401,0.050000000000000044,1.0,599,14.657257306243281,5.999999999999999,,48,1.4692578514675914,3.717008452129218,1.9169768389623787,4.74518773318822,True,1.8053832525304128,3.259408688517292,6,0.020597619406310774,Permuted-K16,V1_02_medium:1403715589912143104:1403715590112143104,0.03851,formal_public_module_evidence,0.011102439840889211,0.029794284583603874,0.0473230987225002,0.4105670698061801,1.0,6,0,V1_02_medium,4,OK,True,1320,1403715589912143104,1.2585309569919355e-08,1403715590112143104,167,True,555
1.7135791801928262,0.006326,0.15833333333333333,0.7916666666666666,434,0.5904643351251033,6.000000000000003,,16,2.1893655852080065,0.7684167717619803,2.086299616313521,6.859817107271474,True,1.8100719007030126,3.276360285714617,6,0.05054069141421391,Raw,V1_02_medium:1403715590412143104:1403715590612143104,0.038619,formal_public_module_evidence,0.021622351044134958,0.06779166858233807,0.09394475245091297,0.34227559731292234,0.8561660545828498,0,0,V1_02_medium,4,OK,True,1330,1403715590412143104,5.893133088716719e-10,1403715590612143104,100,True,354
1.5059398154145818,0.002044,0.07499999999999996,0.875,434,0.7267253355385888,6.000000000000003,,16,2.1893655852080065,0.7684167717619803,2.086299616313521,6.0270590813396865,True,1.8100719007030126,3.276360285714617,6,0.05054069141421391,Global-DoF,V1_02_medium:1403715590412143104:1403715590612143104,0.038619,formal_public_module_evidence,0.021622351044134958,0.06779166858233807,0.09394475245091297,0.34227559731292234,0.8561660545828498,0,0,V1_02_medium,4,OK,True,1330,1403715590412143104,5.893133088716719e-10,1403715590612143104,100,True,354
1.4119347627019414,0.448951,0.07499999999999996,0.875,434,0.7983552338102353,6.000000000000003,,16,2.1893655852080065,0.7684167717619803,2.086299616313521,5.7165632179464865,True,1.8100719007030126,3.276360285714617,6,0.05054069141421391,DPR-Exact-Block,V1_02_medium:1403715590412143104:1403715590612143104,0.038619,formal_public_module_evidence,0.021622351044134958,0.06779166858233807,0.09394475245091297,0.34227559731292234,0.8561660545828498,0,0,V1_02_medium,4,OK,True,1330,1403715590412143104,5.893133088716719e-10,1403715590612143104,100,True,354
1.463797367973251,0.175053,0.07499999999999996,0.875,434,0.7580058082993096,6.000000000000003,,16,2.1893655852080065,0.7684167717619803,2.086299616313521,5.883154762167265,True,1.8100719007030126,3.276360285714617,6,0.05054069141421391,DUC-K16,V1_02_medium:1403715590412143104:1403715590612143104,0.038619,formal_public_module_evidence,0.021622351044134958,0.06779166858233807,0.09394475245091297,0.34227559731292234,0.8561660545828498,0,0,V1_02_medium,4,OK,True,1330,1403715590412143104,5.893133088716719e-10,1403715590612143104,100,True,354
1.30796251225912,0.068206,0.033333333333333326,0.9166666666666666,434,0.8858307488679922,6.000000000000003,,16,2.1893655852080065,0.7684167717619803,2.086299616313521,5.415277807726114,True,1.8100719007030126,3.276360285714617,6,0.05054069141421391,Permuted-K16,V1_02_medium:1403715590412143104:1403715590612143104,0.038619,formal_public_module_evidence,0.021622351044134958,0.06779166858233807,0.09394475245091297,0.34227559731292234,0.8561660545828498,0,0,V1_02_medium,4,OK,True,1330,1403715590412143104,5.893133088716719e-10,1403715590612143104,100,True,354
0.44001530838426595,0.006089,0.008333333333333415,0.9583333333333334,434,4.464689163438418,6.0,,48,2.048131197368799,2.1129811081593743,2.0668242261126784,3.97810322406488,True,1.6956940798195286,2.8753784123349977,6,0.015659714785432044,Raw,V1_02_medium:1403715590412143104:1403715590612143104,0.038715,formal_public_module_evidence,0.011508868459958355,0.04231745347687421,0.058260392764842774,0.38135724147988953,1.3789969742543378,5,0,V1_02_medium,4,OK,True,1330,1403715590412143104,6.800913277952132e-09,1403715590612143104,100,True,354
0.5045538295218372,0.00197,0.008333333333333415,0.9583333333333334,434,4.762335107667647,6.0,,48,2.048131197368799,2.1129811081593743,2.0668242261126784,4.0023900850773515,True,1.6956940798195286,2.8753784123349977,6,0.015659714785432044,Global-DoF,V1_02_medium:1403715590412143104:1403715590612143104,0.038715,formal_public_module_evidence,0.011508868459958355,0.04231745347687421,0.058260392764842774,0.38135724147988953,1.3789969742543378,5,0,V1_02_medium,4,OK,True,1330,1403715590412143104,6.800913277952132e-09,1403715590612143104,100,True,354
0.4871661763303623,1.278228,0.008333333333333415,0.9583333333333334,434,4.680245021591706,6.0,,48,2.048131197368799,2.1129811081593743,2.0668242261126784,3.995592461561006,True,1.6956940798195286,2.8753784123349977,6,0.015659714785432044,DPR-Exact-Block,V1_02_medium:1403715590412143104:1403715590612143104,0.038715,formal_public_module_evidence,0.011508868459958355,0.04231745347687421,0.058260392764842774,0.38135724147988953,1.3789969742543378,5,0,V1_02_medium,4,OK,True,1330,1403715590412143104,6.800913277952132e-09,1403715590612143104,100,True,354
0.5027045429939905,0.321269,0.008333333333333415,0.9583333333333334,434,4.753536323755771,6.0,,48,2.048131197368799,2.1129811081593743,2.0668242261126784,4.001658384391118,True,1.6956940798195286,2.8753784123349977,6,0.015659714785432044,DUC-K16,V1_02_medium:1403715590412143104:1403715590612143104,0.038715,formal_public_module_evidence,0.011508868459958355,0.04231745347687421,0.058260392764842774,0.38135724147988953,1.3789969742543378,5,0,V1_02_medium,4,OK,True,1330,1403715590412143104,6.800913277952132e-09,1403715590612143104,100,True,354
0.508751398621128,0.105187,0.008333333333333415,0.9583333333333334,434,4.782367352308293,6.0,,48,2.048131197368799,2.1129811081593743,2.0668242261126784,4.004058579002935,True,1.6956940798195286,2.8753784123349977,6,0.015659714785432044,Permuted-K16,V1_02_medium:1403715590412143104:1403715590612143104,0.038715,formal_public_module_evidence,0.011508868459958355,0.04231745347687421,0.058260392764842774,0.38135724147988953,1.3789969742543378,5,0,V1_02_medium,4,OK,True,1330,1403715590412143104,6.800913277952132e-09,1403715590612143104,100,True,354
0.3573045132849596,0.006127,0.07499999999999996,0.875,371,0.5841799125185982,6.0,,16,2.0703547967881293,0.764316631062414,2.1906197464132666,2.7298018887166884,True,0.913820715520879,0.8350683001150913,6,0.039501624125812596,Raw,V1_02_medium:1403715590912143104:1403715591112143104,0.037971,formal_public_module_evidence,0.02407111856092964,0.1006629186962677,0.13117806061108542,0.3374815908569165,0.6902328763213619,0,0,V1_02_medium,5,OK,True,1340,1403715590912143104,5.233366582568005e-10,1403715591112143104,206,True,343
0.14966514850671514,0.001989,0.033333333333333326,0.9166666666666666,371,0.7189906615613517,6.0,,16,2.0703547967881293,0.764316631062414,2.1906197464132666,2.6694154228967357,True,0.913820715520879,0.8350683001150913,6,0.039501624125812596,Global-DoF,V1_02_medium:1403715590912143104:1403715591112143104,0.037971,formal_public_module_evidence,0.02407111856092964,0.1006629186962677,0.13117806061108542,0.3374815908569165,0.6902328763213619,0,0,V1_02_medium,5,OK,True,1340,1403715590912143104,5.233366582568005e-10,1403715591112143104,206,True,343
0.17031290121375872,0.483691,0.033333333333333326,0.9166666666666666,371,0.7042973342898304,6.0,,16,2.0703547967881293,0.764316631062414,2.1906197464132666,2.6729981969421615,True,0.913820715520879,0.8350683001150913,6,0.039501624125812596,DPR-Exact-Block,V1_02_medium:1403715590912143104:1403715591112143104,0.037971,formal_public_module_evidence,0.02407111856092964,0.1006629186962677,0.13117806061108542,0.3374815908569165,0.6902328763213619,0,0,V1_02_medium,5,OK,True,1340,1403715590912143104,5.233366582568005e-10,1403715591112143104,206,True,343
0.21061588890574956,0.17564,0.033333333333333326,0.9166666666666666,371,0.6764764457179018,6.0,,16,2.0703547967881293,0.764316631062414,2.1906197464132666,2.681457519186212,True,0.913820715520879,0.8350683001150913,6,0.039501624125812596,DUC-K16,V1_02_medium:1403715590912143104:1403715591112143104,0.037971,formal_public_module_evidence,0.02407111856092964,0.1006629186962677,0.13117806061108542,0.3374815908569165,0.6902328763213619,0,0,V1_02_medium,5,OK,True,1340,1403715590912143104,5.233366582568005e-10,1403715591112143104,206,True,343
0.19715277416257093,0.075322,0.033333333333333326,0.9166666666666666,371,0.6856455093104594,6.0,,16,2.0703547967881293,0.764316631062414,2.1906197464132666,2.6784126260590733,True,0.913820715520879,0.8350683001150913,6,0.039501624125812596,Permuted-K16,V1_02_medium:1403715590912143104:1403715591112143104,0.037971,formal_public_module_evidence,0.02407111856092964,0.1006629186962677,0.13117806061108542,0.3374815908569165,0.6902328763213619,0,0,V1_02_medium,5,OK,True,1340,1403715590912143104,5.233366582568005e-10,1403715591112143104,206,True,343
0.536550306835585,0.005848,0.050000000000000044,1.0,371,1.962991384306047,6.000000000000001,,48,1.663077398274889,1.4010679442147147,2.198865965683967,3.0971086191408665,True,1.071392934394951,1.1478828198714242,6,0.10726982880645153,Raw,V1_02_medium:1403715590912143104:1403715591112143104,0.038329,formal_public_module_evidence,0.011320181886403713,0.029745820630483574,0.04898025036808446,0.4194041417234834,1.1891593457450902,7,0,V1_02_medium,5,OK,True,1340,1403715590912143104,8.435438525088856e-09,1403715591112143104,206,True,343
0.6010888279731562,0.002018,0.050000000000000044,1.0,371,2.093857476593117,6.000000000000001,,48,1.663077398274889,1.4010679442147147,2.198865965683967,3.125099513622743,True,1.071392934394951,1.1478828198714242,6,0.10726982880645153,Global-DoF,V1_02_medium:1403715590912143104:1403715591112143104,0.038329,formal_public_module_evidence,0.011320181886403713,0.029745820630483574,0.04898025036808446,0.4194041417234834,1.1891593457450902,7,0,V1_02_medium,5,OK,True,1340,1403715590912143104,8.435438525088856e-09,1403715591112143104,206,True,343
0.7746488350742705,1.248977,0.050000000000000044,1.0,371,2.4907106079451746,6.000000000000001,,48,1.663077398274889,1.4010679442147147,2.198865965683967,3.211310713306015,True,1.071392934394951,1.1478828198714242,6,0.10726982880645153,DPR-Exact-Block,V1_02_medium:1403715590912143104:1403715591112143104,0.038329,formal_public_module_evidence,0.011320181886403713,0.029745820630483574,0.04898025036808446,0.4194041417234834,1.1891593457450902,7,0,V1_02_medium,5,OK,True,1340,1403715590912143104,8.435438525088856e-09,1403715591112143104,206,True,343
0.8765462068917427,0.330544,0.050000000000000044,1.0,371,2.7578887084658663,6.000000000000001,,48,1.663077398274889,1.4010679442147147,2.198865965683967,3.2685604555075805,True,1.071392934394951,1.1478828198714242,6,0.10726982880645153,DUC-K16,V1_02_medium:1403715590912143104:1403715591112143104,0.038329,formal_public_module_evidence,0.011320181886403713,0.029745820630483574,0.04898025036808446,0.4194041417234834,1.1891593457450902,7,0,V1_02_medium,5,OK,True,1340,1403715590912143104,8.435438525088856e-09,1403715591112143104,206,True,343
0.5873178478628175,0.108877,0.050000000000000044,1.0,371,2.0652206381511906,6.000000000000001,,48,1.663077398274889,1.4010679442147147,2.198865965683967,3.11893020420541,True,1.071392934394951,1.1478828198714242,6,0.10726982880645153,Permuted-K16,V1_02_medium:1403715590912143104:1403715591112143104,0.038329,formal_public_module_evidence,0.011320181886403713,0.029745820630483574,0.04898025036808446,0.4194041417234834,1.1891593457450902,7,0,V1_02_medium,5,OK,True,1340,1403715590912143104,8.435438525088856e-09,1403715591112143104,206,True,343
1.126268169909558,0.006346,0.07499999999999996,0.875,251,16.713162550922224,6.0,,16,2.733968991606614,4.088173498143422,2.093761868411605,7.738199217260905,True,7.179518918299867,51.5454918982257,6,0.03663279741862735,Raw,V1_02_medium:1403715591412143104:1403715591612143104,0.037193,formal_public_module_evidence,0.025957945335878252,0.06783537566669215,0.0968751874478446,0.20634394823403415,0.8278804585011169,1,0,V1_02_medium,7,OK,True,1350,1403715591412143104,7.249503042609528e-08,1403715591612143104,77,True,220
0.9186288051313135,0.001868,0.07499999999999996,0.875,251,20.57004621651966,6.0,,16,2.733968991606614,4.088173498143422,2.093761868411605,7.367565038568826,True,7.179518918299867,51.5454918982257,6,0.03663279741862735,Global-DoF,V1_02_medium:1403715591412143104:1403715591612143104,0.037193,formal_public_module_evidence,0.025957945335878252,0.06783537566669215,0.0968751874478446,0.20634394823403415,0.8278804585011169,1,0,V1_02_medium,7,OK,True,1350,1403715591412143104,7.249503042609528e-08,1403715591612143104,77,True,220
0.8728452711776851,0.445824,0.07499999999999996,0.875,251,21.533707204512236,6.0,,16,2.733968991606614,4.088173498143422,2.093761868411605,7.3012084838667874,True,7.179518918299867,51.5454918982257,6,0.03663279741862735,DPR-Exact-Block,V1_02_medium:1403715591412143104:1403715591612143104,0.037193,formal_public_module_evidence,0.025957945335878252,0.06783537566669215,0.0968751874478446,0.20634394823403415,0.8278804585011169,1,0,V1_02_medium,7,OK,True,1350,1403715591412143104,7.249503042609528e-08,1403715591612143104,77,True,220
0.83686750548873,0.181147,0.07499999999999996,0.875,251,22.32254713820717,6.0,,16,2.733968991606614,4.088173498143422,2.093761868411605,7.252596639290375,True,7.179518918299867,51.5454918982257,6,0.03663279741862735,DUC-K16,V1_02_medium:1403715591412143104:1403715591612143104,0.037193,formal_public_module_evidence,0.025957945335878252,0.06783537566669215,0.0968751874478446,0.20634394823403415,0.8278804585011169,1,0,V1_02_medium,7,OK,True,1350,1403715591412143104,7.249503042609528e-08,1403715591612143104,77,True,220
0.9864508648031967,0.069521,0.07499999999999996,0.875,251,19.221201042291,6.0,,16,2.733968991606614,4.088173498143422,2.093761868411605,7.475590804398107,True,7.179518918299867,51.5454918982257,6,0.03663279741862735,Permuted-K16,V1_02_medium:1403715591412143104:1403715591612143104,0.037193,formal_public_module_evidence,0.025957945335878252,0.06783537566669215,0.0968751874478446,0.20634394823403415,0.8278804585011169,1,0,V1_02_medium,7,OK,True,1350,1403715591412143104,7.249503042609528e-08,1403715591612143104,77,True,220
1.1023954023273799,0.00603,0.050000000000000044,1.0,251,8.7611933878057,6.0,,48,2.345525495824999,2.9599313147108157,2.197057224555453,4.340283871330242,True,1.705687682756252,2.9093704711063926,6,0.000318477026126307,Raw,V1_02_medium:1403715591412143104:1403715591612143104,0.03859,formal_public_module_evidence,0.013152602213024667,0.03767596595749126,0.06128372551532028,0.431406773024988,1.126963897270215,5,0,V1_02_medium,5,OK,True,1350,1403715591412143104,1.9522095318191965e-08,1403715591612143104,77,True,220
1.1669339234649516,0.00205,0.050000000000000044,1.0,251,9.345272946992749,6.0,,48,2.345525495824999,2.9599313147108157,2.197057224555453,4.384067725107401,True,1.705687682756252,2.9093704711063926,6,0.000318477026126307,Global-DoF,V1_02_medium:1403715591412143104:1403715591612143104,0.03859,formal_public_module_evidence,0.013152602213024667,0.03767596595749126,0.06128372551532028,0.431406773024988,1.126963897270215,5,0,V1_02_medium,5,OK,True,1350,1403715591412143104,1.9522095318191965e-08,1403715591612143104,77,True,220
1.1860408604033288,1.283015,0.050000000000000044,1.0,251,9.525549267507952,6.0,,48,2.345525495824999,2.9599313147108157,2.197057224555453,4.397282757610387,True,1.705687682756252,2.9093704711063926,6,0.000318477026126307,DPR-Exact-Block,V1_02_medium:1403715591412143104:1403715591612143104,0.03859,formal_public_module_evidence,0.013152602213024667,0.03767596595749126,0.06128372551532028,0.431406773024988,1.126963897270215,5,0,V1_02_medium,5,OK,True,1350,1403715591412143104,1.9522095318191965e-08,1403715591612143104,77,True,220
1.1857223326526245,0.318387,0.050000000000000044,1.0,251,9.522515598905017,6.0,,48,2.345525495824999,2.9599313147108157,2.197057224555453,4.3970615326832805,True,1.705687682756252,2.9093704711063926,6,0.000318477026126307,DUC-K16,V1_02_medium:1403715591412143104:1403715591612143104,0.03859,formal_public_module_evidence,0.013152602213024667,0.03767596595749126,0.06128372551532028,0.431406773024988,1.126963897270215,5,0,V1_02_medium,5,OK,True,1350,1403715591412143104,1.9522095318191965e-08,1403715591612143104,77,True,220
1.1262274358040345,0.104913,0.050000000000000044,1.0,251,8.972498354365877,6.0,,48,2.345525495824999,2.9599313147108157,2.197057224555453,4.3562954487968035,True,1.705687682756252,2.9093704711063926,6,0.000318477026126307,Permuted-K16,V1_02_medium:1403715591412143104:1403715591612143104,0.03859,formal_public_module_evidence,0.013152602213024667,0.03767596595749126,0.06128372551532028,0.431406773024988,1.126963897270215,5,0,V1_02_medium,5,OK,True,1350,1403715591412143104,1.9522095318191965e-08,1403715591612143104,77,True,220
,,,,195,,,INSUFFICIENT_TRACKS,16,,,,,,,,,,Raw,V1_02_medium:1403715591912143104:1403715592112143104,,formal_public_module_evidence,,,,,,,,V1_02_medium,,,,1360,1403715591912143104,,1403715592112143104,13,False,106
,,,,195,,,INSUFFICIENT_TRACKS,16,,,,,,,,,,Global-DoF,V1_02_medium:1403715591912143104:1403715592112143104,,formal_public_module_evidence,,,,,,,,V1_02_medium,,,,1360,1403715591912143104,,1403715592112143104,13,False,106
,,,,195,,,INSUFFICIENT_TRACKS,16,,,,,,,,,,DPR-Exact-Block,V1_02_medium:1403715591912143104:1403715592112143104,,formal_public_module_evidence,,,,,,,,V1_02_medium,,,,1360,1403715591912143104,,1403715592112143104,13,False,106
,,,,195,,,INSUFFICIENT_TRACKS,16,,,,,,,,,,DUC-K16,V1_02_medium:1403715591912143104:1403715592112143104,,formal_public_module_evidence,,,,,,,,V1_02_medium,,,,1360,1403715591912143104,,1403715592112143104,13,False,106
,,,,195,,,INSUFFICIENT_TRACKS,16,,,,,,,,,,Permuted-K16,V1_02_medium:1403715591912143104:1403715592112143104,,formal_public_module_evidence,,,,,,,,V1_02_medium,,,,1360,1403715591912143104,,1403715592112143104,13,False,106
,,,,195,,,INSUFFICIENT_TRACKS,48,,,,,,,,,,Raw,V1_02_medium:1403715591912143104:1403715592112143104,,formal_public_module_evidence,,,,,,,,V1_02_medium,,,,1360,1403715591912143104,,1403715592112143104,13,False,106
,,,,195,,,INSUFFICIENT_TRACKS,48,,,,,,,,,,Global-DoF,V1_02_medium:1403715591912143104:1403715592112143104,,formal_public_module_evidence,,,,,,,,V1_02_medium,,,,1360,1403715591912143104,,1403715592112143104,13,False,106
,,,,195,,,INSUFFICIENT_TRACKS,48,,,,,,,,,,DPR-Exact-Block,V1_02_medium:1403715591912143104:1403715592112143104,,formal_public_module_evidence,,,,,,,,V1_02_medium,,,,1360,1403715591912143104,,1403715592112143104,13,False,106
,,,,195,,,INSUFFICIENT_TRACKS,48,,,,,,,,,,DUC-K16,V1_02_medium:1403715591912143104:1403715592112143104,,formal_public_module_evidence,,,,,,,,V1_02_medium,,,,1360,1403715591912143104,,1403715592112143104,13,False,106
,,,,195,,,INSUFFICIENT_TRACKS,48,,,,,,,,,,Permuted-K16,V1_02_medium:1403715591912143104:1403715592112143104,,formal_public_module_evidence,,,,,,,,V1_02_medium,,,,1360,1403715591912143104,,1403715592112143104,13,False,106
1.990570454766396,0.006173,0.15833333333333333,0.7916666666666666,246,1.0331719511054769,5.999999999999999,,16,1.8347637647544643,1.016450663389757,1.840057900170454,9.190218834630905,True,2.750003115320142,7.562517134270486,6,0.03560909695397907,Raw,V1_02_medium:1403715592412143104:1403715592612143104,0.038487,formal_public_module_evidence,0.034614186587770934,0.08748315152016384,0.11393850441536693,0.2666839442250959,0.6746298308318992,0,0,V1_02_medium,4,OK,True,1370,1403715592412143104,1.3395154899475036e-11,1403715592612143104,99,True,190
1.7829310899881516,0.001932,0.11666666666666659,0.8333333333333334,246,1.271596247514433,5.999999999999999,,16,1.8347637647544643,1.016450663389757,1.840057900170454,8.02541292429448,True,2.750003115320142,7.562517134270486,6,0.03560909695397907,Global-DoF,V1_02_medium:1403715592412143104:1403715592612143104,0.038487,formal_public_module_evidence,0.034614186587770934,0.08748315152016384,0.11393850441536693,0.2666839442250959,0.6746298308318992,0,0,V1_02_medium,4,OK,True,1370,1403715592412143104,1.3395154899475036e-11,1403715592612143104,99,True,190
1.8480851837000167,0.449915,0.11666666666666659,0.8333333333333334,246,1.1913878705739238,5.999999999999999,,16,1.8347637647544643,1.016450663389757,1.840057900170454,8.360649260036586,True,2.750003115320142,7.562517134270486,6,0.03560909695397907,DPR-Exact-Block,V1_02_medium:1403715592412143104:1403715592612143104,0.038487,formal_public_module_evidence,0.034614186587770934,0.08748315152016384,0.11393850441536693,0.2666839442250959,0.6746298308318992,0,0,V1_02_medium,4,OK,True,1370,1403715592412143104,1.3395154899475036e-11,1403715592612143104,99,True,190
1.8130954306081466,0.184467,0.11666666666666659,0.8333333333333334,246,1.2338121167669853,5.999999999999999,,16,1.8347637647544643,1.016450663389757,1.840057900170454,8.17737692752339,True,2.750003115320142,7.562517134270486,6,0.03560909695397907,DUC-K16,V1_02_medium:1403715592412143104:1403715592612143104,0.038487,formal_public_module_evidence,0.034614186587770934,0.08748315152016384,0.11393850441536693,0.2666839442250959,0.6746298308318992,0,0,V1_02_medium,4,OK,True,1370,1403715592412143104,1.3395154899475036e-11,1403715592612143104,99,True,190
1.7522902698052552,0.070022,0.11666666666666659,0.8333333333333334,246,1.311162068568926,5.999999999999999,,16,1.8347637647544643,1.016450663389757,1.840057900170454,7.876588258343129,True,2.750003115320142,7.562517134270486,6,0.03560909695397907,Permuted-K16,V1_02_medium:1403715592412143104:1403715592612143104,0.038487,formal_public_module_evidence,0.034614186587770934,0.08748315152016384,0.11393850441536693,0.2666839442250959,0.6746298308318992,0,0,V1_02_medium,4,OK,True,1370,1403715592412143104,1.3395154899475036e-11,1403715592612143104,99,True,190
0.9789950059347263,0.005996,0.11666666666666659,0.8333333333333334,246,2.5405046115353973,6.000000000000001,,48,1.8301793068398546,1.5938960479075783,1.8355065192354183,5.432019618003403,True,2.6004353325199525,6.762263918618157,6,0.011629077488053086,Raw,V1_02_medium:1403715592412143104:1403715592612143104,0.038998,formal_public_module_evidence,0.013964363366526733,0.033487416588393944,0.06216807605174827,0.5154745913447345,0.9411530372075158,3,0,V1_02_medium,4,OK,True,1370,1403715592412143104,3.289531595956593e-10,1403715592612143104,99,True,190
0.9144564847971551,0.002047,0.11666666666666659,0.8333333333333334,246,2.709871585637757,6.000000000000001,,48,1.8301793068398546,1.5938960479075783,1.8355065192354183,5.330196900119958,True,2.6004353325199525,6.762263918618157,6,0.011629077488053086,Global-DoF,V1_02_medium:1403715592412143104:1403715592612143104,0.038998,formal_public_module_evidence,0.013964363366526733,0.033487416588393944,0.06216807605174827,0.5154745913447345,0.9411530372075158,3,0,V1_02_medium,4,OK,True,1370,1403715592412143104,3.289531595956593e-10,1403715592612143104,99,True,190
0.9186172397791129,1.28221,0.11666666666666659,0.8333333333333334,246,2.698619897927516,6.000000000000001,,48,1.8301793068398546,1.5938960479075783,1.8355065192354183,5.336440600633886,True,2.6004353325199525,6.762263918618157,6,0.011629077488053086,DPR-Exact-Block,V1_02_medium:1403715592412143104:1403715592612143104,0.038998,formal_public_module_evidence,0.013964363366526733,0.033487416588393944,0.06216807605174827,0.5154745913447345,0.9411530372075158,3,0,V1_02_medium,4,OK,True,1370,1403715592412143104,3.289531595956593e-10,1403715592612143104,99,True,190
0.9303144638250356,0.314327,0.11666666666666659,0.8333333333333334,246,2.667237438023715,6.000000000000001,,48,1.8301793068398546,1.5938960479075783,1.8355065192354183,5.354226650174038,True,2.6004353325199525,6.762263918618157,6,0.011629077488053086,DUC-K16,V1_02_medium:1403715592412143104:1403715592612143104,0.038998,formal_public_module_evidence,0.013964363366526733,0.033487416588393944,0.06216807605174827,0.5154745913447345,0.9411530372075158,3,0,V1_02_medium,4,OK,True,1370,1403715592412143104,3.289531595956593e-10,1403715592612143104,99,True,190
0.9072859678793113,0.105243,0.11666666666666659,0.8333333333333334,246,2.729372598302595,6.000000000000001,,48,1.8301793068398546,1.5938960479075783,1.8355065192354183,5.319537975404743,True,2.6004353325199525,6.762263918618157,6,0.011629077488053086,Permuted-K16,V1_02_medium:1403715592412143104:1403715592612143104,0.038998,formal_public_module_evidence,0.013964363366526733,0.033487416588393944,0.06216807605174827,0.5154745913447345,0.9411530372075158,3,0,V1_02_medium,4,OK,True,1370,1403715592412143104,3.289531595956593e-10,1403715592612143104,99,True,190
5.743224337675632,0.006041,0.19999999999999996,0.75,267,1.8067180771652835,6.000000000000001,,16,1.6578380934663521,1.344142134286878,1.5622299190107842,314.4983954371177,True,23.74490924734841,563.820715164812,6,0.0014323839340553146,Raw,V1_02_medium:1403715592912143104:1403715593112143104,0.038053,formal_public_module_evidence,0.026683242354162084,0.05553349801806018,0.10383636333574552,0.2801221172499019,0.6557427484212817,0,0,V1_02_medium,4,OK,True,1380,1403715592912143104,2.82266219374915e-11,1403715593112143104,76,True,221
5.535584972897388,0.001978,0.19999999999999996,0.75,267,2.2236530180495797,6.000000000000001,,16,1.6578380934663521,1.344142134286878,1.5622299190107842,256.1930961040833,True,23.74490924734841,563.820715164812,6,0.0014323839340553146,Global-DoF,V1_02_medium:1403715592912143104:1403715593112143104,0.038053,formal_public_module_evidence,0.026683242354162084,0.05553349801806018,0.10383636333574552,0.2801221172499019,0.6557427484212817,0,0,V1_02_medium,4,OK,True,1380,1403715592912143104,2.82266219374915e-11,1403715593112143104,76,True,221
5.487953079325781,0.450799,0.19999999999999996,0.75,267,2.3321328630384404,6.000000000000001,,16,1.6578380934663521,1.344142134286878,1.5622299190107842,244.44649304861483,True,23.74490924734841,563.820715164812,6,0.0014323839340553146,DPR-Exact-Block,V1_02_medium:1403715592912143104:1403715593112143104,0.038053,formal_public_module_evidence,0.026683242354162084,0.05553349801806018,0.10383636333574552,0.2801221172499019,0.6557427484212817,0,0,V1_02_medium,4,OK,True,1380,1403715592912143104,2.82266219374915e-11,1403715593112143104,76,True,221
5.486521720275025,0.175975,0.19999999999999996,0.75,267,2.335473372683539,6.000000000000001,,16,1.6578380934663521,1.344142134286878,1.5622299190107842,244.10212396158227,True,23.74490924734841,563.820715164812,6,0.0014323839340553146,DUC-K16,V1_02_medium:1403715592912143104:1403715593112143104,0.038053,formal_public_module_evidence,0.026683242354162084,0.05553349801806018,0.10383636333574552,0.2801221172499019,0.6557427484212817,0,0,V1_02_medium,4,OK,True,1380,1403715592912143104,2.82266219374915e-11,1403715593112143104,76,True,221
5.582348404299602,0.067795,0.19999999999999996,0.75,267,2.122061274819517,6.000000000000001,,16,1.6578380934663521,1.344142134286878,1.5622299190107842,268.28509757494845,True,23.74490924734841,563.820715164812,6,0.0014323839340553146,Permuted-K16,V1_02_medium:1403715592912143104:1403715593112143104,0.038053,formal_public_module_evidence,0.026683242354162084,0.05553349801806018,0.10383636333574552,0.2801221172499019,0.6557427484212817,0,0,V1_02_medium,4,OK,True,1380,1403715592912143104,2.82266219374915e-11,1403715593112143104,76,True,221
0.647435084117487,0.006364,0.15833333333333333,0.7916666666666666,267,72.34339266734757,6.0,,48,1.6276947568736095,8.505491912132277,1.8208234639743406,8.029935114254334,True,11.75677422475635,138.22174017189528,6,0.025738293023904957,Raw,V1_02_medium:1403715592912143104:1403715593112143104,0.038193,formal_public_module_evidence,0.011278735674632223,0.06490847585975595,0.06382131248404427,0.4927655921563197,1.0,4,0,V1_02_medium,6,OK,True,1380,1403715592912143104,7.951209236909663e-08,1403715593112143104,76,True,221
0.5828965629799159,0.001968,0.15833333333333333,0.7916666666666666,267,77.1662855118374,6.0,,48,1.6276947568736095,8.505491912132277,1.8208234639743406,7.9750590151726515,True,11.75677422475635,138.22174017189528,6,0.025738293023904957,Global-DoF,V1_02_medium:1403715592912143104:1403715593112143104,0.038193,formal_public_module_evidence,0.011278735674632223,0.06490847585975595,0.06382131248404427,0.4927655921563197,1.0,4,0,V1_02_medium,6,OK,True,1380,1403715592912143104,7.951209236909663e-08,1403715593112143104,76,True,221
0.5516723933405907,1.281867,0.15833333333333333,0.7916666666666666,267,79.61374987959802,6.0,,48,1.6276947568736095,8.505491912132277,1.8208234639743406,7.951218005414272,True,11.75677422475635,138.22174017189528,6,0.025738293023904957,DPR-Exact-Block,V1_02_medium:1403715592912143104:1403715593112143104,0.038193,formal_public_module_evidence,0.011278735674632223,0.06490847585975595,0.06382131248404427,0.4927655921563197,1.0,4,0,V1_02_medium,6,OK,True,1380,1403715592912143104,7.951209236909663e-08,1403715593112143104,76,True,221
0.526259754154614,0.322585,0.15833333333333333,0.7916666666666666,267,81.662871902731,6.0,,48,1.6276947568736095,8.505491912132277,1.8208234639743406,7.93306627357181,True,11.75677422475635,138.22174017189528,6,0.025738293023904957,DUC-K16,V1_02_medium:1403715592912143104:1403715593112143104,0.038193,formal_public_module_evidence,0.011278735674632223,0.06490847585975595,0.06382131248404427,0.4927655921563197,1.0,4,0,V1_02_medium,6,OK,True,1380,1403715592912143104,7.951209236909663e-08,1403715593112143104,76,True,221
0.5482705525251377,0.107756,0.15833333333333333,0.7916666666666666,267,79.88504437211847,6.0,,48,1.6276947568736095,8.505491912132277,1.8208234639743406,7.948723760727358,True,11.75677422475635,138.22174017189528,6,0.025738293023904957,Permuted-K16,V1_02_medium:1403715592912143104:1403715593112143104,0.038193,formal_public_module_evidence,0.011278735674632223,0.06490847585975595,0.06382131248404427,0.4927655921563197,1.0,4,0,V1_02_medium,6,OK,True,1380,1403715592912143104,7.951209236909663e-08,1403715593112143104,76,True,221
0.3757637634768625,0.006124,0.07499999999999996,0.875,288,0.4238636579285944,6.0,,16,2.438486432884316,0.6510481225904844,2.92088134422445,2.4356367378593693,True,0.7856138936196281,0.6171891898481924,6,0.04129646897617589,Raw,V1_02_medium:1403715593412143104:1403715593612143104,0.03806,formal_public_module_evidence,0.024344192649081664,0.06663029045161148,0.09551966183618693,0.32737939414648576,0.9224900426250954,0,0,V1_02_medium,4,OK,True,1390,1403715593412143104,1.2280913864198902e-08,1403715593612143104,118,True,215
0.16812439869861814,0.002078,0.07499999999999996,0.875,288,0.5216783482198084,6.0,,16,2.438486432884316,0.6510481225904844,2.92088134422445,2.370256769812361,True,0.7856138936196281,0.6171891898481924,6,0.04129646897617589,Global-DoF,V1_02_medium:1403715593412143104:1403715593612143104,0.03806,formal_public_module_evidence,0.024344192649081664,0.06663029045161148,0.09551966183618693,0.32737939414648576,0.9224900426250954,0,0,V1_02_medium,4,OK,True,1390,1403715593412143104,1.2280913864198902e-08,1403715593612143104,118,True,215
0.027156992604590695,0.482666,0.033333333333333326,0.9166666666666666,288,0.6006537304899825,6.0,,16,2.438486432884316,0.6510481225904844,2.92088134422445,2.355669504902274,True,0.7856138936196281,0.6171891898481924,6,0.04129646897617589,DPR-Exact-Block,V1_02_medium:1403715593412143104:1403715593612143104,0.03806,formal_public_module_evidence,0.024344192649081664,0.06663029045161148,0.09551966183618693,0.32737939414648576,0.9224900426250954,0,0,V1_02_medium,4,OK,True,1390,1403715593412143104,1.2280913864198902e-08,1403715593612143104,118,True,215
0.01330954896687822,0.181606,0.033333333333333326,0.9166666666666666,288,0.6254586086365863,6.0,,16,2.438486432884316,0.6510481225904844,2.92088134422445,2.35538557333443,True,0.7856138936196281,0.6171891898481924,6,0.04129646897617589,DUC-K16,V1_02_medium:1403715593412143104:1403715593612143104,0.03806,formal_public_module_evidence,0.024344192649081664,0.06663029045161148,0.09551966183618693,0.32737939414648576,0.9224900426250954,0,0,V1_02_medium,4,OK,True,1390,1403715593412143104,1.2280913864198902e-08,1403715593612143104,118,True,215
0.200811872596246,0.069699,0.07499999999999996,0.875,288,0.5049016879070287,6.0,,16,2.438486432884316,0.6510481225904844,2.92088134422445,2.376880304572038,True,0.7856138936196281,0.6171891898481924,6,0.04129646897617589,Permuted-K16,V1_02_medium:1403715593412143104:1403715593612143104,0.03806,formal_public_module_evidence,0.024344192649081664,0.06663029045161148,0.09551966183618693,0.32737939414648576,0.9224900426250954,0,0,V1_02_medium,4,OK,True,1390,1403715593412143104,1.2280913864198902e-08,1403715593612143104,118,True,215
0.5885008054305185,0.005877,0.033333333333333326,0.9166666666666666,288,0.8040404476759039,5.999999999999999,,48,2.427074744946419,0.896683025196699,2.9108293368323586,2.1749303158449607,True,0.668109461584591,0.44637025265885194,6,0.03282565828022077,Raw,V1_02_medium:1403715593412143104:1403715593612143104,0.039031,formal_public_module_evidence,0.011268611274564244,0.02842010380891054,0.04583455481998072,0.411356391918267,1.1202059113165992,1,0,V1_02_medium,4,OK,True,1390,1403715593412143104,1.591700211711257e-09,1403715593612143104,118,True,215
0.6530393265680895,0.002015,0.008333333333333415,0.9583333333333334,288,0.8576431441876307,5.999999999999999,,48,2.427074744946419,0.896683025196699,2.9108293368323586,2.204771402454433,True,0.668109461584591,0.44637025265885194,6,0.03282565828022077,Global-DoF,V1_02_medium:1403715593412143104:1403715593612143104,0.039031,formal_public_module_evidence,0.011268611274564244,0.02842010380891054,0.04583455481998072,0.411356391918267,1.1202059113165992,1,0,V1_02_medium,4,OK,True,1390,1403715593412143104,1.591700211711257e-09,1403715593612143104,118,True,215
0.7419350791036138,1.280703,0.008333333333333415,0.9583333333333334,288,0.9373754068393114,5.999999999999999,,48,2.427074744946419,0.896683025196699,2.9108293368323586,2.2493971921295786,True,0.668109461584591,0.44637025265885194,6,0.03282565828022077,DPR-Exact-Block,V1_02_medium:1403715593412143104:1403715593612143104,0.039031,formal_public_module_evidence,0.011268611274564244,0.02842010380891054,0.04583455481998072,0.411356391918267,1.1202059113165992,1,0,V1_02_medium,4,OK,True,1390,1403715593412143104,1.591700211711257e-09,1403715593612143104,118,True,215
0.7085585706580362,0.312071,0.008333333333333415,0.9583333333333334,288,0.9066054420541213,5.999999999999999,,48,2.427074744946419,0.896683025196699,2.9108293368323586,2.232182507450508,True,0.668109461584591,0.44637025265885194,6,0.03282565828022077,DUC-K16,V1_02_medium:1403715593412143104:1403715593612143104,0.039031,formal_public_module_evidence,0.011268611274564244,0.02842010380891054,0.04583455481998072,0.411356391918267,1.1202059113165992,1,0,V1_02_medium,4,OK,True,1390,1403715593412143104,1.591700211711257e-09,1403715593612143104,118,True,215
0.640403339501169,0.102626,0.008333333333333415,0.9583333333333334,288,0.8468741581818976,5.999999999999999,,48,2.427074744946419,0.896683025196699,2.9108293368323586,2.198753686530715,True,0.668109461584591,0.44637025265885194,6,0.03282565828022077,Permuted-K16,V1_02_medium:1403715593412143104:1403715593612143104,0.039031,formal_public_module_evidence,0.011268611274564244,0.02842010380891054,0.04583455481998072,0.411356391918267,1.1202059113165992,1,0,V1_02_medium,4,OK,True,1390,1403715593412143104,1.591700211711257e-09,1403715593612143104,118,True,215
0.9868414503085867,0.006332,0.24166666666666659,0.7083333333333334,272,0.38682362493431843,6.0,,16,2.8989297508770515,0.6219514650954031,2.4684750893325607,3.5708381119266392,True,1.0187002046157767,1.0377501068842252,6,0.004943689940396068,Raw,V1_02_medium:1403715593912143104:1403715594112143104,0.037634,formal_public_module_evidence,0.02723308060397711,0.05039708813965604,0.0878533151351639,0.2376142285016905,0.564062132139627,0,0,V1_02_medium,4,OK,True,1400,1403715593912143104,6.638163218456826e-11,1403715594112143104,174,True,207
0.7792020855303422,0.002081,0.24166666666666659,0.7083333333333334,272,0.47609061530377655,6.0,,16,2.8989297508770515,0.6219514650954031,2.4684750893325607,3.275462323290118,True,1.0187002046157767,1.0377501068842252,6,0.004943689940396068,Global-DoF,V1_02_medium:1403715593912143104:1403715594112143104,0.037634,formal_public_module_evidence,0.02723308060397711,0.05039708813965604,0.0878533151351639,0.2376142285016905,0.564062132139627,0,0,V1_02_medium,4,OK,True,1400,1403715593912143104,6.638163218456826e-11,1403715594112143104,174,True,207
0.7809792450009638,0.45551,0.24166666666666659,0.7083333333333334,272,0.4752452777302382,6.0,,16,2.8989297508770515,0.6219514650954031,2.4684750893325607,3.2775623399354656,True,1.0187002046157767,1.0377501068842252,6,0.004943689940396068,DPR-Exact-Block,V1_02_medium:1403715593912143104:1403715594112143104,0.037634,formal_public_module_evidence,0.02723308060397711,0.05039708813965604,0.0878533151351639,0.2376142285016905,0.564062132139627,0,0,V1_02_medium,4,OK,True,1400,1403715593912143104,6.638163218456826e-11,1403715594112143104,174,True,207
0.7760477349697124,0.177051,0.24166666666666659,0.7083333333333334,272,0.477594743028974,6.0,,16,2.8989297508770515,0.6219514650954031,2.4684750893325607,3.2717518666452268,True,1.0187002046157767,1.0377501068842252,6,0.004943689940396068,DUC-K16,V1_02_medium:1403715593912143104:1403715594112143104,0.037634,formal_public_module_evidence,0.02723308060397711,0.05039708813965604,0.0878533151351639,0.2376142285016905,0.564062132139627,0,0,V1_02_medium,4,OK,True,1400,1403715593912143104,6.638163218456826e-11,1403715594112143104,174,True,207
0.7923552354846057,0.068502,0.24166666666666659,0.7083333333333334,272,0.46986952719115094,6.0,,16,2.8989297508770515,0.6219514650954031,2.4684750893325607,3.2911689016460492,True,1.0187002046157767,1.0377501068842252,6,0.004943689940396068,Permuted-K16,V1_02_medium:1403715593912143104:1403715594112143104,0.037634,formal_public_module_evidence,0.02723308060397711,0.05039708813965604,0.0878533151351639,0.2376142285016905,0.564062132139627,0,0,V1_02_medium,4,OK,True,1400,1403715593912143104,6.638163218456826e-11,1403715594112143104,174,True,207
0.9572875735460269,0.006592,0.24166666666666659,0.7083333333333334,272,0.3370526773668275,6.0,,48,2.903120065734769,0.580562380254549,2.472522312063869,3.354983055824892,True,0.9369604214168324,0.8778948313016083,6,0.01472243143356966,Raw,V1_02_medium:1403715593912143104:1403715594112143104,0.042095,formal_public_module_evidence,0.015951537081603684,0.03994305457230879,0.0665288061436335,0.3900590297572889,1.2632508756752678,5,0,V1_02_medium,9,OK,True,1400,1403715593912143104,9.230289971599583e-09,1403715594112143104,174,True,207
0.892749052408456,0.002059,0.24166666666666659,0.7083333333333334,272,0.35952285585794924,6.0,,48,2.903120065734769,0.580562380254549,2.472522312063869,3.2567326996124843,True,0.9369604214168324,0.8778948313016083,6,0.01472243143356966,Global-DoF,V1_02_medium:1403715593912143104:1403715594112143104,0.042095,formal_public_module_evidence,0.015951537081603684,0.03994305457230879,0.0665288061436335,0.3900590297572889,1.2632508756752678,5,0,V1_02_medium,9,OK,True,1400,1403715593912143104,9.230289971599583e-09,1403715594112143104,174,True,207
0.878949753664891,1.24393,0.24166666666666659,0.7083333333333334,272,0.36451840743427316,6.0,,48,2.903120065734769,0.580562380254549,2.472522312063869,3.2370678351093556,True,0.9369604214168324,0.8778948313016083,6,0.01472243143356966,DPR-Exact-Block,V1_02_medium:1403715593912143104:1403715594112143104,0.042095,formal_public_module_evidence,0.015951537081603684,0.03994305457230879,0.0665288061436335,0.3900590297572889,1.2632508756752678,5,0,V1_02_medium,9,OK,True,1400,1403715593912143104,9.230289971599583e-09,1403715594112143104,174,True,207
0.8937816356729194,0.318912,0.24166666666666659,0.7083333333333334,272,0.35915181017454806,6.0,,48,2.903120065734769,0.580562380254549,2.472522312063869,3.2582228146277714,True,0.9369604214168324,0.8778948313016083,6,0.01472243143356966,DUC-K16,V1_02_medium:1403715593912143104:1403715594112143104,0.042095,formal_public_module_evidence,0.015951537081603684,0.03994305457230879,0.0665288061436335,0.3900590297572889,1.2632508756752678,5,0,V1_02_medium,9,OK,True,1400,1403715593912143104,9.230289971599583e-09,1403715594112143104,174,True,207
0.8840688189203683,0.104652,0.24166666666666659,0.7083333333333334,272,0.3626571818518234,6.0,,48,2.903120065734769,0.580562380254549,2.472522312063869,3.244308977271561,True,0.9369604214168324,0.8778948313016083,6,0.01472243143356966,Permuted-K16,V1_02_medium:1403715593912143104:1403715594112143104,0.042095,formal_public_module_evidence,0.015951537081603684,0.03994305457230879,0.0665288061436335,0.3900590297572889,1.2632508756752678,5,0,V1_02_medium,9,OK,True,1400,1403715593912143104,9.230289971599583e-09,1403715594112143104,174,True,207
0.714316424348383,0.006146,0.050000000000000044,1.0,363,0.5131654805268122,6.000000000000001,,16,2.2183804042727484,0.7163556941400077,2.1459633083385943,1.6602467806412218,True,0.5012067100782369,0.2512081662274498,6,0.021906008647411435,Raw,V1_02_medium:1403715594412143104:1403715594612143104,0.037611,formal_public_module_evidence,0.023050266649499607,0.05891695506876332,0.08474335704555157,0.20771099272028187,0.5550904262948981,0,0,V1_02_medium,4,OK,True,1410,1403715594412143104,4.2094199446212003e-11,1403715594612143104,242,True,316
0.9219557891266275,0.001959,0.050000000000000044,1.0,363,0.6315882837253073,6.000000000000001,,16,2.2183804042727484,0.7163556941400077,2.1459633083385943,1.7760999030570754,True,0.5012067100782369,0.2512081662274498,6,0.021906008647411435,Global-DoF,V1_02_medium:1403715594412143104:1403715594612143104,0.037611,formal_public_module_evidence,0.023050266649499607,0.05891695506876332,0.08474335704555157,0.20771099272028187,0.5550904262948981,0,0,V1_02_medium,4,OK,True,1410,1403715594412143104,4.2094199446212003e-11,1403715594612143104,242,True,316
0.8939202154748933,0.480993,0.050000000000000044,1.0,363,0.614127252564862,6.000000000000001,,16,2.2183804042727484,0.7163556941400077,2.1459633083385943,1.7593729909283145,True,0.5012067100782369,0.2512081662274498,6,0.021906008647411435,DPR-Exact-Block,V1_02_medium:1403715594412143104:1403715594612143104,0.037611,formal_public_module_evidence,0.023050266649499607,0.05891695506876332,0.08474335704555157,0.20771099272028187,0.5550904262948981,0,0,V1_02_medium,4,OK,True,1410,1403715594412143104,4.2094199446212003e-11,1403715594612143104,242,True,316
0.9155897349717147,0.183245,0.050000000000000044,1.0,363,0.627580329470159,6.000000000000001,,16,2.2183804042727484,0.7163556941400077,2.1459633083385943,1.7722739623950776,True,0.5012067100782369,0.2512081662274498,6,0.021906008647411435,DUC-K16,V1_02_medium:1403715594412143104:1403715594612143104,0.037611,formal_public_module_evidence,0.023050266649499607,0.05891695506876332,0.08474335704555157,0.20771099272028187,0.5550904262948981,0,0,V1_02_medium,4,OK,True,1410,1403715594412143104,4.2094199446212003e-11,1403715594612143104,242,True,316
0.916048525242319,0.071112,0.050000000000000044,1.0,363,0.6278683232786695,6.000000000000001,,16,2.2183804042727484,0.7163556941400077,2.1459633083385943,1.7725491499888977,True,0.5012067100782369,0.2512081662274498,6,0.021906008647411435,Permuted-K16,V1_02_medium:1403715594412143104:1403715594612143104,0.037611,formal_public_module_evidence,0.023050266649499607,0.05891695506876332,0.08474335704555157,0.20771099272028187,0.5550904262948981,0,0,V1_02_medium,4,OK,True,1410,1403715594412143104,4.2094199446212003e-11,1403715594612143104,242,True,316
0.38078642139355523,0.005989,0.008333333333333415,0.9583333333333334,363,0.39650626958907087,6.0,,48,2.20747577979227,0.6296874380111699,2.14183299662977,1.5961374580921557,True,0.5205210636972215,0.2709421777524869,6,0.0025535446813094165,Raw,V1_02_medium:1403715594412143104:1403715594612143104,0.038053,formal_public_module_evidence,0.013697474800437481,0.04481235113606071,0.06888689713111529,0.46284772341300284,1.342843902843481,5,0,V1_02_medium,4,OK,True,1410,1403715594412143104,4.3499591481078584e-11,1403715594612143104,242,True,316
0.44532494253112653,0.001982,0.008333333333333415,0.9583333333333334,363,0.422940020895009,6.0,,48,2.20747577979227,0.6296874380111699,2.14183299662977,1.6179682406431963,True,0.5205210636972215,0.2709421777524869,6,0.0025535446813094165,Global-DoF,V1_02_medium:1403715594412143104:1403715594612143104,0.038053,formal_public_module_evidence,0.013697474800437481,0.04481235113606071,0.06888689713111529,0.46284772341300284,1.342843902843481,5,0,V1_02_medium,4,OK,True,1410,1403715594412143104,4.3499591481078584e-11,1403715594612143104,242,True,316
0.4386094047023284,1.235881,0.008333333333333415,0.9583333333333334,363,0.4201092668418831,6.0,,48,2.20747577979227,0.6296874380111699,2.14183299662977,1.6155692621114284,True,0.5205210636972215,0.2709421777524869,6,0.0025535446813094165,DPR-Exact-Block,V1_02_medium:1403715594412143104:1403715594612143104,0.038053,formal_public_module_evidence,0.013697474800437481,0.04481235113606071,0.06888689713111529,0.46284772341300284,1.342843902843481,5,0,V1_02_medium,4,OK,True,1410,1403715594412143104,4.3499591481078584e-11,1403715594612143104,242,True,316
0.44115969462801646,0.311796,0.008333333333333415,0.9583333333333334,363,0.42118203462579595,6.0,,48,2.20747577979227,0.6296874380111699,2.14183299662977,1.6164768823597242,True,0.5205210636972215,0.2709421777524869,6,0.0025535446813094165,DUC-K16,V1_02_medium:1403715594412143104:1403715594612143104,0.038053,formal_public_module_evidence,0.013697474800437481,0.04481235113606071,0.06888689713111529,0.46284772341300284,1.342843902843481,5,0,V1_02_medium,4,OK,True,1410,1403715594412143104,4.3499591481078584e-11,1403715594612143104,242,True,316
0.4676129867708048,0.104656,0.008333333333333415,0.9583333333333334,363,0.43247236079678597,6.0,,48,2.20747577979227,0.6296874380111699,2.14183299662977,1.6261361450468972,True,0.5205210636972215,0.2709421777524869,6,0.0025535446813094165,Permuted-K16,V1_02_medium:1403715594412143104:1403715594612143104,0.038053,formal_public_module_evidence,0.013697474800437481,0.04481235113606071,0.06888689713111529,0.46284772341300284,1.342843902843481,5,0,V1_02_medium,4,OK,True,1410,1403715594412143104,4.3499591481078584e-11,1403715594612143104,242,True,316
0.8834118734972569,0.006117,0.15833333333333333,0.7916666666666666,411,0.5504089399660511,6.0,,16,2.017603004208502,0.7418955047485132,2.095765867239304,3.659922756286052,True,1.1539133306430567,1.3315159746357523,6,0.03296930828854794,Raw,V1_02_medium:1403715594912143104:1403715595112143104,0.038207,formal_public_module_evidence,0.01786753177726419,0.07108023018018919,0.09696656806769473,0.22677407650421103,0.6695348578774131,0,0,V1_02_medium,4,OK,True,1420,1403715594912143104,1.1917355702404612e-08,1403715595112143104,171,True,329
0.6757725087190125,0.001899,0.15833333333333333,0.7916666666666666,411,0.6774263876505244,6.0,,16,2.017603004208502,0.7418955047485132,2.095765867239304,3.4139734761204075,True,1.1539133306430567,1.3315159746357523,6,0.03296930828854794,Global-DoF,V1_02_medium:1403715594912143104:1403715595112143104,0.038207,formal_public_module_evidence,0.01786753177726419,0.07108023018018919,0.09696656806769473,0.22677407650421103,0.6695348578774131,0,0,V1_02_medium,4,OK,True,1420,1403715594912143104,1.1917355702404612e-08,1403715595112143104,171,True,329
0.6518102790647152,0.454234,0.15833333333333333,0.7916666666666666,411,0.6938550823127918,6.0,,16,2.017603004208502,0.7418955047485132,2.095765867239304,3.3913965441062444,True,1.1539133306430567,1.3315159746357523,6,0.03296930828854794,DPR-Exact-Block,V1_02_medium:1403715594912143104:1403715595112143104,0.038207,formal_public_module_evidence,0.01786753177726419,0.07108023018018919,0.09696656806769473,0.22677407650421103,0.6695348578774131,0,0,V1_02_medium,4,OK,True,1420,1403715594912143104,1.1917355702404612e-08,1403715595112143104,171,True,329
0.6853353239954206,0.176058,0.15833333333333333,0.7916666666666666,411,0.6709791601964455,6.0,,16,2.017603004208502,0.7418955047485132,2.095765867239304,3.423297019464485,True,1.1539133306430567,1.3315159746357523,6,0.03296930828854794,DUC-K16,V1_02_medium:1403715594912143104:1403715595112143104,0.038207,formal_public_module_evidence,0.01786753177726419,0.07108023018018919,0.09696656806769473,0.22677407650421103,0.6695348578774131,0,0,V1_02_medium,4,OK,True,1420,1403715594912143104,1.1917355702404612e-08,1403715595112143104,171,True,329
0.7130539736803175,0.068452,0.15833333333333333,0.7916666666666666,411,0.652635923235489,6.0,,16,2.017603004208502,0.7418955047485132,2.095765867239304,3.451353725751515,True,1.1539133306430567,1.3315159746357523,6,0.03296930828854794,Permuted-K16,V1_02_medium:1403715594912143104:1403715595112143104,0.038207,formal_public_module_evidence,0.01786753177726419,0.07108023018018919,0.09696656806769473,0.22677407650421103,0.6695348578774131,0,0,V1_02_medium,4,OK,True,1420,1403715594912143104,1.1917355702404612e-08,1403715595112143104,171,True,329
0.8681402893023542,0.006409,0.008333333333333415,0.9583333333333334,411,5.824463787632432,5.999999999999998,,48,2.030933892249004,2.4133925887912295,2.110629576668267,4.019675410850435,True,1.5635569565713876,2.4447103564427803,6,0.08982738515044364,Raw,V1_02_medium:1403715594912143104:1403715595112143104,0.038926,formal_public_module_evidence,0.01426315050008753,0.06588042637144932,0.07967951922947096,0.6302952033506262,1.7920454361823435,3,0,V1_02_medium,5,OK,True,1420,1403715594912143104,6.886583666904681e-09,1403715595112143104,171,True,329
0.9326788104399252,0.002037,0.050000000000000044,1.0,411,6.212761373474593,5.999999999999998,,48,2.030933892249004,2.4133925887912295,2.110629576668267,4.057980719309765,True,1.5635569565713876,2.4447103564427803,6,0.08982738515044364,Global-DoF,V1_02_medium:1403715594912143104:1403715595112143104,0.038926,formal_public_module_evidence,0.01426315050008753,0.06588042637144932,0.07967951922947096,0.6302952033506262,1.7920454361823435,3,0,V1_02_medium,5,OK,True,1420,1403715594912143104,6.886583666904681e-09,1403715595112143104,171,True,329
1.0758019530585847,1.28478,0.050000000000000044,1.0,411,7.168730669132695,5.999999999999998,,48,2.030933892249004,2.4133925887912295,2.110629576668267,4.148629831996914,True,1.5635569565713876,2.4447103564427803,6,0.08982738515044364,DPR-Exact-Block,V1_02_medium:1403715594912143104:1403715595112143104,0.038926,formal_public_module_evidence,0.01426315050008753,0.06588042637144932,0.07967951922947096,0.6302952033506262,1.7920454361823435,3,0,V1_02_medium,5,OK,True,1420,1403715594912143104,6.886583666904681e-09,1403715595112143104,171,True,329
0.9816809422469701,0.311465,0.050000000000000044,1.0,411,6.524782338276715,5.999999999999998,,48,2.030933892249004,2.4133925887912295,2.110629576668267,4.088165413449105,True,1.5635569565713876,2.4447103564427803,6,0.08982738515044364,DUC-K16,V1_02_medium:1403715594912143104:1403715595112143104,0.038926,formal_public_module_evidence,0.01426315050008753,0.06588042637144932,0.07967951922947096,0.6302952033506262,1.7920454361823435,3,0,V1_02_medium,5,OK,True,1420,1403715594912143104,6.886583666904681e-09,1403715595112143104,171,True,329
0.9092879072724854,0.105376,0.050000000000000044,1.0,411,6.069125706712441,5.999999999999998,,48,2.030933892249004,2.4133925887912295,2.110629576668267,4.043902586654357,True,1.5635569565713876,2.4447103564427803,6,0.08982738515044364,Permuted-K16,V1_02_medium:1403715594912143104:1403715595112143104,0.038926,formal_public_module_evidence,0.01426315050008753,0.06588042637144932,0.07967951922947096,0.6302952033506262,1.7920454361823435,3,0,V1_02_medium,5,OK,True,1420,1403715594912143104,6.886583666904681e-09,1403715595112143104,171,True,329
1.1894256826929255,0.006371,0.15833333333333333,0.7916666666666666,563,1.6556664822412377,6.0,,16,2.4569450211643544,1.2867270426322894,1.8148776954088293,5.627274624234242,True,2.332206136669259,5.439185463917749,6,0.14311217784793562,Raw,V1_02_medium:1403715595412143104:1403715595612143104,0.038268,formal_public_module_evidence,0.028230371682705924,0.09790456410524312,0.13238447217293373,0.3864964393085536,0.6266522827621217,0,0,V1_02_medium,5,OK,True,1430,1403715595412143104,3.504706707983145e-10,1403715595612143104,225,True,441
0.9817863179146811,0.001937,0.15833333333333333,0.7916666666666666,563,2.037743362758446,6.0,,16,2.4569450211643544,1.2867270426322894,1.8148776954088293,5.218940128682817,True,2.332206136669259,5.439185463917749,6,0.14311217784793562,Global-DoF,V1_02_medium:1403715595412143104:1403715595612143104,0.038268,formal_public_module_evidence,0.028230371682705924,0.09790456410524312,0.13238447217293373,0.3864964393085536,0.6266522827621217,0,0,V1_02_medium,5,OK,True,1430,1403715595412143104,3.504706707983145e-10,1403715595612143104,225,True,441
0.7421170532660252,0.453796,0.15833333333333333,0.7916666666666666,563,2.5896228969913753,6.0,,16,2.4569450211643544,1.2867270426322894,1.8148776954088293,4.889766753741816,True,2.332206136669259,5.439185463917749,6,0.14311217784793562,DPR-Exact-Block,V1_02_medium:1403715595412143104:1403715595612143104,0.038268,formal_public_module_evidence,0.028230371682705924,0.09790456410524312,0.13238447217293373,0.3864964393085536,0.6266522827621217,0,0,V1_02_medium,5,OK,True,1430,1403715595412143104,3.504706707983145e-10,1403715595612143104,225,True,441
0.896565318189928,0.176926,0.15833333333333333,0.7916666666666666,563,2.2190163243980594,6.0,,16,2.4569450211643544,1.2867270426322894,1.8148776954088293,5.0861107154912615,True,2.332206136669259,5.439185463917749,6,0.14311217784793562,DUC-K16,V1_02_medium:1403715595412143104:1403715595612143104,0.038268,formal_public_module_evidence,0.028230371682705924,0.09790456410524312,0.13238447217293373,0.3864964393085536,0.6266522827621217,0,0,V1_02_medium,5,OK,True,1430,1403715595412143104,3.504706707983145e-10,1403715595612143104,225,True,441
1.0551622223852861,0.069627,0.15833333333333333,0.7916666666666666,563,1.893575983920158,6.0,,16,2.4569450211643544,1.2867270426322894,1.8148776954088293,5.348785253136582,True,2.332206136669259,5.439185463917749,6,0.14311217784793562,Permuted-K16,V1_02_medium:1403715595412143104:1403715595612143104,0.038268,formal_public_module_evidence,0.028230371682705924,0.09790456410524312,0.13238447217293373,0.3864964393085536,0.6266522827621217,0,0,V1_02_medium,5,OK,True,1430,1403715595412143104,3.504706707983145e-10,1403715595612143104,225,True,441
0.7213229155905786,0.006227,0.050000000000000044,1.0,563,0.972958834563166,6.0,,48,2.1210233330743145,0.9863867570903241,1.794965186442129,2.296572310530229,True,0.6877236381286447,0.47296380244089903,6,0.04286173592675013,Raw,V1_02_medium:1403715595412143104:1403715595612143104,0.038389,formal_public_module_evidence,0.010845075605240229,0.04081716195917974,0.05231701712956835,0.37887512067001156,1.0148532075483283,3,0,V1_02_medium,4,OK,True,1430,1403715595412143104,3.7512824666466264e-10,1403715595612143104,225,True,441
0.7858614367281501,0.002053,0.050000000000000044,1.0,563,1.0378227568673775,6.0,,48,2.1210233330743145,0.9863867570903241,1.794965186442129,2.3307290348204264,True,0.6877236381286447,0.47296380244089903,6,0.04286173592675013,Global-DoF,V1_02_medium:1403715595412143104:1403715595612143104,0.038389,formal_public_module_evidence,0.010845075605240229,0.04081716195917974,0.05231701712956835,0.37887512067001156,1.0148532075483283,3,0,V1_02_medium,4,OK,True,1430,1403715595412143104,3.7512824666466264e-10,1403715595612143104,225,True,441
0.8083145899223841,1.281832,0.050000000000000044,1.0,563,1.0613887253203844,6.0,,48,2.1210233330743145,0.9863867570903241,1.794965186442129,2.3430637019835205,True,0.6877236381286447,0.47296380244089903,6,0.04286173592675013,DPR-Exact-Block,V1_02_medium:1403715595412143104:1403715595612143104,0.038389,formal_public_module_evidence,0.010845075605240229,0.04081716195917974,0.05231701712956835,0.37887512067001156,1.0148532075483283,3,0,V1_02_medium,4,OK,True,1430,1403715595412143104,3.7512824666466264e-10,1403715595612143104,225,True,441
0.7645071685230368,0.316791,0.050000000000000044,1.0,563,1.0158957620600721,6.0,,48,2.1210233330743145,0.9863867570903241,1.794965186442129,2.3192111326075984,True,0.6877236381286447,0.47296380244089903,6,0.04286173592675013,DUC-K16,V1_02_medium:1403715595412143104:1403715595612143104,0.038389,formal_public_module_evidence,0.010845075605240229,0.04081716195917974,0.05231701712956835,0.37887512067001156,1.0148532075483283,3,0,V1_02_medium,4,OK,True,1430,1403715595412143104,3.7512824666466264e-10,1403715595612143104,225,True,441
0.7601688156116444,0.106904,0.050000000000000044,1.0,563,1.0114979941553066,6.0,,48,2.1210233330743145,0.9863867570903241,1.794965186442129,2.316896945272864,True,0.6877236381286447,0.47296380244089903,6,0.04286173592675013,Permuted-K16,V1_02_medium:1403715595412143104:1403715595612143104,0.038389,formal_public_module_evidence,0.010845075605240229,0.04081716195917974,0.05231701712956835,0.37887512067001156,1.0148532075483283,3,0,V1_02_medium,4,OK,True,1430,1403715595412143104,3.7512824666466264e-10,1403715595612143104,225,True,441
0.3390187972035148,0.006603,0.050000000000000044,1.0,461,0.7138686339040572,5.999999999999999,,16,1.5987393448009768,0.8449074706167873,1.4765951336893453,2.213289803247964,True,0.7131685018909024,0.5086093120893141,6,0.04932492169376168,Raw,V1_02_medium:1403715595912143104:1403715596112143104,0.036951,formal_public_module_evidence,0.028097012030189772,0.20898126837269776,0.12503707767145675,0.36274881660230096,0.9547505767731548,0,0,V1_02_medium,4,OK,True,1440,1403715595912143104,9.29380572215017e-11,1403715596112143104,162,True,347
0.5466581619817593,0.002075,0.050000000000000044,1.0,461,0.8786075494203781,5.999999999999999,,16,1.5987393448009768,0.8449074706167873,1.4765951336893453,2.2873412199254335,True,0.7131685018909024,0.5086093120893141,6,0.04932492169376168,Global-DoF,V1_02_medium:1403715595912143104:1403715596112143104,0.036951,formal_public_module_evidence,0.028097012030189772,0.20898126837269776,0.12503707767145675,0.36274881660230096,0.9547505767731548,0,0,V1_02_medium,4,OK,True,1440,1403715595912143104,9.29380572215017e-11,1403715596112143104,162,True,347
0.5246674752179573,0.452665,0.050000000000000044,1.0,461,0.8594972603264805,5.999999999999999,,16,1.5987393448009768,0.8449074706167873,1.4765951336893453,2.2782215286189285,True,0.7131685018909024,0.5086093120893141,6,0.04932492169376168,DPR-Exact-Block,V1_02_medium:1403715595912143104:1403715596112143104,0.036951,formal_public_module_evidence,0.028097012030189772,0.20898126837269776,0.12503707767145675,0.36274881660230096,0.9547505767731548,0,0,V1_02_medium,4,OK,True,1440,1403715595912143104,9.29380572215017e-11,1403715596112143104,162,True,347
0.5728145008979335,0.176381,0.050000000000000044,1.0,461,0.9018918953880869,5.999999999999999,,16,1.5987393448009768,0.8449074706167873,1.4765951336893453,2.2985524550304572,True,0.7131685018909024,0.5086093120893141,6,0.04932492169376168,DUC-K16,V1_02_medium:1403715595912143104:1403715596112143104,0.036951,formal_public_module_evidence,0.028097012030189772,0.20898126837269776,0.12503707767145675,0.36274881660230096,0.9547505767731548,0,0,V1_02_medium,4,OK,True,1440,1403715595912143104,9.29380572215017e-11,1403715596112143104,162,True,347
1.1868620293866505,0.068349,0.050000000000000044,1.0,461,1.6666021491126148,5.999999999999999,,16,1.5987393448009768,0.8449074706167873,1.4765951336893453,2.6538413797268934,True,0.7131685018909024,0.5086093120893141,6,0.04932492169376168,Permuted-K16,V1_02_medium:1403715595912143104:1403715596112143104,0.036951,formal_public_module_evidence,0.028097012030189772,0.20898126837269776,0.12503707767145675,0.36274881660230096,0.9547505767731548,0,0,V1_02_medium,4,OK,True,1440,1403715595912143104,9.29380572215017e-11,1403715596112143104,162,True,347
0.8762884202908685,0.005917,0.050000000000000044,1.0,461,0.8806587372431337,6.000000000000001,,48,1.4082181891806862,0.9384341944127642,1.477552684699461,2.1271172519597843,True,0.6055084544106484,0.3666404883627723,6,0.005510911383830419,Raw,V1_02_medium:1403715595912143104:1403715596112143104,0.038717,formal_public_module_evidence,0.01220233280182631,0.041154405030326136,0.0548528234957772,0.46712816219477005,1.0783476078544385,4,0,V1_02_medium,5,OK,True,1440,1403715595912143104,4.400994240202218e-11,1403715596112143104,162,True,347
0.9408269414284399,0.00197,0.050000000000000044,1.0,461,0.9393693197260095,6.000000000000001,,48,1.4082181891806862,0.9384341944127642,1.477552684699461,2.1656354435944567,True,0.6055084544106484,0.3666404883627723,6,0.005510911383830419,Global-DoF,V1_02_medium:1403715595912143104:1403715596112143104,0.038717,formal_public_module_evidence,0.01220233280182631,0.041154405030326136,0.0548528234957772,0.46712816219477005,1.0783476078544385,4,0,V1_02_medium,5,OK,True,1440,1403715595912143104,4.400994240202218e-11,1403715596112143104,162,True,347
0.9529431515108415,1.278483,0.050000000000000044,1.0,461,0.9508201459731241,6.000000000000001,,48,1.4082181891806862,0.9384341944127642,1.477552684699461,2.1730511705209388,True,0.6055084544106484,0.3666404883627723,6,0.005510911383830419,DPR-Exact-Block,V1_02_medium:1403715595912143104:1403715596112143104,0.038717,formal_public_module_evidence,0.01220233280182631,0.041154405030326136,0.0548528234957772,0.46712816219477005,1.0783476078544385,4,0,V1_02_medium,5,OK,True,1440,1403715595912143104,4.400994240202218e-11,1403715596112143104,162,True,347
0.9474169990342052,0.314727,0.050000000000000044,1.0,461,0.9455802604067055,6.000000000000001,,48,1.4082181891806862,0.9384341944127642,1.477552684699461,2.1696618258074243,True,0.6055084544106484,0.3666404883627723,6,0.005510911383830419,DUC-K16,V1_02_medium:1403715595912143104:1403715596112143104,0.038717,formal_public_module_evidence,0.01220233280182631,0.041154405030326136,0.0548528234957772,0.46712816219477005,1.0783476078544385,4,0,V1_02_medium,5,OK,True,1440,1403715595912143104,4.400994240202218e-11,1403715596112143104,162,True,347
0.9346385040916206,0.103651,0.050000000000000044,1.0,461,0.933574041906589,6.000000000000001,,48,1.4082181891806862,0.9384341944127642,1.477552684699461,2.161869873084261,True,0.6055084544106484,0.3666404883627723,6,0.005510911383830419,Permuted-K16,V1_02_medium:1403715595912143104:1403715596112143104,0.038717,formal_public_module_evidence,0.01220233280182631,0.041154405030326136,0.0548528234957772,0.46712816219477005,1.0783476078544385,4,0,V1_02_medium,5,OK,True,1440,1403715595912143104,4.400994240202218e-11,1403715596112143104,162,True,347
,,,,662,,,INSUFFICIENT_TRACKS,16,,,,,,,,,,Raw,V1_02_medium:1403715596412143104:1403715596612143104,,formal_public_module_evidence,,,,,,,,V1_02_medium,,,,1450,1403715596412143104,,1403715596612143104,27,False,533
,,,,662,,,INSUFFICIENT_TRACKS,16,,,,,,,,,,Global-DoF,V1_02_medium:1403715596412143104:1403715596612143104,,formal_public_module_evidence,,,,,,,,V1_02_medium,,,,1450,1403715596412143104,,1403715596612143104,27,False,533
,,,,662,,,INSUFFICIENT_TRACKS,16,,,,,,,,,,DPR-Exact-Block,V1_02_medium:1403715596412143104:1403715596612143104,,formal_public_module_evidence,,,,,,,,V1_02_medium,,,,1450,1403715596412143104,,1403715596612143104,27,False,533
,,,,662,,,INSUFFICIENT_TRACKS,16,,,,,,,,,,DUC-K16,V1_02_medium:1403715596412143104:1403715596612143104,,formal_public_module_evidence,,,,,,,,V1_02_medium,,,,1450,1403715596412143104,,1403715596612143104,27,False,533
,,,,662,,,INSUFFICIENT_TRACKS,16,,,,,,,,,,Permuted-K16,V1_02_medium:1403715596412143104:1403715596612143104,,formal_public_module_evidence,,,,,,,,V1_02_medium,,,,1450,1403715596412143104,,1403715596612143104,27,False,533
,,,,662,,,INSUFFICIENT_TRACKS,48,,,,,,,,,,Raw,V1_02_medium:1403715596412143104:1403715596612143104,,formal_public_module_evidence,,,,,,,,V1_02_medium,,,,1450,1403715596412143104,,1403715596612143104,27,False,533
,,,,662,,,INSUFFICIENT_TRACKS,48,,,,,,,,,,Global-DoF,V1_02_medium:1403715596412143104:1403715596612143104,,formal_public_module_evidence,,,,,,,,V1_02_medium,,,,1450,1403715596412143104,,1403715596612143104,27,False,533
,,,,662,,,INSUFFICIENT_TRACKS,48,,,,,,,,,,DPR-Exact-Block,V1_02_medium:1403715596412143104:1403715596612143104,,formal_public_module_evidence,,,,,,,,V1_02_medium,,,,1450,1403715596412143104,,1403715596612143104,27,False,533
,,,,662,,,INSUFFICIENT_TRACKS,48,,,,,,,,,,DUC-K16,V1_02_medium:1403715596412143104:1403715596612143104,,formal_public_module_evidence,,,,,,,,V1_02_medium,,,,1450,1403715596412143104,,1403715596612143104,27,False,533
,,,,662,,,INSUFFICIENT_TRACKS,48,,,,,,,,,,Permuted-K16,V1_02_medium:1403715596412143104:1403715596612143104,,formal_public_module_evidence,,,,,,,,V1_02_medium,,,,1450,1403715596412143104,,1403715596612143104,27,False,533
0.6990098047829879,0.006559,0.19999999999999996,0.75,630,0.1668805717007373,5.999999999999999,,16,1.5158229558924308,0.40851018555323354,2.106373225020454,2.059159890567443,True,0.5794166087855691,0.33572360653656924,6,0.20728368791112772,Raw,V1_02_medium:1403715596912143104:1403715597112143104,0.037222,formal_public_module_evidence,0.022004970871222884,0.11011683313363912,0.10664312978452495,0.31111537238434817,0.46532894747344733,0,0,V1_02_medium,4,OK,True,1460,1403715596912143104,3.364345170450309e-10,1403715597112143104,426,True,522
0.49137044000474367,0.00202,0.19999999999999996,0.75,630,0.20539147286244588,5.999999999999999,,16,1.5158229558924308,0.40851018555323354,2.106373225020454,1.8895943142067628,True,0.5794166087855691,0.33572360653656924,6,0.20728368791112772,Global-DoF,V1_02_medium:1403715596912143104:1403715597112143104,0.037222,formal_public_module_evidence,0.022004970871222884,0.11011683313363912,0.10664312978452495,0.31111537238434817,0.46532894747344733,0,0,V1_02_medium,4,OK,True,1460,1403715596912143104,3.364345170450309e-10,1403715597112143104,426,True,522
0.2592438453543267,0.453972,0.07499999999999996,0.875,630,0.25905603159194174,5.999999999999999,,16,1.5158229558924308,0.40851018555323354,2.106373225020454,1.7831159415567879,True,0.5794166087855691,0.33572360653656924,6,0.20728368791112772,DPR-Exact-Block,V1_02_medium:1403715596912143104:1403715597112143104,0.037222,formal_public_module_evidence,0.022004970871222884,0.11011683313363912,0.10664312978452495,0.31111537238434817,0.46532894747344733,0,0,V1_02_medium,4,OK,True,1460,1403715596912143104,3.364345170450309e-10,1403715597112143104,426,True,522
0.49153370682079084,0.179067,0.19999999999999996,0.75,630,0.20535794198794244,5.999999999999999,,16,1.5158229558924308,0.40851018555323354,2.106373225020454,1.889697937726151,True,0.5794166087855691,0.33572360653656924,6,0.20728368791112772,DUC-K16,V1_02_medium:1403715596912143104:1403715597112143104,0.037222,formal_public_module_evidence,0.022004970871222884,0.11011683313363912,0.10664312978452495,0.31111537238434817,0.46532894747344733,0,0,V1_02_medium,4,OK,True,1460,1403715596912143104,3.364345170450309e-10,1403715597112143104,426,True,522
0.4156646126194161,0.068645,0.19999999999999996,0.75,630,0.22154453034896343,5.999999999999999,,16,1.5158229558924308,0.40851018555323354,2.106373225020454,1.8461229417839429,True,0.5794166087855691,0.33572360653656924,6,0.20728368791112772,Permuted-K16,V1_02_medium:1403715596912143104:1403715597112143104,0.037222,formal_public_module_evidence,0.022004970871222884,0.11011683313363912,0.10664312978452495,0.31111537238434817,0.46532894747344733,0,0,V1_02_medium,4,OK,True,1460,1403715596912143104,3.364345170450309e-10,1403715597112143104,426,True,522
0.18237562441667945,0.006166,0.033333333333333326,0.9166666666666666,630,0.34552134603231516,5.999999999999999,,48,1.5150579231530406,0.5878106379033261,2.1070246098627736,1.6084644899423575,True,0.5365807371834161,0.28791888751629835,6,0.004616435162278054,Raw,V1_02_medium:1403715596912143104:1403715597112143104,0.038344,formal_public_module_evidence,0.012023685629584835,0.031170768161193897,0.05396249528885133,0.5604055504757872,1.0,8,0,V1_02_medium,4,OK,True,1460,1403715596912143104,2.580627718579353e-10,1403715597112143104,426,True,522
0.24691414555425062,0.002103,0.008333333333333415,0.9583333333333334,630,0.36855610243446946,5.999999999999999,,48,1.5150579231530406,0.5878106379033261,2.1070246098627736,1.620922493692486,True,0.5365807371834161,0.28791888751629835,6,0.004616435162278054,Global-DoF,V1_02_medium:1403715596912143104:1403715597112143104,0.038344,formal_public_module_evidence,0.012023685629584835,0.031170768161193897,0.05396249528885133,0.5604055504757872,1.0,8,0,V1_02_medium,4,OK,True,1460,1403715596912143104,2.580627718579353e-10,1403715597112143104,426,True,522
0.29393341096247677,1.27575,0.008333333333333415,0.9583333333333334,630,0.386299204682371,5.999999999999999,,48,1.5150579231530406,0.5878106379033261,2.1070246098627736,1.6320601186289638,True,0.5365807371834161,0.28791888751629835,6,0.004616435162278054,DPR-Exact-Block,V1_02_medium:1403715596912143104:1403715597112143104,0.038344,formal_public_module_evidence,0.012023685629584835,0.031170768161193897,0.05396249528885133,0.5604055504757872,1.0,8,0,V1_02_medium,4,OK,True,1460,1403715596912143104,2.580627718579353e-10,1403715597112143104,426,True,522
0.28930628715508383,0.312428,0.008333333333333415,0.9583333333333334,630,0.38451587945071525,5.999999999999999,,48,1.5150579231530406,0.5878106379033261,2.1070246098627736,1.6308897021963429,True,0.5365807371834161,0.28791888751629835,6,0.004616435162278054,DUC-K16,V1_02_medium:1403715596912143104:1403715597112143104,0.038344,formal_public_module_evidence,0.012023685629584835,0.031170768161193897,0.05396249528885133,0.5604055504757872,1.0,8,0,V1_02_medium,4,OK,True,1460,1403715596912143104,2.580627718579353e-10,1403715597112143104,426,True,522
0.2501963630724404,0.104404,0.008333333333333415,0.9583333333333334,630,0.3697677711226424,5.999999999999999,,48,1.5150579231530406,0.5878106379033261,2.1070246098627736,1.6216448207695502,True,0.5365807371834161,0.28791888751629835,6,0.004616435162278054,Permuted-K16,V1_02_medium:1403715596912143104:1403715597112143104,0.038344,formal_public_module_evidence,0.012023685629584835,0.031170768161193897,0.05396249528885133,0.5604055504757872,1.0,8,0,V1_02_medium,4,OK,True,1460,1403715596912143104,2.580627718579353e-10,1403715597112143104,426,True,522
0.7559656012231677,0.00599,0.11666666666666659,0.8333333333333334,703,0.8178563518697426,6.0,,16,2.8584016499552107,0.9043541075650304,2.475278133572763,3.7664754394890108,True,1.319758172589286,1.7417616341162114,6,0.0495030270638086,Raw,V1_02_medium:1403715597412143104:1403715597612143104,0.037622,formal_public_module_evidence,0.02047178011425227,0.09558804107500707,0.09949026702504879,0.2912079606519508,0.6305459280620913,0,0,V1_02_medium,5,OK,True,1470,1403715597412143104,7.023653142385047e-10,1403715597612143104,146,True,663
0.5483262364449233,0.001982,0.07499999999999996,0.875,703,1.0065924330704523,6.0,,16,2.8584016499552107,0.9043541075650304,2.475278133572763,3.5748022530470096,True,1.319758172589286,1.7417616341162114,6,0.0495030270638086,Global-DoF,V1_02_medium:1403715597412143104:1403715597612143104,0.037622,formal_public_module_evidence,0.02047178011425227,0.09558804107500707,0.09949026702504879,0.2912079606519508,0.6305459280620913,0,0,V1_02_medium,5,OK,True,1470,1403715597412143104,7.023653142385047e-10,1403715597612143104,146,True,663
0.45576426753947324,0.452087,0.07499999999999996,0.875,703,1.1042128927743637,6.0,,16,2.8584016499552107,0.9043541075650304,2.475278133572763,3.5143882949611904,True,1.319758172589286,1.7417616341162114,6,0.0495030270638086,DPR-Exact-Block,V1_02_medium:1403715597412143104:1403715597612143104,0.037622,formal_public_module_evidence,0.02047178011425227,0.09558804107500707,0.09949026702504879,0.2912079606519508,0.6305459280620913,0,0,V1_02_medium,5,OK,True,1470,1403715597412143104,7.023653142385047e-10,1403715597612143104,146,True,663
0.4074475229736972,0.175004,0.033333333333333326,0.9166666666666666,703,1.1588747734895795,6.0,,16,2.8584016499552107,0.9043541075650304,2.475278133572763,3.4883031496206685,True,1.319758172589286,1.7417616341162114,6,0.0495030270638086,DUC-K16,V1_02_medium:1403715597412143104:1403715597612143104,0.037622,formal_public_module_evidence,0.02047178011425227,0.09558804107500707,0.09949026702504879,0.2912079606519508,0.6305459280620913,0,0,V1_02_medium,5,OK,True,1470,1403715597412143104,7.023653142385047e-10,1403715597612143104,146,True,663
0.5831104999874193,0.068163,0.07499999999999996,0.875,703,0.9721808175602451,6.0,,16,2.8584016499552107,0.9043541075650304,2.475278133572763,3.601266153263863,True,1.319758172589286,1.7417616341162114,6,0.0495030270638086,Permuted-K16,V1_02_medium:1403715597412143104:1403715597612143104,0.037622,formal_public_module_evidence,0.02047178011425227,0.09558804107500707,0.09949026702504879,0.2912079606519508,0.6305459280620913,0,0,V1_02_medium,5,OK,True,1470,1403715597412143104,7.023653142385047e-10,1403715597612143104,146,True,663
0.5610091346074759,0.006142,0.11666666666666659,0.8333333333333334,703,0.9923843762773134,6.0,,48,2.7169077961996106,0.9961849106854176,2.4680453552697643,3.5826723519520356,True,1.3187471827984376,1.739094132138816,6,0.02045709823397268,Raw,V1_02_medium:1403715597412143104:1403715597612143104,0.037969,formal_public_module_evidence,0.014235378477745975,0.04064164899763073,0.06224221947470864,0.4117819327475545,1.264995882268886,3,0,V1_02_medium,4,OK,True,1470,1403715597412143104,8.180153000593e-09,1403715597612143104,146,True,663
0.49647061346990484,0.00202,0.11666666666666659,0.8333333333333334,703,1.0585433346958009,6.0,,48,2.7169077961996106,0.9961849106854176,2.4680453552697643,3.537683369576893,True,1.3187471827984376,1.739094132138816,6,0.02045709823397268,Global-DoF,V1_02_medium:1403715597412143104:1403715597612143104,0.037969,formal_public_module_evidence,0.014235378477745975,0.04064164899763073,0.06224221947470864,0.4117819327475545,1.264995882268886,3,0,V1_02_medium,4,OK,True,1470,1403715597412143104,8.180153000593e-09,1403715597612143104,146,True,663
0.46016975636488444,1.287869,0.11666666666666659,0.8333333333333334,703,1.0976753304255065,6.0,,48,2.7169077961996106,0.9961849106854176,2.4680453552697643,3.515414588452682,True,1.3187471827984376,1.739094132138816,6,0.02045709823397268,DPR-Exact-Block,V1_02_medium:1403715597412143104:1403715597612143104,0.037969,formal_public_module_evidence,0.014235378477745975,0.04064164899763073,0.06224221947470864,0.4117819327475545,1.264995882268886,3,0,V1_02_medium,4,OK,True,1470,1403715597412143104,8.180153000593e-09,1403715597612143104,146,True,663
0.43991909392793677,0.312931,0.11666666666666659,0.8333333333333334,703,1.1201305824890295,6.0,,48,2.7169077961996106,0.9961849106854176,2.4680453552697643,3.503903936579084,True,1.3187471827984376,1.739094132138816,6,0.02045709823397268,DUC-K16,V1_02_medium:1403715597412143104:1403715597612143104,0.037969,formal_public_module_evidence,0.014235378477745975,0.04064164899763073,0.06224221947470864,0.4117819327475545,1.264995882268886,3,0,V1_02_medium,4,OK,True,1470,1403715597412143104,8.180153000593e-09,1403715597612143104,146,True,663
0.4925663528987885,0.105496,0.11666666666666659,0.8333333333333334,703,1.0626842420308173,6.0,,48,2.7169077961996106,0.9961849106854176,2.4680453552697643,3.5351857768305766,True,1.3187471827984376,1.739094132138816,6,0.02045709823397268,Permuted-K16,V1_02_medium:1403715597412143104:1403715597612143104,0.037969,formal_public_module_evidence,0.014235378477745975,0.04064164899763073,0.06224221947470864,0.4117819327475545,1.264995882268886,3,0,V1_02_medium,4,OK,True,1470,1403715597412143104,8.180153000593e-09,1403715597612143104,146,True,663
0.10545316026185729,0.00682,0.07499999999999996,0.875,231,2.095984358797467,6.0,,16,2.4259982402570657,1.4477514837835488,1.7922453495682533,3.689114424763036,True,1.526134750652285,2.3290872771485125,6,0.057158864428282885,Raw,V1_02_medium:1403715597912143104:1403715598112143104,0.039716,formal_public_module_evidence,0.03523910826435417,0.07672221975244092,0.13730334274656625,0.2985820521517524,0.732657696966603,0,0,V1_02_medium,5,OK,True,1480,1403715597912143104,1.8540038225361275e-10,1403715598112143104,134,True,219
0.10218620451638721,0.002067,0.07499999999999996,0.875,231,2.579673056981498,6.0,,16,2.4259982402570657,1.4477514837835488,1.7922453495682533,3.6884011543546813,True,1.526134750652285,2.3290872771485125,6,0.057158864428282885,Global-DoF,V1_02_medium:1403715597912143104:1403715598112143104,0.039716,formal_public_module_evidence,0.03523910826435417,0.07672221975244092,0.13730334274656625,0.2985820521517524,0.732657696966603,0,0,V1_02_medium,5,OK,True,1480,1403715597912143104,1.8540038225361275e-10,1403715598112143104,134,True,219
0.07739906033054747,0.458004,0.07499999999999996,0.875,231,2.516516300387842,6.0,,16,2.4259982402570657,1.4477514837835488,1.7922453495682533,3.6862730324361572,True,1.526134750652285,2.3290872771485125,6,0.057158864428282885,DPR-Exact-Block,V1_02_medium:1403715597912143104:1403715598112143104,0.039716,formal_public_module_evidence,0.03523910826435417,0.07672221975244092,0.13730334274656625,0.2985820521517524,0.732657696966603,0,0,V1_02_medium,5,OK,True,1480,1403715597912143104,1.8540038225361275e-10,1403715598112143104,134,True,219
0.01854158273955953,0.175637,0.07499999999999996,0.875,231,2.3726750863424093,6.0,,16,2.4259982402570657,1.4477514837835488,1.7922453495682533,3.683524368345374,True,1.526134750652285,2.3290872771485125,6,0.057158864428282885,DUC-K16,V1_02_medium:1403715597912143104:1403715598112143104,0.039716,formal_public_module_evidence,0.03523910826435417,0.07672221975244092,0.13730334274656625,0.2985820521517524,0.732657696966603,0,0,V1_02_medium,5,OK,True,1480,1403715597912143104,1.8540038225361275e-10,1403715598112143104,134,True,219
0.001854028875452187,0.068819,0.07499999999999996,0.875,231,2.324773082639637,6.0,,16,2.4259982402570657,1.4477514837835488,1.7922453495682533,3.683355250470574,True,1.526134750652285,2.3290872771485125,6,0.057158864428282885,Permuted-K16,V1_02_medium:1403715597912143104:1403715598112143104,0.039716,formal_public_module_evidence,0.03523910826435417,0.07672221975244092,0.13730334274656625,0.2985820521517524,0.732657696966603,0,0,V1_02_medium,5,OK,True,1480,1403715597912143104,1.8540038225361275e-10,1403715598112143104,134,True,219
0.2790953165468768,0.005998,0.07499999999999996,0.875,231,1.3928098674630582,6.0,,48,1.8179325055367874,1.1801736598751296,1.8032863787575293,3.49113360046505,True,1.3569089136934347,1.841201800060697,6,0.006120871075434242,Raw,V1_02_medium:1403715597912143104:1403715598112143104,0.038291,formal_public_module_evidence,0.010612196434525711,0.04017212691483286,0.0463020101436744,0.3208087272270369,1.0,8,0,V1_02_medium,4,OK,True,1480,1403715597912143104,3.915931011864535e-09,1403715598112143104,134,True,219
0.21455679540930606,0.001967,0.07499999999999996,0.875,231,1.4856638586272615,6.0,,48,1.8179325055367874,1.1801736598751296,1.8032863787575293,3.473051287853506,True,1.3569089136934347,1.841201800060697,6,0.006120871075434242,Global-DoF,V1_02_medium:1403715597912143104:1403715598112143104,0.038291,formal_public_module_evidence,0.010612196434525711,0.04017212691483286,0.0463020101436744,0.3208087272270369,1.0,8,0,V1_02_medium,4,OK,True,1480,1403715597912143104,3.915931011864535e-09,1403715598112143104,134,True,219
0.21668588138783143,1.282517,0.07499999999999996,0.875,231,1.48250411741101,6.0,,48,1.8179325055367874,1.1801736598751296,1.8032863787575293,3.473563615655747,True,1.3569089136934347,1.841201800060697,6,0.006120871075434242,DPR-Exact-Block,V1_02_medium:1403715597912143104:1403715598112143104,0.038291,formal_public_module_evidence,0.010612196434525711,0.04017212691483286,0.0463020101436744,0.3208087272270369,1.0,8,0,V1_02_medium,4,OK,True,1480,1403715597912143104,3.915931011864535e-09,1403715598112143104,134,True,219
0.22282556178686774,0.316155,0.07499999999999996,0.875,231,1.4734299008395368,6.0,,48,1.8179325055367874,1.1801736598751296,1.8032863787575293,3.475072591521666,True,1.3569089136934347,1.841201800060697,6,0.006120871075434242,DUC-K16,V1_02_medium:1403715597912143104:1403715598112143104,0.038291,formal_public_module_evidence,0.010612196434525711,0.04017212691483286,0.0463020101436744,0.3208087272270369,1.0,8,0,V1_02_medium,4,OK,True,1480,1403715597912143104,3.915931011864535e-09,1403715598112143104,134,True,219
0.25671441644437376,0.105085,0.07499999999999996,0.875,231,1.4243336554870527,6.0,,48,1.8179325055367874,1.1801736598751296,1.8032863787575293,3.4842570676402134,True,1.3569089136934347,1.841201800060697,6,0.006120871075434242,Permuted-K16,V1_02_medium:1403715597912143104:1403715598112143104,0.038291,formal_public_module_evidence,0.010612196434525711,0.04017212691483286,0.0463020101436744,0.3208087272270369,1.0,8,0,V1_02_medium,4,OK,True,1480,1403715597912143104,3.915931011864535e-09,1403715598112143104,134,True,219
5.001548961738175,0.006401,0.11666666666666659,0.8333333333333334,223,3.0870154184820815,5.999999999999998,,16,1.9962387770516032,1.756990443480579,0.2520611530626196,151.60830534854216,True,21.421109283297138,458.8639229269589,6,0.03764654793500788,Raw,V1_02_medium:1403715598412143104:1403715598612143104,0.042599,formal_public_module_evidence,0.028044523330596483,0.06873884274953729,0.09946983679840678,0.21578189367481823,0.7808057283097324,0,0,V1_02_medium,5,OK,True,1490,1403715598412143104,4.884206079395757e-10,1403715598612143104,105,True,177
4.793909596959931,0.001925,0.11666666666666659,0.8333333333333334,223,3.799403591977946,5.999999999999998,,16,1.9962387770516032,1.756990443480579,0.2520611530626196,123.94534029919991,True,21.421109283297138,458.8639229269589,6,0.03764654793500788,Global-DoF,V1_02_medium:1403715598412143104:1403715598612143104,0.042599,formal_public_module_evidence,0.028044523330596483,0.06873884274953729,0.09946983679840678,0.21578189367481823,0.7808057283097324,0,0,V1_02_medium,5,OK,True,1490,1403715598412143104,4.884206079395757e-10,1403715598612143104,105,True,177
4.844275095104215,0.449901,0.11666666666666659,0.8333333333333334,223,3.6127837851306652,5.999999999999998,,16,1.9962387770516032,1.756990443480579,0.2520611530626196,130.13353326304934,True,21.421109283297138,458.8639229269589,6,0.03764654793500788,DPR-Exact-Block,V1_02_medium:1403715598412143104:1403715598612143104,0.042599,formal_public_module_evidence,0.028044523330596483,0.06873884274953729,0.09946983679840678,0.21578189367481823,0.7808057283097324,0,0,V1_02_medium,5,OK,True,1490,1403715598412143104,4.884206079395757e-10,1403715598612143104,105,True,177
4.807319880934791,0.175714,0.11666666666666659,0.8333333333333334,223,3.7487926230764064,5.999999999999998,,16,1.9962387770516032,1.756990443480579,0.2520611530626196,125.56243345604257,True,21.421109283297138,458.8639229269589,6,0.03764654793500788,DUC-K16,V1_02_medium:1403715598412143104:1403715598612143104,0.042599,formal_public_module_evidence,0.028044523330596483,0.06873884274953729,0.09946983679840678,0.21578189367481823,0.7808057283097324,0,0,V1_02_medium,5,OK,True,1490,1403715598412143104,4.884206079395757e-10,1403715598612143104,105,True,177
4.825859101371148,0.069998,0.11666666666666659,0.8333333333333334,223,3.6799332025082516,5.999999999999998,,16,1.9962387770516032,1.756990443480579,0.2520611530626196,127.83431844495509,True,21.421109283297138,458.8639229269589,6,0.03764654793500788,Permuted-K16,V1_02_medium:1403715598412143104:1403715598612143104,0.042599,formal_public_module_evidence,0.028044523330596483,0.06873884274953729,0.09946983679840678,0.21578189367481823,0.7808057283097324,0,0,V1_02_medium,5,OK,True,1490,1403715598412143104,4.884206079395757e-10,1403715598612143104,105,True,177
1.3566571843814779,0.005765,0.11666666666666659,0.8333333333333334,223,10.093059208101167,6.0,,48,0.858608501304513,3.1769575395496186,0.2362111342158551,8.032915837482745,True,6.260453223663317,39.193274565676425,6,0.007369036889751435,Raw,V1_02_medium:1403715598412143104:1403715598612143104,0.039014,formal_public_module_evidence,0.013551081974545909,0.057542721538146505,0.07056639847754438,0.5487228344990756,1.9791332413003504,3,0,V1_02_medium,5,OK,True,1490,1403715598412143104,2.2708940892638917e-08,1403715598612143104,105,True,177
1.2921186632439068,0.002041,0.11666666666666659,0.8333333333333334,223,10.765929821974577,6.0,,48,0.858608501304513,3.1769575395496186,0.2362111342158551,7.854754934209073,True,6.260453223663317,39.193274565676425,6,0.007369036889751435,Global-DoF,V1_02_medium:1403715598412143104:1403715598612143104,0.039014,formal_public_module_evidence,0.013551081974545909,0.057542721538146505,0.07056639847754438,0.5487228344990756,1.9791332413003504,3,0,V1_02_medium,5,OK,True,1490,1403715598412143104,2.2708940892638917e-08,1403715598612143104,105,True,177
1.2028732770314623,1.27908,0.11666666666666659,0.8333333333333334,223,11.7709177023188,6.0,,48,0.858608501304513,3.1769575395496186,0.2362111342158551,7.633179210800082,True,6.260453223663317,39.193274565676425,6,0.007369036889751435,DPR-Exact-Block,V1_02_medium:1403715598412143104:1403715598612143104,0.039014,formal_public_module_evidence,0.013551081974545909,0.057542721538146505,0.07056639847754438,0.5487228344990756,1.9791332413003504,3,0,V1_02_medium,5,OK,True,1490,1403715598412143104,2.2708940892638917e-08,1403715598612143104,105,True,177
1.1955312588407174,0.311319,0.11666666666666659,0.8333333333333334,223,11.857658029093415,6.0,,48,0.858608501304513,3.1769575395496186,0.2362111342158551,7.616164253490607,True,6.260453223663317,39.193274565676425,6,0.007369036889751435,DUC-K16,V1_02_medium:1403715598412143104:1403715598612143104,0.039014,formal_public_module_evidence,0.013551081974545909,0.057542721538146505,0.07056639847754438,0.5487228344990756,1.9791332413003504,3,0,V1_02_medium,5,OK,True,1490,1403715598412143104,2.2708940892638917e-08,1403715598612143104,105,True,177
1.2799511564636497,0.104855,0.11666666666666659,0.8333333333333334,223,10.897724526566465,6.0,,48,0.858608501304513,3.1769575395496186,0.2362111342158551,7.822895132076918,True,6.260453223663317,39.193274565676425,6,0.007369036889751435,Permuted-K16,V1_02_medium:1403715598412143104:1403715598612143104,0.039014,formal_public_module_evidence,0.013551081974545909,0.057542721538146505,0.07056639847754438,0.5487228344990756,1.9791332413003504,3,0,V1_02_medium,5,OK,True,1490,1403715598412143104,2.2708940892638917e-08,1403715598612143104,105,True,177
2.0017382318174324,0.006069,0.050000000000000044,1.0,210,12.991142439737741,5.999999999999999,,16,1.213507890364022,3.604322743559148,2.1799095049012287,4.537245084333782,True,1.3248043276862145,1.7551065066561229,6,0.03975253442191162,Raw,V1_02_medium:1403715598912143104:1403715599112143104,0.037744,formal_public_module_evidence,0.017776080176477693,0.04656972729446607,0.0626415270809067,0.19734430792371468,0.7007591353300187,0,0,V1_02_medium,5,OK,True,1500,1403715598912143104,1.079648529048353e-10,1403715599112143104,151,True,205
2.209377596595677,0.001981,0.050000000000000044,1.0,210,15.98909838736953,5.999999999999999,,16,1.213507890364022,3.604322743559148,2.1799095049012287,4.719553153460043,True,1.3248043276862145,1.7551065066561229,6,0.03975253442191162,Global-DoF,V1_02_medium:1403715598912143104:1403715599112143104,0.037744,formal_public_module_evidence,0.017776080176477693,0.04656972729446607,0.0626415270809067,0.19734430792371468,0.7007591353300187,0,0,V1_02_medium,5,OK,True,1500,1403715598912143104,1.079648529048353e-10,1403715599112143104,151,True,205
2.1540171215528794,0.488909,0.050000000000000044,1.0,210,15.127989907002407,5.999999999999999,,16,1.213507890364022,3.604322743559148,2.1799095049012287,4.670440895955356,True,1.3248043276862145,1.7551065066561229,6,0.03975253442191162,DPR-Exact-Block,V1_02_medium:1403715598912143104:1403715599112143104,0.037744,formal_public_module_evidence,0.017776080176477693,0.04656972729446607,0.0626415270809067,0.19734430792371468,0.7007591353300187,0,0,V1_02_medium,5,OK,True,1500,1403715598912143104,1.079648529048353e-10,1403715599112143104,151,True,205
2.192999858720883,0.177965,0.050000000000000044,1.0,210,15.729365846514852,5.999999999999999,,16,1.213507890364022,3.604322743559148,2.1799095049012287,4.704987985017723,True,1.3248043276862145,1.7551065066561229,6,0.03975253442191162,DUC-K16,V1_02_medium:1403715598912143104:1403715599112143104,0.037744,formal_public_module_evidence,0.017776080176477693,0.04656972729446607,0.0626415270809067,0.19734430792371468,0.7007591353300187,0,0,V1_02_medium,5,OK,True,1500,1403715598912143104,1.079648529048353e-10,1403715599112143104,151,True,205
2.1913679571551112,0.070912,0.050000000000000044,1.0,210,15.703718002831362,5.999999999999999,,16,1.213507890364022,3.604322743559148,2.1799095049012287,4.703538322162051,True,1.3248043276862145,1.7551065066561229,6,0.03975253442191162,Permuted-K16,V1_02_medium:1403715598912143104:1403715599112143104,0.037744,formal_public_module_evidence,0.017776080176477693,0.04656972729446607,0.0626415270809067,0.19734430792371468,0.7007591353300187,0,0,V1_02_medium,5,OK,True,1500,1403715598912143104,1.079648529048353e-10,1403715599112143104,151,True,205
1.5978362227854148,0.006301,0.050000000000000044,1.0,210,5.190190744586295,5.999999999999999,,48,1.21804826671924,2.278199013384541,2.184259675426058,3.6869813652944976,True,1.024768889002035,1.0501512758664653,6,0.01133053121151295,Raw,V1_02_medium:1403715598912143104:1403715599112143104,0.037858,formal_public_module_evidence,0.013463609551580935,0.035870671286055617,0.05200208560125787,0.49064039629441053,1.5897357968262928,4,0,V1_02_medium,4,OK,True,1500,1403715598912143104,1.2170243006542584e-08,1403715599112143104,151,True,205
1.6623747439229857,0.001932,0.050000000000000044,1.0,210,5.536203460892047,5.999999999999999,,48,1.21804826671924,2.278199013384541,2.184259675426058,3.738874020803697,True,1.024768889002035,1.0501512758664653,6,0.01133053121151295,Global-DoF,V1_02_medium:1403715598912143104:1403715599112143104,0.037858,formal_public_module_evidence,0.013463609551580935,0.035870671286055617,0.05200208560125787,0.49064039629441053,1.5897357968262928,4,0,V1_02_medium,4,OK,True,1500,1403715598912143104,1.2170243006542584e-08,1403715599112143104,151,True,205
1.6590326807943985,1.284456,0.050000000000000044,1.0,210,5.5177320030150945,5.999999999999999,,48,1.21804826671924,2.278199013384541,2.184259675426058,3.7361669674240736,True,1.024768889002035,1.0501512758664653,6,0.01133053121151295,DPR-Exact-Block,V1_02_medium:1403715598912143104:1403715599112143104,0.037858,formal_public_module_evidence,0.013463609551580935,0.035870671286055617,0.05200208560125787,0.49064039629441053,1.5897357968262928,4,0,V1_02_medium,4,OK,True,1500,1403715598912143104,1.2170243006542584e-08,1403715599112143104,151,True,205
1.6476374700812566,0.311562,0.050000000000000044,1.0,210,5.455213168338168,5.999999999999999,,48,1.21804826671924,2.278199013384541,2.184259675426058,3.7269529312023475,True,1.024768889002035,1.0501512758664653,6,0.01133053121151295,DUC-K16,V1_02_medium:1403715598912143104:1403715599112143104,0.037858,formal_public_module_evidence,0.013463609551580935,0.035870671286055617,0.05200208560125787,0.49064039629441053,1.5897357968262928,4,0,V1_02_medium,4,OK,True,1500,1403715598912143104,1.2170243006542584e-08,1403715599112143104,151,True,205
1.634046510050363,0.104444,0.050000000000000044,1.0,210,5.381573137094365,5.999999999999999,,48,1.21804826671924,2.278199013384541,2.184259675426058,3.7159961475793537,True,1.024768889002035,1.0501512758664653,6,0.01133053121151295,Permuted-K16,V1_02_medium:1403715598912143104:1403715599112143104,0.037858,formal_public_module_evidence,0.013463609551580935,0.035870671286055617,0.05200208560125787,0.49064039629441053,1.5897357968262928,4,0,V1_02_medium,4,OK,True,1500,1403715598912143104,1.2170243006542584e-08,1403715599112143104,151,True,205
0.4415437776532905,0.006318,0.050000000000000044,1.0,184,3.3368211095523117,6.0,,16,1.3033985665897148,1.8266967754808985,2.0880154761175076,3.6859385956796054,True,1.4648273801197569,2.145719253548511,6,0.04756310813518427,Raw,V1_02_medium:1403715599412143104:1403715599612143104,0.037958,formal_public_module_evidence,0.025256314076908537,0.07817812928263498,0.08012629792960738,0.19859525366468822,0.6487753223084013,0,0,V1_02_medium,5,OK,True,1510,1403715599412143104,6.129750618744662e-10,1403715599612143104,131,True,178
0.6491831424315349,0.001925,0.050000000000000044,1.0,184,4.106856750218229,6.0,,16,1.3033985665897148,1.8266967754808985,2.0880154761175076,3.7730074093759782,True,1.4648273801197569,2.145719253548511,6,0.04756310813518427,Global-DoF,V1_02_medium:1403715599412143104:1403715599612143104,0.037958,formal_public_module_evidence,0.025256314076908537,0.07817812928263498,0.08012629792960738,0.19859525366468822,0.6487753223084013,0,0,V1_02_medium,5,OK,True,1510,1403715599412143104,6.129750618744662e-10,1403715599612143104,131,True,178
0.6016483600729776,0.455866,0.050000000000000044,1.0,184,3.9162053914344526,6.0,,16,1.3033985665897148,1.8266967754808985,2.0880154761175076,3.750907981077543,True,1.4648273801197569,2.145719253548511,6,0.04756310813518427,DPR-Exact-Block,V1_02_medium:1403715599412143104:1403715599612143104,0.037958,formal_public_module_evidence,0.025256314076908537,0.07817812928263498,0.08012629792960738,0.19859525366468822,0.6487753223084013,0,0,V1_02_medium,5,OK,True,1510,1403715599412143104,6.129750618744662e-10,1403715599612143104,131,True,178
0.552916930636684,0.176612,0.050000000000000044,1.0,184,3.729938490922064,6.0,,16,1.3033985665897148,1.8266967754808985,2.0880154761175076,3.7295381494618733,True,1.4648273801197569,2.145719253548511,6,0.04756310813518427,DUC-K16,V1_02_medium:1403715599412143104:1403715599612143104,0.037958,formal_public_module_evidence,0.025256314076908537,0.07817812928263498,0.08012629792960738,0.19859525366468822,0.6487753223084013,0,0,V1_02_medium,5,OK,True,1510,1403715599412143104,6.129750618744662e-10,1403715599612143104,131,True,178
1.3734946785275175,0.069773,0.050000000000000044,1.0,184,8.473718996962287,6.0,,16,1.3033985665897148,1.8266967754808985,2.0880154761175076,4.228067044738061,True,1.4648273801197569,2.145719253548511,6,0.04756310813518427,Permuted-K16,V1_02_medium:1403715599412143104:1403715599612143104,0.037958,formal_public_module_evidence,0.025256314076908537,0.07817812928263498,0.08012629792960738,0.19859525366468822,0.6487753223084013,0,0,V1_02_medium,5,OK,True,1510,1403715599412143104,6.129750618744662e-10,1403715599612143104,131,True,178
0.8052533855758458,0.006256,0.008333333333333415,0.9583333333333334,184,3.807041674295892,6.000000000000002,,48,1.3068480906346291,1.9511641843514584,2.0856441480812173,3.621704145783579,True,1.304473510655077,1.7016511400007814,6,0.014887673970920168,Raw,V1_02_medium:1403715599412143104:1403715599612143104,0.038094,formal_public_module_evidence,0.010454236003158368,0.030123509608686552,0.047157670815121656,0.480669917919592,1.0,7,0,V1_02_medium,4,OK,True,1510,1403715599412143104,1.7615158253243876e-08,1403715599612143104,131,True,178
0.869791906713417,0.00205,0.008333333333333415,0.9583333333333334,184,4.060844452582285,6.000000000000002,,48,1.3068480906346291,1.9511641843514584,2.0856441480812173,3.65830675096622,True,1.304473510655077,1.7016511400007814,6,0.014887673970920168,Global-DoF,V1_02_medium:1403715599412143104:1403715599612143104,0.038094,formal_public_module_evidence,0.010454236003158368,0.030123509608686552,0.047157670815121656,0.480669917919592,1.0,7,0,V1_02_medium,4,OK,True,1510,1403715599412143104,1.7615158253243876e-08,1403715599612143104,131,True,178
0.8640145101602197,1.284408,0.008333333333333415,0.9583333333333334,184,4.037450985576188,6.000000000000002,,48,1.3068480906346291,1.9511641843514584,2.0856441480812173,3.6549573142712775,True,1.304473510655077,1.7016511400007814,6,0.014887673970920168,DPR-Exact-Block,V1_02_medium:1403715599412143104:1403715599612143104,0.038094,formal_public_module_evidence,0.010454236003158368,0.030123509608686552,0.047157670815121656,0.480669917919592,1.0,7,0,V1_02_medium,4,OK,True,1510,1403715599412143104,1.7615158253243876e-08,1403715599612143104,131,True,178
0.8490149024262414,0.315283,0.008333333333333415,0.9583333333333334,184,3.97734273162936,6.000000000000002,,48,1.3068480906346291,1.9511641843514584,2.0856441480812173,3.646327192169783,True,1.304473510655077,1.7016511400007814,6,0.014887673970920168,DUC-K16,V1_02_medium:1403715599412143104:1403715599612143104,0.038094,formal_public_module_evidence,0.010454236003158368,0.030123509608686552,0.047157670815121656,0.480669917919592,1.0,7,0,V1_02_medium,4,OK,True,1510,1403715599412143104,1.7615158253243876e-08,1403715599612143104,131,True,178
0.8707791861109555,0.104429,0.008333333333333415,0.9583333333333334,184,4.064855620392783,6.000000000000002,,48,1.3068480906346291,1.9511641843514584,2.0856441480812173,3.6588805262053086,True,1.304473510655077,1.7016511400007814,6,0.014887673970920168,Permuted-K16,V1_02_medium:1403715599412143104:1403715599612143104,0.038094,formal_public_module_evidence,0.010454236003158368,0.030123509608686552,0.047157670815121656,0.480669917919592,1.0,7,0,V1_02_medium,4,OK,True,1510,1403715599412143104,1.7615158253243876e-08,1403715599612143104,131,True,178
0.20318066553629324,0.006466,0.15833333333333333,0.7916666666666666,246,4.618033775674158,6.0,,16,2.0075650284768405,2.1489610921731828,2.0842423778709303,4.593139907849465,True,2.378749299581431,5.65844823025915,6,0.02239726149742105,Raw,V1_02_medium:1403715599912143104:1403715600112143104,0.037555,formal_public_module_evidence,0.02429565129285538,0.0956985255049777,0.10168930081676,0.2596523138176653,0.5505073694464065,0,0,V1_02_medium,5,OK,True,1520,1403715599912143104,5.171529714182094e-09,1403715600112143104,178,True,238
0.0044586992419514875,0.001975,0.11666666666666659,0.8333333333333334,246,5.683733877752811,6.0,,16,2.0075650284768405,2.1489610921731828,2.0842423778709303,4.571036682012138,True,2.378749299581431,5.65844823025915,6,0.02239726149742105,Global-DoF,V1_02_medium:1403715599912143104:1403715600112143104,0.037555,formal_public_module_evidence,0.02429565129285538,0.0956985255049777,0.10168930081676,0.2596523138176653,0.5505073694464065,0,0,V1_02_medium,5,OK,True,1520,1403715599912143104,5.171529714182094e-09,1403715600112143104,178,True,238
0.07336628299839375,0.445325,0.11666666666666659,0.8333333333333334,246,6.089195513207897,6.0,,16,2.0075650284768405,2.1489610921731828,2.0842423778709303,4.573653435165746,True,2.378749299581431,5.65844823025915,6,0.02239726149742105,DPR-Exact-Block,V1_02_medium:1403715599912143104:1403715600112143104,0.037555,formal_public_module_evidence,0.02429565129285538,0.0956985255049777,0.10168930081676,0.2596523138176653,0.5505073694464065,0,0,V1_02_medium,5,OK,True,1520,1403715599912143104,5.171529714182094e-09,1403715600112143104,178,True,238
0.0955164091318525,0.17687,0.11666666666666659,0.8333333333333334,246,6.225576817426137,6.0,,16,2.0075650284768405,2.1489610921731828,2.0842423778709303,4.575446613116028,True,2.378749299581431,5.65844823025915,6,0.02239726149742105,DUC-K16,V1_02_medium:1403715599912143104:1403715600112143104,0.037555,formal_public_module_evidence,0.02429565129285538,0.0956985255049777,0.10168930081676,0.2596523138176653,0.5505073694464065,0,0,V1_02_medium,5,OK,True,1520,1403715599912143104,5.171529714182094e-09,1403715600112143104,178,True,238
0.06415340237801596,0.068051,0.11666666666666659,0.8333333333333334,246,6.0333541069465015,6.0,,16,2.0075650284768405,2.1489610921731828,2.0842423778709303,4.573041277516741,True,2.378749299581431,5.65844823025915,6,0.02239726149742105,Permuted-K16,V1_02_medium:1403715599912143104:1403715600112143104,0.037555,formal_public_module_evidence,0.02429565129285538,0.0956985255049777,0.10168930081676,0.2596523138176653,0.5505073694464065,0,0,V1_02_medium,5,OK,True,1520,1403715599912143104,5.171529714182094e-09,1403715600112143104,178,True,238
0.6802026734119668,0.006444,0.15833333333333333,0.7916666666666666,246,2.4612392225755992,5.999999999999999,,48,1.9998159267851738,1.5688337141251139,2.0793157650665037,4.712819863837137,True,2.2043525171599208,4.859170019909279,6,0.013375534763365282,Raw,V1_02_medium:1403715599912143104:1403715600112143104,0.038581,formal_public_module_evidence,0.014440506079091087,0.04462366906872366,0.06391209331033933,0.4438555088262558,1.2983539787106773,4,0,V1_02_medium,5,OK,True,1520,1403715599912143104,9.214138057319718e-11,1403715600112143104,178,True,238
0.6156641522743955,0.001972,0.15833333333333333,0.7916666666666666,246,2.6253218374139724,5.999999999999999,,48,1.9998159267851738,1.5688337141251139,2.0793157650665037,4.653966020892959,True,2.2043525171599208,4.859170019909279,6,0.013375534763365282,Global-DoF,V1_02_medium:1403715599912143104:1403715600112143104,0.038581,formal_public_module_evidence,0.014440506079091087,0.04462366906872366,0.06391209331033933,0.4438555088262558,1.2983539787106773,4,0,V1_02_medium,5,OK,True,1520,1403715599912143104,9.214138057319718e-11,1403715600112143104,178,True,238
0.5989840123239192,1.253449,0.15833333333333333,0.7916666666666666,246,2.6694798300008977,5.999999999999999,,48,1.9998159267851738,1.5688337141251139,2.0793157650665037,4.640029189867464,True,2.2043525171599208,4.859170019909279,6,0.013375534763365282,DPR-Exact-Block,V1_02_medium:1403715599912143104:1403715600112143104,0.038581,formal_public_module_evidence,0.014440506079091087,0.04462366906872366,0.06391209331033933,0.4438555088262558,1.2983539787106773,4,0,V1_02_medium,5,OK,True,1520,1403715599912143104,9.214138057319718e-11,1403715600112143104,178,True,238
0.5856971402930176,0.314331,0.15833333333333333,0.7916666666666666,246,2.7051855502671773,5.999999999999999,,48,1.9998159267851738,1.5688337141251139,2.0793157650665037,4.629290354117997,True,2.2043525171599208,4.859170019909279,6,0.013375534763365282,DUC-K16,V1_02_medium:1403715599912143104:1403715600112143104,0.038581,formal_public_module_evidence,0.014440506079091087,0.04462366906872366,0.06391209331033933,0.4438555088262558,1.2983539787106773,4,0,V1_02_medium,5,OK,True,1520,1403715599912143104,9.214138057319718e-11,1403715600112143104,178,True,238
0.6196710552262077,0.111209,0.15833333333333333,0.7916666666666666,246,2.6148234746008225,5.999999999999999,,48,1.9998159267851738,1.5688337141251139,2.0793157650665037,4.657390314458343,True,2.2043525171599208,4.859170019909279,6,0.013375534763365282,Permuted-K16,V1_02_medium:1403715599912143104:1403715600112143104,0.038581,formal_public_module_evidence,0.014440506079091087,0.04462366906872366,0.06391209331033933,0.4438555088262558,1.2983539787106773,4,0,V1_02_medium,5,OK,True,1520,1403715599912143104,9.214138057319718e-11,1403715600112143104,178,True,238
1.2100890316069604,0.006221,0.2833333333333333,0.6666666666666666,439,0.18994772185271447,6.0,,16,1.890903889949891,0.4358299230809129,1.8782381834361073,3.530653905551754,True,0.7981500388398971,0.6370434845001293,6,0.003399842484793414,Raw,V1_02_medium:1403715600412143104:1403715600612143104,0.03862,formal_public_module_evidence,0.027617206251416282,0.09886995001591053,0.11577321613491248,0.15037402877591044,1.0767871917874177,0,0,V1_02_medium,4,OK,True,1530,1403715600412143104,9.28945022395023e-11,1403715600612143104,216,True,385
1.0024496668287157,0.002142,0.2833333333333333,0.6666666666666666,439,0.23378181151103317,6.0,,16,1.890903889949891,0.4358299230809129,1.8782381834361073,3.109458914336024,True,0.7981500388398971,0.6370434845001293,6,0.003399842484793414,Global-DoF,V1_02_medium:1403715600412143104:1403715600612143104,0.03862,formal_public_module_evidence,0.027617206251416282,0.09886995001591053,0.11577321613491248,0.15037402877591044,1.0767871917874177,0,0,V1_02_medium,4,OK,True,1530,1403715600412143104,9.28945022395023e-11,1403715600612143104,216,True,385
0.9483689709569936,0.489186,0.2833333333333333,0.6666666666666666,439,0.24677301507393612,6.0,,16,1.890903889949891,0.4358299230809129,1.8782381834361073,3.020086463453941,True,0.7981500388398971,0.6370434845001293,6,0.003399842484793414,DPR-Exact-Block,V1_02_medium:1403715600412143104:1403715600612143104,0.03862,formal_public_module_evidence,0.027617206251416282,0.09886995001591053,0.11577321613491248,0.15037402877591044,1.0767871917874177,0,0,V1_02_medium,4,OK,True,1530,1403715600412143104,9.28945022395023e-11,1403715600612143104,216,True,385
0.9449748948704599,0.175068,0.2833333333333333,0.6666666666666666,439,0.24761200445468504,6.0,,16,1.890903889949891,0.4358299230809129,1.8782381834361073,3.0147335989063393,True,0.7981500388398971,0.6370434845001293,6,0.003399842484793414,DUC-K16,V1_02_medium:1403715600412143104:1403715600612143104,0.03862,formal_public_module_evidence,0.027617206251416282,0.09886995001591053,0.11577321613491248,0.15037402877591044,1.0767871917874177,0,0,V1_02_medium,4,OK,True,1530,1403715600412143104,9.28945022395023e-11,1403715600612143104,216,True,385
0.8889343581785637,0.067732,0.24166666666666659,0.7083333333333334,439,0.2618844980927015,6.0,,16,1.890903889949891,0.4358299230809129,1.8782381834361073,2.9305614044715944,True,0.7981500388398971,0.6370434845001293,6,0.003399842484793414,Permuted-K16,V1_02_medium:1403715600412143104:1403715600612143104,0.03862,formal_public_module_evidence,0.027617206251416282,0.09886995001591053,0.11577321613491248,0.15037402877591044,1.0767871917874177,0,0,V1_02_medium,4,OK,True,1530,1403715600412143104,9.28945022395023e-11,1403715600612143104,216,True,385
0.3867918468854644,0.006196,0.11666666666666659,0.8333333333333334,439,0.3792043135957656,6.0,,48,1.8327096453073028,0.6157956752006023,1.8781848717412988,2.3404469392118252,True,0.7471837477812686,0.5582835529484624,6,0.007605372674507782,Raw,V1_02_medium:1403715600412143104:1403715600612143104,0.036933,formal_public_module_evidence,0.013183873137905422,0.047535759886499745,0.0633326186857371,0.428344576601127,1.084779666505353,7,0,V1_02_medium,4,OK,True,1530,1403715600412143104,1.0506765870935753e-10,1403715600612143104,216,True,385
0.3222533257478933,0.001989,0.11666666666666659,0.8333333333333334,439,0.4044846011688166,6.0,,48,1.8327096453073028,0.6157956752006023,1.8781848717412988,2.3129698349773844,True,0.7471837477812686,0.5582835529484624,6,0.007605372674507782,Global-DoF,V1_02_medium:1403715600412143104:1403715600612143104,0.036933,formal_public_module_evidence,0.013183873137905422,0.047535759886499745,0.0633326186857371,0.428344576601127,1.084779666505353,7,0,V1_02_medium,4,OK,True,1530,1403715600412143104,1.0506765870935753e-10,1403715600612143104,216,True,385
0.3165616239156246,1.275869,0.11666666666666659,0.8333333333333334,439,0.40679337109662406,6.0,,48,1.8327096453073028,0.6157956752006023,1.8781848717412988,2.3108279685717563,True,0.7471837477812686,0.5582835529484624,6,0.007605372674507782,DPR-Exact-Block,V1_02_medium:1403715600412143104:1403715600612143104,0.036933,formal_public_module_evidence,0.013183873137905422,0.047535759886499745,0.0633326186857371,0.428344576601127,1.084779666505353,7,0,V1_02_medium,4,OK,True,1530,1403715600412143104,1.0506765870935753e-10,1403715600612143104,216,True,385
0.32419606491430664,0.319035,0.11666666666666659,0.8333333333333334,439,0.4036995559079149,6.0,,48,1.8327096453073028,0.6157956752006023,1.8781848717412988,2.313711137553279,True,0.7471837477812686,0.5582835529484624,6,0.007605372674507782,DUC-K16,V1_02_medium:1403715600412143104:1403715600612143104,0.036933,formal_public_module_evidence,0.013183873137905422,0.047535759886499745,0.0633326186857371,0.428344576601127,1.084779666505353,7,0,V1_02_medium,4,OK,True,1530,1403715600412143104,1.0506765870935753e-10,1403715600612143104,216,True,385
0.3191786729577319,0.103325,0.11666666666666659,0.8333333333333334,439,0.4057301647328781,6.0,,48,1.8327096453073028,0.6157956752006023,1.8781848717412988,2.3118072636127986,True,0.7471837477812686,0.5582835529484624,6,0.007605372674507782,Permuted-K16,V1_02_medium:1403715600412143104:1403715600612143104,0.036933,formal_public_module_evidence,0.013183873137905422,0.047535759886499745,0.0633326186857371,0.428344576601127,1.084779666505353,7,0,V1_02_medium,4,OK,True,1530,1403715600412143104,1.0506765870935753e-10,1403715600612143104,216,True,385
0.6629127770914115,0.006333,0.07499999999999996,0.875,603,0.17286259276507676,6.000000000000001,,16,1.5906356002424524,0.41576747439533646,1.5994732349092926,2.023054973674472,True,0.5791621769734537,0.33542882723663014,6,0.04873113858574318,Raw,V1_02_medium:1403715600912143104:1403715601112143104,0.038472,formal_public_module_evidence,0.027914402730883803,0.07119238192051108,0.0972845312803487,0.2125835939302304,1.0839409013136172,0,0,V1_02_medium,4,OK,True,1540,1403715600912143104,1.7991192340600839e-09,1403715601112143104,388,True,467
0.455273412313167,0.002102,0.07499999999999996,0.875,603,0.21275396032624833,6.000000000000001,,16,1.5906356002424524,0.41576747439533646,1.5994732349092926,1.866862556799755,True,0.5791621769734537,0.33542882723663014,6,0.04873113858574318,Global-DoF,V1_02_medium:1403715600912143104:1403715601112143104,0.038472,formal_public_module_evidence,0.027914402730883803,0.07119238192051108,0.0972845312803487,0.2125835939302304,1.0839409013136172,0,0,V1_02_medium,4,OK,True,1540,1403715600912143104,1.7991192340600839e-09,1403715601112143104,388,True,467
0.5092240245602166,0.446433,0.07499999999999996,0.875,603,0.20157988813037445,6.000000000000001,,16,1.5906356002424524,0.41576747439533646,1.5994732349092926,1.9003070285061938,True,0.5791621769734537,0.33542882723663014,6,0.04873113858574318,DPR-Exact-Block,V1_02_medium:1403715600912143104:1403715601112143104,0.038472,formal_public_module_evidence,0.027914402730883803,0.07119238192051108,0.0972845312803487,0.2125835939302304,1.0839409013136172,0,0,V1_02_medium,4,OK,True,1540,1403715600912143104,1.7991192340600839e-09,1403715601112143104,388,True,467
0.46164303058464895,0.181944,0.07499999999999996,0.875,603,0.21140310559495432,6.000000000000001,,16,1.5906356002424524,0.41576747439533646,1.5994732349092926,1.8705673576801771,True,0.5791621769734537,0.33542882723663014,6,0.04873113858574318,DUC-K16,V1_02_medium:1403715600912143104:1403715601112143104,0.038472,formal_public_module_evidence,0.027914402730883803,0.07119238192051108,0.0972845312803487,0.2125835939302304,1.0839409013136172,0,0,V1_02_medium,4,OK,True,1540,1403715600912143104,1.7991192340600839e-09,1403715601112143104,388,True,467
0.4044730180565281,0.068044,0.07499999999999996,0.875,603,0.22384117864363212,6.000000000000001,,16,1.5906356002424524,0.41576747439533646,1.5994732349092926,1.839571166754057,True,0.5791621769734537,0.33542882723663014,6,0.04873113858574318,Permuted-K16,V1_02_medium:1403715600912143104:1403715601112143104,0.038472,formal_public_module_evidence,0.027914402730883803,0.07119238192051108,0.0972845312803487,0.2125835939302304,1.0839409013136172,0,0,V1_02_medium,4,OK,True,1540,1403715600912143104,1.7991192340600839e-09,1403715601112143104,388,True,467
0.04494345945351818,0.00599,0.07499999999999996,0.875,603,0.35793954104483444,6.0,,48,1.5273188276427505,0.5982804869330391,1.596353317910614,1.8564545983969227,True,0.611877081676322,0.37439356308073246,6,0.022813362881951682,Raw,V1_02_medium:1403715600912143104:1403715601112143104,0.038159,formal_public_module_evidence,0.012416040476363743,0.034117030594450086,0.05703392899200851,0.46755346246711976,1.29081766667126,4,0,V1_02_medium,4,OK,True,1540,1403715600912143104,2.8983839853336774e-10,1403715601112143104,388,True,467
0.019595061684052853,0.002071,0.07499999999999996,0.875,603,0.38180217711449005,6.0,,48,1.5273188276427505,0.5982804869330391,1.596353317910614,1.8556200746223794,True,0.611877081676322,0.37439356308073246,6,0.022813362881951682,Global-DoF,V1_02_medium:1403715600912143104:1403715601112143104,0.038159,formal_public_module_evidence,0.012416040476363743,0.034117030594450086,0.05703392899200851,0.46755346246711976,1.29081766667126,4,0,V1_02_medium,4,OK,True,1540,1403715600912143104,2.8983839853336774e-10,1403715601112143104,388,True,467
0.06192295162312299,1.278385,0.07499999999999996,0.875,603,0.3983099629080186,6.0,,48,1.5273188276427505,0.5982804869330391,1.596353317910614,1.857307596911552,True,0.611877081676322,0.37439356308073246,6,0.022813362881951682,DPR-Exact-Block,V1_02_medium:1403715600912143104:1403715601112143104,0.038159,formal_public_module_evidence,0.012416040476363743,0.034117030594450086,0.05703392899200851,0.46755346246711976,1.29081766667126,4,0,V1_02_medium,4,OK,True,1540,1403715600912143104,2.8983839853336774e-10,1403715601112143104,388,True,467
0.038845337266774596,0.313082,0.07499999999999996,0.875,603,0.3892231731847013,6.0,,48,1.5273188276427505,0.5982804869330391,1.596353317910614,1.856174144166502,True,0.611877081676322,0.37439356308073246,6,0.022813362881951682,DUC-K16,V1_02_medium:1403715600912143104:1403715601112143104,0.038159,formal_public_module_evidence,0.012416040476363743,0.034117030594450086,0.05703392899200851,0.46755346246711976,1.29081766667126,4,0,V1_02_medium,4,OK,True,1540,1403715600912143104,2.8983839853336774e-10,1403715601112143104,388,True,467
0.02271009967442314,0.104205,0.07499999999999996,0.875,603,0.3829933597273379,6.0,,48,1.5273188276427505,0.5982804869330391,1.596353317910614,1.8556852724861344,True,0.611877081676322,0.37439356308073246,6,0.022813362881951682,Permuted-K16,V1_02_medium:1403715600912143104:1403715601112143104,0.038159,formal_public_module_evidence,0.012416040476363743,0.034117030594450086,0.05703392899200851,0.46755346246711976,1.29081766667126,4,0,V1_02_medium,4,OK,True,1540,1403715600912143104,2.8983839853336774e-10,1403715601112143104,388,True,467
0.050128079072606024,0.006009,0.033333333333333326,0.9166666666666666,558,1.393100962963286,6.0,,16,1.8432830002244835,1.1802969808329113,1.8735820836608401,3.120516837096839,True,1.1510816274494056,1.3249889130515722,6,0.043913529080421565,Raw,V1_02_medium:1403715601412143104:1403715601612143104,0.037554,formal_public_module_evidence,0.028996980203273348,0.06703063729360578,0.10877200431374953,0.2970809458342041,0.7764629309292158,0,0,V1_02_medium,4,OK,True,1550,1403715601412143104,1.62514541338589e-10,1403715601612143104,286,True,444
0.2577674438508505,0.002007,0.033333333333333326,0.9166666666666666,558,1.7145858005701982,6.0,,16,1.8432830002244835,1.1802969808329113,1.8735820836608401,3.149823526927591,True,1.1510816274494056,1.3249889130515722,6,0.043913529080421565,Global-DoF,V1_02_medium:1403715601412143104:1403715601612143104,0.037554,formal_public_module_evidence,0.028996980203273348,0.06703063729360578,0.10877200431374953,0.2970809458342041,0.7764629309292158,0,0,V1_02_medium,4,OK,True,1550,1403715601412143104,1.62514541338589e-10,1403715601612143104,286,True,444
0.4211468883268828,0.486926,0.033333333333333326,0.9166666666666666,558,2.018896308621928,6.0,,16,1.8432830002244835,1.1802969808329113,1.8735820836608401,3.1967217390774003,True,1.1510816274494056,1.3249889130515722,6,0.043913529080421565,DPR-Exact-Block,V1_02_medium:1403715601412143104:1403715601612143104,0.037554,formal_public_module_evidence,0.028996980203273348,0.06703063729360578,0.10877200431374953,0.2970809458342041,0.7764629309292158,0,0,V1_02_medium,4,OK,True,1550,1403715601412143104,1.62514541338589e-10,1403715601612143104,286,True,444
0.4641235478057013,0.175548,0.033333333333333326,0.9166666666666666,558,2.1075531703809527,6.0,,16,1.8432830002244835,1.1802969808329113,1.8735820836608401,3.212090583018161,True,1.1510816274494056,1.3249889130515722,6,0.043913529080421565,DUC-K16,V1_02_medium:1403715601412143104:1403715601612143104,0.037554,formal_public_module_evidence,0.028996980203273348,0.06703063729360578,0.10877200431374953,0.2970809458342041,0.7764629309292158,0,0,V1_02_medium,4,OK,True,1550,1403715601412143104,1.62514541338589e-10,1403715601612143104,286,True,444
0.16904043883960124,0.068087,0.033333333333333326,0.9166666666666666,558,1.569009503436106,6.0,,16,1.8432830002244835,1.1802969808329113,1.8735820836608401,3.132796350260328,True,1.1510816274494056,1.3249889130515722,6,0.043913529080421565,Permuted-K16,V1_02_medium:1403715601412143104:1403715601612143104,0.037554,formal_public_module_evidence,0.028996980203273348,0.06703063729360578,0.10877200431374953,0.2970809458342041,0.7764629309292158,0,0,V1_02_medium,4,OK,True,1550,1403715601412143104,1.62514541338589e-10,1403715601612143104,286,True,444
0.04479091442532904,0.006163,0.033333333333333326,0.9166666666666666,558,1.130586165381692,6.0,,48,1.3780338407706236,1.0632902545315142,1.891801801138343,2.916810683079746,True,1.0397420537146371,1.0810635382627314,6,0.024268319962741702,Raw,V1_02_medium:1403715601412143104:1403715601612143104,0.038212,formal_public_module_evidence,0.009095810517968816,0.03590017580787465,0.049871846674937374,0.47221759974518684,1.0,2,0,V1_02_medium,5,OK,True,1550,1403715601412143104,5.015510619954848e-10,1403715601612143104,286,True,444
0.10932943556290012,0.001932,0.033333333333333326,0.9166666666666666,558,1.2059585764071379,6.0,,48,1.3780338407706236,1.0632902545315142,1.891801801138343,2.9215868674664427,True,1.0397420537146371,1.0810635382627314,6,0.024268319962741702,Global-DoF,V1_02_medium:1403715601412143104:1403715601612143104,0.038212,formal_public_module_evidence,0.009095810517968816,0.03590017580787465,0.049871846674937374,0.47221759974518684,1.0,2,0,V1_02_medium,5,OK,True,1550,1403715601412143104,5.015510619954848e-10,1403715601612143104,286,True,444
0.1937222044631438,1.281532,0.033333333333333326,0.9166666666666666,558,1.3121506632121143,6.0,,48,1.3780338407706236,1.0632902545315142,1.891801801138343,2.9334313296457775,True,1.0397420537146371,1.0810635382627314,6,0.024268319962741702,DPR-Exact-Block,V1_02_medium:1403715601412143104:1403715601612143104,0.038212,formal_public_module_evidence,0.009095810517968816,0.03590017580787465,0.049871846674937374,0.47221759974518684,1.0,2,0,V1_02_medium,5,OK,True,1550,1403715601412143104,5.015510619954848e-10,1403715601612143104,286,True,444
0.16915455610260743,0.315776,0.033333333333333326,0.9166666666666666,558,1.2803069710779589,6.0,,48,1.3780338407706236,1.0632902545315142,1.891801801138343,2.929355326210461,True,1.0397420537146371,1.0810635382627314,6,0.024268319962741702,DUC-K16,V1_02_medium:1403715601412143104:1403715601612143104,0.038212,formal_public_module_evidence,0.009095810517968816,0.03590017580787465,0.049871846674937374,0.47221759974518684,1.0,2,0,V1_02_medium,5,OK,True,1550,1403715601412143104,5.015510619954848e-10,1403715601612143104,286,True,444
0.06933631414726445,0.104686,0.033333333333333326,0.9166666666666666,558,1.15868023431948,6.0,,48,1.3780338407706236,1.0632902545315142,1.891801801138343,2.918171536676429,True,1.0397420537146371,1.0810635382627314,6,0.024268319962741702,Permuted-K16,V1_02_medium:1403715601412143104:1403715601612143104,0.038212,formal_public_module_evidence,0.009095810517968816,0.03590017580787465,0.049871846674937374,0.47221759974518684,1.0,2,0,V1_02_medium,5,OK,True,1550,1403715601412143104,5.015510619954848e-10,1403715601612143104,286,True,444
,,,,401,,,INSUFFICIENT_TRACKS,16,,,,,,,,,,Raw,V1_02_medium:1403715601912143104:1403715602112143104,,formal_public_module_evidence,,,,,,,,V1_02_medium,,,,1560,1403715601912143104,,1403715602112143104,69,False,336
,,,,401,,,INSUFFICIENT_TRACKS,16,,,,,,,,,,Global-DoF,V1_02_medium:1403715601912143104:1403715602112143104,,formal_public_module_evidence,,,,,,,,V1_02_medium,,,,1560,1403715601912143104,,1403715602112143104,69,False,336
,,,,401,,,INSUFFICIENT_TRACKS,16,,,,,,,,,,DPR-Exact-Block,V1_02_medium:1403715601912143104:1403715602112143104,,formal_public_module_evidence,,,,,,,,V1_02_medium,,,,1560,1403715601912143104,,1403715602112143104,69,False,336
,,,,401,,,INSUFFICIENT_TRACKS,16,,,,,,,,,,DUC-K16,V1_02_medium:1403715601912143104:1403715602112143104,,formal_public_module_evidence,,,,,,,,V1_02_medium,,,,1560,1403715601912143104,,1403715602112143104,69,False,336
,,,,401,,,INSUFFICIENT_TRACKS,16,,,,,,,,,,Permuted-K16,V1_02_medium:1403715601912143104:1403715602112143104,,formal_public_module_evidence,,,,,,,,V1_02_medium,,,,1560,1403715601912143104,,1403715602112143104,69,False,336
,,,,401,,,INSUFFICIENT_TRACKS,48,,,,,,,,,,Raw,V1_02_medium:1403715601912143104:1403715602112143104,,formal_public_module_evidence,,,,,,,,V1_02_medium,,,,1560,1403715601912143104,,1403715602112143104,69,False,336
,,,,401,,,INSUFFICIENT_TRACKS,48,,,,,,,,,,Global-DoF,V1_02_medium:1403715601912143104:1403715602112143104,,formal_public_module_evidence,,,,,,,,V1_02_medium,,,,1560,1403715601912143104,,1403715602112143104,69,False,336
,,,,401,,,INSUFFICIENT_TRACKS,48,,,,,,,,,,DPR-Exact-Block,V1_02_medium:1403715601912143104:1403715602112143104,,formal_public_module_evidence,,,,,,,,V1_02_medium,,,,1560,1403715601912143104,,1403715602112143104,69,False,336
,,,,401,,,INSUFFICIENT_TRACKS,48,,,,,,,,,,DUC-K16,V1_02_medium:1403715601912143104:1403715602112143104,,formal_public_module_evidence,,,,,,,,V1_02_medium,,,,1560,1403715601912143104,,1403715602112143104,69,False,336
,,,,401,,,INSUFFICIENT_TRACKS,48,,,,,,,,,,Permuted-K16,V1_02_medium:1403715601912143104:1403715602112143104,,formal_public_module_evidence,,,,,,,,V1_02_medium,,,,1560,1403715601912143104,,1403715602112143104,69,False,336
0.35501181489552297,0.006146,0.050000000000000044,1.0,335,0.5730511727912564,5.999999999999998,,16,2.12556601735772,0.7570014351315699,2.43460757265411,1.9822619659118936,True,0.6338797335978973,0.4018035166661413,6,0.059460124507970336,Raw,V1_02_medium:1403715602412143104:1403715602612143104,0.038154,formal_public_module_evidence,0.04041693468531271,0.08191853683647343,0.1276129347613174,0.36328615514551627,0.927896005049484,0,0,V1_02_medium,5,OK,True,1570,1403715602412143104,6.693585161316931e-11,1403715602612143104,213,True,276
0.5626511796737677,0.002025,0.050000000000000044,1.0,335,0.7052937511277003,5.999999999999998,,16,2.12556601735772,0.7570014351315699,2.43460757265411,2.0584328633839126,True,0.6338797335978973,0.4018035166661413,6,0.059460124507970336,Global-DoF,V1_02_medium:1403715602412143104:1403715602612143104,0.038154,formal_public_module_evidence,0.04041693468531271,0.08191853683647343,0.1276129347613174,0.36328615514551627,0.927896005049484,0,0,V1_02_medium,5,OK,True,1570,1403715602412143104,6.693585161316931e-11,1403715602612143104,213,True,276
0.6692327825898216,0.486108,0.050000000000000044,1.0,335,0.7846172248557381,5.999999999999998,,16,2.12556601735772,0.7570014351315699,2.43460757265411,2.107419094796141,True,0.6338797335978973,0.4018035166661413,6,0.059460124507970336,DPR-Exact-Block,V1_02_medium:1403715602412143104:1403715602612143104,0.038154,formal_public_module_evidence,0.04041693468531271,0.08191853683647343,0.1276129347613174,0.36328615514551627,0.927896005049484,0,0,V1_02_medium,5,OK,True,1570,1403715602412143104,6.693585161316931e-11,1403715602612143104,213,True,276
0.6079315496339681,0.176191,0.050000000000000044,1.0,335,0.7379637869747178,5.999999999999998,,16,2.12556601735772,0.7570014351315699,2.43460757265411,2.0784924682239576,True,0.6338797335978973,0.4018035166661413,6,0.059460124507970336,DUC-K16,V1_02_medium:1403715602412143104:1403715602612143104,0.038154,formal_public_module_evidence,0.04041693468531271,0.08191853683647343,0.1276129347613174,0.36328615514551627,0.927896005049484,0,0,V1_02_medium,5,OK,True,1570,1403715602412143104,6.693585161316931e-11,1403715602612143104,213,True,276
0.5323375132743192,0.067357,0.050000000000000044,1.0,335,0.6842345155813923,5.999999999999998,,16,2.12556601735772,0.7570014351315699,2.43460757265411,2.045653209879784,True,0.6338797335978973,0.4018035166661413,6,0.059460124507970336,Permuted-K16,V1_02_medium:1403715602412143104:1403715602612143104,0.038154,formal_public_module_evidence,0.04041693468531271,0.08191853683647343,0.1276129347613174,0.36328615514551627,0.927896005049484,0,0,V1_02_medium,5,OK,True,1570,1403715602412143104,6.693585161316931e-11,1403715602612143104,213,True,276
0.1640377737524952,0.006029,0.008333333333333415,0.9583333333333334,335,0.42912978041859184,5.999999999999999,,48,2.1204350272068795,0.6550799801692858,2.4332566036443493,1.840591141378648,True,0.6034954181824056,0.36420671976715663,6,0.020528073302933603,Raw,V1_02_medium:1403715602412143104:1403715602612143104,0.038235,formal_public_module_evidence,0.01080161936123708,0.045538400259382966,0.058957611938319165,0.501253933280478,1.6004624442760722,6,0,V1_02_medium,4,OK,True,1570,1403715602412143104,2.299005706688326e-10,1403715602612143104,213,True,276
0.22857629489006634,0.001931,0.050000000000000044,1.0,335,0.457738432446498,5.999999999999999,,48,2.1204350272068795,0.6550799801692858,2.4332566036443493,1.8520852898715539,True,0.6034954181824056,0.36420671976715663,6,0.020528073302933603,Global-DoF,V1_02_medium:1403715602412143104:1403715602612143104,0.038235,formal_public_module_evidence,0.01080161936123708,0.045538400259382966,0.058957611938319165,0.501253933280478,1.6004624442760722,6,0,V1_02_medium,4,OK,True,1570,1403715602412143104,2.299005706688326e-10,1403715602612143104,213,True,276
0.3082038120914058,1.288119,0.050000000000000044,1.0,335,0.4956774585298463,5.999999999999999,,48,2.1204350272068795,0.6550799801692858,2.4332566036443493,1.870812766046931,True,0.6034954181824056,0.36420671976715663,6,0.020528073302933603,DPR-Exact-Block,V1_02_medium:1403715602412143104:1403715602612143104,0.038235,formal_public_module_evidence,0.01080161936123708,0.045538400259382966,0.058957611938319165,0.501253933280478,1.6004624442760722,6,0,V1_02_medium,4,OK,True,1570,1403715602412143104,2.299005706688326e-10,1403715602612143104,213,True,276
0.28746210923276805,0.321598,0.050000000000000044,1.0,335,0.4855021553265338,5.999999999999999,,48,2.1204350272068795,0.6550799801692858,2.4332566036443493,1.8654705051037936,True,0.6034954181824056,0.36420671976715663,6,0.020528073302933603,DUC-K16,V1_02_medium:1403715602412143104:1403715602612143104,0.038235,formal_public_module_evidence,0.01080161936123708,0.045538400259382966,0.058957611938319165,0.501253933280478,1.6004624442760722,6,0,V1_02_medium,4,OK,True,1570,1403715602412143104,2.299005706688326e-10,1403715602612143104,213,True,276
0.22359633925076622,0.104485,0.050000000000000044,1.0,335,0.4554645818952308,5.999999999999999,,48,2.1204350272068795,0.6550799801692858,2.4332566036443493,1.8510775962074153,True,0.6034954181824056,0.36420671976715663,6,0.020528073302933603,Permuted-K16,V1_02_medium:1403715602412143104:1403715602612143104,0.038235,formal_public_module_evidence,0.01080161936123708,0.045538400259382966,0.058957611938319165,0.501253933280478,1.6004624442760722,6,0,V1_02_medium,4,OK,True,1570,1403715602412143104,2.299005706688326e-10,1403715602612143104,213,True,276
0.2737807450329614,0.006502,0.11666666666666659,0.8333333333333334,559,0.42509174277196443,6.0,,16,2.2529321036843815,0.6519906002174912,2.375538920711256,2.297353264873143,True,0.747639206602531,0.558964383249262,6,0.09572995079689472,Raw,V1_02_medium:1403715602912143104:1403715603112143104,0.037772,formal_public_module_evidence,0.02619195658913892,0.12098912670777046,0.11256813268495215,0.3070607799052153,0.6860561654854863,0,0,V1_02_medium,5,OK,True,1580,1403715602912143104,4.8169440091557384e-11,1403715603112143104,377,True,481
0.06614138025471707,0.001977,0.07499999999999996,0.875,559,0.5231898372578023,6.0,,16,2.2529321036843815,0.6519906002174912,2.375538920711256,2.258443917188021,True,0.747639206602531,0.558964383249262,6,0.09572995079689472,Global-DoF,V1_02_medium:1403715602912143104:1403715603112143104,0.037772,formal_public_module_evidence,0.02619195658913892,0.12098912670777046,0.11256813268495215,0.3070607799052153,0.6860561654854863,0,0,V1_02_medium,5,OK,True,1580,1403715602912143104,4.8169440091557384e-11,1403715603112143104,377,True,481
0.10824150812046122,0.486064,0.008333333333333415,0.9583333333333334,559,0.6228634193207246,6.0,,16,2.2529321036843815,0.6519906002174912,2.375538920711256,2.2618598898075057,True,0.747639206602531,0.558964383249262,6,0.09572995079689472,DPR-Exact-Block,V1_02_medium:1403715602912143104:1403715603112143104,0.037772,formal_public_module_evidence,0.02619195658913892,0.12098912670777046,0.11256813268495215,0.3070607799052153,0.6860561654854863,0,0,V1_02_medium,5,OK,True,1580,1403715602912143104,4.8169440091557384e-11,1403715603112143104,377,True,481
0.1996622710276785,0.176444,0.008333333333333415,0.9583333333333334,559,0.6824901038054833,6.0,,16,2.2529321036843815,0.6519906002174912,2.375538920711256,2.274877123334143,True,0.747639206602531,0.558964383249262,6,0.09572995079689472,DUC-K16,V1_02_medium:1403715602912143104:1403715603112143104,0.037772,formal_public_module_evidence,0.02619195658913892,0.12098912670777046,0.11256813268495215,0.3070607799052153,0.6860561654854863,0,0,V1_02_medium,5,OK,True,1580,1403715602912143104,4.8169440091557384e-11,1403715603112143104,377,True,481
0.060223691551848105,0.069271,0.07499999999999996,0.875,559,0.5262950907470341,6.0,,16,2.2529321036843815,0.6519906002174912,2.375538920711256,2.258057948861253,True,0.747639206602531,0.558964383249262,6,0.09572995079689472,Permuted-K16,V1_02_medium:1403715602912143104:1403715603112143104,0.037772,formal_public_module_evidence,0.02619195658913892,0.12098912670777046,0.11256813268495215,0.3070607799052153,0.6860561654854863,0,0,V1_02_medium,5,OK,True,1580,1403715602912143104,4.8169440091557384e-11,1403715603112143104,377,True,481
0.2726504929817289,0.00612,0.008333333333333415,0.9583333333333334,559,0.37810799834299896,6.000000000000001,,48,2.25142445371554,0.6149048693440303,2.376704938636777,1.6266604935324949,True,0.5365406485431023,0.28787586753905287,6,0.04253815866111177,Raw,V1_02_medium:1403715602912143104:1403715603112143104,0.038069,formal_public_module_evidence,0.015789434766424026,0.05588499800482429,0.0693778877016947,0.47360847099113157,1.3647128577615215,5,0,V1_02_medium,4,OK,True,1580,1403715602912143104,2.12583340605234e-09,1403715603112143104,377,True,481
0.33718901411930025,0.001994,0.008333333333333415,0.9583333333333334,559,0.4033151982325323,6.000000000000001,,48,2.25142445371554,0.6149048693440303,2.376704938636777,1.6436140870831355,True,0.5365406485431023,0.28787586753905287,6,0.04253815866111177,Global-DoF,V1_02_medium:1403715602912143104:1403715603112143104,0.038069,formal_public_module_evidence,0.015789434766424026,0.05588499800482429,0.0693778877016947,0.47360847099113157,1.3647128577615215,5,0,V1_02_medium,4,OK,True,1580,1403715602912143104,2.12583340605234e-09,1403715603112143104,377,True,481
0.3923496143059847,1.256978,0.008333333333333415,0.9583333333333334,559,0.42618732771705536,6.000000000000001,,48,2.25142445371554,0.6149048693440303,2.376704938636777,1.6604686928925367,True,0.5365406485431023,0.28787586753905287,6,0.04253815866111177,DPR-Exact-Block,V1_02_medium:1403715602912143104:1403715603112143104,0.038069,formal_public_module_evidence,0.015789434766424026,0.05588499800482429,0.0693778877016947,0.47360847099113157,1.3647128577615215,5,0,V1_02_medium,4,OK,True,1580,1403715602912143104,2.12583340605234e-09,1403715603112143104,377,True,481
0.4340078913591709,0.316454,0.008333333333333415,0.9583333333333334,559,0.4443165518828387,6.000000000000001,,48,2.25142445371554,0.6149048693440303,2.376704938636777,1.6745661931162552,True,0.5365406485431023,0.28787586753905287,6,0.04253815866111177,DUC-K16,V1_02_medium:1403715602912143104:1403715603112143104,0.038069,formal_public_module_evidence,0.015789434766424026,0.05588499800482429,0.0693778877016947,0.47360847099113157,1.3647128577615215,5,0,V1_02_medium,4,OK,True,1580,1403715602912143104,2.12583340605234e-09,1403715603112143104,377,True,481
0.373138443008762,0.104384,0.008333333333333415,0.9583333333333334,559,0.41807791502733305,6.000000000000001,,48,2.25142445371554,0.6149048693440303,2.376704938636777,1.6543595007250673,True,0.5365406485431023,0.28787586753905287,6,0.04253815866111177,Permuted-K16,V1_02_medium:1403715602912143104:1403715603112143104,0.038069,formal_public_module_evidence,0.015789434766424026,0.05588499800482429,0.0693778877016947,0.47360847099113157,1.3647128577615215,5,0,V1_02_medium,4,OK,True,1580,1403715602912143104,2.12583340605234e-09,1403715603112143104,377,True,481
0.43548830365879865,0.005984,0.07499999999999996,0.875,643,0.19294554388324947,6.000000000000001,,16,2.4545446041017307,0.4392556702915165,1.6896719864841985,1.7382474347598194,True,0.5461129310831808,0.29823933349626297,6,0.006687995017607751,Raw,V1_02_medium:1403715603412143104:1403715603612143104,0.037809,formal_public_module_evidence,0.047154479184529974,0.08355509736896033,0.13109816396343266,0.306973923097027,0.8652854014803355,0,0,V1_02_medium,4,OK,True,1590,1403715603412143104,1.0537239249392055e-11,1403715603612143104,334,True,546
0.2278489388805541,0.001877,0.033333333333333326,0.9166666666666666,643,0.23747143862553782,6.000000000000001,,16,2.4545446041017307,0.4392556702915165,1.6896719864841985,1.6560647393593317,True,0.5461129310831808,0.29823933349626297,6,0.006687995017607751,Global-DoF,V1_02_medium:1403715603412143104:1403715603612143104,0.037809,formal_public_module_evidence,0.047154479184529974,0.08355509736896033,0.13109816396343266,0.306973923097027,0.8652854014803355,0,0,V1_02_medium,4,OK,True,1590,1403715603412143104,1.0537239249392055e-11,1403715603612143104,334,True,546
0.1903654519410708,0.456111,0.033333333333333326,0.9166666666666666,643,0.2465416253549205,6.000000000000001,,16,2.4545446041017307,0.4392556702915165,1.6896719864841985,1.6473442332215065,True,0.5461129310831808,0.29823933349626297,6,0.006687995017607751,DPR-Exact-Block,V1_02_medium:1403715603412143104:1403715603612143104,0.037809,formal_public_module_evidence,0.047154479184529974,0.08355509736896033,0.13109816396343266,0.306973923097027,0.8652854014803355,0,0,V1_02_medium,4,OK,True,1590,1403715603412143104,1.0537239249392055e-11,1403715603612143104,334,True,546
0.18369972234326187,0.176454,0.033333333333333326,0.9166666666666666,643,0.24819049451692712,6.000000000000001,,16,2.4545446041017307,0.4392556702915165,1.6896719864841985,1.6459733005758241,True,0.5461129310831808,0.29823933349626297,6,0.006687995017607751,DUC-K16,V1_02_medium:1403715603412143104:1403715603612143104,0.037809,formal_public_module_evidence,0.047154479184529974,0.08355509736896033,0.13109816396343266,0.306973923097027,0.8652854014803355,0,0,V1_02_medium,4,OK,True,1590,1403715603412143104,1.0537239249392055e-11,1403715603612143104,334,True,546
0.203036039565332,0.068295,0.033333333333333326,0.9166666666666666,643,0.24343750513030882,6.000000000000001,,16,2.4545446041017307,0.4392556702915165,1.6896719864841985,1.6500986646890723,True,0.5461129310831808,0.29823933349626297,6,0.006687995017607751,Permuted-K16,V1_02_medium:1403715603412143104:1403715603612143104,0.037809,formal_public_module_evidence,0.047154479184529974,0.08355509736896033,0.13109816396343266,0.306973923097027,0.8652854014803355,0,0,V1_02_medium,4,OK,True,1590,1403715603412143104,1.0537239249392055e-11,1403715603612143104,334,True,546
0.9182132992430612,0.006402,0.050000000000000044,1.0,643,0.81439322472988,6.000000000000002,,48,1.072752502337254,0.902437379949368,1.687505901825404,2.031796825681291,True,0.5702031227670248,0.32513160121326673,6,0.033898024767885726,Raw,V1_02_medium:1403715603412143104:1403715603612143104,0.03827,formal_public_module_evidence,0.013561518231961334,0.04797229576992605,0.06358042331094532,0.5703621734641009,1.6799422359455354,4,0,V1_02_medium,4,OK,True,1590,1403715603412143104,4.995178446244481e-09,1403715603612143104,334,True,546
0.9827518203806326,0.001941,0.050000000000000044,1.0,643,0.8686861063785388,6.000000000000002,,48,1.072752502337254,0.902437379949368,1.687505901825404,2.071383364829364,True,0.5702031227670248,0.32513160121326673,6,0.033898024767885726,Global-DoF,V1_02_medium:1403715603412143104:1403715603612143104,0.03827,formal_public_module_evidence,0.013561518231961334,0.04797229576992605,0.06358042331094532,0.5703621734641009,1.6799422359455354,4,0,V1_02_medium,4,OK,True,1590,1403715603412143104,4.995178446244481e-09,1403715603612143104,334,True,546
1.016972806289675,1.279309,0.050000000000000044,1.0,643,0.8989279021895967,6.000000000000002,,48,1.072752502337254,0.902437379949368,1.687505901825404,2.0930128057006523,True,0.5702031227670248,0.32513160121326673,6,0.033898024767885726,DPR-Exact-Block,V1_02_medium:1403715603412143104:1403715603612143104,0.03827,formal_public_module_evidence,0.013561518231961334,0.04797229576992605,0.06358042331094532,0.5703621734641009,1.6799422359455354,4,0,V1_02_medium,4,OK,True,1590,1403715603412143104,4.995178446244481e-09,1403715603612143104,334,True,546
1.0503089554310867,0.316958,0.050000000000000044,1.0,643,0.9293997824825632,6.000000000000002,,48,1.072752502337254,0.902437379949368,1.687505901825404,2.114490420680037,True,0.5702031227670248,0.32513160121326673,6,0.033898024767885726,DUC-K16,V1_02_medium:1403715603412143104:1403715603612143104,0.03827,formal_public_module_evidence,0.013561518231961334,0.04797229576992605,0.06358042331094532,0.5703621734641009,1.6799422359455354,4,0,V1_02_medium,4,OK,True,1590,1403715603412143104,4.995178446244481e-09,1403715603612143104,334,True,546
1.0520114938322083,0.103792,0.050000000000000044,1.0,643,0.9309834690632989,6.000000000000002,,48,1.072752502337254,0.902437379949368,1.687505901825404,2.11559786739406,True,0.5702031227670248,0.32513160121326673,6,0.033898024767885726,Permuted-K16,V1_02_medium:1403715603412143104:1403715603612143104,0.03827,formal_public_module_evidence,0.013561518231961334,0.04797229576992605,0.06358042331094532,0.5703621734641009,1.6799422359455354,4,0,V1_02_medium,4,OK,True,1590,1403715603412143104,4.995178446244481e-09,1403715603612143104,334,True,546
0.6149180293669252,0.006312,0.15833333333333333,0.7916666666666666,343,2.643521240728446,5.999999999999999,,16,2.603759153595786,1.6258909067734053,1.0854545932820439,4.659493886398151,True,2.2111548388278,4.889205721271594,6,0.05394781947242655,Raw,V1_02_medium:1403715603912143104:1403715604112143104,0.038121,formal_public_module_evidence,0.023174243610699752,0.08315327819695839,0.0961756505499379,0.2442802582957307,0.6486590586605234,0,0,V1_02_medium,5,OK,True,1600,1403715603912143104,3.0669279132156695e-10,1403715604112143104,214,True,320
0.4072786645886806,0.001966,0.15833333333333333,0.7916666666666666,343,3.253564603973472,5.999999999999999,,16,2.603759153595786,1.6258909067734053,1.0854545932820439,4.520351065879556,True,2.2111548388278,4.889205721271594,6,0.05394781947242655,Global-DoF,V1_02_medium:1403715603912143104:1403715604112143104,0.038121,formal_public_module_evidence,0.023174243610699752,0.08315327819695839,0.0961756505499379,0.2442802582957307,0.6486590586605234,0,0,V1_02_medium,5,OK,True,1600,1403715603912143104,3.0669279132156695e-10,1403715604112143104,214,True,320
0.27338110469389143,0.481161,0.11666666666666659,0.8333333333333334,343,3.7197213382700016,5.999999999999999,,16,2.603759153595786,1.6258909067734053,1.0854545932820439,4.4659268966247945,True,2.2111548388278,4.889205721271594,6,0.05394781947242655,DPR-Exact-Block,V1_02_medium:1403715603912143104:1403715604112143104,0.038121,formal_public_module_evidence,0.023174243610699752,0.08315327819695839,0.0961756505499379,0.2442802582957307,0.6486590586605234,0,0,V1_02_medium,5,OK,True,1600,1403715603912143104,3.0669279132156695e-10,1403715604112143104,214,True,320
0.22083816294215,0.185724,0.11666666666666659,0.8333333333333334,343,3.920392193514725,5.999999999999999,,16,2.603759153595786,1.6258909067734053,1.0854545932820439,4.451190348316577,True,2.2111548388278,4.889205721271594,6,0.05394781947242655,DUC-K16,V1_02_medium:1403715603912143104:1403715604112143104,0.038121,formal_public_module_evidence,0.023174243610699752,0.08315327819695839,0.0961756505499379,0.2442802582957307,0.6486590586605234,0,0,V1_02_medium,5,OK,True,1600,1403715603912143104,3.0669279132156695e-10,1403715604112143104,214,True,320
0.39040228628957124,0.070665,0.15833333333333333,0.7916666666666666,343,3.308938935870014,5.999999999999999,,16,2.603759153595786,1.6258909067734053,1.0854545932820439,4.512079723760748,True,2.2111548388278,4.889205721271594,6,0.05394781947242655,Permuted-K16,V1_02_medium:1403715603912143104:1403715604112143104,0.038121,formal_public_module_evidence,0.023174243610699752,0.08315327819695839,0.0961756505499379,0.2442802582957307,0.6486590586605234,0,0,V1_02_medium,5,OK,True,1600,1403715603912143104,3.0669279132156695e-10,1403715604112143104,214,True,320
0.07701501972834814,0.006555,0.07499999999999996,0.875,343,3.9184490177342597,6.0,,48,1.1658154753093573,1.9795072664009747,1.0863303195474854,4.283631281629902,True,2.057219817780531,4.232153378668962,6,0.0042028388052709476,Raw,V1_02_medium:1403715603912143104:1403715604112143104,0.041959,formal_public_module_evidence,0.014865494446598015,0.047179891373381085,0.06693777723492098,0.5376064422089059,1.3895527656790596,5,0,V1_02_medium,6,OK,True,1600,1403715603912143104,2.5618865996917667e-08,1403715604112143104,214,True,320
0.012476498590776994,0.001954,0.07499999999999996,0.875,343,4.179678952249877,6.0,,48,1.1658154753093573,1.9795072664009747,1.0863303195474854,4.280666159114159,True,2.057219817780531,4.232153378668962,6,0.0042028388052709476,Global-DoF,V1_02_medium:1403715603912143104:1403715604112143104,0.041959,formal_public_module_evidence,0.014865494446598015,0.047179891373381085,0.06693777723492098,0.5376064422089059,1.3895527656790596,5,0,V1_02_medium,6,OK,True,1600,1403715603912143104,2.5618865996917667e-08,1403715604112143104,214,True,320
0.01042836479242716,1.272208,0.07499999999999996,0.875,343,4.276518745008059,6.0,,48,1.1658154753093573,1.9795072664009747,1.0863303195474854,4.280642189777621,True,2.057219817780531,4.232153378668962,6,0.0042028388052709476,DPR-Exact-Block,V1_02_medium:1403715603912143104:1403715604112143104,0.041959,formal_public_module_evidence,0.014865494446598015,0.047179891373381085,0.06693777723492098,0.5376064422089059,1.3895527656790596,5,0,V1_02_medium,6,OK,True,1600,1403715603912143104,2.5618865996917667e-08,1403715604112143104,214,True,320
0.006216669235768003,0.317424,0.07499999999999996,0.875,343,4.2585452260750705,6.0,,48,1.1658154753093573,1.9795072664009747,1.0863303195474854,4.2806072864130025,True,2.057219817780531,4.232153378668962,6,0.0042028388052709476,DUC-K16,V1_02_medium:1403715603912143104:1403715604112143104,0.041959,formal_public_module_evidence,0.014865494446598015,0.047179891373381085,0.06693777723492098,0.5376064422089059,1.3895527656790596,5,0,V1_02_medium,6,OK,True,1600,1403715603912143104,2.5618865996917667e-08,1403715604112143104,214,True,320
4.006903483967756e-05,0.104987,0.07499999999999996,0.875,343,4.232322960367604,6.0,,48,1.1658154753093573,1.9795072664009747,1.0863303195474854,4.280588003707986,True,2.057219817780531,4.232153378668962,6,0.0042028388052709476,Permuted-K16,V1_02_medium:1403715603912143104:1403715604112143104,0.041959,formal_public_module_evidence,0.014865494446598015,0.047179891373381085,0.06693777723492098,0.5376064422089059,1.3895527656790596,5,0,V1_02_medium,6,OK,True,1600,1403715603912143104,2.5618865996917667e-08,1403715604112143104,214,True,320
