absolute_log_scale_ratio,calibration_time_ms,ce95,coverage95,detected_count,estimated_scale,exact_trace_sum,failure_reason,fit_budget,fit_min_depth_m,fit_rms_px,holdout_min_depth_m,holdout_nll,holdout_positive_depth,holdout_rms_px,holdout_scale,jacobian_rank,k16_vs_exact_scale_relative_error,method,pair_id,projection_basis_time_ms,provenance,random_gain_median_relative_error,random_gain_p95_relative_error,random_trace_mae,random_trace_median_relative_error,random_trace_p95_relative_error,random_trace_raw_negative_count,random_trace_raw_upper_count,sequence,solver_nfev,solver_reason,solver_success,start_index,start_timestamp_ns,stationarity_eta,target_timestamp_ns,tracked_count,valid,valid_disparity_count
0.7886559949840354,0.006221,0.033333333333333326,0.9166666666666666,224,0.0013638742509959841,6.000000000000001,,16,0.4067426103256291,0.03693066816341107,0.4154029403114532,-2.5591118091856817,True,0.05478247364991961,0.0030011194192041367,6,0.14948412062912042,Raw,V2_03_difficult:1413394886555760384:1413394886755760384,0.060167,formal_public_module_evidence,0.019042223489258492,0.05817009787765176,0.07704488583991279,0.24497068544178313,1.0490029075326233,0,0,V2_03_difficult,4,OK,True,100,1413394886555760384,3.6107931166703453e-12,1413394886755760384,101,True,113
0.5810166302057909,0.002094,0.033333333333333326,0.9166666666666666,224,0.0016786144627642882,6.000000000000001,,16,0.4067426103256291,0.03693066816341107,0.4154029403114532,-2.76405438932637,True,0.05478247364991961,0.0030011194192041367,6,0.14948412062912042,Global-DoF,V2_03_difficult:1413394886555760384:1413394886755760384,0.060167,formal_public_module_evidence,0.019042223489258492,0.05817009787765176,0.07704488583991279,0.24497068544178313,1.0490029075326233,0,0,V2_03_difficult,4,OK,True,100,1413394886555760384,3.6107931166703453e-12,1413394886755760384,101,True,113
0.511404272138656,0.505885,0.033333333333333326,0.9166666666666666,224,0.0017996299972064763,6.000000000000001,,16,0.4067426103256291,0.03693066816341107,0.4154029403114532,-2.8146657662047248,True,0.05478247364991961,0.0030011194192041367,6,0.14948412062912042,DPR-Exact-Block,V2_03_difficult:1413394886555760384:1413394886755760384,0.060167,formal_public_module_evidence,0.019042223489258492,0.05817009787765176,0.07704488583991279,0.24497068544178313,1.0490029075326233,0,0,V2_03_difficult,4,OK,True,100,1413394886555760384,3.6107931166703453e-12,1413394886755760384,101,True,113
0.3720910211677183,0.235369,0.033333333333333326,0.9166666666666666,224,0.002068646104796673,6.000000000000001,,16,0.4067426103256291,0.03693066816341107,0.4154029403114532,-2.8922188493266368,True,0.05478247364991961,0.0030011194192041367,6,0.14948412062912042,DUC-K16,V2_03_difficult:1413394886555760384:1413394886755760384,0.060167,formal_public_module_evidence,0.019042223489258492,0.05817009787765176,0.07704488583991279,0.24497068544178313,1.0490029075326233,0,0,V2_03_difficult,4,OK,True,100,1413394886555760384,3.6107931166703453e-12,1413394886755760384,101,True,113
0.32953523550054015,0.072532,0.033333333333333326,0.9166666666666666,224,0.002158578975109268,6.000000000000001,,16,0.4067426103256291,0.03693066816341107,0.4154029403114532,-2.910106283206549,True,0.05478247364991961,0.0030011194192041367,6,0.14948412062912042,Permuted-K16,V2_03_difficult:1413394886555760384:1413394886755760384,0.060167,formal_public_module_evidence,0.019042223489258492,0.05817009787765176,0.07704488583991279,0.24497068544178313,1.0490029075326233,0,0,V2_03_difficult,4,OK,True,100,1413394886555760384,3.6107931166703453e-12,1413394886755760384,101,True,113
0.17684281592573883,0.006921,0.008333333333333415,0.9583333333333334,224,0.002187156900682622,5.999999999999998,,48,0.40671344212338456,0.04676704930485375,0.41537483122132207,-3.0938322429535092,True,0.05109058778791342,0.002610248160514488,6,0.05148313103733493,Raw,V2_03_difficult:1413394886555760384:1413394886755760384,0.044299,formal_public_module_evidence,0.008594712457099363,0.029931903893939647,0.043609092426452244,0.5385925649332628,1.3370645841171074,5,0,V2_03_difficult,5,OK,True,100,1413394886555760384,3.2971518376477166e-09,1413394886755760384,101,True,113
0.11230429478816753,0.002067,0.008333333333333415,0.9583333333333334,224,0.00233296736072813,5.999999999999998,,48,0.40671344212338456,0.04676704930485375,0.41537483122132207,-3.103883939820527,True,0.05109058778791342,0.002610248160514488,6,0.05148313103733493,Global-DoF,V2_03_difficult:1413394886555760384:1413394886755760384,0.044299,formal_public_module_evidence,0.008594712457099363,0.029931903893939647,0.043609092426452244,0.5385925649332628,1.3370645841171074,5,0,V2_03_difficult,5,OK,True,100,1413394886555760384,3.2971518376477166e-09,1413394886755760384,101,True,113
0.054776219314176394,1.287446,0.008333333333333415,0.9583333333333334,224,0.002471114042125603,5.999999999999998,,48,0.40671344212338456,0.04676704930485375,0.41537483122132207,-3.1089049266705726,True,0.05109058778791342,0.002610248160514488,6,0.05148313103733493,DPR-Exact-Block,V2_03_difficult:1413394886555760384:1413394886755760384,0.044299,formal_public_module_evidence,0.008594712457099363,0.029931903893939647,0.043609092426452244,0.5385925649332628,1.3370645841171074,5,0,V2_03_difficult,5,OK,True,100,1413394886555760384,3.2971518376477166e-09,1413394886755760384,101,True,113
0.004574546042744753,0.317989,0.008333333333333415,0.9583333333333334,224,0.0025983347301645537,5.999999999999998,,48,0.40671344212338456,0.04676704930485375,0.41537483122132207,-3.110422435892314,True,0.05109058778791342,0.002610248160514488,6,0.05148313103733493,DUC-K16,V2_03_difficult:1413394886555760384:1413394886755760384,0.044299,formal_public_module_evidence,0.008594712457099363,0.029931903893939647,0.043609092426452244,0.5385925649332628,1.3370645841171074,5,0,V2_03_difficult,5,OK,True,100,1413394886555760384,3.2971518376477166e-09,1413394886755760384,101,True,113
0.10723673124342621,0.106435,0.008333333333333415,0.9583333333333334,224,0.002344819827275658,5.999999999999998,,48,0.40671344212338456,0.04676704930485375,0.41537483122132207,-3.104471894367548,True,0.05109058778791342,0.002610248160514488,6,0.05148313103733493,Permuted-K16,V2_03_difficult:1413394886555760384:1413394886755760384,0.044299,formal_public_module_evidence,0.008594712457099363,0.029931903893939647,0.043609092426452244,0.5385925649332628,1.3370645841171074,5,0,V2_03_difficult,5,OK,True,100,1413394886555760384,3.2971518376477166e-09,1413394886755760384,101,True,113
0.167140777473545,0.00678,0.050000000000000044,1.0,242,0.1327599309227292,6.000000000000002,,16,0.5436854047699794,0.3643623621104809,0.7066412426941754,0.6647447478404669,True,0.33515009760162695,0.11232558792238008,6,0.021610380911291305,Raw,V2_03_difficult:1413394887055760384:1413394887255760384,0.039073,formal_public_module_evidence,0.029739360700661965,0.09925981952872354,0.13125453907895462,0.28770611709377614,1.049955331821549,0,0,V2_03_difficult,5,OK,True,110,1413394887055760384,4.506430165380393e-11,1413394887255760384,105,True,123
0.37478014225178974,0.002089,0.050000000000000044,1.0,242,0.16339683805874367,6.000000000000002,,16,0.5436854047699794,0.3643623621104809,0.7066412426941754,0.7137440200164901,True,0.33515009760162695,0.11232558792238008,6,0.021610380911291305,Global-DoF,V2_03_difficult:1413394887055760384:1413394887255760384,0.039073,formal_public_module_evidence,0.029739360700661965,0.09925981952872354,0.13125453907895462,0.28770611709377614,1.049955331821549,0,0,V2_03_difficult,5,OK,True,110,1413394887055760384,4.506430165380393e-11,1413394887255760384,105,True,123
0.36422840249255983,0.454344,0.050000000000000044,1.0,242,0.1616817814741677,6.000000000000002,,16,0.5436854047699794,0.3643623621104809,0.7066412426941754,0.7104843769669987,True,0.33515009760162695,0.11232558792238008,6,0.021610380911291305,DPR-Exact-Block,V2_03_difficult:1413394887055760384:1413394887255760384,0.039073,formal_public_module_evidence,0.029739360700661965,0.09925981952872354,0.13125453907895462,0.28770611709377614,1.049955331821549,0,0,V2_03_difficult,5,OK,True,110,1413394887055760384,4.506430165380393e-11,1413394887255760384,105,True,123
0.34238109773787956,0.178739,0.050000000000000044,1.0,242,0.15818777659009478,6.000000000000002,,16,0.5436854047699794,0.3643623621104809,0.7066412426941754,0.7039821184188747,True,0.33515009760162695,0.11232558792238008,6,0.021610380911291305,DUC-K16,V2_03_difficult:1413394887055760384:1413394887255760384,0.039073,formal_public_module_evidence,0.029739360700661965,0.09925981952872354,0.13125453907895462,0.28770611709377614,1.049955331821549,0,0,V2_03_difficult,5,OK,True,110,1413394887055760384,4.506430165380393e-11,1413394887255760384,105,True,123
0.4177216094282454,0.068705,0.050000000000000044,1.0,242,0.17056616713673434,6.000000000000002,,16,0.5436854047699794,0.3643623621104809,0.7066412426941754,0.7277906216930091,True,0.33515009760162695,0.11232558792238008,6,0.021610380911291305,Permuted-K16,V2_03_difficult:1413394887055760384:1413394887255760384,0.039073,formal_public_module_evidence,0.029739360700661965,0.09925981952872354,0.13125453907895462,0.28770611709377614,1.049955331821549,0,0,V2_03_difficult,5,OK,True,110,1413394887055760384,4.506430165380393e-11,1413394887255760384,105,True,123
0.2359414647289279,0.005836,0.008333333333333415,0.9583333333333334,242,0.12214742432210558,6.000000000000001,,48,0.545407431618176,0.34949595751897555,0.70838493263398,0.5251774040321027,True,0.3106047683860066,0.09647532214412481,6,0.004641692919700069,Raw,V2_03_difficult:1413394887055760384:1413394887255760384,0.040448,formal_public_module_evidence,0.011716547373921082,0.04586018767494556,0.06354884316437345,0.5269622770914919,1.0,7,0,V2_03_difficult,9,OK,True,110,1413394887055760384,2.3871024966963267e-08,1413394887255760384,105,True,123
0.30047998586649927,0.00192,0.008333333333333415,0.9583333333333334,242,0.1302905859435793,6.000000000000001,,48,0.545407431618176,0.34949595751897555,0.70838493263398,0.540351743587692,True,0.3106047683860066,0.09647532214412481,6,0.004641692919700069,Global-DoF,V2_03_difficult:1413394887055760384:1413394887255760384,0.040448,formal_public_module_evidence,0.011716547373921082,0.04586018767494556,0.06354884316437345,0.5269622770914919,1.0,7,0,V2_03_difficult,9,OK,True,110,1413394887055760384,2.3871024966963267e-08,1413394887255760384,105,True,123
0.3089418623630561,1.299137,0.008333333333333415,0.9583333333333334,242,0.13139776659699273,6.000000000000001,,48,0.545407431618176,0.34949595751897555,0.70838493263398,0.5425743511566283,True,0.3106047683860066,0.09647532214412481,6,0.004641692919700069,DPR-Exact-Block,V2_03_difficult:1413394887055760384:1413394887255760384,0.040448,formal_public_module_evidence,0.011716547373921082,0.04586018767494556,0.06354884316437345,0.5269622770914919,1.0,7,0,V2_03_difficult,9,OK,True,110,1413394887055760384,2.3871024966963267e-08,1413394887255760384,105,True,123
0.3042893633347169,0.313758,0.008333333333333415,0.9583333333333334,242,0.13078785851411506,6.000000000000001,,48,0.545407431618176,0.34949595751897555,0.70838493263398,0.541345784783887,True,0.3106047683860066,0.09647532214412481,6,0.004641692919700069,DUC-K16,V2_03_difficult:1413394887055760384:1413394887255760384,0.040448,formal_public_module_evidence,0.011716547373921082,0.04586018767494556,0.06354884316437345,0.5269622770914919,1.0,7,0,V2_03_difficult,9,OK,True,110,1413394887055760384,2.3871024966963267e-08,1413394887255760384,105,True,123
0.2820684511873827,0.108697,0.008333333333333415,0.9583333333333334,242,0.12791368464648065,6.000000000000001,,48,0.545407431618176,0.34949595751897555,0.70838493263398,0.5356995405496785,True,0.3106047683860066,0.09647532214412481,6,0.004641692919700069,Permuted-K16,V2_03_difficult:1413394887055760384:1413394887255760384,0.040448,formal_public_module_evidence,0.011716547373921082,0.04586018767494556,0.06354884316437345,0.5269622770914919,1.0,7,0,V2_03_difficult,9,OK,True,110,1413394887055760384,2.3871024966963267e-08,1413394887255760384,105,True,123
1.0380039387402227,0.006126,0.07499999999999996,0.875,266,4.666133227417359,6.000000000000002,,16,0.7031438757862527,2.160123428745996,0.4137611089007216,6.201783148706629,True,3.6297629110070173,13.175178790122137,6,0.14200643112233913,Raw,V2_03_difficult:1413394887555760384:1413394887755760384,0.039031,formal_public_module_evidence,0.011805946192180339,0.06784110269126745,0.0703830420496179,0.19012799690145168,0.8500449605278196,0,0,V2_03_difficult,5,OK,True,120,1413394887555760384,4.2729866822794997e-08,1413394887755760384,115,True,131
0.830364573961978,0.00206,0.07499999999999996,0.875,266,5.742933202975211,6.000000000000002,,16,0.7031438757862527,2.160123428745996,0.4137611089007216,5.880002134179674,True,3.6297629110070173,13.175178790122137,6,0.14200643112233913,Global-DoF,V2_03_difficult:1413394887555760384:1413394887755760384,0.039031,formal_public_module_evidence,0.011805946192180339,0.06784110269126745,0.0703830420496179,0.19012799690145168,0.8500449605278196,0,0,V2_03_difficult,5,OK,True,120,1413394887555760384,4.2729866822794997e-08,1413394887755760384,115,True,131
0.4136863367599431,0.483332,0.033333333333333326,0.9166666666666666,266,8.711537774037389,6.000000000000002,,16,0.7031438757862527,2.160123428745996,0.4137611089007216,5.5149080680218985,True,3.6297629110070173,13.175178790122137,6,0.14200643112233913,DPR-Exact-Block,V2_03_difficult:1413394887555760384:1413394887755760384,0.039031,formal_public_module_evidence,0.011805946192180339,0.06784110269126745,0.0703830420496179,0.19012799690145168,0.8500449605278196,0,0,V2_03_difficult,5,OK,True,120,1413394887555760384,4.2729866822794997e-08,1413394887755760384,115,True,131
0.5668450117627908,0.178793,0.033333333333333326,0.9166666666666666,266,7.474443385158893,6.000000000000002,,16,0.7031438757862527,2.160123428745996,0.4137611089007216,5.612063700449478,True,3.6297629110070173,13.175178790122137,6,0.14200643112233913,DUC-K16,V2_03_difficult:1413394887555760384:1413394887755760384,0.039031,formal_public_module_evidence,0.011805946192180339,0.06784110269126745,0.0703830420496179,0.19012799690145168,0.8500449605278196,0,0,V2_03_difficult,5,OK,True,120,1413394887555760384,4.2729866822794997e-08,1413394887755760384,115,True,131
0.785496245903835,0.069386,0.07499999999999996,0.875,266,6.006477191320436,6.000000000000002,,16,0.7031438757862527,2.160123428745996,0.4137611089007216,5.824210668941429,True,3.6297629110070173,13.175178790122137,6,0.14200643112233913,Permuted-K16,V2_03_difficult:1413394887555760384:1413394887755760384,0.039031,formal_public_module_evidence,0.011805946192180339,0.06784110269126745,0.0703830420496179,0.19012799690145168,0.8500449605278196,0,0,V2_03_difficult,5,OK,True,120,1413394887555760384,4.2729866822794997e-08,1413394887755760384,115,True,131
0.1297157329647986,0.005916,0.008333333333333415,0.9583333333333334,266,10.514130083546027,6.0,,48,0.3919788856373834,3.242549935397453,0.4139406231056548,5.06894222112981,True,3.038919944524297,9.235034429227555,6,0.04690608493322257,Raw,V2_03_difficult:1413394887555760384:1413394887755760384,0.039101,formal_public_module_evidence,0.012483365528981327,0.03566681840964802,0.05067511309795834,0.49295928169781467,1.7988949718890253,4,0,V2_03_difficult,5,OK,True,120,1413394887555760384,1.2032830485703199e-08,1413394887755760384,115,True,131
0.19425425410236968,0.002001,0.008333333333333415,0.9583333333333334,266,11.215072089115763,6.0,,48,0.3919788856373834,3.242549935397453,0.4139406231056548,5.078584174768186,True,3.038919944524297,9.235034429227555,6,0.04690608493322257,Global-DoF,V2_03_difficult:1413394887555760384:1413394887755760384,0.039101,formal_public_module_evidence,0.012483365528981327,0.03566681840964802,0.05067511309795834,0.49295928169781467,1.7988949718890253,4,0,V2_03_difficult,5,OK,True,120,1413394887555760384,1.2032830485703199e-08,1413394887755760384,115,True,131
0.2599174844879981,1.283999,0.008333333333333415,0.9583333333333334,266,11.9762057391381,6.0,,48,0.3919788856373834,3.242549935397453,0.4139406231056548,5.091914104810852,True,3.038919944524297,9.235034429227555,6,0.04690608493322257,DPR-Exact-Block,V2_03_difficult:1413394887555760384:1413394887755760384,0.039101,formal_public_module_evidence,0.012483365528981327,0.03566681840964802,0.05067511309795834,0.49295928169781467,1.7988949718890253,4,0,V2_03_difficult,5,OK,True,120,1413394887555760384,1.2032830485703199e-08,1413394887755760384,115,True,131
0.21187565106936898,0.313503,0.008333333333333415,0.9583333333333334,266,11.414448815560341,6.0,,48,0.3919788856373834,3.242549935397453,0.4139406231056548,5.081822356963421,True,3.038919944524297,9.235034429227555,6,0.04690608493322257,DUC-K16,V2_03_difficult:1413394887555760384:1413394887755760384,0.039101,formal_public_module_evidence,0.012483365528981327,0.03566681840964802,0.05067511309795834,0.49295928169781467,1.7988949718890253,4,0,V2_03_difficult,5,OK,True,120,1413394887555760384,1.2032830485703199e-08,1413394887755760384,115,True,131
0.17968796900127254,0.105117,0.008333333333333415,0.9583333333333334,266,11.052894183958555,6.0,,48,0.3919788856373834,3.242549935397453,0.4139406231056548,5.076100259455259,True,3.038919944524297,9.235034429227555,6,0.04690608493322257,Permuted-K16,V2_03_difficult:1413394887555760384:1413394887755760384,0.039101,formal_public_module_evidence,0.012483365528981327,0.03566681840964802,0.05067511309795834,0.49295928169781467,1.7988949718890253,4,0,V2_03_difficult,5,OK,True,120,1413394887555760384,1.2032830485703199e-08,1413394887755760384,115,True,131
3.574334325814353,0.006264,0.033333333333333326,0.9166666666666666,333,3.4302038157412866,6.0,,16,1.6372989873399004,1.8520809420058526,0.3475704465386157,38.74136448211667,True,11.061570711915186,122.35834661469983,6,0.08769593604295267,Raw,V2_03_difficult:1413394888055760384:1413394888255760384,0.038676,formal_public_module_evidence,0.03136469480479759,0.10145168631091131,0.12721940074988972,0.35655937060223664,0.8556297248856586,0,0,V2_03_difficult,6,OK,True,130,1413394888055760384,8.595342919360179e-10,1413394888255760384,130,True,157
3.3666949610361088,0.001867,0.033333333333333326,0.9166666666666666,333,4.221789311681584,6.0,,16,1.6372989873399004,1.8520809420058526,0.3475704465386157,32.26071614662068,True,11.061570711915186,122.35834661469983,6,0.08769593604295267,Global-DoF,V2_03_difficult:1413394888055760384:1413394888255760384,0.038676,formal_public_module_evidence,0.03136469480479759,0.10145168631091131,0.12721940074988972,0.35655937060223664,0.8556297248856586,0,0,V2_03_difficult,6,OK,True,130,1413394888055760384,8.595342919360179e-10,1413394888255760384,130,True,157
3.1502099301674025,0.496838,0.033333333333333326,0.9166666666666666,333,5.242214777826469,6.0,,16,1.6372989873399004,1.8520809420058526,0.3475704465386157,26.83558518210843,True,11.061570711915186,122.35834661469983,6,0.08769593604295267,DPR-Exact-Block,V2_03_difficult:1413394888055760384:1413394888255760384,0.038676,formal_public_module_evidence,0.03136469480479759,0.10145168631091131,0.12721940074988972,0.35655937060223664,0.8556297248856586,0,0,V2_03_difficult,6,OK,True,130,1413394888055760384,8.595342919360179e-10,1413394888255760384,130,True,157
3.241991871180117,0.180664,0.033333333333333326,0.9166666666666666,333,4.782493845946777,6.0,,16,1.6372989873399004,1.8520809420058526,0.3475704465386157,28.9874715205935,True,11.061570711915186,122.35834661469983,6,0.08769593604295267,DUC-K16,V2_03_difficult:1413394888055760384:1413394888255760384,0.038676,formal_public_module_evidence,0.03136469480479759,0.10145168631091131,0.12721940074988972,0.35655937060223664,0.8556297248856586,0,0,V2_03_difficult,6,OK,True,130,1413394888055760384,8.595342919360179e-10,1413394888255760384,130,True,157
3.39677835088289,0.069939,0.033333333333333326,0.9166666666666666,333,4.0966749457639215,6.0,,16,1.6372989873399004,1.8520809420058526,0.3475704465386157,33.11577428537543,True,11.061570711915186,122.35834661469983,6,0.08769593604295267,Permuted-K16,V2_03_difficult:1413394888055760384:1413394888255760384,0.038676,formal_public_module_evidence,0.03136469480479759,0.10145168631091131,0.12721940074988972,0.35655937060223664,0.8556297248856586,0,0,V2_03_difficult,6,OK,True,130,1413394888055760384,8.595342919360179e-10,1413394888255760384,130,True,157
4.722665849546405,0.005961,0.07499999999999996,0.875,333,1.886383668825016,6.0,,48,1.4831420602046805,1.37345683180252,0.34672853901883477,114.94021394364972,True,14.565616565256544,212.15718592607587,6,0.022994477998932172,Raw,V2_03_difficult:1413394888055760384:1413394888255760384,0.038361,formal_public_module_evidence,0.014327167891479808,0.05565675792848232,0.07157976546445238,0.6364872046767742,1.2629620097389043,6,0,V2_03_difficult,6,OK,True,130,1413394888055760384,3.3589057825909693e-10,1413394888255760384,130,True,157
4.658127328408834,0.001952,0.07499999999999996,0.875,333,2.012142580080017,6.0,,48,1.4831420602046805,1.37345683180252,0.34672853901883477,107.97552275954978,True,14.565616565256544,212.15718592607587,6,0.022994477998932172,Global-DoF,V2_03_difficult:1413394888055760384:1413394888255760384,0.038361,formal_public_module_evidence,0.014327167891479808,0.05565675792848232,0.07157976546445238,0.6364872046767742,1.2629620097389043,6,0,V2_03_difficult,6,OK,True,130,1413394888055760384,3.3589057825909693e-10,1413394888255760384,130,True,157
4.586273967499195,1.294686,0.07499999999999996,0.875,333,2.1620427134781504,6.0,,48,1.4831420602046805,1.37345683180252,0.34672853901883477,100.73705012227782,True,14.565616565256544,212.15718592607587,6,0.022994477998932172,DPR-Exact-Block,V2_03_difficult:1413394888055760384:1413394888255760384,0.038361,formal_public_module_evidence,0.014327167891479808,0.05565675792848232,0.07157976546445238,0.6364872046767742,1.2629620097389043,6,0,V2_03_difficult,6,OK,True,130,1413394888055760384,3.3589057825909693e-10,1413394888255760384,130,True,157
4.609536942457523,0.321982,0.07499999999999996,0.875,333,2.1123276698703255,6.0,,48,1.4831420602046805,1.37345683180252,0.34672853901883477,103.02329803129707,True,14.565616565256544,212.15718592607587,6,0.022994477998932172,DUC-K16,V2_03_difficult:1413394888055760384:1413394888255760384,0.038361,formal_public_module_evidence,0.014327167891479808,0.05565675792848232,0.07157976546445238,0.6364872046767742,1.2629620097389043,6,0,V2_03_difficult,6,OK,True,130,1413394888055760384,3.3589057825909693e-10,1413394888255760384,130,True,157
4.685620965023638,0.104889,0.07499999999999996,0.875,333,1.9575750306119695,6.0,,48,1.4831420602046805,1.37345683180252,0.34672853901883477,110.88713362977147,True,14.565616565256544,212.15718592607587,6,0.022994477998932172,Permuted-K16,V2_03_difficult:1413394888055760384:1413394888255760384,0.038361,formal_public_module_evidence,0.014327167891479808,0.05565675792848232,0.07157976546445238,0.6364872046767742,1.2629620097389043,6,0,V2_03_difficult,6,OK,True,130,1413394888055760384,3.3589057825909693e-10,1413394888255760384,130,True,157
0.5581183930819955,0.006512,0.15833333333333333,0.7916666666666666,249,7.513050350136208,6.0,,16,0.32324161752131614,2.740994408993971,0.3265987987637629,5.6019001414541085,True,3.6232810186686657,13.128165340244642,6,0.05256116209373929,Raw,V2_03_difficult:1413394888555760384:1413394888755760384,0.037665,formal_public_module_evidence,0.013059882691000446,0.06275081213104827,0.06416597895919106,0.16164221204100865,0.45571935765389404,0,0,V2_03_difficult,7,OK,True,140,1413394888555760384,2.1837925017815786e-08,1413394888755760384,79,True,96
0.35047902830375105,0.002183,0.07499999999999996,0.875,249,9.246831200167641,6.0,,16,0.32324161752131614,2.740994408993971,0.3265987987637629,5.481905471242658,True,3.6232810186686657,13.128165340244642,6,0.05256116209373929,Global-DoF,V2_03_difficult:1413394888555760384:1413394888755760384,0.037665,formal_public_module_evidence,0.013059882691000446,0.06275081213104827,0.06416597895919106,0.16164221204100865,0.45571935765389404,0,0,V2_03_difficult,7,OK,True,140,1413394888555760384,2.1837925017815786e-08,1413394888755760384,79,True,96
0.26239973201308203,0.450689,0.07499999999999996,0.875,249,10.09823055746083,6.0,,16,0.32324161752131614,2.740994408993971,0.3265987987637629,5.4502833912049224,True,3.6232810186686657,13.128165340244642,6,0.05256116209373929,DPR-Exact-Block,V2_03_difficult:1413394888555760384:1413394888755760384,0.037665,formal_public_module_evidence,0.013059882691000446,0.06275081213104827,0.06416597895919106,0.16164221204100865,0.45571935765389404,0,0,V2_03_difficult,7,OK,True,140,1413394888555760384,2.1837925017815786e-08,1413394888755760384,79,True,96
0.31639262714456085,0.187472,0.07499999999999996,0.875,249,9.56745582427018,6.0,,16,0.32324161752131614,2.740994408993971,0.3265987987637629,5.468413288079609,True,3.6232810186686657,13.128165340244642,6,0.05256116209373929,DUC-K16,V2_03_difficult:1413394888555760384:1413394888755760384,0.037665,formal_public_module_evidence,0.013059882691000446,0.06275081213104827,0.06416597895919106,0.16164221204100865,0.45571935765389404,0,0,V2_03_difficult,7,OK,True,140,1413394888555760384,2.1837925017815786e-08,1413394888755760384,79,True,96
0.31317464975571296,0.07072,0.07499999999999996,0.875,249,9.598293271273961,6.0,,16,0.32324161752131614,2.740994408993971,0.3265987987637629,5.4672227540219325,True,3.6232810186686657,13.128165340244642,6,0.05256116209373929,Permuted-K16,V2_03_difficult:1413394888555760384:1413394888755760384,0.037665,formal_public_module_evidence,0.013059882691000446,0.06275081213104827,0.06416597895919106,0.16164221204100865,0.45571935765389404,0,0,V2_03_difficult,7,OK,True,140,1413394888555760384,2.1837925017815786e-08,1413394888755760384,79,True,96
0.135841639055904,0.012078,0.07499999999999996,0.875,249,7.954798783029418,6.0,,48,0.32479130025492425,2.820425284071432,0.3281240523868703,5.057152910170465,True,3.0186463519203395,9.112225797961974,6,0.00014695888552229697,Raw,V2_03_difficult:1413394888555760384:1413394888755760384,0.038618,formal_public_module_evidence,0.013389534901416256,0.048563236693434465,0.06117478266458021,0.7325869255483124,1.2808174593447657,7,0,V2_03_difficult,6,OK,True,140,1413394888555760384,1.1541842889705022e-08,1413394888755760384,79,True,96
0.07130311791833285,0.002014,0.050000000000000044,1.0,249,8.485118701898045,6.0,,48,0.32479130025492425,2.820425284071432,0.3281240523868703,5.050097651514684,True,3.0186463519203395,9.112225797961974,6,0.00014695888552229697,Global-DoF,V2_03_difficult:1413394888555760384:1413394888755760384,0.038618,formal_public_module_evidence,0.013389534901416256,0.048563236693434465,0.06117478266458021,0.7325869255483124,1.2808174593447657,7,0,V2_03_difficult,6,OK,True,140,1413394888555760384,1.1541842889705022e-08,1413394888755760384,79,True,96
0.030774427950626664,1.294875,0.050000000000000044,1.0,249,8.836073273849179,6.0,,48,0.32479130025492425,2.820425284071432,0.3281240523868703,5.047972500410077,True,3.0186463519203395,9.112225797961974,6,0.00014695888552229697,DPR-Exact-Block,V2_03_difficult:1413394888555760384:1413394888755760384,0.038618,formal_public_module_evidence,0.013389534901416256,0.048563236693434465,0.06117478266458021,0.7325869255483124,1.2808174593447657,7,0,V2_03_difficult,6,OK,True,140,1413394888555760384,1.1541842889705022e-08,1413394888755760384,79,True,96
0.03062747986250361,0.315152,0.050000000000000044,1.0,249,8.837371813329897,6.0,,48,0.32479130025492425,2.820425284071432,0.3281240523868703,5.047967918996421,True,3.0186463519203395,9.112225797961974,6,0.00014695888552229697,DUC-K16,V2_03_difficult:1413394888555760384:1413394888755760384,0.038618,formal_public_module_evidence,0.013389534901416256,0.048563236693434465,0.06117478266458021,0.7325869255483124,1.2808174593447657,7,0,V2_03_difficult,6,OK,True,140,1413394888555760384,1.1541842889705022e-08,1413394888755760384,79,True,96
0.04690876802574382,0.104708,0.050000000000000044,1.0,249,8.69465299200843,6.0,,48,0.32479130025492425,2.820425284071432,0.3281240523868703,5.048611695708287,True,3.0186463519203395,9.112225797961974,6,0.00014695888552229697,Permuted-K16,V2_03_difficult:1413394888555760384:1413394888755760384,0.038618,formal_public_module_evidence,0.013389534901416256,0.048563236693434465,0.06117478266458021,0.7325869255483124,1.2808174593447657,7,0,V2_03_difficult,6,OK,True,140,1413394888555760384,1.1541842889705022e-08,1413394888755760384,79,True,96
,,,,268,,,INSUFFICIENT_TRACKS,16,,,,,,,,,,Raw,V2_03_difficult:1413394889055760384:1413394889255760384,,formal_public_module_evidence,,,,,,,,V2_03_difficult,,,,150,1413394889055760384,,1413394889255760384,63,False,104
,,,,268,,,INSUFFICIENT_TRACKS,16,,,,,,,,,,Global-DoF,V2_03_difficult:1413394889055760384:1413394889255760384,,formal_public_module_evidence,,,,,,,,V2_03_difficult,,,,150,1413394889055760384,,1413394889255760384,63,False,104
,,,,268,,,INSUFFICIENT_TRACKS,16,,,,,,,,,,DPR-Exact-Block,V2_03_difficult:1413394889055760384:1413394889255760384,,formal_public_module_evidence,,,,,,,,V2_03_difficult,,,,150,1413394889055760384,,1413394889255760384,63,False,104
,,,,268,,,INSUFFICIENT_TRACKS,16,,,,,,,,,,DUC-K16,V2_03_difficult:1413394889055760384:1413394889255760384,,formal_public_module_evidence,,,,,,,,V2_03_difficult,,,,150,1413394889055760384,,1413394889255760384,63,False,104
,,,,268,,,INSUFFICIENT_TRACKS,16,,,,,,,,,,Permuted-K16,V2_03_difficult:1413394889055760384:1413394889255760384,,formal_public_module_evidence,,,,,,,,V2_03_difficult,,,,150,1413394889055760384,,1413394889255760384,63,False,104
,,,,268,,,INSUFFICIENT_TRACKS,48,,,,,,,,,,Raw,V2_03_difficult:1413394889055760384:1413394889255760384,,formal_public_module_evidence,,,,,,,,V2_03_difficult,,,,150,1413394889055760384,,1413394889255760384,63,False,104
,,,,268,,,INSUFFICIENT_TRACKS,48,,,,,,,,,,Global-DoF,V2_03_difficult:1413394889055760384:1413394889255760384,,formal_public_module_evidence,,,,,,,,V2_03_difficult,,,,150,1413394889055760384,,1413394889255760384,63,False,104
,,,,268,,,INSUFFICIENT_TRACKS,48,,,,,,,,,,DPR-Exact-Block,V2_03_difficult:1413394889055760384:1413394889255760384,,formal_public_module_evidence,,,,,,,,V2_03_difficult,,,,150,1413394889055760384,,1413394889255760384,63,False,104
,,,,268,,,INSUFFICIENT_TRACKS,48,,,,,,,,,,DUC-K16,V2_03_difficult:1413394889055760384:1413394889255760384,,formal_public_module_evidence,,,,,,,,V2_03_difficult,,,,150,1413394889055760384,,1413394889255760384,63,False,104
,,,,268,,,INSUFFICIENT_TRACKS,48,,,,,,,,,,Permuted-K16,V2_03_difficult:1413394889055760384:1413394889255760384,,formal_public_module_evidence,,,,,,,,V2_03_difficult,,,,150,1413394889055760384,,1413394889255760384,63,False,104
,,,,193,,,INSUFFICIENT_TRACKS,16,,,,,,,,,,Raw,V2_03_difficult:1413394889555760384:1413394889755760384,,formal_public_module_evidence,,,,,,,,V2_03_difficult,,,,160,1413394889555760384,,1413394889755760384,23,False,78
,,,,193,,,INSUFFICIENT_TRACKS,16,,,,,,,,,,Global-DoF,V2_03_difficult:1413394889555760384:1413394889755760384,,formal_public_module_evidence,,,,,,,,V2_03_difficult,,,,160,1413394889555760384,,1413394889755760384,23,False,78
,,,,193,,,INSUFFICIENT_TRACKS,16,,,,,,,,,,DPR-Exact-Block,V2_03_difficult:1413394889555760384:1413394889755760384,,formal_public_module_evidence,,,,,,,,V2_03_difficult,,,,160,1413394889555760384,,1413394889755760384,23,False,78
,,,,193,,,INSUFFICIENT_TRACKS,16,,,,,,,,,,DUC-K16,V2_03_difficult:1413394889555760384:1413394889755760384,,formal_public_module_evidence,,,,,,,,V2_03_difficult,,,,160,1413394889555760384,,1413394889755760384,23,False,78
,,,,193,,,INSUFFICIENT_TRACKS,16,,,,,,,,,,Permuted-K16,V2_03_difficult:1413394889555760384:1413394889755760384,,formal_public_module_evidence,,,,,,,,V2_03_difficult,,,,160,1413394889555760384,,1413394889755760384,23,False,78
,,,,193,,,INSUFFICIENT_TRACKS,48,,,,,,,,,,Raw,V2_03_difficult:1413394889555760384:1413394889755760384,,formal_public_module_evidence,,,,,,,,V2_03_difficult,,,,160,1413394889555760384,,1413394889755760384,23,False,78
,,,,193,,,INSUFFICIENT_TRACKS,48,,,,,,,,,,Global-DoF,V2_03_difficult:1413394889555760384:1413394889755760384,,formal_public_module_evidence,,,,,,,,V2_03_difficult,,,,160,1413394889555760384,,1413394889755760384,23,False,78
,,,,193,,,INSUFFICIENT_TRACKS,48,,,,,,,,,,DPR-Exact-Block,V2_03_difficult:1413394889555760384:1413394889755760384,,formal_public_module_evidence,,,,,,,,V2_03_difficult,,,,160,1413394889555760384,,1413394889755760384,23,False,78
,,,,193,,,INSUFFICIENT_TRACKS,48,,,,,,,,,,DUC-K16,V2_03_difficult:1413394889555760384:1413394889755760384,,formal_public_module_evidence,,,,,,,,V2_03_difficult,,,,160,1413394889555760384,,1413394889755760384,23,False,78
,,,,193,,,INSUFFICIENT_TRACKS,48,,,,,,,,,,Permuted-K16,V2_03_difficult:1413394889555760384:1413394889755760384,,formal_public_module_evidence,,,,,,,,V2_03_difficult,,,,160,1413394889555760384,,1413394889755760384,23,False,78
3.150978855192337,0.006332,0.24166666666666659,0.7083333333333334,314,1.3645640015288696,6.0,,16,0.3919643281856905,1.168145539532155,0.3439707267978672,25.50763042361146,True,5.645771794263637,31.87473915290285,6,0.1011935688818223,Raw,V2_03_difficult:1413394890055760384:1413394890255760384,0.040971,formal_public_module_evidence,0.02013484547568356,0.15131778120644038,0.08468873756466948,0.234817454034507,0.7472192906710754,0,0,V2_03_difficult,5,OK,True,170,1413394890055760384,1.0360307499460452e-08,1413394890255760384,89,True,130
2.9433394904140924,0.001981,0.19999999999999996,0.75,314,1.6794633864970703,6.0,,16,0.3919643281856905,1.168145539532155,0.3439707267978672,21.335472589817012,True,5.645771794263637,31.87473915290285,6,0.1011935688818223,Global-DoF,V2_03_difficult:1413394890055760384:1413394890255760384,0.040971,formal_public_module_evidence,0.02013484547568356,0.15131778120644038,0.08468873756466948,0.234817454034507,0.7472192906710754,0,0,V2_03_difficult,5,OK,True,170,1413394890055760384,1.0360307499460452e-08,1413394890255760384,89,True,130
2.5821927130071236,0.454562,0.15833333333333333,0.7916666666666666,314,2.409986406426292,6.0,,16,0.3919643281856905,1.168145539532155,0.3439707267978672,15.943605618624455,True,5.645771794263637,31.87473915290285,6,0.1011935688818223,DPR-Exact-Block,V2_03_difficult:1413394890055760384:1413394890255760384,0.040971,formal_public_module_evidence,0.02013484547568356,0.15131778120644038,0.08468873756466948,0.234817454034507,0.7472192906710754,0,0,V2_03_difficult,5,OK,True,170,1413394890055760384,1.0360307499460452e-08,1413394890255760384,89,True,130
2.6888802964765177,0.180973,0.15833333333333333,0.7916666666666666,314,2.166111281003338,6.0,,16,0.3919643281856905,1.168145539532155,0.3439707267978672,17.32600063231754,True,5.645771794263637,31.87473915290285,6,0.1011935688818223,DUC-K16,V2_03_difficult:1413394890055760384:1413394890255760384,0.040971,formal_public_module_evidence,0.02013484547568356,0.15131778120644038,0.08468873756466948,0.234817454034507,0.7472192906710754,0,0,V2_03_difficult,5,OK,True,170,1413394890055760384,1.0360307499460452e-08,1413394890255760384,89,True,130
1.9258281485569726,0.075444,0.11666666666666659,0.8333333333333334,314,4.6459026073947305,6.0,,16,0.3919643281856905,1.168145539532155,0.3439707267978672,10.234690836616283,True,5.645771794263637,31.87473915290285,6,0.1011935688818223,Permuted-K16,V2_03_difficult:1413394890055760384:1413394890255760384,0.040971,formal_public_module_evidence,0.02013484547568356,0.15131778120644038,0.08468873756466948,0.234817454034507,0.7472192906710754,0,0,V2_03_difficult,5,OK,True,170,1413394890055760384,1.0360307499460452e-08,1413394890255760384,89,True,130
1.698052090398486,0.006223,0.15833333333333333,0.7916666666666666,314,2.2127318416537918,5.999999999999999,,48,0.3513235215794809,1.487525408742248,0.3597369927531816,8.09539996135368,True,3.476896150419882,12.088806840804594,6,0.00458929409490183,Raw,V2_03_difficult:1413394890055760384:1413394890255760384,0.03913,formal_public_module_evidence,0.010385419467340062,0.03162198954602018,0.053958033724554766,0.45947115273236305,1.0,11,0,V2_03_difficult,6,OK,True,170,1413394890055760384,3.5684446601341768e-09,1413394890255760384,89,True,130
1.6335135692609146,0.001899,0.15833333333333333,0.7916666666666666,314,2.360247297764045,5.999999999999999,,48,0.3513235215794809,1.487525408742248,0.3597369927531816,7.818482544032123,True,3.476896150419882,12.088806840804594,6,0.00458929409490183,Global-DoF,V2_03_difficult:1413394890055760384:1413394890255760384,0.03913,formal_public_module_evidence,0.010385419467340062,0.03162198954602018,0.053958033724554766,0.45947115273236305,1.0,11,0,V2_03_difficult,6,OK,True,170,1413394890055760384,3.5684446601341768e-09,1413394890255760384,89,True,130
1.5930892125492648,1.299084,0.11666666666666659,0.8333333333333334,314,2.4576135008044706,5.999999999999999,,48,0.3513235215794809,1.487525408742248,0.3597369927531816,7.655988897836761,True,3.476896150419882,12.088806840804594,6,0.00458929409490183,DPR-Exact-Block,V2_03_difficult:1413394890055760384:1413394890255760384,0.03913,formal_public_module_evidence,0.010385419467340062,0.03162198954602018,0.053958033724554766,0.45947115273236305,1.0,11,0,V2_03_difficult,6,OK,True,170,1413394890055760384,3.5684446601341768e-09,1413394890255760384,89,True,130
1.5976890697849413,0.314403,0.11666666666666659,0.8333333333333334,314,2.4463347896776777,5.999999999999999,,48,0.3513235215794809,1.487525408742248,0.3597369927531816,7.67406749413206,True,3.476896150419882,12.088806840804594,6,0.00458929409490183,DUC-K16,V2_03_difficult:1413394890055760384:1413394890255760384,0.03913,formal_public_module_evidence,0.010385419467340062,0.03162198954602018,0.053958033724554766,0.45947115273236305,1.0,11,0,V2_03_difficult,6,OK,True,170,1413394890055760384,3.5684446601341768e-09,1413394890255760384,89,True,130
1.6585624363417473,0.104598,0.15833333333333333,0.7916666666666666,314,2.3018600964155076,5.999999999999999,,48,0.3513235215794809,1.487525408742248,0.3597369927531816,7.923350282188372,True,3.476896150419882,12.088806840804594,6,0.00458929409490183,Permuted-K16,V2_03_difficult:1413394890055760384:1413394890255760384,0.03913,formal_public_module_evidence,0.010385419467340062,0.03162198954602018,0.053958033724554766,0.45947115273236305,1.0,11,0,V2_03_difficult,6,OK,True,170,1413394890055760384,3.5684446601341768e-09,1413394890255760384,89,True,130
,,,,195,,,INSUFFICIENT_TRACKS,16,,,,,,,,,,Raw,V2_03_difficult:1413394890555760384:1413394890755760384,,formal_public_module_evidence,,,,,,,,V2_03_difficult,,,,180,1413394890555760384,,1413394890755760384,51,False,86
,,,,195,,,INSUFFICIENT_TRACKS,16,,,,,,,,,,Global-DoF,V2_03_difficult:1413394890555760384:1413394890755760384,,formal_public_module_evidence,,,,,,,,V2_03_difficult,,,,180,1413394890555760384,,1413394890755760384,51,False,86
,,,,195,,,INSUFFICIENT_TRACKS,16,,,,,,,,,,DPR-Exact-Block,V2_03_difficult:1413394890555760384:1413394890755760384,,formal_public_module_evidence,,,,,,,,V2_03_difficult,,,,180,1413394890555760384,,1413394890755760384,51,False,86
,,,,195,,,INSUFFICIENT_TRACKS,16,,,,,,,,,,DUC-K16,V2_03_difficult:1413394890555760384:1413394890755760384,,formal_public_module_evidence,,,,,,,,V2_03_difficult,,,,180,1413394890555760384,,1413394890755760384,51,False,86
,,,,195,,,INSUFFICIENT_TRACKS,16,,,,,,,,,,Permuted-K16,V2_03_difficult:1413394890555760384:1413394890755760384,,formal_public_module_evidence,,,,,,,,V2_03_difficult,,,,180,1413394890555760384,,1413394890755760384,51,False,86
,,,,195,,,INSUFFICIENT_TRACKS,48,,,,,,,,,,Raw,V2_03_difficult:1413394890555760384:1413394890755760384,,formal_public_module_evidence,,,,,,,,V2_03_difficult,,,,180,1413394890555760384,,1413394890755760384,51,False,86
,,,,195,,,INSUFFICIENT_TRACKS,48,,,,,,,,,,Global-DoF,V2_03_difficult:1413394890555760384:1413394890755760384,,formal_public_module_evidence,,,,,,,,V2_03_difficult,,,,180,1413394890555760384,,1413394890755760384,51,False,86
,,,,195,,,INSUFFICIENT_TRACKS,48,,,,,,,,,,DPR-Exact-Block,V2_03_difficult:1413394890555760384:1413394890755760384,,formal_public_module_evidence,,,,,,,,V2_03_difficult,,,,180,1413394890555760384,,1413394890755760384,51,False,86
,,,,195,,,INSUFFICIENT_TRACKS,48,,,,,,,,,,DUC-K16,V2_03_difficult:1413394890555760384:1413394890755760384,,formal_public_module_evidence,,,,,,,,V2_03_difficult,,,,180,1413394890555760384,,1413394890755760384,51,False,86
,,,,195,,,INSUFFICIENT_TRACKS,48,,,,,,,,,,Permuted-K16,V2_03_difficult:1413394890555760384:1413394890755760384,,formal_public_module_evidence,,,,,,,,V2_03_difficult,,,,180,1413394890555760384,,1413394890755760384,51,False,86
1.4943758778820848,0.005714,0.24166666666666659,0.7083333333333334,858,4.658265921355417,6.0,,16,0.3939324005449895,2.158301628909967,0.41116386110060404,7.833074576024768,True,4.556293975623134,20.759814792299665,6,0.14123824442182675,Raw,V2_03_difficult:1413394891055760384:1413394891255760384,0.039073,formal_public_module_evidence,0.05595255025565565,0.12292145691902168,0.15311261892794398,0.35810095177757895,1.0592289654102283,0,0,V2_03_difficult,6,OK,True,190,1413394891055760384,6.218353266843677e-12,1413394891255760384,95,True,247
1.2867365131038402,0.002009,0.15833333333333333,0.7916666666666666,858,5.733250364745128,6.0,,16,0.3939324005449895,2.158301628909967,0.41116386110060404,7.205110018813175,True,4.556293975623134,20.759814792299665,6,0.14123824442182675,Global-DoF,V2_03_difficult:1413394891055760384:1413394891255760384,0.039073,formal_public_module_evidence,0.05595255025565565,0.12292145691902168,0.15311261892794398,0.35810095177757895,1.0592289654102283,0,0,V2_03_difficult,6,OK,True,190,1413394891055760384,6.218353266843677e-12,1413394891255760384,95,True,247
1.2425353854496735,0.460087,0.15833333333333333,0.7916666666666666,858,5.992350573536038,6.0,,16,0.3939324005449895,2.158301628909967,0.41116386110060404,7.092746710749754,True,4.556293975623134,20.759814792299665,6,0.14123824442182675,DPR-Exact-Block,V2_03_difficult:1413394891055760384:1413394891255760384,0.039073,formal_public_module_evidence,0.05595255025565565,0.12292145691902168,0.15311261892794398,0.35810095177757895,1.0592289654102283,0,0,V2_03_difficult,6,OK,True,190,1413394891055760384,6.218353266843677e-12,1413394891255760384,95,True,247
1.110421533191827,0.178774,0.15833333333333333,0.7916666666666666,858,6.838699648502395,6.0,,16,0.3939324005449895,2.158301628909967,0.41116386110060404,6.796112416943199,True,4.556293975623134,20.759814792299665,6,0.14123824442182675,DUC-K16,V2_03_difficult:1413394891055760384:1413394891255760384,0.039073,formal_public_module_evidence,0.05595255025565565,0.12292145691902168,0.15311261892794398,0.35810095177757895,1.0592289654102283,0,0,V2_03_difficult,6,OK,True,190,1413394891055760384,6.218353266843677e-12,1413394891255760384,95,True,247
1.2204297259025094,0.069836,0.15833333333333333,0.7916666666666666,858,6.126290395038451,6.0,,16,0.3939324005449895,2.158301628909967,0.41116386110060404,7.039110086110231,True,4.556293975623134,20.759814792299665,6,0.14123824442182675,Permuted-K16,V2_03_difficult:1413394891055760384:1413394891255760384,0.039073,formal_public_module_evidence,0.05595255025565565,0.12292145691902168,0.15311261892794398,0.35810095177757895,1.0592289654102283,0,0,V2_03_difficult,6,OK,True,190,1413394891055760384,6.218353266843677e-12,1413394891255760384,95,True,247
0.4550746543783317,0.005751,0.15833333333333333,0.7916666666666666,858,13.303165495682881,6.0,,48,0.3713275950168772,3.647350476124125,0.38836047864145534,6.002170136182414,True,4.579264218512372,20.969660782947724,6,0.02904964583116687,Raw,V2_03_difficult:1413394891055760384:1413394891255760384,0.03901,formal_public_module_evidence,0.0114084363816922,0.06191396629016108,0.05516302816042085,0.5139834803268439,1.0,5,0,V2_03_difficult,5,OK,True,190,1413394891055760384,1.1332441622384638e-08,1413394891255760384,95,True,247
0.39053613324076075,0.002149,0.11666666666666659,0.8333333333333334,858,14.19004319539507,6.0,,48,0.3713275950168772,3.647350476124125,0.38836047864145534,5.968190466340588,True,4.579264218512372,20.969660782947724,6,0.02904964583116687,Global-DoF,V2_03_difficult:1413394891055760384:1413394891255760384,0.03901,formal_public_module_evidence,0.0114084363816922,0.06191396629016108,0.05516302816042085,0.5139834803268439,1.0,5,0,V2_03_difficult,5,OK,True,190,1413394891055760384,1.1332441622384638e-08,1413394891255760384,95,True,247
0.30872245351911737,1.283594,0.11666666666666659,0.8333333333333334,858,15.399795266712665,6.0,,48,0.3713275950168772,3.647350476124125,0.38836047864145534,5.933915668713371,True,4.579264218512372,20.969660782947724,6,0.02904964583116687,DPR-Exact-Block,V2_03_difficult:1413394891055760384:1413394891255760384,0.03901,formal_public_module_evidence,0.0114084363816922,0.06191396629016108,0.05516302816042085,0.5139834803268439,1.0,5,0,V2_03_difficult,5,OK,True,190,1413394891055760384,1.1332441622384638e-08,1413394891255760384,95,True,247
0.2800867511535194,0.315658,0.11666666666666659,0.8333333333333334,858,15.847153865083149,6.0,,48,0.3713275950168772,3.647350476124125,0.38836047864145534,5.924111584090686,True,4.579264218512372,20.969660782947724,6,0.02904964583116687,DUC-K16,V2_03_difficult:1413394891055760384:1413394891255760384,0.03901,formal_public_module_evidence,0.0114084363816922,0.06191396629016108,0.05516302816042085,0.5139834803268439,1.0,5,0,V2_03_difficult,5,OK,True,190,1413394891055760384,1.1332441622384638e-08,1413394891255760384,95,True,247
0.3725544951948183,0.104928,0.11666666666666659,0.8333333333333334,858,14.447511327948348,6.0,,48,0.3713275950168772,3.647350476124125,0.38836047864145534,5.959836813056884,True,4.579264218512372,20.969660782947724,6,0.02904964583116687,Permuted-K16,V2_03_difficult:1413394891055760384:1413394891255760384,0.03901,formal_public_module_evidence,0.0114084363816922,0.06191396629016108,0.05516302816042085,0.5139834803268439,1.0,5,0,V2_03_difficult,5,OK,True,190,1413394891055760384,1.1332441622384638e-08,1413394891255760384,95,True,247
,,,,494,,,INSUFFICIENT_TRACKS,16,,,,,,,,,,Raw,V2_03_difficult:1413394891555760384:1413394891755760384,,formal_public_module_evidence,,,,,,,,V2_03_difficult,,,,200,1413394891555760384,,1413394891755760384,68,False,171
,,,,494,,,INSUFFICIENT_TRACKS,16,,,,,,,,,,Global-DoF,V2_03_difficult:1413394891555760384:1413394891755760384,,formal_public_module_evidence,,,,,,,,V2_03_difficult,,,,200,1413394891555760384,,1413394891755760384,68,False,171
,,,,494,,,INSUFFICIENT_TRACKS,16,,,,,,,,,,DPR-Exact-Block,V2_03_difficult:1413394891555760384:1413394891755760384,,formal_public_module_evidence,,,,,,,,V2_03_difficult,,,,200,1413394891555760384,,1413394891755760384,68,False,171
,,,,494,,,INSUFFICIENT_TRACKS,16,,,,,,,,,,DUC-K16,V2_03_difficult:1413394891555760384:1413394891755760384,,formal_public_module_evidence,,,,,,,,V2_03_difficult,,,,200,1413394891555760384,,1413394891755760384,68,False,171
,,,,494,,,INSUFFICIENT_TRACKS,16,,,,,,,,,,Permuted-K16,V2_03_difficult:1413394891555760384:1413394891755760384,,formal_public_module_evidence,,,,,,,,V2_03_difficult,,,,200,1413394891555760384,,1413394891755760384,68,False,171
,,,,494,,,INSUFFICIENT_TRACKS,48,,,,,,,,,,Raw,V2_03_difficult:1413394891555760384:1413394891755760384,,formal_public_module_evidence,,,,,,,,V2_03_difficult,,,,200,1413394891555760384,,1413394891755760384,68,False,171
,,,,494,,,INSUFFICIENT_TRACKS,48,,,,,,,,,,Global-DoF,V2_03_difficult:1413394891555760384:1413394891755760384,,formal_public_module_evidence,,,,,,,,V2_03_difficult,,,,200,1413394891555760384,,1413394891755760384,68,False,171
,,,,494,,,INSUFFICIENT_TRACKS,48,,,,,,,,,,DPR-Exact-Block,V2_03_difficult:1413394891555760384:1413394891755760384,,formal_public_module_evidence,,,,,,,,V2_03_difficult,,,,200,1413394891555760384,,1413394891755760384,68,False,171
,,,,494,,,INSUFFICIENT_TRACKS,48,,,,,,,,,,DUC-K16,V2_03_difficult:1413394891555760384:1413394891755760384,,formal_public_module_evidence,,,,,,,,V2_03_difficult,,,,200,1413394891555760384,,1413394891755760384,68,False,171
,,,,494,,,INSUFFICIENT_TRACKS,48,,,,,,,,,,Permuted-K16,V2_03_difficult:1413394891555760384:1413394891755760384,,formal_public_module_evidence,,,,,,,,V2_03_difficult,,,,200,1413394891555760384,,1413394891755760384,68,False,171
,,,,133,,,INSUFFICIENT_TRACKS,16,,,,,,,,,,Raw,V2_03_difficult:1413394892055760384:1413394892255760384,,formal_public_module_evidence,,,,,,,,V2_03_difficult,,,,210,1413394892055760384,,1413394892255760384,31,False,68
,,,,133,,,INSUFFICIENT_TRACKS,16,,,,,,,,,,Global-DoF,V2_03_difficult:1413394892055760384:1413394892255760384,,formal_public_module_evidence,,,,,,,,V2_03_difficult,,,,210,1413394892055760384,,1413394892255760384,31,False,68
,,,,133,,,INSUFFICIENT_TRACKS,16,,,,,,,,,,DPR-Exact-Block,V2_03_difficult:1413394892055760384:1413394892255760384,,formal_public_module_evidence,,,,,,,,V2_03_difficult,,,,210,1413394892055760384,,1413394892255760384,31,False,68
,,,,133,,,INSUFFICIENT_TRACKS,16,,,,,,,,,,DUC-K16,V2_03_difficult:1413394892055760384:1413394892255760384,,formal_public_module_evidence,,,,,,,,V2_03_difficult,,,,210,1413394892055760384,,1413394892255760384,31,False,68
,,,,133,,,INSUFFICIENT_TRACKS,16,,,,,,,,,,Permuted-K16,V2_03_difficult:1413394892055760384:1413394892255760384,,formal_public_module_evidence,,,,,,,,V2_03_difficult,,,,210,1413394892055760384,,1413394892255760384,31,False,68
,,,,133,,,INSUFFICIENT_TRACKS,48,,,,,,,,,,Raw,V2_03_difficult:1413394892055760384:1413394892255760384,,formal_public_module_evidence,,,,,,,,V2_03_difficult,,,,210,1413394892055760384,,1413394892255760384,31,False,68
,,,,133,,,INSUFFICIENT_TRACKS,48,,,,,,,,,,Global-DoF,V2_03_difficult:1413394892055760384:1413394892255760384,,formal_public_module_evidence,,,,,,,,V2_03_difficult,,,,210,1413394892055760384,,1413394892255760384,31,False,68
,,,,133,,,INSUFFICIENT_TRACKS,48,,,,,,,,,,DPR-Exact-Block,V2_03_difficult:1413394892055760384:1413394892255760384,,formal_public_module_evidence,,,,,,,,V2_03_difficult,,,,210,1413394892055760384,,1413394892255760384,31,False,68
,,,,133,,,INSUFFICIENT_TRACKS,48,,,,,,,,,,DUC-K16,V2_03_difficult:1413394892055760384:1413394892255760384,,formal_public_module_evidence,,,,,,,,V2_03_difficult,,,,210,1413394892055760384,,1413394892255760384,31,False,68
,,,,133,,,INSUFFICIENT_TRACKS,48,,,,,,,,,,Permuted-K16,V2_03_difficult:1413394892055760384:1413394892255760384,,formal_public_module_evidence,,,,,,,,V2_03_difficult,,,,210,1413394892055760384,,1413394892255760384,31,False,68
,,,,242,,,INSUFFICIENT_TRACKS,16,,,,,,,,,,Raw,V2_03_difficult:1413394892555760384:1413394892755760384,,formal_public_module_evidence,,,,,,,,V2_03_difficult,,,,220,1413394892555760384,,1413394892755760384,5,False,91
,,,,242,,,INSUFFICIENT_TRACKS,16,,,,,,,,,,Global-DoF,V2_03_difficult:1413394892555760384:1413394892755760384,,formal_public_module_evidence,,,,,,,,V2_03_difficult,,,,220,1413394892555760384,,1413394892755760384,5,False,91
,,,,242,,,INSUFFICIENT_TRACKS,16,,,,,,,,,,DPR-Exact-Block,V2_03_difficult:1413394892555760384:1413394892755760384,,formal_public_module_evidence,,,,,,,,V2_03_difficult,,,,220,1413394892555760384,,1413394892755760384,5,False,91
,,,,242,,,INSUFFICIENT_TRACKS,16,,,,,,,,,,DUC-K16,V2_03_difficult:1413394892555760384:1413394892755760384,,formal_public_module_evidence,,,,,,,,V2_03_difficult,,,,220,1413394892555760384,,1413394892755760384,5,False,91
,,,,242,,,INSUFFICIENT_TRACKS,16,,,,,,,,,,Permuted-K16,V2_03_difficult:1413394892555760384:1413394892755760384,,formal_public_module_evidence,,,,,,,,V2_03_difficult,,,,220,1413394892555760384,,1413394892755760384,5,False,91
,,,,242,,,INSUFFICIENT_TRACKS,48,,,,,,,,,,Raw,V2_03_difficult:1413394892555760384:1413394892755760384,,formal_public_module_evidence,,,,,,,,V2_03_difficult,,,,220,1413394892555760384,,1413394892755760384,5,False,91
,,,,242,,,INSUFFICIENT_TRACKS,48,,,,,,,,,,Global-DoF,V2_03_difficult:1413394892555760384:1413394892755760384,,formal_public_module_evidence,,,,,,,,V2_03_difficult,,,,220,1413394892555760384,,1413394892755760384,5,False,91
,,,,242,,,INSUFFICIENT_TRACKS,48,,,,,,,,,,DPR-Exact-Block,V2_03_difficult:1413394892555760384:1413394892755760384,,formal_public_module_evidence,,,,,,,,V2_03_difficult,,,,220,1413394892555760384,,1413394892755760384,5,False,91
,,,,242,,,INSUFFICIENT_TRACKS,48,,,,,,,,,,DUC-K16,V2_03_difficult:1413394892555760384:1413394892755760384,,formal_public_module_evidence,,,,,,,,V2_03_difficult,,,,220,1413394892555760384,,1413394892755760384,5,False,91
,,,,242,,,INSUFFICIENT_TRACKS,48,,,,,,,,,,Permuted-K16,V2_03_difficult:1413394892555760384:1413394892755760384,,formal_public_module_evidence,,,,,,,,V2_03_difficult,,,,220,1413394892555760384,,1413394892755760384,5,False,91
0.05830231144114671,0.005992,0.008333333333333415,0.9583333333333334,156,1.0948290961112475,5.999999999999998,,16,1.548178209996162,1.0463408125994358,1.508930022263208,2.871840055263887,True,1.0162790647975317,1.0328231375457457,6,0.06819661575248104,Raw,V2_03_difficult:1413394893055760384:1413394893255760384,0.04432,formal_public_module_evidence,0.029748311530785387,0.06284328160017555,0.10561893393509653,0.3373660434796494,0.9089659355617341,1,0,V2_03_difficult,5,OK,True,230,1413394893055760384,2.2993014260702995e-10,1413394893255760384,94,True,124
0.26594167621939113,0.002025,0.008333333333333415,0.9583333333333334,156,1.3474819644446123,5.999999999999998,,16,1.548178209996162,1.0463408125994358,1.508930022263208,2.90259853609625,True,1.0162790647975317,1.0328231375457457,6,0.06819661575248104,Global-DoF,V2_03_difficult:1413394893055760384:1413394893255760384,0.04432,formal_public_module_evidence,0.029748311530785387,0.06284328160017555,0.10561893393509653,0.3373660434796494,0.9089659355617341,1,0,V2_03_difficult,5,OK,True,230,1413394893055760384,2.2993014260702995e-10,1413394893255760384,94,True,124
0.5346338556425967,0.487657,0.008333333333333415,0.9583333333333334,156,1.762846476292188,5.999999999999998,,16,1.548178209996162,1.0463408125994358,1.508930022263208,2.990690654000689,True,1.0162790647975317,1.0328231375457457,6,0.06819661575248104,DPR-Exact-Block,V2_03_difficult:1413394893055760384:1413394893255760384,0.04432,formal_public_module_evidence,0.029748311530785387,0.06284328160017555,0.10561893393509653,0.3373660434796494,0.9089659355617341,1,0,V2_03_difficult,5,OK,True,230,1413394893055760384,2.2993014260702995e-10,1413394893255760384,94,True,124
0.46400040798281394,0.186535,0.008333333333333415,0.9583333333333334,156,1.6426263125178746,5.999999999999998,,16,1.548178209996162,1.0463408125994358,1.508930022263208,2.962936735369949,True,1.0162790647975317,1.0328231375457457,6,0.06819661575248104,DUC-K16,V2_03_difficult:1413394893055760384:1413394893255760384,0.04432,formal_public_module_evidence,0.029748311530785387,0.06284328160017555,0.10561893393509653,0.3373660434796494,0.9089659355617341,1,0,V2_03_difficult,5,OK,True,230,1413394893055760384,2.2993014260702995e-10,1413394893255760384,94,True,124
0.2665502629785095,0.071879,0.008333333333333415,0.9583333333333334,156,1.3483022737156858,5.999999999999998,,16,1.548178209996162,1.0463408125994358,1.508930022263208,2.9027407928606124,True,1.0162790647975317,1.0328231375457457,6,0.06819661575248104,Permuted-K16,V2_03_difficult:1413394893055760384:1413394893255760384,0.04432,formal_public_module_evidence,0.029748311530785387,0.06284328160017555,0.10561893393509653,0.3373660434796494,0.9089659355617341,1,0,V2_03_difficult,5,OK,True,230,1413394893055760384,2.2993014260702995e-10,1413394893255760384,94,True,124
0.097608087876258,0.006121,0.07499999999999996,0.875,156,1.190286766037591,5.999999999999999,,48,1.5949968930677347,1.0910026425438166,1.5558208703003966,3.1146019296800915,True,1.145568674788895,1.312327588657585,6,0.07571046087262467,Raw,V2_03_difficult:1413394893055760384:1413394893255760384,0.038908,formal_public_module_evidence,0.014445439177653951,0.052093332215140446,0.07430345507011936,0.6361744491497756,1.385336277810893,3,0,V2_03_difficult,4,OK,True,230,1413394893055760384,1.2977310644647946e-08,1413394893255760384,94,True,124
0.03306956673868683,0.001957,0.07499999999999996,0.875,156,1.2696392171067639,5.999999999999999,,48,1.5949968930677347,1.0910026425438166,1.5558208703003966,3.1102322879854896,True,1.145568674788895,1.312327588657585,6,0.07571046087262467,Global-DoF,V2_03_difficult:1413394893055760384:1413394893255760384,0.038908,formal_public_module_evidence,0.014445439177653951,0.052093332215140446,0.07430345507011936,0.6361744491497756,1.385336277810893,3,0,V2_03_difficult,4,OK,True,230,1413394893055760384,1.2977310644647946e-08,1413394893255760384,94,True,124
0.16967400677886801,1.293922,0.033333333333333326,0.9166666666666666,156,1.5550012548542587,5.999999999999999,,48,1.5949968930677347,1.0910026425438166,1.5558208703003966,3.123293309461618,True,1.145568674788895,1.312327588657585,6,0.07571046087262467,DPR-Exact-Block,V2_03_difficult:1413394893055760384:1413394893255760384,0.038908,formal_public_module_evidence,0.014445439177653951,0.052093332215140446,0.07430345507011936,0.6361744491497756,1.385336277810893,3,0,V2_03_difficult,4,OK,True,230,1413394893055760384,1.2977310644647946e-08,1413394893255760384,94,True,124
0.2426553438993375,0.315532,0.033333333333333326,0.9166666666666666,156,1.6727311165167844,5.999999999999999,,48,1.5949968930677347,1.0910026425438166,1.5558208703003966,3.1368766204605776,True,1.145568674788895,1.312327588657585,6,0.07571046087262467,DUC-K16,V2_03_difficult:1413394893055760384:1413394893255760384,0.038908,formal_public_module_evidence,0.014445439177653951,0.052093332215140446,0.07430345507011936,0.6361744491497756,1.385336277810893,3,0,V2_03_difficult,4,OK,True,230,1413394893055760384,1.2977310644647946e-08,1413394893255760384,94,True,124
0.01730763493910653,0.105673,0.07499999999999996,0.875,156,1.2898097293837305,5.999999999999999,,48,1.5949968930677347,1.0910026425438166,1.5558208703003966,3.1098300572028843,True,1.145568674788895,1.312327588657585,6,0.07571046087262467,Permuted-K16,V2_03_difficult:1413394893055760384:1413394893255760384,0.038908,formal_public_module_evidence,0.014445439177653951,0.052093332215140446,0.07430345507011936,0.6361744491497756,1.385336277810893,3,0,V2_03_difficult,4,OK,True,230,1413394893055760384,1.2977310644647946e-08,1413394893255760384,94,True,124
1.6770862776119504,0.00605,0.2833333333333333,0.6666666666666666,128,0.3124215226079182,6.0,,16,2.610076859686131,0.5589467976542295,2.266829480514558,6.024420082060632,True,1.2928410412625289,1.6714379579727796,6,0.1089806733729557,Raw,V2_03_difficult:1413394893555760384:1413394893755760384,0.038409,formal_public_module_evidence,0.026380903917731957,0.08561838402490574,0.11296382165614081,0.2423895186082773,0.6891462192071407,0,0,V2_03_difficult,5,OK,True,240,1413394893555760384,1.9070361268407884e-09,1413394893755760384,103,True,119
1.4694469128337055,0.002101,0.2833333333333333,0.6666666666666666,128,0.3845187970558995,6.0,,16,2.610076859686131,0.5589467976542295,2.266829480514558,5.228944762217102,True,1.2928410412625289,1.6714379579727796,6,0.1089806733729557,Global-DoF,V2_03_difficult:1413394893555760384:1413394893755760384,0.038409,formal_public_module_evidence,0.026380903917731957,0.08561838402490574,0.11296382165614081,0.2423895186082773,0.6891462192071407,0,0,V2_03_difficult,5,OK,True,240,1413394893555760384,1.9070361268407884e-09,1413394893755760384,103,True,119
1.3829885218606486,0.483259,0.2833333333333333,0.6666666666666666,128,0.4192431516205785,6.0,,16,2.610076859686131,0.5589467976542295,2.266829480514558,4.955371329206412,True,1.2928410412625289,1.6714379579727796,6,0.1089806733729557,DPR-Exact-Block,V2_03_difficult:1413394893555760384:1413394893755760384,0.038409,formal_public_module_evidence,0.026380903917731957,0.08561838402490574,0.11296382165614081,0.2423895186082773,0.6891462192071407,0,0,V2_03_difficult,5,OK,True,240,1413394893555760384,1.9070361268407884e-09,1413394893755760384,103,True,119
1.498377682667778,0.178182,0.2833333333333333,0.6666666666666666,128,0.3735537506499677,6.0,,16,2.610076859686131,0.5589467976542295,2.266829480514558,5.327607935357988,True,1.2928410412625289,1.6714379579727796,6,0.1089806733729557,DUC-K16,V2_03_difficult:1413394893555760384:1413394893755760384,0.038409,formal_public_module_evidence,0.026380903917731957,0.08561838402490574,0.11296382165614081,0.2423895186082773,0.6891462192071407,0,0,V2_03_difficult,5,OK,True,240,1413394893555760384,1.9070361268407884e-09,1413394893755760384,103,True,119
1.541993813091677,0.069658,0.2833333333333333,0.6666666666666666,128,0.35761098964772653,6.0,,16,2.610076859686131,0.5589467976542295,2.266829480514558,5.483467431785196,True,1.2928410412625289,1.6714379579727796,6,0.1089806733729557,Permuted-K16,V2_03_difficult:1413394893555760384:1413394893755760384,0.038409,formal_public_module_evidence,0.026380903917731957,0.08561838402490574,0.11296382165614081,0.2423895186082773,0.6891462192071407,0,0,V2_03_difficult,5,OK,True,240,1413394893555760384,1.9070361268407884e-09,1413394893755760384,103,True,119
1.3300788340882677,0.006405,0.19999999999999996,0.75,128,0.6435096960618455,6.0,,48,1.8165685410128247,0.8021905609403824,2.280111982802957,5.1784003564715375,True,1.559913428019081,2.4333299029142403,6,0.07352419195486126,Raw,V2_03_difficult:1413394893555760384:1413394893755760384,0.037657,formal_public_module_evidence,0.011302814086776525,0.03852717917826998,0.05246982302719918,0.47288820094681994,1.0167474272856627,4,0,V2_03_difficult,5,OK,True,240,1413394893555760384,4.172944109215459e-10,1413394893755760384,103,True,119
1.2655403129506961,0.001947,0.19999999999999996,0.75,128,0.6864103424659687,6.0,,48,1.8165685410128247,0.8021905609403824,2.280111982802957,5.006605035457452,True,1.559913428019081,2.4333299029142403,6,0.07352419195486126,Global-DoF,V2_03_difficult:1413394893555760384:1413394893755760384,0.037657,formal_public_module_evidence,0.011302814086776525,0.03852717917826998,0.05246982302719918,0.47288820094681994,1.0167474272856627,4,0,V2_03_difficult,5,OK,True,240,1413394893555760384,4.172944109215459e-10,1413394893755760384,103,True,119
1.0868220630762975,1.298387,0.19999999999999996,0.75,128,0.8207297353155613,6.0,,48,1.8165685410128247,0.8021905609403824,2.280111982802957,4.6051526733444,True,1.559913428019081,2.4333299029142403,6,0.07352419195486126,DPR-Exact-Block,V2_03_difficult:1413394893555760384:1413394893755760384,0.037657,formal_public_module_evidence,0.011302814086776525,0.03852717917826998,0.05246982302719918,0.47288820094681994,1.0167474272856627,4,0,V2_03_difficult,5,OK,True,240,1413394893555760384,4.172944109215459e-10,1413394893755760384,103,True,119
1.0158751894044562,0.314609,0.15833333333333333,0.7916666666666666,128,0.8810732259179651,6.0,,48,1.8165685410128247,0.8021905609403824,2.280111982802957,4.473041946798086,True,1.559913428019081,2.4333299029142403,6,0.07352419195486126,DUC-K16,V2_03_difficult:1413394893555760384:1413394893755760384,0.037657,formal_public_module_evidence,0.011302814086776525,0.03852717917826998,0.05246982302719918,0.47288820094681994,1.0167474272856627,4,0,V2_03_difficult,5,OK,True,240,1413394893555760384,4.172944109215459e-10,1413394893755760384,103,True,119
1.2761222636858045,0.108434,0.19999999999999996,0.75,128,0.6791850781556512,6.0,,48,1.8165685410128247,0.8021905609403824,2.280111982802957,5.033735363671159,True,1.559913428019081,2.4333299029142403,6,0.07352419195486126,Permuted-K16,V2_03_difficult:1413394893555760384:1413394893755760384,0.037657,formal_public_module_evidence,0.011302814086776525,0.03852717917826998,0.05246982302719918,0.47288820094681994,1.0167474272856627,4,0,V2_03_difficult,5,OK,True,240,1413394893555760384,4.172944109215459e-10,1413394893755760384,103,True,119
,,,,124,,,INSUFFICIENT_TRACKS,16,,,,,,,,,,Raw,V2_03_difficult:1413394894055760384:1413394894255760384,,formal_public_module_evidence,,,,,,,,V2_03_difficult,,,,250,1413394894055760384,,1413394894255760384,69,False,119
,,,,124,,,INSUFFICIENT_TRACKS,16,,,,,,,,,,Global-DoF,V2_03_difficult:1413394894055760384:1413394894255760384,,formal_public_module_evidence,,,,,,,,V2_03_difficult,,,,250,1413394894055760384,,1413394894255760384,69,False,119
,,,,124,,,INSUFFICIENT_TRACKS,16,,,,,,,,,,DPR-Exact-Block,V2_03_difficult:1413394894055760384:1413394894255760384,,formal_public_module_evidence,,,,,,,,V2_03_difficult,,,,250,1413394894055760384,,1413394894255760384,69,False,119
,,,,124,,,INSUFFICIENT_TRACKS,16,,,,,,,,,,DUC-K16,V2_03_difficult:1413394894055760384:1413394894255760384,,formal_public_module_evidence,,,,,,,,V2_03_difficult,,,,250,1413394894055760384,,1413394894255760384,69,False,119
,,,,124,,,INSUFFICIENT_TRACKS,16,,,,,,,,,,Permuted-K16,V2_03_difficult:1413394894055760384:1413394894255760384,,formal_public_module_evidence,,,,,,,,V2_03_difficult,,,,250,1413394894055760384,,1413394894255760384,69,False,119
,,,,124,,,INSUFFICIENT_TRACKS,48,,,,,,,,,,Raw,V2_03_difficult:1413394894055760384:1413394894255760384,,formal_public_module_evidence,,,,,,,,V2_03_difficult,,,,250,1413394894055760384,,1413394894255760384,69,False,119
,,,,124,,,INSUFFICIENT_TRACKS,48,,,,,,,,,,Global-DoF,V2_03_difficult:1413394894055760384:1413394894255760384,,formal_public_module_evidence,,,,,,,,V2_03_difficult,,,,250,1413394894055760384,,1413394894255760384,69,False,119
,,,,124,,,INSUFFICIENT_TRACKS,48,,,,,,,,,,DPR-Exact-Block,V2_03_difficult:1413394894055760384:1413394894255760384,,formal_public_module_evidence,,,,,,,,V2_03_difficult,,,,250,1413394894055760384,,1413394894255760384,69,False,119
,,,,124,,,INSUFFICIENT_TRACKS,48,,,,,,,,,,DUC-K16,V2_03_difficult:1413394894055760384:1413394894255760384,,formal_public_module_evidence,,,,,,,,V2_03_difficult,,,,250,1413394894055760384,,1413394894255760384,69,False,119
,,,,124,,,INSUFFICIENT_TRACKS,48,,,,,,,,,,Permuted-K16,V2_03_difficult:1413394894055760384:1413394894255760384,,formal_public_module_evidence,,,,,,,,V2_03_difficult,,,,250,1413394894055760384,,1413394894255760384,69,False,119
,,,,195,,,INSUFFICIENT_TRACKS,16,,,,,,,,,,Raw,V2_03_difficult:1413394894555760384:1413394894755760384,,formal_public_module_evidence,,,,,,,,V2_03_difficult,,,,260,1413394894555760384,,1413394894755760384,58,False,123
,,,,195,,,INSUFFICIENT_TRACKS,16,,,,,,,,,,Global-DoF,V2_03_difficult:1413394894555760384:1413394894755760384,,formal_public_module_evidence,,,,,,,,V2_03_difficult,,,,260,1413394894555760384,,1413394894755760384,58,False,123
,,,,195,,,INSUFFICIENT_TRACKS,16,,,,,,,,,,DPR-Exact-Block,V2_03_difficult:1413394894555760384:1413394894755760384,,formal_public_module_evidence,,,,,,,,V2_03_difficult,,,,260,1413394894555760384,,1413394894755760384,58,False,123
,,,,195,,,INSUFFICIENT_TRACKS,16,,,,,,,,,,DUC-K16,V2_03_difficult:1413394894555760384:1413394894755760384,,formal_public_module_evidence,,,,,,,,V2_03_difficult,,,,260,1413394894555760384,,1413394894755760384,58,False,123
,,,,195,,,INSUFFICIENT_TRACKS,16,,,,,,,,,,Permuted-K16,V2_03_difficult:1413394894555760384:1413394894755760384,,formal_public_module_evidence,,,,,,,,V2_03_difficult,,,,260,1413394894555760384,,1413394894755760384,58,False,123
,,,,195,,,INSUFFICIENT_TRACKS,48,,,,,,,,,,Raw,V2_03_difficult:1413394894555760384:1413394894755760384,,formal_public_module_evidence,,,,,,,,V2_03_difficult,,,,260,1413394894555760384,,1413394894755760384,58,False,123
,,,,195,,,INSUFFICIENT_TRACKS,48,,,,,,,,,,Global-DoF,V2_03_difficult:1413394894555760384:1413394894755760384,,formal_public_module_evidence,,,,,,,,V2_03_difficult,,,,260,1413394894555760384,,1413394894755760384,58,False,123
,,,,195,,,INSUFFICIENT_TRACKS,48,,,,,,,,,,DPR-Exact-Block,V2_03_difficult:1413394894555760384:1413394894755760384,,formal_public_module_evidence,,,,,,,,V2_03_difficult,,,,260,1413394894555760384,,1413394894755760384,58,False,123
,,,,195,,,INSUFFICIENT_TRACKS,48,,,,,,,,,,DUC-K16,V2_03_difficult:1413394894555760384:1413394894755760384,,formal_public_module_evidence,,,,,,,,V2_03_difficult,,,,260,1413394894555760384,,1413394894755760384,58,False,123
,,,,195,,,INSUFFICIENT_TRACKS,48,,,,,,,,,,Permuted-K16,V2_03_difficult:1413394894555760384:1413394894755760384,,formal_public_module_evidence,,,,,,,,V2_03_difficult,,,,260,1413394894555760384,,1413394894755760384,58,False,123
,,,,166,,,INSUFFICIENT_TRACKS,16,,,,,,,,,,Raw,V2_03_difficult:1413394895055760384:1413394895255760384,,formal_public_module_evidence,,,,,,,,V2_03_difficult,,,,270,1413394895055760384,,1413394895255760384,53,False,86
,,,,166,,,INSUFFICIENT_TRACKS,16,,,,,,,,,,Global-DoF,V2_03_difficult:1413394895055760384:1413394895255760384,,formal_public_module_evidence,,,,,,,,V2_03_difficult,,,,270,1413394895055760384,,1413394895255760384,53,False,86
,,,,166,,,INSUFFICIENT_TRACKS,16,,,,,,,,,,DPR-Exact-Block,V2_03_difficult:1413394895055760384:1413394895255760384,,formal_public_module_evidence,,,,,,,,V2_03_difficult,,,,270,1413394895055760384,,1413394895255760384,53,False,86
,,,,166,,,INSUFFICIENT_TRACKS,16,,,,,,,,,,DUC-K16,V2_03_difficult:1413394895055760384:1413394895255760384,,formal_public_module_evidence,,,,,,,,V2_03_difficult,,,,270,1413394895055760384,,1413394895255760384,53,False,86
,,,,166,,,INSUFFICIENT_TRACKS,16,,,,,,,,,,Permuted-K16,V2_03_difficult:1413394895055760384:1413394895255760384,,formal_public_module_evidence,,,,,,,,V2_03_difficult,,,,270,1413394895055760384,,1413394895255760384,53,False,86
,,,,166,,,INSUFFICIENT_TRACKS,48,,,,,,,,,,Raw,V2_03_difficult:1413394895055760384:1413394895255760384,,formal_public_module_evidence,,,,,,,,V2_03_difficult,,,,270,1413394895055760384,,1413394895255760384,53,False,86
,,,,166,,,INSUFFICIENT_TRACKS,48,,,,,,,,,,Global-DoF,V2_03_difficult:1413394895055760384:1413394895255760384,,formal_public_module_evidence,,,,,,,,V2_03_difficult,,,,270,1413394895055760384,,1413394895255760384,53,False,86
,,,,166,,,INSUFFICIENT_TRACKS,48,,,,,,,,,,DPR-Exact-Block,V2_03_difficult:1413394895055760384:1413394895255760384,,formal_public_module_evidence,,,,,,,,V2_03_difficult,,,,270,1413394895055760384,,1413394895255760384,53,False,86
,,,,166,,,INSUFFICIENT_TRACKS,48,,,,,,,,,,DUC-K16,V2_03_difficult:1413394895055760384:1413394895255760384,,formal_public_module_evidence,,,,,,,,V2_03_difficult,,,,270,1413394895055760384,,1413394895255760384,53,False,86
,,,,166,,,INSUFFICIENT_TRACKS,48,,,,,,,,,,Permuted-K16,V2_03_difficult:1413394895055760384:1413394895255760384,,formal_public_module_evidence,,,,,,,,V2_03_difficult,,,,270,1413394895055760384,,1413394895255760384,53,False,86
2.3243137420353515,0.006647,0.11666666666666659,0.8333333333333334,216,1.8139325866237304,6.0,,16,1.9516738238119276,1.3468231460083133,1.8419196306888042,12.65303860728718,True,4.305552484145555,18.537782193731964,6,0.0963044507800277,Raw,V2_03_difficult:1413394895555760384:1413394895755760384,0.039558,formal_public_module_evidence,0.02343226556240252,0.10807360738194216,0.09207222157532041,0.2079480283902892,0.6545041972966821,0,0,V2_03_difficult,5,OK,True,280,1413394895555760384,1.521418834679107e-08,1413394895755760384,103,True,116
2.1166743772571066,0.001915,0.07499999999999996,0.875,216,2.23253241430613,6.0,,16,1.9516738238119276,1.3468231460083133,1.8419196306888042,10.94449090593288,True,4.305552484145555,18.537782193731964,6,0.0963044507800277,Global-DoF,V2_03_difficult:1413394895555760384:1413394895755760384,0.039558,formal_public_module_evidence,0.02343226556240252,0.10807360738194216,0.09207222157532041,0.2079480283902892,0.6545041972966821,0,0,V2_03_difficult,5,OK,True,280,1413394895555760384,1.521418834679107e-08,1413394895755760384,103,True,116
1.9851110425683491,0.497489,0.033333333333333326,0.9166666666666666,216,2.5464491221905226,6.0,,16,1.9516738238119276,1.3468231460083133,1.8419196306888042,10.05243266849614,True,4.305552484145555,18.537782193731964,6,0.0963044507800277,DPR-Exact-Block,V2_03_difficult:1413394895555760384:1413394895755760384,0.039558,formal_public_module_evidence,0.02343226556240252,0.10807360738194216,0.09207222157532041,0.2079480283902892,0.6545041972966821,0,0,V2_03_difficult,5,OK,True,280,1413394895555760384,1.521418834679107e-08,1413394895755760384,103,True,116
1.8931661090588152,0.183348,0.033333333333333326,0.9166666666666666,216,2.7916835063423644,6.0,,16,1.9516738238119276,1.3468231460083133,1.8419196306888042,9.504881423878311,True,4.305552484145555,18.537782193731964,6,0.0963044507800277,DUC-K16,V2_03_difficult:1413394895555760384:1413394895755760384,0.039558,formal_public_module_evidence,0.02343226556240252,0.10807360738194216,0.09207222157532041,0.2079480283902892,0.6545041972966821,0,0,V2_03_difficult,5,OK,True,280,1413394895555760384,1.521418834679107e-08,1413394895755760384,103,True,116
2.1451011480477544,0.068852,0.07499999999999996,0.875,216,2.1699622740233036,6.0,,16,1.9516738238119276,1.3468231460083133,1.8419196306888042,11.155492140354932,True,4.305552484145555,18.537782193731964,6,0.0963044507800277,Permuted-K16,V2_03_difficult:1413394895555760384:1413394895755760384,0.039558,formal_public_module_evidence,0.02343226556240252,0.10807360738194216,0.09207222157532041,0.2079480283902892,0.6545041972966821,0,0,V2_03_difficult,5,OK,True,280,1413394895555760384,1.521418834679107e-08,1413394895755760384,103,True,116
0.2771932833074195,0.006061,0.07499999999999996,0.875,216,4.917811045154847,6.000000000000001,,48,1.9426100124941272,2.2176138178580254,1.887709978566876,4.750161956907356,True,2.547285806364318,6.488664979305113,6,0.07257807190650878,Raw,V2_03_difficult:1413394895555760384:1413394895755760384,0.039382,formal_public_module_evidence,0.010023441044913317,0.027841107279587995,0.04536603075121656,0.5498458292921581,1.0079886968681688,3,0,V2_03_difficult,5,OK,True,280,1413394895555760384,5.813475751456426e-08,1413394895755760384,103,True,116
0.21265476216984858,0.002061,0.07499999999999996,0.875,216,5.245665114831836,6.000000000000001,,48,1.9426100124941272,2.2176138178580254,1.887709978566876,4.732236642512629,True,2.547285806364318,6.488664979305113,6,0.07257807190650878,Global-DoF,V2_03_difficult:1413394895555760384:1413394895755760384,0.039382,formal_public_module_evidence,0.010023441044913317,0.027841107279587995,0.04536603075121656,0.5498458292921581,1.0079886968681688,3,0,V2_03_difficult,5,OK,True,280,1413394895555760384,5.813475751456426e-08,1413394895755760384,103,True,116
0.1446673686708016,1.258279,0.008333333333333415,0.9583333333333334,216,7.49865877056968,6.000000000000001,,48,1.9426100124941272,2.2176138178580254,1.887709978566876,4.717911314854586,True,2.547285806364318,6.488664979305113,6,0.07257807190650878,DPR-Exact-Block,V2_03_difficult:1413394895555760384:1413394895755760384,0.039382,formal_public_module_evidence,0.010023441044913317,0.027841107279587995,0.04536603075121656,0.5498458292921581,1.0079886968681688,3,0,V2_03_difficult,5,OK,True,280,1413394895555760384,5.813475751456426e-08,1413394895755760384,103,True,116
0.21473253215988186,0.31555,0.008333333333333415,0.9583333333333334,216,8.04289696602246,6.000000000000001,,48,1.9426100124941272,2.2176138178580254,1.887709978566876,4.729423596784356,True,2.547285806364318,6.488664979305113,6,0.07257807190650878,DUC-K16,V2_03_difficult:1413394895555760384:1413394895755760384,0.039382,formal_public_module_evidence,0.010023441044913317,0.027841107279587995,0.04536603075121656,0.5498458292921581,1.0079886968681688,3,0,V2_03_difficult,5,OK,True,280,1413394895555760384,5.813475751456426e-08,1413394895755760384,103,True,116
0.16802619075954492,0.109028,0.07499999999999996,0.875,216,5.485074162099888,6.000000000000001,,48,1.9426100124941272,2.2176138178580254,1.887709978566876,4.722875274000319,True,2.547285806364318,6.488664979305113,6,0.07257807190650878,Permuted-K16,V2_03_difficult:1413394895555760384:1413394895755760384,0.039382,formal_public_module_evidence,0.010023441044913317,0.027841107279587995,0.04536603075121656,0.5498458292921581,1.0079886968681688,3,0,V2_03_difficult,5,OK,True,280,1413394895555760384,5.813475751456426e-08,1413394895755760384,103,True,116
0.9771908324805592,0.005944,0.11666666666666659,0.8333333333333334,250,5.261596756189337,6.0,,16,0.8935978436972943,2.293817071213251,1.8779063497747754,6.155293454242258,True,3.73897941123245,13.979967037620158,6,0.03518000782404107,Raw,V2_03_difficult:1413394896055760384:1413394896255760384,0.038129,formal_public_module_evidence,0.023617092624700464,0.07722504552631287,0.08146205685113639,0.24905525275647836,0.8583241298811144,1,0,V2_03_difficult,5,OK,True,290,1413394896055760384,2.720979251862498e-09,1413394896255760384,179,True,187
0.769551467702315,0.002054,0.11666666666666659,0.8333333333333334,250,6.4758113922330285,6.0,,16,0.8935978436972943,2.293817071213251,1.8779063497747754,5.864748723770263,True,3.73897941123245,13.979967037620158,6,0.03518000782404107,Global-DoF,V2_03_difficult:1413394896055760384:1413394896255760384,0.038129,formal_public_module_evidence,0.023617092624700464,0.07722504552631287,0.08146205685113639,0.24905525275647836,0.8583241298811144,1,0,V2_03_difficult,5,OK,True,290,1413394896055760384,2.720979251862498e-09,1413394896255760384,179,True,187
0.6876750795364074,0.458795,0.11666666666666659,0.8333333333333334,250,7.0283382595785175,6.0,,16,0.8935978436972943,2.293817071213251,1.8779063497747754,5.77691305315031,True,3.73897941123245,13.979967037620158,6,0.03518000782404107,DPR-Exact-Block,V2_03_difficult:1413394896055760384:1413394896255760384,0.038129,formal_public_module_evidence,0.023617092624700464,0.07722504552631287,0.08146205685113639,0.24905525275647836,0.8583241298811144,1,0,V2_03_difficult,5,OK,True,290,1413394896055760384,2.720979251862498e-09,1413394896255760384,179,True,187
0.7234888111848989,0.179496,0.11666666666666659,0.8333333333333334,250,6.781081264616538,6.0,,16,0.8935978436972943,2.293817071213251,1.8779063497747754,5.813626892042758,True,3.73897941123245,13.979967037620158,6,0.03518000782404107,DUC-K16,V2_03_difficult:1413394896055760384:1413394896255760384,0.038129,formal_public_module_evidence,0.023617092624700464,0.07722504552631287,0.08146205685113639,0.24905525275647836,0.8583241298811144,1,0,V2_03_difficult,5,OK,True,290,1413394896055760384,2.720979251862498e-09,1413394896255760384,179,True,187
0.5874284662329252,0.070362,0.11666666666666659,0.8333333333333334,250,7.769430855652405,6.0,,16,0.8935978436972943,2.293817071213251,1.8779063497747754,5.687429337012605,True,3.73897941123245,13.979967037620158,6,0.03518000782404107,Permuted-K16,V2_03_difficult:1413394896055760384:1413394896255760384,0.038129,formal_public_module_evidence,0.023617092624700464,0.07722504552631287,0.08146205685113639,0.24905525275647836,0.8583241298811144,1,0,V2_03_difficult,5,OK,True,290,1413394896055760384,2.720979251862498e-09,1413394896255760384,179,True,187
0.11789997495583358,0.005819,0.033333333333333326,0.9166666666666666,250,8.680795648790541,6.0,,48,0.9064940409456074,2.94631899983531,1.8897772712339234,4.887775204410251,True,2.7776537792381477,7.715360517315964,6,0.13745915500937955,Raw,V2_03_difficult:1413394896055760384:1413394896255760384,0.03891,formal_public_module_evidence,0.010829117954105405,0.0477047781295403,0.055184062799643184,0.5691568703531252,1.4790273861472056,5,0,V2_03_difficult,6,OK,True,290,1413394896055760384,8.223480010237845e-09,1413394896255760384,179,True,187
0.18243849609340498,0.002068,0.033333333333333326,0.9166666666666666,250,9.259515358709912,6.0,,48,0.9064940409456074,2.94631899983531,1.8897772712339234,4.896764666240173,True,2.7776537792381477,7.715360517315964,6,0.13745915500937955,Global-DoF,V2_03_difficult:1413394896055760384:1413394896255760384,0.03891,formal_public_module_evidence,0.010829117954105405,0.0477047781295403,0.055184062799643184,0.5691568703531252,1.4790273861472056,5,0,V2_03_difficult,6,OK,True,290,1413394896055760384,8.223480010237845e-09,1413394896255760384,179,True,187
0.46598238643947576,1.293474,0.050000000000000044,1.0,250,12.295035961624407,6.0,,48,0.9064940409456074,2.94631899983531,1.8897772712339234,4.974591003753715,True,2.7776537792381477,7.715360517315964,6,0.13745915500937955,DPR-Exact-Block,V2_03_difficult:1413394896055760384:1413394896255760384,0.03891,formal_public_module_evidence,0.010829117954105405,0.0477047781295403,0.055184062799643184,0.5691568703531252,1.4790273861472056,5,0,V2_03_difficult,6,OK,True,290,1413394896055760384,8.223480010237845e-09,1413394896255760384,179,True,187
0.594779349953686,0.315851,0.050000000000000044,1.0,250,13.985101215719233,6.0,,48,0.9064940409456074,2.94631899983531,1.8897772712339234,5.02755391208705,True,2.7776537792381477,7.715360517315964,6,0.13745915500937955,DUC-K16,V2_03_difficult:1413394896055760384:1413394896255760384,0.03891,formal_public_module_evidence,0.010829117954105405,0.0477047781295403,0.055184062799643184,0.5691568703531252,1.4790273861472056,5,0,V2_03_difficult,6,OK,True,290,1413394896055760384,8.223480010237845e-09,1413394896255760384,179,True,187
0.20192436034965958,0.103,0.008333333333333415,0.9583333333333334,250,9.441714405991487,6.0,,48,0.9064940409456074,2.94631899983531,1.8897772712339234,4.900171375936078,True,2.7776537792381477,7.715360517315964,6,0.13745915500937955,Permuted-K16,V2_03_difficult:1413394896055760384:1413394896255760384,0.03891,formal_public_module_evidence,0.010829117954105405,0.0477047781295403,0.055184062799643184,0.5691568703531252,1.4790273861472056,5,0,V2_03_difficult,6,OK,True,290,1413394896055760384,8.223480010237845e-09,1413394896255760384,179,True,187
0.30297327949661584,0.006011,0.033333333333333326,0.9166666666666666,208,0.7232791843545572,6.0,,16,1.5401230188688815,0.8504582202286937,1.688111873093622,2.867795369801699,True,0.9895615107746167,0.9792319836065418,6,0.10504832213721682,Raw,V2_03_difficult:1413394896555760384:1413394896755760384,0.038,formal_public_module_evidence,0.026475801885135097,0.07570380029602858,0.09642266557235181,0.24087933308033782,0.9756824413898884,0,0,V2_03_difficult,5,OK,True,300,1413394896555760384,1.2896389479475825e-09,1413394896755760384,168,True,194
0.09533391471837116,0.002075,0.033333333333333326,0.9166666666666666,208,0.8901897653594552,6.0,,16,1.5401230188688815,0.8504582202286937,1.688111873093622,2.821582555645645,True,0.9895615107746167,0.9792319836065418,6,0.10504832213721682,Global-DoF,V2_03_difficult:1413394896555760384:1413394896755760384,0.038,formal_public_module_evidence,0.026475801885135097,0.07570380029602858,0.09642266557235181,0.24087933308033782,0.9756824413898884,0,0,V2_03_difficult,5,OK,True,300,1413394896555760384,1.2896389479475825e-09,1413394896755760384,168,True,194
0.1098800554268961,0.487038,0.033333333333333326,0.9166666666666666,208,1.0929640862187964,6.0,,16,1.5401230188688815,0.8504582202286937,1.688111873093622,2.822712009259383,True,0.9895615107746167,0.9792319836065418,6,0.10504832213721682,DPR-Exact-Block,V2_03_difficult:1413394896555760384:1413394896755760384,0.038,formal_public_module_evidence,0.026475801885135097,0.07570380029602858,0.09642266557235181,0.24087933308033782,0.9756824413898884,0,0,V2_03_difficult,5,OK,True,300,1413394896555760384,1.2896389479475825e-09,1413394896755760384,168,True,194
0.001105497952731073,0.182517,0.033333333333333326,0.9166666666666666,208,0.9781500428052754,6.0,,16,1.5401230188688815,0.8504582202286937,1.688111873093622,2.816890972936823,True,0.9895615107746167,0.9792319836065418,6,0.10504832213721682,DUC-K16,V2_03_difficult:1413394896555760384:1413394896755760384,0.038,formal_public_module_evidence,0.026475801885135097,0.07570380029602858,0.09642266557235181,0.24087933308033782,0.9756824413898884,0,0,V2_03_difficult,5,OK,True,300,1413394896555760384,1.2896389479475825e-09,1413394896755760384,168,True,194
0.023098925853025365,0.069225,0.033333333333333326,0.9166666666666666,208,1.0021144534028088,6.0,,16,1.5401230188688815,0.8504582202286937,1.688111873093622,2.8171550995319343,True,0.9895615107746167,0.9792319836065418,6,0.10504832213721682,Permuted-K16,V2_03_difficult:1413394896555760384:1413394896755760384,0.038,formal_public_module_evidence,0.026475801885135097,0.07570380029602858,0.09642266557235181,0.24087933308033782,0.9756824413898884,0,0,V2_03_difficult,5,OK,True,300,1413394896555760384,1.2896389479475825e-09,1413394896755760384,168,True,194
0.018541136484630415,0.00652,0.033333333333333326,0.9166666666666666,208,0.960356020552493,5.999999999999998,,48,1.4722798068095,0.9799775612494875,1.6912478746480781,2.816139948505827,True,0.9891047518602814,0.9783282101525886,6,0.0006524087878174711,Raw,V2_03_difficult:1413394896555760384:1413394896755760384,0.037951,formal_public_module_evidence,0.01134947524060681,0.053231558873905405,0.06009634786590277,0.3992303527945652,1.250247055632101,5,0,V2_03_difficult,5,OK,True,300,1413394896555760384,5.514807499395706e-09,1413394896755760384,168,True,194
0.0459973846529407,0.001962,0.033333333333333326,0.9166666666666666,208,1.0243797552559926,5.999999999999998,,48,1.4722798068095,0.9799775612494875,1.6912478746480781,2.817008838979387,True,0.9891047518602814,0.9783282101525886,6,0.0006524087878174711,Global-DoF,V2_03_difficult:1413394896555760384:1413394896755760384,0.037951,formal_public_module_evidence,0.01134947524060681,0.053231558873905405,0.06009634786590277,0.3992303527945652,1.250247055632101,5,0,V2_03_difficult,5,OK,True,300,1413394896555760384,5.514807499395706e-09,1413394896755760384,168,True,194
0.10414018735126025,1.29871,0.033333333333333326,0.9166666666666666,208,1.0857056185690628,5.999999999999998,,48,1.4722798068095,0.9799775612494875,1.6912478746480781,2.821206147606657,True,0.9891047518602814,0.9783282101525886,6,0.0006524087878174711,DPR-Exact-Block,V2_03_difficult:1413394896555760384:1413394896755760384,0.037951,formal_public_module_evidence,0.01134947524060681,0.053231558873905405,0.06009634786590277,0.3992303527945652,1.250247055632101,5,0,V2_03_difficult,5,OK,True,300,1413394896555760384,5.514807499395706e-09,1413394896755760384,168,True,194
0.10348756565222113,0.319715,0.033333333333333326,0.9166666666666666,208,1.0849972946825255,5.999999999999998,,48,1.4722798068095,0.9799775612494875,1.6912478746480781,2.8211417945833106,True,0.9891047518602814,0.9783282101525886,6,0.0006524087878174711,DUC-K16,V2_03_difficult:1413394896555760384:1413394896755760384,0.037951,formal_public_module_evidence,0.01134947524060681,0.053231558873905405,0.06009634786590277,0.3992303527945652,1.250247055632101,5,0,V2_03_difficult,5,OK,True,300,1413394896555760384,5.514807499395706e-09,1413394896755760384,168,True,194
0.07394001606570702,0.104967,0.033333333333333326,0.9166666666666666,208,1.053407285292703,5.999999999999998,,48,1.4722798068095,0.9799775612494875,1.6912478746480781,2.818634411325883,True,0.9891047518602814,0.9783282101525886,6,0.0006524087878174711,Permuted-K16,V2_03_difficult:1413394896555760384:1413394896755760384,0.037951,formal_public_module_evidence,0.01134947524060681,0.053231558873905405,0.06009634786590277,0.3992303527945652,1.250247055632101,5,0,V2_03_difficult,5,OK,True,300,1413394896555760384,5.514807499395706e-09,1413394896755760384,168,True,194
3.1820593622081894,0.006055,0.033333333333333326,0.9166666666666666,209,5.29787403952607,6.0,,16,1.4106244531369259,2.301711111222707,1.3915473822204674,27.601508235270572,True,11.29864140493399,127.65929759728874,6,0.22071841900167988,Raw,V2_03_difficult:1413394897055760384:1413394897255760384,0.03768,formal_public_module_evidence,0.023673664101332537,0.0566363682261265,0.08263559150020756,0.24575143475867622,1.0,2,0,V2_03_difficult,6,OK,True,310,1413394897055760384,2.854071795349915e-09,1413394897255760384,168,True,197
2.974419997429945,0.002052,0.033333333333333326,0.9166666666666666,209,6.520460356339778,6.0,,16,1.4106244531369259,2.301711111222707,1.3915473822204674,23.29108655878765,True,11.29864140493399,127.65929759728874,6,0.22071841900167988,Global-DoF,V2_03_difficult:1413394897055760384:1413394897255760384,0.03768,formal_public_module_evidence,0.023673664101332537,0.0566363682261265,0.08263559150020756,0.24575143475867622,1.0,2,0,V2_03_difficult,6,OK,True,310,1413394897055760384,2.854071795349915e-09,1413394897255760384,168,True,197
2.455749936709468,0.483418,0.033333333333333326,0.9166666666666666,209,10.95301806836263,6.0,,16,1.4106244531369259,2.301711111222707,1.3915473822204674,15.886663020134037,True,11.29864140493399,127.65929759728874,6,0.22071841900167988,DPR-Exact-Block,V2_03_difficult:1413394897055760384:1413394897255760384,0.03768,formal_public_module_evidence,0.023673664101332537,0.0566363682261265,0.08263559150020756,0.24575143475867622,1.0,2,0,V2_03_difficult,6,OK,True,310,1413394897055760384,2.854071795349915e-09,1413394897255760384,168,True,197
2.7051327704373067,0.177008,0.033333333333333326,0.9166666666666666,209,8.535485237016797,6.0,,16,1.4106244531369259,2.301711111222707,1.3915473822204674,18.93841158715436,True,11.29864140493399,127.65929759728874,6,0.22071841900167988,DUC-K16,V2_03_difficult:1413394897055760384:1413394897255760384,0.03768,formal_public_module_evidence,0.023673664101332537,0.0566363682261265,0.08263559150020756,0.24575143475867622,1.0,2,0,V2_03_difficult,6,OK,True,310,1413394897055760384,2.854071795349915e-09,1413394897255760384,168,True,197
2.98853278386416,0.076807,0.033333333333333326,0.9166666666666666,209,6.4290847904082025,6.0,,16,1.4106244531369259,2.301711111222707,1.3915473822204674,23.555236551283205,True,11.29864140493399,127.65929759728874,6,0.22071841900167988,Permuted-K16,V2_03_difficult:1413394897055760384:1413394897255760384,0.03768,formal_public_module_evidence,0.023673664101332537,0.0566363682261265,0.08263559150020756,0.24575143475867622,1.0,2,0,V2_03_difficult,6,OK,True,310,1413394897055760384,2.854071795349915e-09,1413394897255760384,168,True,197
3.4488737349427745,0.005935,0.033333333333333326,0.9166666666666666,209,4.277344653425285,5.999999999999999,,48,1.41362515351624,2.0681742318831082,1.394905357406409,34.756143964193726,True,11.60113655234057,134.58636930605243,6,0.054794898507997014,Raw,V2_03_difficult:1413394897055760384:1413394897255760384,0.038743,formal_public_module_evidence,0.01644314591453999,0.04414519397918857,0.06730661737007097,0.7584927120935949,1.6750049360979342,3,0,V2_03_difficult,6,OK,True,310,1413394897055760384,9.927345185991555e-09,1413394897255760384,168,True,197
3.3843352138052034,0.002165,0.033333333333333326,0.9166666666666666,209,4.562500963653637,5.999999999999999,,48,1.41362515351624,2.0681742318831082,1.394905357406409,32.85412407978121,True,11.60113655234057,134.58636930605243,6,0.054794898507997014,Global-DoF,V2_03_difficult:1413394897055760384:1413394897255760384,0.038743,formal_public_module_evidence,0.01644314591453999,0.04414519397918857,0.06730661737007097,0.7584927120935949,1.6750049360979342,3,0,V2_03_difficult,6,OK,True,310,1413394897055760384,9.927345185991555e-09,1413394897255760384,168,True,197
3.1312802771560007,1.295246,0.033333333333333326,0.9166666666666666,209,5.876291506529246,5.999999999999999,,48,1.41362515351624,2.0681742318831082,1.394905357406409,26.5120862635772,True,11.60113655234057,134.58636930605243,6,0.054794898507997014,DPR-Exact-Block,V2_03_difficult:1413394897055760384:1413394897255760384,0.038743,formal_public_module_evidence,0.01644314591453999,0.04414519397918857,0.06730661737007097,0.7584927120935949,1.6750049360979342,3,0,V2_03_difficult,6,OK,True,310,1413394897055760384,9.927345185991555e-09,1413394897255760384,168,True,197
3.187633613577992,0.314486,0.033333333333333326,0.9166666666666666,209,5.554300709825571,5.999999999999999,,48,1.41362515351624,2.0681742318831082,1.394905357406409,27.78346918631006,True,11.60113655234057,134.58636930605243,6,0.054794898507997014,DUC-K16,V2_03_difficult:1413394897055760384:1413394897255760384,0.038743,formal_public_module_evidence,0.01644314591453999,0.04414519397918857,0.06730661737007097,0.7584927120935949,1.6750049360979342,3,0,V2_03_difficult,6,OK,True,310,1413394897055760384,9.927345185991555e-09,1413394897255760384,168,True,197
3.3422534756968294,0.103491,0.033333333333333326,0.9166666666666666,209,4.758596007029607,5.999999999999999,,48,1.41362515351624,2.0681742318831082,1.394905357406409,31.68061926063177,True,11.60113655234057,134.58636930605243,6,0.054794898507997014,Permuted-K16,V2_03_difficult:1413394897055760384:1413394897255760384,0.038743,formal_public_module_evidence,0.01644314591453999,0.04414519397918857,0.06730661737007097,0.7584927120935949,1.6750049360979342,3,0,V2_03_difficult,6,OK,True,310,1413394897055760384,9.927345185991555e-09,1413394897255760384,168,True,197
0.049890057668664584,0.006403,0.033333333333333326,0.9166666666666666,285,4.974971109276172,6.0,,16,1.6246071043350572,2.2304643259366808,1.5865120967019106,4.4934521533564835,True,2.286803087486608,5.229468360938283,6,0.04586438251195024,Raw,V2_03_difficult:1413394897555760384:1413394897755760384,0.038013,formal_public_module_evidence,0.01388609952848674,0.07562447779893203,0.09359460667087159,0.21943818100673207,0.6288155197879022,0,0,V2_03_difficult,8,OK,True,320,1413394897555760384,8.406950956943811e-08,1413394897755760384,107,True,151
0.15774930710957966,0.001981,0.050000000000000044,1.0,285,6.12304136526298,6.0,,16,1.6246071043350572,2.2304643259366808,1.5865120967019106,4.503999857472082,True,2.286803087486608,5.229468360938283,6,0.04586438251195024,Global-DoF,V2_03_difficult:1413394897555760384:1413394897755760384,0.038013,formal_public_module_evidence,0.01388609952848674,0.07562447779893203,0.09359460667087159,0.21943818100673207,0.6288155197879022,0,0,V2_03_difficult,8,OK,True,320,1413394897555760384,8.406950956943811e-08,1413394897755760384,107,True,151
0.22063716968270455,0.457197,0.050000000000000044,1.0,285,6.520472161759981,6.0,,16,1.6246071043350572,2.2304643259366808,1.5865120967019106,4.514831477359142,True,2.286803087486608,5.229468360938283,6,0.04586438251195024,DPR-Exact-Block,V2_03_difficult:1413394897555760384:1413394897755760384,0.038013,formal_public_module_evidence,0.01388609952848674,0.07562447779893203,0.09359460667087159,0.21943818100673207,0.6288155197879022,0,0,V2_03_difficult,8,OK,True,320,1413394897555760384,8.406950956943811e-08,1413394897755760384,107,True,151
0.17368770874161735,0.177512,0.050000000000000044,1.0,285,6.221414732374498,6.0,,16,1.6246071043350572,2.2304643259366808,1.5865120967019106,4.50643375224626,True,2.286803087486608,5.229468360938283,6,0.04586438251195024,DUC-K16,V2_03_difficult:1413394897555760384:1413394897755760384,0.038013,formal_public_module_evidence,0.01388609952848674,0.07562447779893203,0.09359460667087159,0.21943818100673207,0.6288155197879022,0,0,V2_03_difficult,8,OK,True,320,1413394897555760384,8.406950956943811e-08,1413394897755760384,107,True,151
0.1913947813320715,0.069267,0.050000000000000044,1.0,285,6.332558889484654,6.0,,16,1.6246071043350572,2.2304643259366808,1.5865120967019106,4.509387979619544,True,2.286803087486608,5.229468360938283,6,0.04586438251195024,Permuted-K16,V2_03_difficult:1413394897555760384:1413394897755760384,0.038013,formal_public_module_evidence,0.01388609952848674,0.07562447779893203,0.09359460667087159,0.21943818100673207,0.6288155197879022,0,0,V2_03_difficult,8,OK,True,320,1413394897555760384,8.406950956943811e-08,1413394897755760384,107,True,151
0.021069926702708658,0.006429,0.07499999999999996,0.875,285,3.172753497243532,6.0,,48,1.535459057740869,1.7812224726977626,1.5997854337254942,4.013770353217189,True,1.8000867790848176,3.2403124122359532,6,0.05796239959472893,Raw,V2_03_difficult:1413394897555760384:1413394897755760384,0.044357,formal_public_module_evidence,0.015947059820056397,0.03731559902243467,0.060440214775780654,0.44781989495093333,1.0,3,0,V2_03_difficult,8,OK,True,320,1413394897555760384,1.3029175325556271e-08,1413394897755760384,107,True,151
0.043468594434862465,0.002096,0.07499999999999996,0.875,285,3.384270397059767,6.0,,48,1.535459057740869,1.7812224726977626,1.5997854337254942,4.014478032803188,True,1.8000867790848176,3.2403124122359532,6,0.05796239959472893,Global-DoF,V2_03_difficult:1413394897555760384:1413394897755760384,0.044357,formal_public_module_evidence,0.015947059820056397,0.03731559902243467,0.060440214775780654,0.44781989495093333,1.0,3,0,V2_03_difficult,8,OK,True,320,1413394897555760384,1.3029175325556271e-08,1413394897755760384,107,True,151
0.06167134416389651,1.290585,0.07499999999999996,0.875,285,3.446437513817955,6.0,,48,1.535459057740869,1.7812224726977626,1.5997854337254942,4.015409994811858,True,1.8000867790848176,3.2403124122359532,6,0.05796239959472893,DPR-Exact-Block,V2_03_difficult:1413394897555760384:1413394897755760384,0.044357,formal_public_module_evidence,0.015947059820056397,0.03731559902243467,0.060440214775780654,0.44781989495093333,1.0,3,0,V2_03_difficult,8,OK,True,320,1413394897555760384,1.3029175325556271e-08,1413394897755760384,107,True,151
0.11801613783305723,0.312605,0.008333333333333415,0.9583333333333334,285,3.6462013021721353,6.0,,48,1.535459057740869,1.7812224726977626,1.5997854337254942,4.020244664029608,True,1.8000867790848176,3.2403124122359532,6,0.05796239959472893,DUC-K16,V2_03_difficult:1413394897555760384:1413394897755760384,0.044357,formal_public_module_evidence,0.015947059820056397,0.03731559902243467,0.060440214775780654,0.44781989495093333,1.0,3,0,V2_03_difficult,8,OK,True,320,1413394897555760384,1.3029175325556271e-08,1413394897755760384,107,True,151
0.03897482804544619,0.104861,0.07499999999999996,0.875,285,3.3690963962394282,6.0,,48,1.535459057740869,1.7812224726977626,1.5997854337254942,4.014296561736402,True,1.8000867790848176,3.2403124122359532,6,0.05796239959472893,Permuted-K16,V2_03_difficult:1413394897555760384:1413394897755760384,0.044357,formal_public_module_evidence,0.015947059820056397,0.03731559902243467,0.060440214775780654,0.44781989495093333,1.0,3,0,V2_03_difficult,8,OK,True,320,1413394897555760384,1.3029175325556271e-08,1413394897755760384,107,True,151
,,,,119,,,INSUFFICIENT_TRACKS,16,,,,,,,,,,Raw,V2_03_difficult:1413394898055760384:1413394898255760384,,formal_public_module_evidence,,,,,,,,V2_03_difficult,,,,330,1413394898055760384,,1413394898255760384,35,False,84
,,,,119,,,INSUFFICIENT_TRACKS,16,,,,,,,,,,Global-DoF,V2_03_difficult:1413394898055760384:1413394898255760384,,formal_public_module_evidence,,,,,,,,V2_03_difficult,,,,330,1413394898055760384,,1413394898255760384,35,False,84
,,,,119,,,INSUFFICIENT_TRACKS,16,,,,,,,,,,DPR-Exact-Block,V2_03_difficult:1413394898055760384:1413394898255760384,,formal_public_module_evidence,,,,,,,,V2_03_difficult,,,,330,1413394898055760384,,1413394898255760384,35,False,84
,,,,119,,,INSUFFICIENT_TRACKS,16,,,,,,,,,,DUC-K16,V2_03_difficult:1413394898055760384:1413394898255760384,,formal_public_module_evidence,,,,,,,,V2_03_difficult,,,,330,1413394898055760384,,1413394898255760384,35,False,84
,,,,119,,,INSUFFICIENT_TRACKS,16,,,,,,,,,,Permuted-K16,V2_03_difficult:1413394898055760384:1413394898255760384,,formal_public_module_evidence,,,,,,,,V2_03_difficult,,,,330,1413394898055760384,,1413394898255760384,35,False,84
,,,,119,,,INSUFFICIENT_TRACKS,48,,,,,,,,,,Raw,V2_03_difficult:1413394898055760384:1413394898255760384,,formal_public_module_evidence,,,,,,,,V2_03_difficult,,,,330,1413394898055760384,,1413394898255760384,35,False,84
,,,,119,,,INSUFFICIENT_TRACKS,48,,,,,,,,,,Global-DoF,V2_03_difficult:1413394898055760384:1413394898255760384,,formal_public_module_evidence,,,,,,,,V2_03_difficult,,,,330,1413394898055760384,,1413394898255760384,35,False,84
,,,,119,,,INSUFFICIENT_TRACKS,48,,,,,,,,,,DPR-Exact-Block,V2_03_difficult:1413394898055760384:1413394898255760384,,formal_public_module_evidence,,,,,,,,V2_03_difficult,,,,330,1413394898055760384,,1413394898255760384,35,False,84
,,,,119,,,INSUFFICIENT_TRACKS,48,,,,,,,,,,DUC-K16,V2_03_difficult:1413394898055760384:1413394898255760384,,formal_public_module_evidence,,,,,,,,V2_03_difficult,,,,330,1413394898055760384,,1413394898255760384,35,False,84
,,,,119,,,INSUFFICIENT_TRACKS,48,,,,,,,,,,Permuted-K16,V2_03_difficult:1413394898055760384:1413394898255760384,,formal_public_module_evidence,,,,,,,,V2_03_difficult,,,,330,1413394898055760384,,1413394898255760384,35,False,84
,,,,84,,,INSUFFICIENT_TRACKS,16,,,,,,,,,,Raw,V2_03_difficult:1413394898555760384:1413394898755760384,,formal_public_module_evidence,,,,,,,,V2_03_difficult,,,,340,1413394898555760384,,1413394898755760384,48,False,53
,,,,84,,,INSUFFICIENT_TRACKS,16,,,,,,,,,,Global-DoF,V2_03_difficult:1413394898555760384:1413394898755760384,,formal_public_module_evidence,,,,,,,,V2_03_difficult,,,,340,1413394898555760384,,1413394898755760384,48,False,53
,,,,84,,,INSUFFICIENT_TRACKS,16,,,,,,,,,,DPR-Exact-Block,V2_03_difficult:1413394898555760384:1413394898755760384,,formal_public_module_evidence,,,,,,,,V2_03_difficult,,,,340,1413394898555760384,,1413394898755760384,48,False,53
,,,,84,,,INSUFFICIENT_TRACKS,16,,,,,,,,,,DUC-K16,V2_03_difficult:1413394898555760384:1413394898755760384,,formal_public_module_evidence,,,,,,,,V2_03_difficult,,,,340,1413394898555760384,,1413394898755760384,48,False,53
,,,,84,,,INSUFFICIENT_TRACKS,16,,,,,,,,,,Permuted-K16,V2_03_difficult:1413394898555760384:1413394898755760384,,formal_public_module_evidence,,,,,,,,V2_03_difficult,,,,340,1413394898555760384,,1413394898755760384,48,False,53
,,,,84,,,INSUFFICIENT_TRACKS,48,,,,,,,,,,Raw,V2_03_difficult:1413394898555760384:1413394898755760384,,formal_public_module_evidence,,,,,,,,V2_03_difficult,,,,340,1413394898555760384,,1413394898755760384,48,False,53
,,,,84,,,INSUFFICIENT_TRACKS,48,,,,,,,,,,Global-DoF,V2_03_difficult:1413394898555760384:1413394898755760384,,formal_public_module_evidence,,,,,,,,V2_03_difficult,,,,340,1413394898555760384,,1413394898755760384,48,False,53
,,,,84,,,INSUFFICIENT_TRACKS,48,,,,,,,,,,DPR-Exact-Block,V2_03_difficult:1413394898555760384:1413394898755760384,,formal_public_module_evidence,,,,,,,,V2_03_difficult,,,,340,1413394898555760384,,1413394898755760384,48,False,53
,,,,84,,,INSUFFICIENT_TRACKS,48,,,,,,,,,,DUC-K16,V2_03_difficult:1413394898555760384:1413394898755760384,,formal_public_module_evidence,,,,,,,,V2_03_difficult,,,,340,1413394898555760384,,1413394898755760384,48,False,53
,,,,84,,,INSUFFICIENT_TRACKS,48,,,,,,,,,,Permuted-K16,V2_03_difficult:1413394898555760384:1413394898755760384,,formal_public_module_evidence,,,,,,,,V2_03_difficult,,,,340,1413394898555760384,,1413394898755760384,48,False,53
,,,,89,,,INSUFFICIENT_TRACKS,16,,,,,,,,,,Raw,V2_03_difficult:1413394899055760384:1413394899255760384,,formal_public_module_evidence,,,,,,,,V2_03_difficult,,,,350,1413394899055760384,,1413394899255760384,49,False,50
,,,,89,,,INSUFFICIENT_TRACKS,16,,,,,,,,,,Global-DoF,V2_03_difficult:1413394899055760384:1413394899255760384,,formal_public_module_evidence,,,,,,,,V2_03_difficult,,,,350,1413394899055760384,,1413394899255760384,49,False,50
,,,,89,,,INSUFFICIENT_TRACKS,16,,,,,,,,,,DPR-Exact-Block,V2_03_difficult:1413394899055760384:1413394899255760384,,formal_public_module_evidence,,,,,,,,V2_03_difficult,,,,350,1413394899055760384,,1413394899255760384,49,False,50
,,,,89,,,INSUFFICIENT_TRACKS,16,,,,,,,,,,DUC-K16,V2_03_difficult:1413394899055760384:1413394899255760384,,formal_public_module_evidence,,,,,,,,V2_03_difficult,,,,350,1413394899055760384,,1413394899255760384,49,False,50
,,,,89,,,INSUFFICIENT_TRACKS,16,,,,,,,,,,Permuted-K16,V2_03_difficult:1413394899055760384:1413394899255760384,,formal_public_module_evidence,,,,,,,,V2_03_difficult,,,,350,1413394899055760384,,1413394899255760384,49,False,50
,,,,89,,,INSUFFICIENT_TRACKS,48,,,,,,,,,,Raw,V2_03_difficult:1413394899055760384:1413394899255760384,,formal_public_module_evidence,,,,,,,,V2_03_difficult,,,,350,1413394899055760384,,1413394899255760384,49,False,50
,,,,89,,,INSUFFICIENT_TRACKS,48,,,,,,,,,,Global-DoF,V2_03_difficult:1413394899055760384:1413394899255760384,,formal_public_module_evidence,,,,,,,,V2_03_difficult,,,,350,1413394899055760384,,1413394899255760384,49,False,50
,,,,89,,,INSUFFICIENT_TRACKS,48,,,,,,,,,,DPR-Exact-Block,V2_03_difficult:1413394899055760384:1413394899255760384,,formal_public_module_evidence,,,,,,,,V2_03_difficult,,,,350,1413394899055760384,,1413394899255760384,49,False,50
,,,,89,,,INSUFFICIENT_TRACKS,48,,,,,,,,,,DUC-K16,V2_03_difficult:1413394899055760384:1413394899255760384,,formal_public_module_evidence,,,,,,,,V2_03_difficult,,,,350,1413394899055760384,,1413394899255760384,49,False,50
,,,,89,,,INSUFFICIENT_TRACKS,48,,,,,,,,,,Permuted-K16,V2_03_difficult:1413394899055760384:1413394899255760384,,formal_public_module_evidence,,,,,,,,V2_03_difficult,,,,350,1413394899055760384,,1413394899255760384,49,False,50
,,,,147,,,INSUFFICIENT_TRACKS,16,,,,,,,,,,Raw,V2_03_difficult:1413394899555760384:1413394899755760384,,formal_public_module_evidence,,,,,,,,V2_03_difficult,,,,360,1413394899555760384,,1413394899755760384,44,False,83
,,,,147,,,INSUFFICIENT_TRACKS,16,,,,,,,,,,Global-DoF,V2_03_difficult:1413394899555760384:1413394899755760384,,formal_public_module_evidence,,,,,,,,V2_03_difficult,,,,360,1413394899555760384,,1413394899755760384,44,False,83
,,,,147,,,INSUFFICIENT_TRACKS,16,,,,,,,,,,DPR-Exact-Block,V2_03_difficult:1413394899555760384:1413394899755760384,,formal_public_module_evidence,,,,,,,,V2_03_difficult,,,,360,1413394899555760384,,1413394899755760384,44,False,83
,,,,147,,,INSUFFICIENT_TRACKS,16,,,,,,,,,,DUC-K16,V2_03_difficult:1413394899555760384:1413394899755760384,,formal_public_module_evidence,,,,,,,,V2_03_difficult,,,,360,1413394899555760384,,1413394899755760384,44,False,83
,,,,147,,,INSUFFICIENT_TRACKS,16,,,,,,,,,,Permuted-K16,V2_03_difficult:1413394899555760384:1413394899755760384,,formal_public_module_evidence,,,,,,,,V2_03_difficult,,,,360,1413394899555760384,,1413394899755760384,44,False,83
,,,,147,,,INSUFFICIENT_TRACKS,48,,,,,,,,,,Raw,V2_03_difficult:1413394899555760384:1413394899755760384,,formal_public_module_evidence,,,,,,,,V2_03_difficult,,,,360,1413394899555760384,,1413394899755760384,44,False,83
,,,,147,,,INSUFFICIENT_TRACKS,48,,,,,,,,,,Global-DoF,V2_03_difficult:1413394899555760384:1413394899755760384,,formal_public_module_evidence,,,,,,,,V2_03_difficult,,,,360,1413394899555760384,,1413394899755760384,44,False,83
,,,,147,,,INSUFFICIENT_TRACKS,48,,,,,,,,,,DPR-Exact-Block,V2_03_difficult:1413394899555760384:1413394899755760384,,formal_public_module_evidence,,,,,,,,V2_03_difficult,,,,360,1413394899555760384,,1413394899755760384,44,False,83
,,,,147,,,INSUFFICIENT_TRACKS,48,,,,,,,,,,DUC-K16,V2_03_difficult:1413394899555760384:1413394899755760384,,formal_public_module_evidence,,,,,,,,V2_03_difficult,,,,360,1413394899555760384,,1413394899755760384,44,False,83
,,,,147,,,INSUFFICIENT_TRACKS,48,,,,,,,,,,Permuted-K16,V2_03_difficult:1413394899555760384:1413394899755760384,,formal_public_module_evidence,,,,,,,,V2_03_difficult,,,,360,1413394899555760384,,1413394899755760384,44,False,83
0.28633754150741925,0.006495,0.008333333333333415,0.9583333333333334,151,0.37843299926669016,6.0,,16,2.1091169997144212,0.6151690818520468,2.1074845672001663,1.6171699045904884,True,0.5331103237299483,0.2842066172674502,6,0.08261670750316075,Raw,V2_03_difficult:1413394900055760384:1413394900255760384,0.03938,formal_public_module_evidence,0.032122201569222075,0.12190000868286166,0.12168481684856346,0.3744004211308154,0.7248783805804797,0,0,V2_03_difficult,5,OK,True,370,1413394900055760384,7.752835846848173e-10,1413394900255760384,87,True,127
0.4939769062856637,0.002017,0.008333333333333415,0.9583333333333334,151,0.46576369140515705,6.0,,16,2.1091169997144212,0.6151690818520468,2.1074845672001663,1.6839950675393283,True,0.5331103237299483,0.2842066172674502,6,0.08261670750316075,Global-DoF,V2_03_difficult:1413394900055760384:1413394900255760384,0.03938,formal_public_module_evidence,0.032122201569222075,0.12190000868286166,0.12168481684856346,0.3744004211308154,0.7248783805804797,0,0,V2_03_difficult,5,OK,True,370,1413394900055760384,7.752835846848173e-10,1413394900255760384,87,True,127
0.4882016150611286,0.455464,0.008333333333333415,0.9583333333333334,151,0.4630815230522337,6.0,,16,2.1091169997144212,0.6151690818520468,2.1074845672001663,1.681754025254299,True,0.5331103237299483,0.2842066172674502,6,0.08261670750316075,DPR-Exact-Block,V2_03_difficult:1413394900055760384:1413394900255760384,0.03938,formal_public_module_evidence,0.032122201569222075,0.12190000868286166,0.12168481684856346,0.3744004211308154,0.7248783805804797,0,0,V2_03_difficult,5,OK,True,370,1413394900055760384,7.752835846848173e-10,1413394900255760384,87,True,127
0.5675826030801847,0.18091,0.050000000000000044,1.0,151,0.5013397937923583,6.0,,16,2.1091169997144212,0.6151690818520468,2.1074845672001663,1.7143000816362057,True,0.5331103237299483,0.2842066172674502,6,0.08261670750316075,DUC-K16,V2_03_difficult:1413394900055760384:1413394900255760384,0.03938,formal_public_module_evidence,0.032122201569222075,0.12190000868286166,0.12168481684856346,0.3744004211308154,0.7248783805804797,0,0,V2_03_difficult,5,OK,True,370,1413394900055760384,7.752835846848173e-10,1413394900255760384,87,True,127
0.5833800166074513,0.070427,0.050000000000000044,1.0,151,0.5093225532961055,6.0,,16,2.1091169997144212,0.6151690818520468,2.1074845672001663,1.7212123987374566,True,0.5331103237299483,0.2842066172674502,6,0.08261670750316075,Permuted-K16,V2_03_difficult:1413394900055760384:1413394900255760384,0.03938,formal_public_module_evidence,0.032122201569222075,0.12190000868286166,0.12168481684856346,0.3744004211308154,0.7248783805804797,0,0,V2_03_difficult,5,OK,True,370,1413394900055760384,7.752835846848173e-10,1413394900255760384,87,True,127
0.5646452208967396,0.006213,0.050000000000000044,1.0,151,0.5436641738191587,6.000000000000001,,48,2.058267457382426,0.7373358622901497,2.1037334917126405,1.797015340953943,True,0.5559736457455523,0.30910669476360086,6,0.029308569566250275,Raw,V2_03_difficult:1413394900055760384:1413394900255760384,0.038216,formal_public_module_evidence,0.01208493020678808,0.04514860696740286,0.05680486172805965,0.5086530752260126,1.0,5,0,V2_03_difficult,4,OK,True,370,1413394900055760384,1.9872699744071985e-08,1413394900255760384,87,True,127
0.6291837420343107,0.001962,0.050000000000000044,1.0,151,0.5799084520737693,6.000000000000001,,48,2.058267457382426,0.7373358622901497,2.1037334917126405,1.8260187480393764,True,0.5559736457455523,0.30910669476360086,6,0.029308569566250275,Global-DoF,V2_03_difficult:1413394900055760384:1413394900255760384,0.038216,formal_public_module_evidence,0.01208493020678808,0.04514860696740286,0.05680486172805965,0.5086530752260126,1.0,5,0,V2_03_difficult,4,OK,True,370,1413394900055760384,1.9872699744071985e-08,1413394900255760384,87,True,127
0.638168409851331,1.301744,0.050000000000000044,1.0,151,0.5851422134761745,6.000000000000001,,48,2.058267457382426,0.7373358622901497,2.1037334917126405,1.8302357977268329,True,0.5559736457455523,0.30910669476360086,6,0.029308569566250275,DPR-Exact-Block,V2_03_difficult:1413394900055760384:1413394900255760384,0.038216,formal_public_module_evidence,0.01208493020678808,0.04514860696740286,0.05680486172805965,0.5086530752260126,1.0,5,0,V2_03_difficult,4,OK,True,370,1413394900055760384,1.9872699744071985e-08,1413394900255760384,87,True,127
0.6670556949924752,0.318171,0.050000000000000044,1.0,151,0.6022918947459905,6.000000000000001,,48,2.058267457382426,0.7373358622901497,2.1037334917126405,1.8440814142918234,True,0.5559736457455523,0.30910669476360086,6,0.029308569566250275,DUC-K16,V2_03_difficult:1413394900055760384:1413394900255760384,0.038216,formal_public_module_evidence,0.01208493020678808,0.04514860696740286,0.05680486172805965,0.5086530752260126,1.0,5,0,V2_03_difficult,4,OK,True,370,1413394900055760384,1.9872699744071985e-08,1413394900255760384,87,True,127
0.6766278878743458,0.105265,0.050000000000000044,1.0,151,0.6080848302493671,6.000000000000001,,48,2.058267457382426,0.7373358622901497,2.1037334917126405,1.84876442841279,True,0.5559736457455523,0.30910669476360086,6,0.029308569566250275,Permuted-K16,V2_03_difficult:1413394900055760384:1413394900255760384,0.038216,formal_public_module_evidence,0.01208493020678808,0.04514860696740286,0.05680486172805965,0.5086530752260126,1.0,5,0,V2_03_difficult,4,OK,True,370,1413394900055760384,1.9872699744071985e-08,1413394900255760384,87,True,127
0.5880858151294747,0.005917,0.050000000000000044,1.0,206,2.1368171629746615,6.000000000000001,,16,1.7481711496520749,1.4617856077327693,1.721514403479633,3.15258386712382,True,1.0893877049970695,1.1867655717987822,6,0.019274438419045747,Raw,V2_03_difficult:1413394900555760384:1413394900755760384,0.038187,formal_public_module_evidence,0.03290751707515294,0.08861579443629936,0.1406856410992438,0.3421048095124945,0.7812622051645373,0,0,V2_03_difficult,5,OK,True,380,1413394900555760384,3.1479241229866375e-09,1413394900755760384,143,True,186
0.7957251799077188,0.002048,0.050000000000000044,1.0,206,2.6299288159688134,6.000000000000001,,16,1.7481711496520749,1.4617856077327693,1.721514403479633,3.256087722056897,True,1.0893877049970695,1.1867655717987822,6,0.019274438419045747,Global-DoF,V2_03_difficult:1413394900555760384:1413394900755760384,0.038187,formal_public_module_evidence,0.03290751707515294,0.08861579443629936,0.1406856410992438,0.3421048095124945,0.7812622051645373,0,0,V2_03_difficult,5,OK,True,380,1413394900555760384,3.1479241229866375e-09,1413394900755760384,143,True,186
0.7662780507767848,0.457753,0.050000000000000044,1.0,206,2.553614101650248,6.000000000000001,,16,1.7481711496520749,1.4617856077327693,1.721514403479633,3.2401263073921798,True,1.0893877049970695,1.1867655717987822,6,0.019274438419045747,DPR-Exact-Block,V2_03_difficult:1413394900555760384:1413394900755760384,0.038187,formal_public_module_evidence,0.03290751707515294,0.08861579443629936,0.1406856410992438,0.3421048095124945,0.7812622051645373,0,0,V2_03_difficult,5,OK,True,380,1413394900555760384,3.1479241229866375e-09,1413394900755760384,143,True,186
0.746815438481526,0.177367,0.050000000000000044,1.0,206,2.5043946239019834,6.000000000000001,,16,1.7481711496520749,1.4617856077327693,1.721514403479633,3.229797335503735,True,1.0893877049970695,1.1867655717987822,6,0.019274438419045747,DUC-K16,V2_03_difficult:1413394900555760384:1413394900755760384,0.038187,formal_public_module_evidence,0.03290751707515294,0.08861579443629936,0.1406856410992438,0.3421048095124945,0.7812622051645373,0,0,V2_03_difficult,5,OK,True,380,1413394900555760384,3.1479241229866375e-09,1413394900755760384,143,True,186
0.7237210337844753,0.075905,0.050000000000000044,1.0,206,2.4472198705469417,6.000000000000001,,16,1.7481711496520749,1.4617856077327693,1.721514403479633,3.2177740999413245,True,1.0893877049970695,1.1867655717987822,6,0.019274438419045747,Permuted-K16,V2_03_difficult:1413394900555760384:1413394900755760384,0.038187,formal_public_module_evidence,0.03290751707515294,0.08861579443629936,0.1406856410992438,0.3421048095124945,0.7812622051645373,0,0,V2_03_difficult,5,OK,True,380,1413394900555760384,3.1479241229866375e-09,1413394900755760384,143,True,186
0.8943890284902137,0.005918,0.050000000000000044,1.0,206,3.4748995089371255,6.0,,48,1.6739846702541086,1.864108234233497,1.7004599994214356,3.4922999492381046,True,1.1919471923100142,1.420738109255726,6,0.0004841232296246556,Raw,V2_03_difficult:1413394900555760384:1413394900755760384,0.038646,formal_public_module_evidence,0.013103426439707633,0.05205551664162112,0.06347261219338567,0.45614322979872113,1.3333606794159285,3,0,V2_03_difficult,5,OK,True,380,1413394900555760384,1.9534892285586904e-09,1413394900755760384,143,True,186
0.9589275496277849,0.002078,0.050000000000000044,1.0,206,3.7065594761996006,6.0,,48,1.6739846702541086,1.864108234233497,1.7004599994214356,3.5312848877180745,True,1.1919471923100142,1.420738109255726,6,0.0004841232296246556,Global-DoF,V2_03_difficult:1413394900555760384:1413394900755760384,0.038646,formal_public_module_evidence,0.013103426439707633,0.05205551664162112,0.06347261219338567,0.45614322979872113,1.3333606794159285,3,0,V2_03_difficult,5,OK,True,380,1413394900555760384,1.9534892285586904e-09,1413394900755760384,143,True,186
0.9595795457302232,1.302444,0.050000000000000044,1.0,206,3.7089769265299974,6.0,,48,1.6739846702541086,1.864108234233497,1.7004599994214356,3.5316870527293704,True,1.1919471923100142,1.420738109255726,6,0.0004841232296246556,DPR-Exact-Block,V2_03_difficult:1413394900555760384:1413394900755760384,0.038646,formal_public_module_evidence,0.013103426439707633,0.05205551664162112,0.06347261219338567,0.45614322979872113,1.3333606794159285,3,0,V2_03_difficult,5,OK,True,380,1413394900555760384,1.9534892285586904e-09,1413394900755760384,143,True,186
0.9600635518100056,0.320367,0.050000000000000044,1.0,206,3.7107725284182727,6.0,,48,1.6739846702541086,1.864108234233497,1.7004599994214356,3.5319857032486497,True,1.1919471923100142,1.420738109255726,6,0.0004841232296246556,DUC-K16,V2_03_difficult:1413394900555760384:1413394900755760384,0.038646,formal_public_module_evidence,0.013103426439707633,0.05205551664162112,0.06347261219338567,0.45614322979872113,1.3333606794159285,3,0,V2_03_difficult,5,OK,True,380,1413394900555760384,1.9534892285586904e-09,1413394900755760384,143,True,186
0.9561838544576997,0.104945,0.050000000000000044,1.0,206,3.696403745352866,6.0,,48,1.6739846702541086,1.864108234233497,1.7004599994214356,3.5295943052171608,True,1.1919471923100142,1.420738109255726,6,0.0004841232296246556,Permuted-K16,V2_03_difficult:1413394900555760384:1413394900755760384,0.038646,formal_public_module_evidence,0.013103426439707633,0.05205551664162112,0.06347261219338567,0.45614322979872113,1.3333606794159285,3,0,V2_03_difficult,5,OK,True,380,1413394900555760384,1.9534892285586904e-09,1413394900755760384,143,True,186
,,,,315,,,INSUFFICIENT_TRACKS,16,,,,,,,,,,Raw,V2_03_difficult:1413394901055760384:1413394901255760384,,formal_public_module_evidence,,,,,,,,V2_03_difficult,,,,390,1413394901055760384,,1413394901255760384,21,False,222
,,,,315,,,INSUFFICIENT_TRACKS,16,,,,,,,,,,Global-DoF,V2_03_difficult:1413394901055760384:1413394901255760384,,formal_public_module_evidence,,,,,,,,V2_03_difficult,,,,390,1413394901055760384,,1413394901255760384,21,False,222
,,,,315,,,INSUFFICIENT_TRACKS,16,,,,,,,,,,DPR-Exact-Block,V2_03_difficult:1413394901055760384:1413394901255760384,,formal_public_module_evidence,,,,,,,,V2_03_difficult,,,,390,1413394901055760384,,1413394901255760384,21,False,222
,,,,315,,,INSUFFICIENT_TRACKS,16,,,,,,,,,,DUC-K16,V2_03_difficult:1413394901055760384:1413394901255760384,,formal_public_module_evidence,,,,,,,,V2_03_difficult,,,,390,1413394901055760384,,1413394901255760384,21,False,222
,,,,315,,,INSUFFICIENT_TRACKS,16,,,,,,,,,,Permuted-K16,V2_03_difficult:1413394901055760384:1413394901255760384,,formal_public_module_evidence,,,,,,,,V2_03_difficult,,,,390,1413394901055760384,,1413394901255760384,21,False,222
,,,,315,,,INSUFFICIENT_TRACKS,48,,,,,,,,,,Raw,V2_03_difficult:1413394901055760384:1413394901255760384,,formal_public_module_evidence,,,,,,,,V2_03_difficult,,,,390,1413394901055760384,,1413394901255760384,21,False,222
,,,,315,,,INSUFFICIENT_TRACKS,48,,,,,,,,,,Global-DoF,V2_03_difficult:1413394901055760384:1413394901255760384,,formal_public_module_evidence,,,,,,,,V2_03_difficult,,,,390,1413394901055760384,,1413394901255760384,21,False,222
,,,,315,,,INSUFFICIENT_TRACKS,48,,,,,,,,,,DPR-Exact-Block,V2_03_difficult:1413394901055760384:1413394901255760384,,formal_public_module_evidence,,,,,,,,V2_03_difficult,,,,390,1413394901055760384,,1413394901255760384,21,False,222
,,,,315,,,INSUFFICIENT_TRACKS,48,,,,,,,,,,DUC-K16,V2_03_difficult:1413394901055760384:1413394901255760384,,formal_public_module_evidence,,,,,,,,V2_03_difficult,,,,390,1413394901055760384,,1413394901255760384,21,False,222
,,,,315,,,INSUFFICIENT_TRACKS,48,,,,,,,,,,Permuted-K16,V2_03_difficult:1413394901055760384:1413394901255760384,,formal_public_module_evidence,,,,,,,,V2_03_difficult,,,,390,1413394901055760384,,1413394901255760384,21,False,222
,,,,195,,,INSUFFICIENT_TRACKS,16,,,,,,,,,,Raw,V2_03_difficult:1413394901555760384:1413394901755760384,,formal_public_module_evidence,,,,,,,,V2_03_difficult,,,,400,1413394901555760384,,1413394901755760384,45,False,139
,,,,195,,,INSUFFICIENT_TRACKS,16,,,,,,,,,,Global-DoF,V2_03_difficult:1413394901555760384:1413394901755760384,,formal_public_module_evidence,,,,,,,,V2_03_difficult,,,,400,1413394901555760384,,1413394901755760384,45,False,139
,,,,195,,,INSUFFICIENT_TRACKS,16,,,,,,,,,,DPR-Exact-Block,V2_03_difficult:1413394901555760384:1413394901755760384,,formal_public_module_evidence,,,,,,,,V2_03_difficult,,,,400,1413394901555760384,,1413394901755760384,45,False,139
,,,,195,,,INSUFFICIENT_TRACKS,16,,,,,,,,,,DUC-K16,V2_03_difficult:1413394901555760384:1413394901755760384,,formal_public_module_evidence,,,,,,,,V2_03_difficult,,,,400,1413394901555760384,,1413394901755760384,45,False,139
,,,,195,,,INSUFFICIENT_TRACKS,16,,,,,,,,,,Permuted-K16,V2_03_difficult:1413394901555760384:1413394901755760384,,formal_public_module_evidence,,,,,,,,V2_03_difficult,,,,400,1413394901555760384,,1413394901755760384,45,False,139
,,,,195,,,INSUFFICIENT_TRACKS,48,,,,,,,,,,Raw,V2_03_difficult:1413394901555760384:1413394901755760384,,formal_public_module_evidence,,,,,,,,V2_03_difficult,,,,400,1413394901555760384,,1413394901755760384,45,False,139
,,,,195,,,INSUFFICIENT_TRACKS,48,,,,,,,,,,Global-DoF,V2_03_difficult:1413394901555760384:1413394901755760384,,formal_public_module_evidence,,,,,,,,V2_03_difficult,,,,400,1413394901555760384,,1413394901755760384,45,False,139
,,,,195,,,INSUFFICIENT_TRACKS,48,,,,,,,,,,DPR-Exact-Block,V2_03_difficult:1413394901555760384:1413394901755760384,,formal_public_module_evidence,,,,,,,,V2_03_difficult,,,,400,1413394901555760384,,1413394901755760384,45,False,139
,,,,195,,,INSUFFICIENT_TRACKS,48,,,,,,,,,,DUC-K16,V2_03_difficult:1413394901555760384:1413394901755760384,,formal_public_module_evidence,,,,,,,,V2_03_difficult,,,,400,1413394901555760384,,1413394901755760384,45,False,139
,,,,195,,,INSUFFICIENT_TRACKS,48,,,,,,,,,,Permuted-K16,V2_03_difficult:1413394901555760384:1413394901755760384,,formal_public_module_evidence,,,,,,,,V2_03_difficult,,,,400,1413394901555760384,,1413394901755760384,45,False,139
,,,,333,,,INSUFFICIENT_TRACKS,16,,,,,,,,,,Raw,V2_03_difficult:1413394902055760384:1413394902255760384,,formal_public_module_evidence,,,,,,,,V2_03_difficult,,,,410,1413394902055760384,,1413394902255760384,39,False,283
,,,,333,,,INSUFFICIENT_TRACKS,16,,,,,,,,,,Global-DoF,V2_03_difficult:1413394902055760384:1413394902255760384,,formal_public_module_evidence,,,,,,,,V2_03_difficult,,,,410,1413394902055760384,,1413394902255760384,39,False,283
,,,,333,,,INSUFFICIENT_TRACKS,16,,,,,,,,,,DPR-Exact-Block,V2_03_difficult:1413394902055760384:1413394902255760384,,formal_public_module_evidence,,,,,,,,V2_03_difficult,,,,410,1413394902055760384,,1413394902255760384,39,False,283
,,,,333,,,INSUFFICIENT_TRACKS,16,,,,,,,,,,DUC-K16,V2_03_difficult:1413394902055760384:1413394902255760384,,formal_public_module_evidence,,,,,,,,V2_03_difficult,,,,410,1413394902055760384,,1413394902255760384,39,False,283
,,,,333,,,INSUFFICIENT_TRACKS,16,,,,,,,,,,Permuted-K16,V2_03_difficult:1413394902055760384:1413394902255760384,,formal_public_module_evidence,,,,,,,,V2_03_difficult,,,,410,1413394902055760384,,1413394902255760384,39,False,283
,,,,333,,,INSUFFICIENT_TRACKS,48,,,,,,,,,,Raw,V2_03_difficult:1413394902055760384:1413394902255760384,,formal_public_module_evidence,,,,,,,,V2_03_difficult,,,,410,1413394902055760384,,1413394902255760384,39,False,283
,,,,333,,,INSUFFICIENT_TRACKS,48,,,,,,,,,,Global-DoF,V2_03_difficult:1413394902055760384:1413394902255760384,,formal_public_module_evidence,,,,,,,,V2_03_difficult,,,,410,1413394902055760384,,1413394902255760384,39,False,283
,,,,333,,,INSUFFICIENT_TRACKS,48,,,,,,,,,,DPR-Exact-Block,V2_03_difficult:1413394902055760384:1413394902255760384,,formal_public_module_evidence,,,,,,,,V2_03_difficult,,,,410,1413394902055760384,,1413394902255760384,39,False,283
,,,,333,,,INSUFFICIENT_TRACKS,48,,,,,,,,,,DUC-K16,V2_03_difficult:1413394902055760384:1413394902255760384,,formal_public_module_evidence,,,,,,,,V2_03_difficult,,,,410,1413394902055760384,,1413394902255760384,39,False,283
,,,,333,,,INSUFFICIENT_TRACKS,48,,,,,,,,,,Permuted-K16,V2_03_difficult:1413394902055760384:1413394902255760384,,formal_public_module_evidence,,,,,,,,V2_03_difficult,,,,410,1413394902055760384,,1413394902255760384,39,False,283
,,,,110,,,INSUFFICIENT_TRACKS,16,,,,,,,,,,Raw,V2_03_difficult:1413394902555760384:1413394902755760384,,formal_public_module_evidence,,,,,,,,V2_03_difficult,,,,420,1413394902555760384,,1413394902755760384,6,False,91
,,,,110,,,INSUFFICIENT_TRACKS,16,,,,,,,,,,Global-DoF,V2_03_difficult:1413394902555760384:1413394902755760384,,formal_public_module_evidence,,,,,,,,V2_03_difficult,,,,420,1413394902555760384,,1413394902755760384,6,False,91
,,,,110,,,INSUFFICIENT_TRACKS,16,,,,,,,,,,DPR-Exact-Block,V2_03_difficult:1413394902555760384:1413394902755760384,,formal_public_module_evidence,,,,,,,,V2_03_difficult,,,,420,1413394902555760384,,1413394902755760384,6,False,91
,,,,110,,,INSUFFICIENT_TRACKS,16,,,,,,,,,,DUC-K16,V2_03_difficult:1413394902555760384:1413394902755760384,,formal_public_module_evidence,,,,,,,,V2_03_difficult,,,,420,1413394902555760384,,1413394902755760384,6,False,91
,,,,110,,,INSUFFICIENT_TRACKS,16,,,,,,,,,,Permuted-K16,V2_03_difficult:1413394902555760384:1413394902755760384,,formal_public_module_evidence,,,,,,,,V2_03_difficult,,,,420,1413394902555760384,,1413394902755760384,6,False,91
,,,,110,,,INSUFFICIENT_TRACKS,48,,,,,,,,,,Raw,V2_03_difficult:1413394902555760384:1413394902755760384,,formal_public_module_evidence,,,,,,,,V2_03_difficult,,,,420,1413394902555760384,,1413394902755760384,6,False,91
,,,,110,,,INSUFFICIENT_TRACKS,48,,,,,,,,,,Global-DoF,V2_03_difficult:1413394902555760384:1413394902755760384,,formal_public_module_evidence,,,,,,,,V2_03_difficult,,,,420,1413394902555760384,,1413394902755760384,6,False,91
,,,,110,,,INSUFFICIENT_TRACKS,48,,,,,,,,,,DPR-Exact-Block,V2_03_difficult:1413394902555760384:1413394902755760384,,formal_public_module_evidence,,,,,,,,V2_03_difficult,,,,420,1413394902555760384,,1413394902755760384,6,False,91
,,,,110,,,INSUFFICIENT_TRACKS,48,,,,,,,,,,DUC-K16,V2_03_difficult:1413394902555760384:1413394902755760384,,formal_public_module_evidence,,,,,,,,V2_03_difficult,,,,420,1413394902555760384,,1413394902755760384,6,False,91
,,,,110,,,INSUFFICIENT_TRACKS,48,,,,,,,,,,Permuted-K16,V2_03_difficult:1413394902555760384:1413394902755760384,,formal_public_module_evidence,,,,,,,,V2_03_difficult,,,,420,1413394902555760384,,1413394902755760384,6,False,91
,,,,520,,,INSUFFICIENT_TRACKS,16,,,,,,,,,,Raw,V2_03_difficult:1413394903155760384:1413394903555760384,,formal_public_module_evidence,,,,,,,,V2_03_difficult,,,,430,1413394903155760384,,1413394903555760384,13,False,205
,,,,520,,,INSUFFICIENT_TRACKS,16,,,,,,,,,,Global-DoF,V2_03_difficult:1413394903155760384:1413394903555760384,,formal_public_module_evidence,,,,,,,,V2_03_difficult,,,,430,1413394903155760384,,1413394903555760384,13,False,205
,,,,520,,,INSUFFICIENT_TRACKS,16,,,,,,,,,,DPR-Exact-Block,V2_03_difficult:1413394903155760384:1413394903555760384,,formal_public_module_evidence,,,,,,,,V2_03_difficult,,,,430,1413394903155760384,,1413394903555760384,13,False,205
,,,,520,,,INSUFFICIENT_TRACKS,16,,,,,,,,,,DUC-K16,V2_03_difficult:1413394903155760384:1413394903555760384,,formal_public_module_evidence,,,,,,,,V2_03_difficult,,,,430,1413394903155760384,,1413394903555760384,13,False,205
,,,,520,,,INSUFFICIENT_TRACKS,16,,,,,,,,,,Permuted-K16,V2_03_difficult:1413394903155760384:1413394903555760384,,formal_public_module_evidence,,,,,,,,V2_03_difficult,,,,430,1413394903155760384,,1413394903555760384,13,False,205
,,,,520,,,INSUFFICIENT_TRACKS,48,,,,,,,,,,Raw,V2_03_difficult:1413394903155760384:1413394903555760384,,formal_public_module_evidence,,,,,,,,V2_03_difficult,,,,430,1413394903155760384,,1413394903555760384,13,False,205
,,,,520,,,INSUFFICIENT_TRACKS,48,,,,,,,,,,Global-DoF,V2_03_difficult:1413394903155760384:1413394903555760384,,formal_public_module_evidence,,,,,,,,V2_03_difficult,,,,430,1413394903155760384,,1413394903555760384,13,False,205
,,,,520,,,INSUFFICIENT_TRACKS,48,,,,,,,,,,DPR-Exact-Block,V2_03_difficult:1413394903155760384:1413394903555760384,,formal_public_module_evidence,,,,,,,,V2_03_difficult,,,,430,1413394903155760384,,1413394903555760384,13,False,205
,,,,520,,,INSUFFICIENT_TRACKS,48,,,,,,,,,,DUC-K16,V2_03_difficult:1413394903155760384:1413394903555760384,,formal_public_module_evidence,,,,,,,,V2_03_difficult,,,,430,1413394903155760384,,1413394903555760384,13,False,205
,,,,520,,,INSUFFICIENT_TRACKS,48,,,,,,,,,,Permuted-K16,V2_03_difficult:1413394903155760384:1413394903555760384,,formal_public_module_evidence,,,,,,,,V2_03_difficult,,,,430,1413394903155760384,,1413394903555760384,13,False,205
0.42378057368070315,0.006673,0.07499999999999996,0.875,477,0.08030733589676467,6.0,,16,1.7578941737339313,0.2833854899192347,1.7290768489287427,0.8437090939679703,True,0.3502679429146961,0.12268763183369279,6,0.09751111716575567,Raw,V2_03_difficult:1413394903855760384:1413394904055760384,0.040497,formal_public_module_evidence,0.026064318090140814,0.09232420369405167,0.10016014984958241,0.39651182738238705,0.6161507171302854,0,0,V2_03_difficult,5,OK,True,440,1413394903855760384,3.275088509688106e-10,1413394904055760384,380,True,422
0.21614120890245841,0.002035,0.033333333333333326,0.9166666666666666,477,0.09883979802678731,6.0,,16,1.7578941737339313,0.2833854899192347,1.7290768489287427,0.7648997711893392,True,0.3502679429146961,0.12268763183369279,6,0.09751111716575567,Global-DoF,V2_03_difficult:1413394903855760384:1413394904055760384,0.040497,formal_public_module_evidence,0.026064318090140814,0.09232420369405167,0.10016014984958241,0.39651182738238705,0.6161507171302854,0,0,V2_03_difficult,5,OK,True,440,1413394903855760384,3.275088509688106e-10,1413394904055760384,380,True,422
0.22660889949826615,0.45084,0.033333333333333326,0.9166666666666666,477,0.09781056982160538,6.0,,16,1.7578941737339313,0.2833854899192347,1.7290768489287427,0.7674936338197037,True,0.3502679429146961,0.12268763183369279,6,0.09751111716575567,DPR-Exact-Block,V2_03_difficult:1413394903855760384:1413394904055760384,0.040497,formal_public_module_evidence,0.026064318090140814,0.09232420369405167,0.10016014984958241,0.39651182738238705,0.6161507171302854,0,0,V2_03_difficult,5,OK,True,440,1413394903855760384,3.275088509688106e-10,1413394904055760384,380,True,422
0.13356390404638424,0.182089,0.033333333333333326,0.9166666666666666,477,0.10734818775552926,6.0,,16,1.7578941737339313,0.2833854899192347,1.7290768489287427,0.7490937293374639,True,0.3502679429146961,0.12268763183369279,6,0.09751111716575567,DUC-K16,V2_03_difficult:1413394903855760384:1413394904055760384,0.040497,formal_public_module_evidence,0.026064318090140814,0.09232420369405167,0.10016014984958241,0.39651182738238705,0.6161507171302854,0,0,V2_03_difficult,5,OK,True,440,1413394903855760384,3.275088509688106e-10,1413394904055760384,380,True,422
0.2947173728733145,0.069458,0.07499999999999996,0.875,477,0.09137063746338966,6.0,,16,1.7578941737339313,0.2833854899192347,1.7290768489287427,0.7877927695195676,True,0.3502679429146961,0.12268763183369279,6,0.09751111716575567,Permuted-K16,V2_03_difficult:1413394903855760384:1413394904055760384,0.040497,formal_public_module_evidence,0.026064318090140814,0.09232420369405167,0.10016014984958241,0.39651182738238705,0.6161507171302854,0,0,V2_03_difficult,5,OK,True,440,1413394903855760384,3.275088509688106e-10,1413394904055760384,380,True,422
0.4497874147519692,0.006543,0.008333333333333415,0.9583333333333334,477,0.1574044393323729,6.0,,48,1.760827818899764,0.39674228326758026,1.7319785010296862,0.6267040435270227,True,0.31683882369697214,0.10038684020168098,6,0.009293379526959633,Raw,V2_03_difficult:1413394903855760384:1413394904055760384,0.038835,formal_public_module_evidence,0.01332445712335989,0.03347060810605312,0.05562912800609666,0.4526235183734153,1.1451447685231328,5,0,V2_03_difficult,5,OK,True,440,1413394903855760384,1.848851772969106e-10,1413394904055760384,380,True,422
0.5143259358895405,0.001962,0.008333333333333415,0.9583333333333334,477,0.16789806862119774,6.0,,48,1.760827818899764,0.39674228326758026,1.7319785010296862,0.6513823323914966,True,0.31683882369697214,0.10038684020168098,6,0.009293379526959633,Global-DoF,V2_03_difficult:1413394903855760384:1413394904055760384,0.038835,formal_public_module_evidence,0.01332445712335989,0.03347060810605312,0.05562912800609666,0.4526235183734153,1.1451447685231328,5,0,V2_03_difficult,5,OK,True,440,1413394903855760384,1.848851772969106e-10,1413394904055760384,380,True,422
0.562278163394555,1.274393,0.008333333333333415,0.9583333333333334,477,0.17614531158099714,6.0,,48,1.760827818899764,0.39674228326758026,1.7319785010296862,0.6713403132396158,True,0.31683882369697214,0.10038684020168098,6,0.009293379526959633,DPR-Exact-Block,V2_03_difficult:1413394903855760384:1413394904055760384,0.038835,formal_public_module_evidence,0.01332445712335989,0.03347060810605312,0.05562912800609666,0.4526235183734153,1.1451447685231328,5,0,V2_03_difficult,5,OK,True,440,1413394903855760384,1.848851772969106e-10,1413394904055760384,380,True,422
0.5529413309904935,0.315223,0.008333333333333415,0.9583333333333334,477,0.17450832634858038,6.0,,48,1.760827818899764,0.39674228326758026,1.7319785010296862,0.6673495466939992,True,0.31683882369697214,0.10038684020168098,6,0.009293379526959633,DUC-K16,V2_03_difficult:1413394903855760384:1413394904055760384,0.038835,formal_public_module_evidence,0.01332445712335989,0.03347060810605312,0.05562912800609666,0.4526235183734153,1.1451447685231328,5,0,V2_03_difficult,5,OK,True,440,1413394903855760384,1.848851772969106e-10,1413394904055760384,380,True,422
0.5708107843049314,0.108983,0.008333333333333415,0.9583333333333334,477,0.17765472321068188,6.0,,48,1.760827818899764,0.39674228326758026,1.7319785010296862,0.6750308020900645,True,0.31683882369697214,0.10038684020168098,6,0.009293379526959633,Permuted-K16,V2_03_difficult:1413394903855760384:1413394904055760384,0.038835,formal_public_module_evidence,0.01332445712335989,0.03347060810605312,0.05562912800609666,0.4526235183734153,1.1451447685231328,5,0,V2_03_difficult,5,OK,True,440,1413394903855760384,1.848851772969106e-10,1413394904055760384,380,True,422
0.9085921778938878,0.006133,0.11666666666666659,0.8333333333333334,522,0.3162048971503555,6.0,,16,1.8225194282621846,0.5623209912055174,1.7335456382972807,3.1673397095581506,True,0.8856917113966463,0.7844498076367202,6,0.13471895466060246,Raw,V2_03_difficult:1413394904355760384:1413394904555760384,0.0374,formal_public_module_evidence,0.02712878914046274,0.08203794839555428,0.09193763252419132,0.23325835941875472,0.7530299863960885,0,0,V2_03_difficult,6,OK,True,450,1413394904355760384,1.8208943636431525e-09,1413394904555760384,301,True,455
0.7009528131156432,0.001984,0.11666666666666659,0.8333333333333334,522,0.38917525803120684,6.0,,16,1.8225194282621846,0.5623209912055174,1.7335456382972807,2.909823916217682,True,0.8856917113966463,0.7844498076367202,6,0.13471895466060246,Global-DoF,V2_03_difficult:1413394904355760384:1413394904555760384,0.0374,formal_public_module_evidence,0.02712878914046274,0.08203794839555428,0.09193763252419132,0.23325835941875472,0.7530299863960885,0,0,V2_03_difficult,6,OK,True,450,1413394904355760384,1.8208943636431525e-09,1413394904555760384,301,True,455
0.6810421028719176,0.444408,0.11666666666666659,0.8333333333333334,522,0.39700166998371533,6.0,,16,1.8225194282621846,0.5623209912055174,1.7335456382972807,2.8899980626643598,True,0.8856917113966463,0.7844498076367202,6,0.13471895466060246,DPR-Exact-Block,V2_03_difficult:1413394904355760384:1413394904555760384,0.0374,formal_public_module_evidence,0.02712878914046274,0.08203794839555428,0.09193763252419132,0.23325835941875472,0.7530299863960885,0,0,V2_03_difficult,6,OK,True,450,1413394904355760384,1.8208943636431525e-09,1413394904555760384,301,True,455
0.5546570996398292,0.180906,0.11666666666666659,0.8333333333333334,522,0.4504853199624349,6.0,,16,1.8225194282621846,0.5623209912055174,1.7335456382972807,2.7817910528263177,True,0.8856917113966463,0.7844498076367202,6,0.13471895466060246,DUC-K16,V2_03_difficult:1413394904355760384:1413394904555760384,0.0374,formal_public_module_evidence,0.02712878914046274,0.08203794839555428,0.09193763252419132,0.23325835941875472,0.7530299863960885,0,0,V2_03_difficult,6,OK,True,450,1413394904355760384,1.8208943636431525e-09,1413394904555760384,301,True,455
0.6996807905042225,0.070775,0.11666666666666659,0.8333333333333334,522,0.38967061274363335,6.0,,16,1.8225194282621846,0.5623209912055174,1.7335456382972807,2.9085335880499006,True,0.8856917113966463,0.7844498076367202,6,0.13471895466060246,Permuted-K16,V2_03_difficult:1413394904355760384:1413394904555760384,0.0374,formal_public_module_evidence,0.02712878914046274,0.08203794839555428,0.09193763252419132,0.23325835941875472,0.7530299863960885,0,0,V2_03_difficult,6,OK,True,450,1413394904355760384,1.8208943636431525e-09,1413394904555760384,301,True,455
0.12852991603229538,0.006191,0.033333333333333326,0.9166666666666666,522,0.5342614987148909,5.999999999999999,,48,1.7063348767439726,0.7309319384969376,1.7433523091293925,2.348162644453671,True,0.7794474771435704,0.6075383696254767,6,0.02274999614189044,Raw,V2_03_difficult:1413394904355760384:1413394904555760384,0.039137,formal_public_module_evidence,0.011586046927389293,0.0383565422774935,0.05809260597493482,0.5816769846825498,1.6879457527025443,4,0,V2_03_difficult,4,OK,True,450,1413394904355760384,6.574244021279618e-09,1413394904555760384,301,True,455
0.0639913948947244,0.002008,0.033333333333333326,0.9166666666666666,522,0.5698789319625502,5.999999999999999,,48,1.7063348767439726,0.7309319384969376,1.7433523091293925,2.3416289505936656,True,0.7794474771435704,0.6075383696254767,6,0.02274999614189044,Global-DoF,V2_03_difficult:1413394904355760384:1413394904555760384,0.039137,formal_public_module_evidence,0.011586046927389293,0.0383565422774935,0.05809260597493482,0.5816769846825498,1.6879457527025443,4,0,V2_03_difficult,4,OK,True,450,1413394904355760384,6.574244021279618e-09,1413394904555760384,301,True,455
0.04589269897015822,1.284069,0.033333333333333326,0.9166666666666666,522,0.5802868986746441,5.999999999999999,,48,1.7063348767439726,0.7309319384969376,1.7433523091293925,2.3406064863764366,True,0.7794474771435704,0.6075383696254767,6,0.02274999614189044,DPR-Exact-Block,V2_03_difficult:1413394904355760384:1413394904555760384,0.039137,formal_public_module_evidence,0.011586046927389293,0.0383565422774935,0.05809260597493482,0.5816769846825498,1.6879457527025443,4,0,V2_03_difficult,4,OK,True,450,1413394904355760384,6.574244021279618e-09,1413394904555760384,301,True,455
0.023397624915077214,0.310811,0.033333333333333326,0.9166666666666666,522,0.5934884233806819,5.999999999999999,,48,1.7063348767439726,0.7309319384969376,1.7433523091293925,2.3398129923305615,True,0.7794474771435704,0.6075383696254767,6,0.02274999614189044,DUC-K16,V2_03_difficult:1413394904355760384:1413394904555760384,0.039137,formal_public_module_evidence,0.011586046927389293,0.0383565422774935,0.05809260597493482,0.5816769846825498,1.6879457527025443,4,0,V2_03_difficult,4,OK,True,450,1413394904355760384,6.574244021279618e-09,1413394904555760384,301,True,455
0.042706010162307906,0.105071,0.033333333333333326,0.9166666666666666,522,0.5821390419747815,5.999999999999999,,48,1.7063348767439726,0.7309319384969376,1.7433523091293925,2.3404621431901442,True,0.7794474771435704,0.6075383696254767,6,0.02274999614189044,Permuted-K16,V2_03_difficult:1413394904355760384:1413394904555760384,0.039137,formal_public_module_evidence,0.011586046927389293,0.0383565422774935,0.05809260597493482,0.5816769846825498,1.6879457527025443,4,0,V2_03_difficult,4,OK,True,450,1413394904355760384,6.574244021279618e-09,1413394904555760384,301,True,455
,,,,166,,,INSUFFICIENT_TRACKS,16,,,,,,,,,,Raw,V2_03_difficult:1413394904855760384:1413394905055760384,,formal_public_module_evidence,,,,,,,,V2_03_difficult,,,,460,1413394904855760384,,1413394905055760384,10,False,158
,,,,166,,,INSUFFICIENT_TRACKS,16,,,,,,,,,,Global-DoF,V2_03_difficult:1413394904855760384:1413394905055760384,,formal_public_module_evidence,,,,,,,,V2_03_difficult,,,,460,1413394904855760384,,1413394905055760384,10,False,158
,,,,166,,,INSUFFICIENT_TRACKS,16,,,,,,,,,,DPR-Exact-Block,V2_03_difficult:1413394904855760384:1413394905055760384,,formal_public_module_evidence,,,,,,,,V2_03_difficult,,,,460,1413394904855760384,,1413394905055760384,10,False,158
,,,,166,,,INSUFFICIENT_TRACKS,16,,,,,,,,,,DUC-K16,V2_03_difficult:1413394904855760384:1413394905055760384,,formal_public_module_evidence,,,,,,,,V2_03_difficult,,,,460,1413394904855760384,,1413394905055760384,10,False,158
,,,,166,,,INSUFFICIENT_TRACKS,16,,,,,,,,,,Permuted-K16,V2_03_difficult:1413394904855760384:1413394905055760384,,formal_public_module_evidence,,,,,,,,V2_03_difficult,,,,460,1413394904855760384,,1413394905055760384,10,False,158
,,,,166,,,INSUFFICIENT_TRACKS,48,,,,,,,,,,Raw,V2_03_difficult:1413394904855760384:1413394905055760384,,formal_public_module_evidence,,,,,,,,V2_03_difficult,,,,460,1413394904855760384,,1413394905055760384,10,False,158
,,,,166,,,INSUFFICIENT_TRACKS,48,,,,,,,,,,Global-DoF,V2_03_difficult:1413394904855760384:1413394905055760384,,formal_public_module_evidence,,,,,,,,V2_03_difficult,,,,460,1413394904855760384,,1413394905055760384,10,False,158
,,,,166,,,INSUFFICIENT_TRACKS,48,,,,,,,,,,DPR-Exact-Block,V2_03_difficult:1413394904855760384:1413394905055760384,,formal_public_module_evidence,,,,,,,,V2_03_difficult,,,,460,1413394904855760384,,1413394905055760384,10,False,158
,,,,166,,,INSUFFICIENT_TRACKS,48,,,,,,,,,,DUC-K16,V2_03_difficult:1413394904855760384:1413394905055760384,,formal_public_module_evidence,,,,,,,,V2_03_difficult,,,,460,1413394904855760384,,1413394905055760384,10,False,158
,,,,166,,,INSUFFICIENT_TRACKS,48,,,,,,,,,,Permuted-K16,V2_03_difficult:1413394904855760384:1413394905055760384,,formal_public_module_evidence,,,,,,,,V2_03_difficult,,,,460,1413394904855760384,,1413394905055760384,10,False,158
,,,,174,,,INSUFFICIENT_TRACKS,16,,,,,,,,,,Raw,V2_03_difficult:1413394905355760384:1413394905555760384,,formal_public_module_evidence,,,,,,,,V2_03_difficult,,,,470,1413394905355760384,,1413394905555760384,11,False,138
,,,,174,,,INSUFFICIENT_TRACKS,16,,,,,,,,,,Global-DoF,V2_03_difficult:1413394905355760384:1413394905555760384,,formal_public_module_evidence,,,,,,,,V2_03_difficult,,,,470,1413394905355760384,,1413394905555760384,11,False,138
,,,,174,,,INSUFFICIENT_TRACKS,16,,,,,,,,,,DPR-Exact-Block,V2_03_difficult:1413394905355760384:1413394905555760384,,formal_public_module_evidence,,,,,,,,V2_03_difficult,,,,470,1413394905355760384,,1413394905555760384,11,False,138
,,,,174,,,INSUFFICIENT_TRACKS,16,,,,,,,,,,DUC-K16,V2_03_difficult:1413394905355760384:1413394905555760384,,formal_public_module_evidence,,,,,,,,V2_03_difficult,,,,470,1413394905355760384,,1413394905555760384,11,False,138
,,,,174,,,INSUFFICIENT_TRACKS,16,,,,,,,,,,Permuted-K16,V2_03_difficult:1413394905355760384:1413394905555760384,,formal_public_module_evidence,,,,,,,,V2_03_difficult,,,,470,1413394905355760384,,1413394905555760384,11,False,138
,,,,174,,,INSUFFICIENT_TRACKS,48,,,,,,,,,,Raw,V2_03_difficult:1413394905355760384:1413394905555760384,,formal_public_module_evidence,,,,,,,,V2_03_difficult,,,,470,1413394905355760384,,1413394905555760384,11,False,138
,,,,174,,,INSUFFICIENT_TRACKS,48,,,,,,,,,,Global-DoF,V2_03_difficult:1413394905355760384:1413394905555760384,,formal_public_module_evidence,,,,,,,,V2_03_difficult,,,,470,1413394905355760384,,1413394905555760384,11,False,138
,,,,174,,,INSUFFICIENT_TRACKS,48,,,,,,,,,,DPR-Exact-Block,V2_03_difficult:1413394905355760384:1413394905555760384,,formal_public_module_evidence,,,,,,,,V2_03_difficult,,,,470,1413394905355760384,,1413394905555760384,11,False,138
,,,,174,,,INSUFFICIENT_TRACKS,48,,,,,,,,,,DUC-K16,V2_03_difficult:1413394905355760384:1413394905555760384,,formal_public_module_evidence,,,,,,,,V2_03_difficult,,,,470,1413394905355760384,,1413394905555760384,11,False,138
,,,,174,,,INSUFFICIENT_TRACKS,48,,,,,,,,,,Permuted-K16,V2_03_difficult:1413394905355760384:1413394905555760384,,formal_public_module_evidence,,,,,,,,V2_03_difficult,,,,470,1413394905355760384,,1413394905555760384,11,False,138
,,,,396,,,INSUFFICIENT_TRACKS,16,,,,,,,,,,Raw,V2_03_difficult:1413394905855760384:1413394906055760384,,formal_public_module_evidence,,,,,,,,V2_03_difficult,,,,480,1413394905855760384,,1413394906055760384,20,False,276
,,,,396,,,INSUFFICIENT_TRACKS,16,,,,,,,,,,Global-DoF,V2_03_difficult:1413394905855760384:1413394906055760384,,formal_public_module_evidence,,,,,,,,V2_03_difficult,,,,480,1413394905855760384,,1413394906055760384,20,False,276
,,,,396,,,INSUFFICIENT_TRACKS,16,,,,,,,,,,DPR-Exact-Block,V2_03_difficult:1413394905855760384:1413394906055760384,,formal_public_module_evidence,,,,,,,,V2_03_difficult,,,,480,1413394905855760384,,1413394906055760384,20,False,276
,,,,396,,,INSUFFICIENT_TRACKS,16,,,,,,,,,,DUC-K16,V2_03_difficult:1413394905855760384:1413394906055760384,,formal_public_module_evidence,,,,,,,,V2_03_difficult,,,,480,1413394905855760384,,1413394906055760384,20,False,276
,,,,396,,,INSUFFICIENT_TRACKS,16,,,,,,,,,,Permuted-K16,V2_03_difficult:1413394905855760384:1413394906055760384,,formal_public_module_evidence,,,,,,,,V2_03_difficult,,,,480,1413394905855760384,,1413394906055760384,20,False,276
,,,,396,,,INSUFFICIENT_TRACKS,48,,,,,,,,,,Raw,V2_03_difficult:1413394905855760384:1413394906055760384,,formal_public_module_evidence,,,,,,,,V2_03_difficult,,,,480,1413394905855760384,,1413394906055760384,20,False,276
,,,,396,,,INSUFFICIENT_TRACKS,48,,,,,,,,,,Global-DoF,V2_03_difficult:1413394905855760384:1413394906055760384,,formal_public_module_evidence,,,,,,,,V2_03_difficult,,,,480,1413394905855760384,,1413394906055760384,20,False,276
,,,,396,,,INSUFFICIENT_TRACKS,48,,,,,,,,,,DPR-Exact-Block,V2_03_difficult:1413394905855760384:1413394906055760384,,formal_public_module_evidence,,,,,,,,V2_03_difficult,,,,480,1413394905855760384,,1413394906055760384,20,False,276
,,,,396,,,INSUFFICIENT_TRACKS,48,,,,,,,,,,DUC-K16,V2_03_difficult:1413394905855760384:1413394906055760384,,formal_public_module_evidence,,,,,,,,V2_03_difficult,,,,480,1413394905855760384,,1413394906055760384,20,False,276
,,,,396,,,INSUFFICIENT_TRACKS,48,,,,,,,,,,Permuted-K16,V2_03_difficult:1413394905855760384:1413394906055760384,,formal_public_module_evidence,,,,,,,,V2_03_difficult,,,,480,1413394905855760384,,1413394906055760384,20,False,276
,,,,157,,,INSUFFICIENT_TRACKS,16,,,,,,,,,,Raw,V2_03_difficult:1413394906355760384:1413394906555760384,,formal_public_module_evidence,,,,,,,,V2_03_difficult,,,,490,1413394906355760384,,1413394906555760384,34,False,148
,,,,157,,,INSUFFICIENT_TRACKS,16,,,,,,,,,,Global-DoF,V2_03_difficult:1413394906355760384:1413394906555760384,,formal_public_module_evidence,,,,,,,,V2_03_difficult,,,,490,1413394906355760384,,1413394906555760384,34,False,148
,,,,157,,,INSUFFICIENT_TRACKS,16,,,,,,,,,,DPR-Exact-Block,V2_03_difficult:1413394906355760384:1413394906555760384,,formal_public_module_evidence,,,,,,,,V2_03_difficult,,,,490,1413394906355760384,,1413394906555760384,34,False,148
,,,,157,,,INSUFFICIENT_TRACKS,16,,,,,,,,,,DUC-K16,V2_03_difficult:1413394906355760384:1413394906555760384,,formal_public_module_evidence,,,,,,,,V2_03_difficult,,,,490,1413394906355760384,,1413394906555760384,34,False,148
,,,,157,,,INSUFFICIENT_TRACKS,16,,,,,,,,,,Permuted-K16,V2_03_difficult:1413394906355760384:1413394906555760384,,formal_public_module_evidence,,,,,,,,V2_03_difficult,,,,490,1413394906355760384,,1413394906555760384,34,False,148
,,,,157,,,INSUFFICIENT_TRACKS,48,,,,,,,,,,Raw,V2_03_difficult:1413394906355760384:1413394906555760384,,formal_public_module_evidence,,,,,,,,V2_03_difficult,,,,490,1413394906355760384,,1413394906555760384,34,False,148
,,,,157,,,INSUFFICIENT_TRACKS,48,,,,,,,,,,Global-DoF,V2_03_difficult:1413394906355760384:1413394906555760384,,formal_public_module_evidence,,,,,,,,V2_03_difficult,,,,490,1413394906355760384,,1413394906555760384,34,False,148
,,,,157,,,INSUFFICIENT_TRACKS,48,,,,,,,,,,DPR-Exact-Block,V2_03_difficult:1413394906355760384:1413394906555760384,,formal_public_module_evidence,,,,,,,,V2_03_difficult,,,,490,1413394906355760384,,1413394906555760384,34,False,148
,,,,157,,,INSUFFICIENT_TRACKS,48,,,,,,,,,,DUC-K16,V2_03_difficult:1413394906355760384:1413394906555760384,,formal_public_module_evidence,,,,,,,,V2_03_difficult,,,,490,1413394906355760384,,1413394906555760384,34,False,148
,,,,157,,,INSUFFICIENT_TRACKS,48,,,,,,,,,,Permuted-K16,V2_03_difficult:1413394906355760384:1413394906555760384,,formal_public_module_evidence,,,,,,,,V2_03_difficult,,,,490,1413394906355760384,,1413394906555760384,34,False,148
,,,,232,,,INSUFFICIENT_TRACKS,16,,,,,,,,,,Raw,V2_03_difficult:1413394906855760384:1413394907055760384,,formal_public_module_evidence,,,,,,,,V2_03_difficult,,,,500,1413394906855760384,,1413394907055760384,7,False,125
,,,,232,,,INSUFFICIENT_TRACKS,16,,,,,,,,,,Global-DoF,V2_03_difficult:1413394906855760384:1413394907055760384,,formal_public_module_evidence,,,,,,,,V2_03_difficult,,,,500,1413394906855760384,,1413394907055760384,7,False,125
,,,,232,,,INSUFFICIENT_TRACKS,16,,,,,,,,,,DPR-Exact-Block,V2_03_difficult:1413394906855760384:1413394907055760384,,formal_public_module_evidence,,,,,,,,V2_03_difficult,,,,500,1413394906855760384,,1413394907055760384,7,False,125
,,,,232,,,INSUFFICIENT_TRACKS,16,,,,,,,,,,DUC-K16,V2_03_difficult:1413394906855760384:1413394907055760384,,formal_public_module_evidence,,,,,,,,V2_03_difficult,,,,500,1413394906855760384,,1413394907055760384,7,False,125
,,,,232,,,INSUFFICIENT_TRACKS,16,,,,,,,,,,Permuted-K16,V2_03_difficult:1413394906855760384:1413394907055760384,,formal_public_module_evidence,,,,,,,,V2_03_difficult,,,,500,1413394906855760384,,1413394907055760384,7,False,125
,,,,232,,,INSUFFICIENT_TRACKS,48,,,,,,,,,,Raw,V2_03_difficult:1413394906855760384:1413394907055760384,,formal_public_module_evidence,,,,,,,,V2_03_difficult,,,,500,1413394906855760384,,1413394907055760384,7,False,125
,,,,232,,,INSUFFICIENT_TRACKS,48,,,,,,,,,,Global-DoF,V2_03_difficult:1413394906855760384:1413394907055760384,,formal_public_module_evidence,,,,,,,,V2_03_difficult,,,,500,1413394906855760384,,1413394907055760384,7,False,125
,,,,232,,,INSUFFICIENT_TRACKS,48,,,,,,,,,,DPR-Exact-Block,V2_03_difficult:1413394906855760384:1413394907055760384,,formal_public_module_evidence,,,,,,,,V2_03_difficult,,,,500,1413394906855760384,,1413394907055760384,7,False,125
,,,,232,,,INSUFFICIENT_TRACKS,48,,,,,,,,,,DUC-K16,V2_03_difficult:1413394906855760384:1413394907055760384,,formal_public_module_evidence,,,,,,,,V2_03_difficult,,,,500,1413394906855760384,,1413394907055760384,7,False,125
,,,,232,,,INSUFFICIENT_TRACKS,48,,,,,,,,,,Permuted-K16,V2_03_difficult:1413394906855760384:1413394907055760384,,formal_public_module_evidence,,,,,,,,V2_03_difficult,,,,500,1413394906855760384,,1413394907055760384,7,False,125
,,,,150,,,INSUFFICIENT_TRACKS,16,,,,,,,,,,Raw,V2_03_difficult:1413394907355760384:1413394907555760384,,formal_public_module_evidence,,,,,,,,V2_03_difficult,,,,510,1413394907355760384,,1413394907555760384,8,False,131
,,,,150,,,INSUFFICIENT_TRACKS,16,,,,,,,,,,Global-DoF,V2_03_difficult:1413394907355760384:1413394907555760384,,formal_public_module_evidence,,,,,,,,V2_03_difficult,,,,510,1413394907355760384,,1413394907555760384,8,False,131
,,,,150,,,INSUFFICIENT_TRACKS,16,,,,,,,,,,DPR-Exact-Block,V2_03_difficult:1413394907355760384:1413394907555760384,,formal_public_module_evidence,,,,,,,,V2_03_difficult,,,,510,1413394907355760384,,1413394907555760384,8,False,131
,,,,150,,,INSUFFICIENT_TRACKS,16,,,,,,,,,,DUC-K16,V2_03_difficult:1413394907355760384:1413394907555760384,,formal_public_module_evidence,,,,,,,,V2_03_difficult,,,,510,1413394907355760384,,1413394907555760384,8,False,131
,,,,150,,,INSUFFICIENT_TRACKS,16,,,,,,,,,,Permuted-K16,V2_03_difficult:1413394907355760384:1413394907555760384,,formal_public_module_evidence,,,,,,,,V2_03_difficult,,,,510,1413394907355760384,,1413394907555760384,8,False,131
,,,,150,,,INSUFFICIENT_TRACKS,48,,,,,,,,,,Raw,V2_03_difficult:1413394907355760384:1413394907555760384,,formal_public_module_evidence,,,,,,,,V2_03_difficult,,,,510,1413394907355760384,,1413394907555760384,8,False,131
,,,,150,,,INSUFFICIENT_TRACKS,48,,,,,,,,,,Global-DoF,V2_03_difficult:1413394907355760384:1413394907555760384,,formal_public_module_evidence,,,,,,,,V2_03_difficult,,,,510,1413394907355760384,,1413394907555760384,8,False,131
,,,,150,,,INSUFFICIENT_TRACKS,48,,,,,,,,,,DPR-Exact-Block,V2_03_difficult:1413394907355760384:1413394907555760384,,formal_public_module_evidence,,,,,,,,V2_03_difficult,,,,510,1413394907355760384,,1413394907555760384,8,False,131
,,,,150,,,INSUFFICIENT_TRACKS,48,,,,,,,,,,DUC-K16,V2_03_difficult:1413394907355760384:1413394907555760384,,formal_public_module_evidence,,,,,,,,V2_03_difficult,,,,510,1413394907355760384,,1413394907555760384,8,False,131
,,,,150,,,INSUFFICIENT_TRACKS,48,,,,,,,,,,Permuted-K16,V2_03_difficult:1413394907355760384:1413394907555760384,,formal_public_module_evidence,,,,,,,,V2_03_difficult,,,,510,1413394907355760384,,1413394907555760384,8,False,131
,,,,329,,,INSUFFICIENT_TRACKS,16,,,,,,,,,,Raw,V2_03_difficult:1413394907855760384:1413394908055760384,,formal_public_module_evidence,,,,,,,,V2_03_difficult,,,,520,1413394907855760384,,1413394908055760384,0,False,169
,,,,329,,,INSUFFICIENT_TRACKS,16,,,,,,,,,,Global-DoF,V2_03_difficult:1413394907855760384:1413394908055760384,,formal_public_module_evidence,,,,,,,,V2_03_difficult,,,,520,1413394907855760384,,1413394908055760384,0,False,169
,,,,329,,,INSUFFICIENT_TRACKS,16,,,,,,,,,,DPR-Exact-Block,V2_03_difficult:1413394907855760384:1413394908055760384,,formal_public_module_evidence,,,,,,,,V2_03_difficult,,,,520,1413394907855760384,,1413394908055760384,0,False,169
,,,,329,,,INSUFFICIENT_TRACKS,16,,,,,,,,,,DUC-K16,V2_03_difficult:1413394907855760384:1413394908055760384,,formal_public_module_evidence,,,,,,,,V2_03_difficult,,,,520,1413394907855760384,,1413394908055760384,0,False,169
,,,,329,,,INSUFFICIENT_TRACKS,16,,,,,,,,,,Permuted-K16,V2_03_difficult:1413394907855760384:1413394908055760384,,formal_public_module_evidence,,,,,,,,V2_03_difficult,,,,520,1413394907855760384,,1413394908055760384,0,False,169
,,,,329,,,INSUFFICIENT_TRACKS,48,,,,,,,,,,Raw,V2_03_difficult:1413394907855760384:1413394908055760384,,formal_public_module_evidence,,,,,,,,V2_03_difficult,,,,520,1413394907855760384,,1413394908055760384,0,False,169
,,,,329,,,INSUFFICIENT_TRACKS,48,,,,,,,,,,Global-DoF,V2_03_difficult:1413394907855760384:1413394908055760384,,formal_public_module_evidence,,,,,,,,V2_03_difficult,,,,520,1413394907855760384,,1413394908055760384,0,False,169
,,,,329,,,INSUFFICIENT_TRACKS,48,,,,,,,,,,DPR-Exact-Block,V2_03_difficult:1413394907855760384:1413394908055760384,,formal_public_module_evidence,,,,,,,,V2_03_difficult,,,,520,1413394907855760384,,1413394908055760384,0,False,169
,,,,329,,,INSUFFICIENT_TRACKS,48,,,,,,,,,,DUC-K16,V2_03_difficult:1413394907855760384:1413394908055760384,,formal_public_module_evidence,,,,,,,,V2_03_difficult,,,,520,1413394907855760384,,1413394908055760384,0,False,169
,,,,329,,,INSUFFICIENT_TRACKS,48,,,,,,,,,,Permuted-K16,V2_03_difficult:1413394907855760384:1413394908055760384,,formal_public_module_evidence,,,,,,,,V2_03_difficult,,,,520,1413394907855760384,,1413394908055760384,0,False,169
1.1487185840945093,0.006071,0.19999999999999996,0.75,241,1.441171269163588,5.999999999999999,,16,1.3630552742007604,1.200487929620114,1.386657418965666,5.357481773619582,True,2.1320572831573545,4.545668258664319,6,0.05411178496323177,Raw,V2_03_difficult:1413394908355760384:1413394908555760384,0.040002,formal_public_module_evidence,0.03230123486100506,0.057275080469988665,0.10516087895229041,0.20321598604081487,1.0,2,0,V2_03_difficult,4,OK,True,530,1413394908355760384,1.3370969323951099e-08,1413394908555760384,89,True,183
0.9410792193162649,0.002172,0.15833333333333333,0.7916666666666666,241,1.7737492543551854,5.999999999999999,,16,1.3630552742007604,1.200487929620114,1.386657418965666,4.973718286608936,True,2.1320572831573545,4.545668258664319,6,0.05411178496323177,Global-DoF,V2_03_difficult:1413394908355760384:1413394908555760384,0.040002,formal_public_module_evidence,0.03230123486100506,0.057275080469988665,0.10516087895229041,0.20321598604081487,1.0,2,0,V2_03_difficult,4,OK,True,530,1413394908355760384,1.3370969323951099e-08,1413394908555760384,89,True,183
0.8771796980411655,0.491174,0.11666666666666659,0.8333333333333334,241,1.8907906036030409,5.999999999999999,,16,1.3630552742007604,1.200487929620114,1.386657418965666,4.878981937316365,True,2.1320572831573545,4.545668258664319,6,0.05411178496323177,DPR-Exact-Block,V2_03_difficult:1413394908355760384:1413394908555760384,0.040002,formal_public_module_evidence,0.03230123486100506,0.057275080469988665,0.10516087895229041,0.20321598604081487,1.0,2,0,V2_03_difficult,4,OK,True,530,1413394908355760384,1.3370969323951099e-08,1413394908555760384,89,True,183
0.9328105808766448,0.182354,0.15833333333333333,0.7916666666666666,241,1.788476549050374,5.999999999999999,,16,1.3630552742007604,1.200487929620114,1.386657418965666,4.9608838744989265,True,2.1320572831573545,4.545668258664319,6,0.05411178496323177,DUC-K16,V2_03_difficult:1413394908355760384:1413394908555760384,0.040002,formal_public_module_evidence,0.03230123486100506,0.057275080469988665,0.10516087895229041,0.20321598604081487,1.0,2,0,V2_03_difficult,4,OK,True,530,1413394908355760384,1.3370969323951099e-08,1413394908555760384,89,True,183
0.9352252895795734,0.070178,0.15833333333333333,0.7916666666666666,241,1.7841631091087884,5.999999999999999,,16,1.3630552742007604,1.200487929620114,1.386657418965666,4.96461390829569,True,2.1320572831573545,4.545668258664319,6,0.05411178496323177,Permuted-K16,V2_03_difficult:1413394908355760384:1413394908555760384,0.040002,formal_public_module_evidence,0.03230123486100506,0.057275080469988665,0.10516087895229041,0.20321598604081487,1.0,2,0,V2_03_difficult,4,OK,True,530,1413394908355760384,1.3370969323951099e-08,1413394908555760384,89,True,183
0.1308993971025296,0.006069,0.033333333333333326,0.9166666666666666,241,3.192882157159102,6.0,,48,1.3359950869503532,1.7868637768893023,1.3904484203032268,4.138654175858659,True,1.9077255133826243,3.6394166344109977,6,0.0052267042800392405,Raw,V2_03_difficult:1413394908355760384:1413394908555760384,0.038691,formal_public_module_evidence,0.012933060023068654,0.047879201735236555,0.058181606038380074,0.4888793489472499,1.030129528505594,5,0,V2_03_difficult,4,OK,True,530,1413394908355760384,1.789910905448018e-10,1413394908555760384,89,True,183
0.06636087596495846,0.002028,0.033333333333333326,0.9166666666666666,241,3.4057409676363757,6.0,,48,1.3359950869503532,1.7868637768893023,1.3904484203032268,4.131951878057557,True,1.9077255133826243,3.6394166344109977,6,0.0052267042800392405,Global-DoF,V2_03_difficult:1413394908355760384:1413394908555760384,0.038691,formal_public_module_evidence,0.012933060023068654,0.047879201735236555,0.058181606038380074,0.4888793489472499,1.030129528505594,5,0,V2_03_difficult,4,OK,True,530,1413394908355760384,1.789910905448018e-10,1413394908555760384,89,True,183
0.07013186397364994,1.287096,0.033333333333333326,0.9166666666666666,241,3.3929221442919446,6.0,,48,1.3359950869503532,1.7868637768893023,1.3904484203032268,4.1322182217384125,True,1.9077255133826243,3.6394166344109977,6,0.0052267042800392405,DPR-Exact-Block,V2_03_difficult:1413394908355760384:1413394908555760384,0.038691,formal_public_module_evidence,0.012933060023068654,0.047879201735236555,0.058181606038380074,0.4888793489472499,1.030129528505594,5,0,V2_03_difficult,4,OK,True,530,1413394908355760384,1.789910905448018e-10,1413394908555760384,89,True,183
0.07537227525499406,0.319857,0.033333333333333326,0.9166666666666666,241,3.375188343598534,6.0,,48,1.3359950869503532,1.7868637768893023,1.3904484203032268,4.132613689869842,True,1.9077255133826243,3.6394166344109977,6,0.0052267042800392405,DUC-K16,V2_03_difficult:1413394908355760384:1413394908555760384,0.038691,formal_public_module_evidence,0.012933060023068654,0.047879201735236555,0.058181606038380074,0.4888793489472499,1.030129528505594,5,0,V2_03_difficult,4,OK,True,530,1413394908355760384,1.789910905448018e-10,1413394908555760384,89,True,183
0.08511755876562827,0.105518,0.033333333333333326,0.9166666666666666,241,3.342455928670986,6.0,,48,1.3359950869503532,1.7868637768893023,1.3904484203032268,4.1334279736330535,True,1.9077255133826243,3.6394166344109977,6,0.0052267042800392405,Permuted-K16,V2_03_difficult:1413394908355760384:1413394908555760384,0.038691,formal_public_module_evidence,0.012933060023068654,0.047879201735236555,0.058181606038380074,0.4888793489472499,1.030129528505594,5,0,V2_03_difficult,4,OK,True,530,1413394908355760384,1.789910905448018e-10,1413394908555760384,89,True,183
,,,,153,,,INSUFFICIENT_TRACKS,16,,,,,,,,,,Raw,V2_03_difficult:1413394908855760384:1413394909055760384,,formal_public_module_evidence,,,,,,,,V2_03_difficult,,,,540,1413394908855760384,,1413394909055760384,3,False,93
,,,,153,,,INSUFFICIENT_TRACKS,16,,,,,,,,,,Global-DoF,V2_03_difficult:1413394908855760384:1413394909055760384,,formal_public_module_evidence,,,,,,,,V2_03_difficult,,,,540,1413394908855760384,,1413394909055760384,3,False,93
,,,,153,,,INSUFFICIENT_TRACKS,16,,,,,,,,,,DPR-Exact-Block,V2_03_difficult:1413394908855760384:1413394909055760384,,formal_public_module_evidence,,,,,,,,V2_03_difficult,,,,540,1413394908855760384,,1413394909055760384,3,False,93
,,,,153,,,INSUFFICIENT_TRACKS,16,,,,,,,,,,DUC-K16,V2_03_difficult:1413394908855760384:1413394909055760384,,formal_public_module_evidence,,,,,,,,V2_03_difficult,,,,540,1413394908855760384,,1413394909055760384,3,False,93
,,,,153,,,INSUFFICIENT_TRACKS,16,,,,,,,,,,Permuted-K16,V2_03_difficult:1413394908855760384:1413394909055760384,,formal_public_module_evidence,,,,,,,,V2_03_difficult,,,,540,1413394908855760384,,1413394909055760384,3,False,93
,,,,153,,,INSUFFICIENT_TRACKS,48,,,,,,,,,,Raw,V2_03_difficult:1413394908855760384:1413394909055760384,,formal_public_module_evidence,,,,,,,,V2_03_difficult,,,,540,1413394908855760384,,1413394909055760384,3,False,93
,,,,153,,,INSUFFICIENT_TRACKS,48,,,,,,,,,,Global-DoF,V2_03_difficult:1413394908855760384:1413394909055760384,,formal_public_module_evidence,,,,,,,,V2_03_difficult,,,,540,1413394908855760384,,1413394909055760384,3,False,93
,,,,153,,,INSUFFICIENT_TRACKS,48,,,,,,,,,,DPR-Exact-Block,V2_03_difficult:1413394908855760384:1413394909055760384,,formal_public_module_evidence,,,,,,,,V2_03_difficult,,,,540,1413394908855760384,,1413394909055760384,3,False,93
,,,,153,,,INSUFFICIENT_TRACKS,48,,,,,,,,,,DUC-K16,V2_03_difficult:1413394908855760384:1413394909055760384,,formal_public_module_evidence,,,,,,,,V2_03_difficult,,,,540,1413394908855760384,,1413394909055760384,3,False,93
,,,,153,,,INSUFFICIENT_TRACKS,48,,,,,,,,,,Permuted-K16,V2_03_difficult:1413394908855760384:1413394909055760384,,formal_public_module_evidence,,,,,,,,V2_03_difficult,,,,540,1413394908855760384,,1413394909055760384,3,False,93
3.871400469778692,0.006771,0.11666666666666659,0.8333333333333334,295,0.961029688292346,6.0,,16,1.429491186158229,0.9803212168939046,1.5797928514736923,49.80770206971864,True,6.792542004192927,46.13862687872526,6,0.05715864104903878,Raw,V2_03_difficult:1413394909355760384:1413394909555760384,0.038336,formal_public_module_evidence,0.02696641279414219,0.05349819518812163,0.09574373797215777,0.28362552304462907,0.7938308078240783,0,0,V2_03_difficult,4,OK,True,550,1413394909355760384,6.088662884891661e-10,1413394909555760384,127,True,229
3.6637611050004475,0.002124,0.11666666666666659,0.8333333333333334,295,1.1828057702059642,6.0,,16,1.429491186158229,0.9803212168939046,1.5797928514736923,41.01354612562047,True,6.792542004192927,46.13862687872526,6,0.05715864104903878,Global-DoF,V2_03_difficult:1413394909355760384:1413394909555760384,0.038336,formal_public_module_evidence,0.02696641279414219,0.05349819518812163,0.09574373797215777,0.28362552304462907,0.7938308078240783,0,0,V2_03_difficult,4,OK,True,550,1413394909355760384,6.088662884891661e-10,1413394909555760384,127,True,229
3.5737485934916506,0.486856,0.033333333333333326,0.9166666666666666,295,1.2942118488191354,6.0,,16,1.429491186158229,0.9803212168939046,1.5797928514736923,37.7457592377445,True,6.792542004192927,46.13862687872526,6,0.05715864104903878,DPR-Exact-Block,V2_03_difficult:1413394909355760384:1413394909555760384,0.038336,formal_public_module_evidence,0.02696641279414219,0.05349819518812163,0.09574373797215777,0.28362552304462907,0.7938308078240783,0,0,V2_03_difficult,4,OK,True,550,1413394909355760384,6.088662884891661e-10,1413394909555760384,127,True,229
3.6326058341612644,0.185729,0.07499999999999996,0.875,295,1.2202364583110696,6.0,,16,1.429491186158229,0.9803212168939046,1.5797928514736923,39.848139841014394,True,6.792542004192927,46.13862687872526,6,0.05715864104903878,DUC-K16,V2_03_difficult:1413394909355760384:1413394909555760384,0.038336,formal_public_module_evidence,0.02696641279414219,0.05349819518812163,0.09574373797215777,0.28362552304462907,0.7938308078240783,0,0,V2_03_difficult,4,OK,True,550,1413394909355760384,6.088662884891661e-10,1413394909555760384,127,True,229
3.6701534996897323,0.071091,0.11666666666666659,0.8333333333333334,295,1.1752689237951757,6.0,,16,1.429491186158229,0.9803212168939046,1.5797928514736923,41.25730553726234,True,6.792542004192927,46.13862687872526,6,0.05715864104903878,Permuted-K16,V2_03_difficult:1413394909355760384:1413394909555760384,0.038336,formal_public_module_evidence,0.02696641279414219,0.05349819518812163,0.09574373797215777,0.28362552304462907,0.7938308078240783,0,0,V2_03_difficult,4,OK,True,550,1413394909355760384,6.088662884891661e-10,1413394909555760384,127,True,229
3.9110683530877415,0.005985,0.15833333333333333,0.7916666666666666,295,0.9245111010237448,6.000000000000001,,48,1.424080353913689,0.9615150030154208,1.5794019678937063,51.71167700553815,True,6.795693251924774,46.18144677425591,6,0.0044795817220644185,Raw,V2_03_difficult:1413394909355760384:1413394909555760384,0.038932,formal_public_module_evidence,0.015185029361135305,0.05143410869540364,0.06739123186804352,0.7066140389459068,1.249121323009127,5,0,V2_03_difficult,4,OK,True,550,1413394909355760384,1.1026973305090162e-09,1413394909555760384,127,True,229
3.8465298319501704,0.002091,0.15833333333333333,0.7916666666666666,295,0.9861451744253278,6.000000000000001,,48,1.424080353913689,0.9615150030154208,1.5794019678937063,48.654197391690815,True,6.795693251924774,46.18144677425591,6,0.0044795817220644185,Global-DoF,V2_03_difficult:1413394909355760384:1413394909555760384,0.038932,formal_public_module_evidence,0.015185029361135305,0.05143410869540364,0.06739123186804352,0.7066140389459068,1.249121323009127,5,0,V2_03_difficult,4,OK,True,550,1413394909355760384,1.1026973305090162e-09,1413394909555760384,127,True,229
3.7942866982424728,1.277007,0.15833333333333333,0.7916666666666666,295,1.0390339988165682,6.000000000000001,,48,1.424080353913689,0.9615150030154208,1.5794019678937063,46.322689814513915,True,6.795693251924774,46.18144677425591,6,0.0044795817220644185,DPR-Exact-Block,V2_03_difficult:1413394909355760384:1413394909555760384,0.038932,formal_public_module_evidence,0.015185029361135305,0.05143410869540364,0.06739123186804352,0.7066140389459068,1.249121323009127,5,0,V2_03_difficult,4,OK,True,550,1413394909355760384,1.1026973305090162e-09,1413394909555760384,127,True,229
3.7987763433551724,0.311916,0.15833333333333333,0.7916666666666666,295,1.034379561106866,6.000000000000001,,48,1.424080353913689,0.9615150030154208,1.5794019678937063,46.518197900067,True,6.795693251924774,46.18144677425591,6,0.0044795817220644185,DUC-K16,V2_03_difficult:1413394909355760384:1413394909555760384,0.038932,formal_public_module_evidence,0.015185029361135305,0.05143410869540364,0.06739123186804352,0.7066140389459068,1.249121323009127,5,0,V2_03_difficult,4,OK,True,550,1413394909355760384,1.1026973305090162e-09,1413394909555760384,127,True,229
3.8393915406608645,0.114514,0.15833333333333333,0.7916666666666666,295,0.9932097504365714,6.000000000000001,,48,1.424080353913689,0.9615150030154208,1.5794019678937063,48.32823784921359,True,6.795693251924774,46.18144677425591,6,0.0044795817220644185,Permuted-K16,V2_03_difficult:1413394909355760384:1413394909555760384,0.038932,formal_public_module_evidence,0.015185029361135305,0.05143410869540364,0.06739123186804352,0.7066140389459068,1.249121323009127,5,0,V2_03_difficult,4,OK,True,550,1413394909355760384,1.1026973305090162e-09,1413394909555760384,127,True,229
,,,,83,,,INSUFFICIENT_TRACKS,16,,,,,,,,,,Raw,V2_03_difficult:1413394909855760384:1413394910055760384,,formal_public_module_evidence,,,,,,,,V2_03_difficult,,,,560,1413394909855760384,,1413394910055760384,69,False,71
,,,,83,,,INSUFFICIENT_TRACKS,16,,,,,,,,,,Global-DoF,V2_03_difficult:1413394909855760384:1413394910055760384,,formal_public_module_evidence,,,,,,,,V2_03_difficult,,,,560,1413394909855760384,,1413394910055760384,69,False,71
,,,,83,,,INSUFFICIENT_TRACKS,16,,,,,,,,,,DPR-Exact-Block,V2_03_difficult:1413394909855760384:1413394910055760384,,formal_public_module_evidence,,,,,,,,V2_03_difficult,,,,560,1413394909855760384,,1413394910055760384,69,False,71
,,,,83,,,INSUFFICIENT_TRACKS,16,,,,,,,,,,DUC-K16,V2_03_difficult:1413394909855760384:1413394910055760384,,formal_public_module_evidence,,,,,,,,V2_03_difficult,,,,560,1413394909855760384,,1413394910055760384,69,False,71
,,,,83,,,INSUFFICIENT_TRACKS,16,,,,,,,,,,Permuted-K16,V2_03_difficult:1413394909855760384:1413394910055760384,,formal_public_module_evidence,,,,,,,,V2_03_difficult,,,,560,1413394909855760384,,1413394910055760384,69,False,71
,,,,83,,,INSUFFICIENT_TRACKS,48,,,,,,,,,,Raw,V2_03_difficult:1413394909855760384:1413394910055760384,,formal_public_module_evidence,,,,,,,,V2_03_difficult,,,,560,1413394909855760384,,1413394910055760384,69,False,71
,,,,83,,,INSUFFICIENT_TRACKS,48,,,,,,,,,,Global-DoF,V2_03_difficult:1413394909855760384:1413394910055760384,,formal_public_module_evidence,,,,,,,,V2_03_difficult,,,,560,1413394909855760384,,1413394910055760384,69,False,71
,,,,83,,,INSUFFICIENT_TRACKS,48,,,,,,,,,,DPR-Exact-Block,V2_03_difficult:1413394909855760384:1413394910055760384,,formal_public_module_evidence,,,,,,,,V2_03_difficult,,,,560,1413394909855760384,,1413394910055760384,69,False,71
,,,,83,,,INSUFFICIENT_TRACKS,48,,,,,,,,,,DUC-K16,V2_03_difficult:1413394909855760384:1413394910055760384,,formal_public_module_evidence,,,,,,,,V2_03_difficult,,,,560,1413394909855760384,,1413394910055760384,69,False,71
,,,,83,,,INSUFFICIENT_TRACKS,48,,,,,,,,,,Permuted-K16,V2_03_difficult:1413394909855760384:1413394910055760384,,formal_public_module_evidence,,,,,,,,V2_03_difficult,,,,560,1413394909855760384,,1413394910055760384,69,False,71
0.9297439028536341,0.00621,0.24166666666666659,0.7083333333333334,287,2.1943623074406107,5.999999999999999,,16,1.1956241297838894,1.481338012555072,1.4800703596607379,5.157628730355795,True,2.358009175482721,5.560207271660701,6,0.14350059131522153,Raw,V2_03_difficult:1413394910355760384:1413394910555760384,0.039365,formal_public_module_evidence,0.014711261362971073,0.06329961499176129,0.06023493082424013,0.14983516330475644,0.4478772397623414,0,0,V2_03_difficult,4,OK,True,570,1413394910355760384,1.8792886950929597e-08,1413394910555760384,132,True,177
0.7221045380753893,0.00209,0.19999999999999996,0.75,287,2.700753609157675,5.999999999999999,,16,1.1956241297838894,1.481338012555072,1.4800703596607379,4.890169311354644,True,2.358009175482721,5.560207271660701,6,0.14350059131522153,Global-DoF,V2_03_difficult:1413394910355760384:1413394910555760384,0.039365,formal_public_module_evidence,0.014711261362971073,0.06329961499176129,0.06023493082424013,0.14983516330475644,0.4478772397623414,0,0,V2_03_difficult,4,OK,True,570,1413394910355760384,1.8792886950929597e-08,1413394910555760384,132,True,177
0.3063135874197521,0.447268,0.033333333333333326,0.9166666666666666,287,4.093178465703177,5.999999999999999,,16,1.1956241297838894,1.481338012555072,1.4800703596607379,4.605607085125355,True,2.358009175482721,5.560207271660701,6,0.14350059131522153,DPR-Exact-Block,V2_03_difficult:1413394910355760384:1413394910555760384,0.039365,formal_public_module_evidence,0.014711261362971073,0.06329961499176129,0.06023493082424013,0.14983516330475644,0.4478772397623414,0,0,V2_03_difficult,4,OK,True,570,1413394910355760384,1.8792886950929597e-08,1413394910555760384,132,True,177
0.4612152390235006,0.184588,0.11666666666666659,0.8333333333333334,287,3.50580493551604,5.999999999999999,,16,1.1956241297838894,1.481338012555072,1.4800703596607379,4.6782973977051645,True,2.358009175482721,5.560207271660701,6,0.14350059131522153,DUC-K16,V2_03_difficult:1413394910355760384:1413394910555760384,0.039365,formal_public_module_evidence,0.014711261362971073,0.06329961499176129,0.06023493082424013,0.14983516330475644,0.4478772397623414,0,0,V2_03_difficult,4,OK,True,570,1413394910355760384,1.8792886950929597e-08,1413394910555760384,132,True,177
0.6127540599014865,0.07109,0.15833333333333333,0.7916666666666666,287,3.0128344901927435,5.999999999999999,,16,1.1956241297838894,1.481338012555072,1.4800703596607379,4.786265436355851,True,2.358009175482721,5.560207271660701,6,0.14350059131522153,Permuted-K16,V2_03_difficult:1413394910355760384:1413394910555760384,0.039365,formal_public_module_evidence,0.014711261362971073,0.06329961499176129,0.06023493082424013,0.14983516330475644,0.4478772397623414,0,0,V2_03_difficult,4,OK,True,570,1413394910355760384,1.8792886950929597e-08,1413394910555760384,132,True,177
0.31357704126468844,0.006203,0.008333333333333415,0.9583333333333334,287,2.7834935755754677,6.000000000000002,,48,1.182790319697436,1.6683805248130499,1.4657641041263199,3.592411959925513,True,1.4262732016731545,2.034255245810991,6,0.013470537397688442,Raw,V2_03_difficult:1413394910355760384:1413394910555760384,0.038274,formal_public_module_evidence,0.015409739332680639,0.05786771819752011,0.07132917689630548,0.4847436438348932,1.0934229437020846,5,0,V2_03_difficult,5,OK,True,570,1413394910355760384,8.122319006133356e-10,1413394910555760384,132,True,177
0.37811556240225935,0.001946,0.008333333333333415,0.9583333333333334,287,2.969059813947165,6.000000000000002,,48,1.182790319697436,1.6683805248130499,1.4657641041263199,3.6112737265058548,True,1.4262732016731545,2.034255245810991,6,0.013470537397688442,Global-DoF,V2_03_difficult:1413394910355760384:1413394910555760384,0.038274,formal_public_module_evidence,0.015409739332680639,0.05786771819752011,0.07132917689630548,0.4847436438348932,1.0934229437020846,5,0,V2_03_difficult,5,OK,True,570,1413394910355760384,8.122319006133356e-10,1413394910555760384,132,True,177
0.4634775013943589,1.278597,0.008333333333333415,0.9583333333333334,287,3.2336362587636085,6.000000000000002,,48,1.182790319697436,1.6683805248130499,1.4657641041263199,3.640576515529773,True,1.4262732016731545,2.034255245810991,6,0.013470537397688442,DPR-Exact-Block,V2_03_difficult:1413394910355760384:1413394910555760384,0.038274,formal_public_module_evidence,0.015409739332680639,0.05786771819752011,0.07132917689630548,0.4847436438348932,1.0934229437020846,5,0,V2_03_difficult,5,OK,True,570,1413394910355760384,8.122319006133356e-10,1413394910555760384,132,True,177
0.4499154132194011,0.319787,0.008333333333333415,0.9583333333333334,287,3.190077440609412,6.000000000000002,,48,1.182790319697436,1.6683805248130499,1.4657641041263199,3.6356043477800397,True,1.4262732016731545,2.034255245810991,6,0.013470537397688442,DUC-K16,V2_03_difficult:1413394910355760384:1413394910555760384,0.038274,formal_public_module_evidence,0.015409739332680639,0.05786771819752011,0.07132917689630548,0.4847436438348932,1.0934229437020846,5,0,V2_03_difficult,5,OK,True,570,1413394910355760384,8.122319006133356e-10,1413394910555760384,132,True,177
0.4056485460659643,0.106747,0.008333333333333415,0.9583333333333334,287,3.051942659500259,6.000000000000002,,48,1.182790319697436,1.6683805248130499,1.4657641041263199,3.6201997777217194,True,1.4262732016731545,2.034255245810991,6,0.013470537397688442,Permuted-K16,V2_03_difficult:1413394910355760384:1413394910555760384,0.038274,formal_public_module_evidence,0.015409739332680639,0.05786771819752011,0.07132917689630548,0.4847436438348932,1.0934229437020846,5,0,V2_03_difficult,5,OK,True,570,1413394910355760384,8.122319006133356e-10,1413394910555760384,132,True,177
,,,,102,,,INSUFFICIENT_TRACKS,16,,,,,,,,,,Raw,V2_03_difficult:1413394910855760384:1413394911055760384,,formal_public_module_evidence,,,,,,,,V2_03_difficult,,,,580,1413394910855760384,,1413394911055760384,30,False,66
,,,,102,,,INSUFFICIENT_TRACKS,16,,,,,,,,,,Global-DoF,V2_03_difficult:1413394910855760384:1413394911055760384,,formal_public_module_evidence,,,,,,,,V2_03_difficult,,,,580,1413394910855760384,,1413394911055760384,30,False,66
,,,,102,,,INSUFFICIENT_TRACKS,16,,,,,,,,,,DPR-Exact-Block,V2_03_difficult:1413394910855760384:1413394911055760384,,formal_public_module_evidence,,,,,,,,V2_03_difficult,,,,580,1413394910855760384,,1413394911055760384,30,False,66
,,,,102,,,INSUFFICIENT_TRACKS,16,,,,,,,,,,DUC-K16,V2_03_difficult:1413394910855760384:1413394911055760384,,formal_public_module_evidence,,,,,,,,V2_03_difficult,,,,580,1413394910855760384,,1413394911055760384,30,False,66
,,,,102,,,INSUFFICIENT_TRACKS,16,,,,,,,,,,Permuted-K16,V2_03_difficult:1413394910855760384:1413394911055760384,,formal_public_module_evidence,,,,,,,,V2_03_difficult,,,,580,1413394910855760384,,1413394911055760384,30,False,66
,,,,102,,,INSUFFICIENT_TRACKS,48,,,,,,,,,,Raw,V2_03_difficult:1413394910855760384:1413394911055760384,,formal_public_module_evidence,,,,,,,,V2_03_difficult,,,,580,1413394910855760384,,1413394911055760384,30,False,66
,,,,102,,,INSUFFICIENT_TRACKS,48,,,,,,,,,,Global-DoF,V2_03_difficult:1413394910855760384:1413394911055760384,,formal_public_module_evidence,,,,,,,,V2_03_difficult,,,,580,1413394910855760384,,1413394911055760384,30,False,66
,,,,102,,,INSUFFICIENT_TRACKS,48,,,,,,,,,,DPR-Exact-Block,V2_03_difficult:1413394910855760384:1413394911055760384,,formal_public_module_evidence,,,,,,,,V2_03_difficult,,,,580,1413394910855760384,,1413394911055760384,30,False,66
,,,,102,,,INSUFFICIENT_TRACKS,48,,,,,,,,,,DUC-K16,V2_03_difficult:1413394910855760384:1413394911055760384,,formal_public_module_evidence,,,,,,,,V2_03_difficult,,,,580,1413394910855760384,,1413394911055760384,30,False,66
,,,,102,,,INSUFFICIENT_TRACKS,48,,,,,,,,,,Permuted-K16,V2_03_difficult:1413394910855760384:1413394911055760384,,formal_public_module_evidence,,,,,,,,V2_03_difficult,,,,580,1413394910855760384,,1413394911055760384,30,False,66
,,,,197,,,INSUFFICIENT_TRACKS,16,,,,,,,,,,Raw,V2_03_difficult:1413394911355760384:1413394911555760384,,formal_public_module_evidence,,,,,,,,V2_03_difficult,,,,590,1413394911355760384,,1413394911555760384,44,False,118
,,,,197,,,INSUFFICIENT_TRACKS,16,,,,,,,,,,Global-DoF,V2_03_difficult:1413394911355760384:1413394911555760384,,formal_public_module_evidence,,,,,,,,V2_03_difficult,,,,590,1413394911355760384,,1413394911555760384,44,False,118
,,,,197,,,INSUFFICIENT_TRACKS,16,,,,,,,,,,DPR-Exact-Block,V2_03_difficult:1413394911355760384:1413394911555760384,,formal_public_module_evidence,,,,,,,,V2_03_difficult,,,,590,1413394911355760384,,1413394911555760384,44,False,118
,,,,197,,,INSUFFICIENT_TRACKS,16,,,,,,,,,,DUC-K16,V2_03_difficult:1413394911355760384:1413394911555760384,,formal_public_module_evidence,,,,,,,,V2_03_difficult,,,,590,1413394911355760384,,1413394911555760384,44,False,118
,,,,197,,,INSUFFICIENT_TRACKS,16,,,,,,,,,,Permuted-K16,V2_03_difficult:1413394911355760384:1413394911555760384,,formal_public_module_evidence,,,,,,,,V2_03_difficult,,,,590,1413394911355760384,,1413394911555760384,44,False,118
,,,,197,,,INSUFFICIENT_TRACKS,48,,,,,,,,,,Raw,V2_03_difficult:1413394911355760384:1413394911555760384,,formal_public_module_evidence,,,,,,,,V2_03_difficult,,,,590,1413394911355760384,,1413394911555760384,44,False,118
,,,,197,,,INSUFFICIENT_TRACKS,48,,,,,,,,,,Global-DoF,V2_03_difficult:1413394911355760384:1413394911555760384,,formal_public_module_evidence,,,,,,,,V2_03_difficult,,,,590,1413394911355760384,,1413394911555760384,44,False,118
,,,,197,,,INSUFFICIENT_TRACKS,48,,,,,,,,,,DPR-Exact-Block,V2_03_difficult:1413394911355760384:1413394911555760384,,formal_public_module_evidence,,,,,,,,V2_03_difficult,,,,590,1413394911355760384,,1413394911555760384,44,False,118
,,,,197,,,INSUFFICIENT_TRACKS,48,,,,,,,,,,DUC-K16,V2_03_difficult:1413394911355760384:1413394911555760384,,formal_public_module_evidence,,,,,,,,V2_03_difficult,,,,590,1413394911355760384,,1413394911555760384,44,False,118
,,,,197,,,INSUFFICIENT_TRACKS,48,,,,,,,,,,Permuted-K16,V2_03_difficult:1413394911355760384:1413394911555760384,,formal_public_module_evidence,,,,,,,,V2_03_difficult,,,,590,1413394911355760384,,1413394911555760384,44,False,118
,,,,128,,,INSUFFICIENT_TRACKS,16,,,,,,,,,,Raw,V2_03_difficult:1413394911855760384:1413394912055760384,,formal_public_module_evidence,,,,,,,,V2_03_difficult,,,,600,1413394911855760384,,1413394912055760384,58,False,76
,,,,128,,,INSUFFICIENT_TRACKS,16,,,,,,,,,,Global-DoF,V2_03_difficult:1413394911855760384:1413394912055760384,,formal_public_module_evidence,,,,,,,,V2_03_difficult,,,,600,1413394911855760384,,1413394912055760384,58,False,76
,,,,128,,,INSUFFICIENT_TRACKS,16,,,,,,,,,,DPR-Exact-Block,V2_03_difficult:1413394911855760384:1413394912055760384,,formal_public_module_evidence,,,,,,,,V2_03_difficult,,,,600,1413394911855760384,,1413394912055760384,58,False,76
,,,,128,,,INSUFFICIENT_TRACKS,16,,,,,,,,,,DUC-K16,V2_03_difficult:1413394911855760384:1413394912055760384,,formal_public_module_evidence,,,,,,,,V2_03_difficult,,,,600,1413394911855760384,,1413394912055760384,58,False,76
,,,,128,,,INSUFFICIENT_TRACKS,16,,,,,,,,,,Permuted-K16,V2_03_difficult:1413394911855760384:1413394912055760384,,formal_public_module_evidence,,,,,,,,V2_03_difficult,,,,600,1413394911855760384,,1413394912055760384,58,False,76
,,,,128,,,INSUFFICIENT_TRACKS,48,,,,,,,,,,Raw,V2_03_difficult:1413394911855760384:1413394912055760384,,formal_public_module_evidence,,,,,,,,V2_03_difficult,,,,600,1413394911855760384,,1413394912055760384,58,False,76
,,,,128,,,INSUFFICIENT_TRACKS,48,,,,,,,,,,Global-DoF,V2_03_difficult:1413394911855760384:1413394912055760384,,formal_public_module_evidence,,,,,,,,V2_03_difficult,,,,600,1413394911855760384,,1413394912055760384,58,False,76
,,,,128,,,INSUFFICIENT_TRACKS,48,,,,,,,,,,DPR-Exact-Block,V2_03_difficult:1413394911855760384:1413394912055760384,,formal_public_module_evidence,,,,,,,,V2_03_difficult,,,,600,1413394911855760384,,1413394912055760384,58,False,76
,,,,128,,,INSUFFICIENT_TRACKS,48,,,,,,,,,,DUC-K16,V2_03_difficult:1413394911855760384:1413394912055760384,,formal_public_module_evidence,,,,,,,,V2_03_difficult,,,,600,1413394911855760384,,1413394912055760384,58,False,76
,,,,128,,,INSUFFICIENT_TRACKS,48,,,,,,,,,,Permuted-K16,V2_03_difficult:1413394911855760384:1413394912055760384,,formal_public_module_evidence,,,,,,,,V2_03_difficult,,,,600,1413394911855760384,,1413394912055760384,58,False,76
1.0980142801793031,0.006539,0.15833333333333333,0.7916666666666666,209,0.3997889793287902,6.0,,16,1.6329752851804584,0.6322886835368716,1.6896830242284155,3.919265154500716,True,1.0948287175575977,1.1986499207888142,6,0.008775991580233566,Raw,V2_03_difficult:1413394912355760384:1413394912555760384,0.038904,formal_public_module_evidence,0.02828211809162412,0.05973454379022142,0.0930548044198625,0.20476211096229108,0.5872548249621095,0,0,V2_03_difficult,4,OK,True,610,1413394912355760384,7.199045089110192e-10,1413394912555760384,87,True,159
0.8903749154010585,0.002105,0.11666666666666659,0.8333333333333334,209,0.49204797455851107,6.0,,16,1.6329752851804584,0.6322886835368716,1.6896830242284155,3.5647407984949795,True,1.0948287175575977,1.1986499207888142,6,0.008775991580233566,Global-DoF,V2_03_difficult:1413394912355760384:1413394912555760384,0.038904,formal_public_module_evidence,0.02828211809162412,0.05973454379022142,0.0930548044198625,0.20476211096229108,0.5872548249621095,0,0,V2_03_difficult,4,OK,True,610,1413394912355760384,7.199045089110192e-10,1413394912555760384,87,True,159
0.8138366488593081,0.483587,0.11666666666666659,0.8333333333333334,209,0.53118719259485,6.0,,16,1.6329752851804584,0.6322886835368716,1.6896830242284155,3.4617852609026287,True,1.0948287175575977,1.1986499207888142,6,0.008775991580233566,DPR-Exact-Block,V2_03_difficult:1413394912355760384:1413394912555760384,0.038904,formal_public_module_evidence,0.02828211809162412,0.05973454379022142,0.0930548044198625,0.20476211096229108,0.5872548249621095,0,0,V2_03_difficult,4,OK,True,610,1413394912355760384,7.199045089110192e-10,1413394912555760384,87,True,159
0.8226513762502712,0.180181,0.11666666666666659,0.8333333333333334,209,0.5265254982651097,6.0,,16,1.6329752851804584,0.6322886835368716,1.6896830242284155,3.472949322092943,True,1.0948287175575977,1.1986499207888142,6,0.008775991580233566,DUC-K16,V2_03_difficult:1413394912355760384:1413394912555760384,0.038904,formal_public_module_evidence,0.02828211809162412,0.05973454379022142,0.0930548044198625,0.20476211096229108,0.5872548249621095,0,0,V2_03_difficult,4,OK,True,610,1413394912355760384,7.199045089110192e-10,1413394912555760384,87,True,159
0.8266756825536936,0.069603,0.11666666666666659,0.8333333333333334,209,0.5244108562210746,6.0,,16,1.6329752851804584,0.6322886835368716,1.6896830242284155,3.4781049198462077,True,1.0948287175575977,1.1986499207888142,6,0.008775991580233566,Permuted-K16,V2_03_difficult:1413394912355760384:1413394912555760384,0.038904,formal_public_module_evidence,0.02828211809162412,0.05973454379022142,0.0930548044198625,0.20476211096229108,0.5872548249621095,0,0,V2_03_difficult,4,OK,True,610,1413394912355760384,7.199045089110192e-10,1413394912555760384,87,True,159
0.21463377183701615,0.006258,0.07499999999999996,0.875,209,0.6909887266704571,6.0,,48,1.6228513515829057,0.8312573167620584,1.6795472455727305,2.7076532043053345,True,0.9254279507379526,0.8564168920070464,6,0.06484544264602299,Raw,V2_03_difficult:1413394912355760384:1413394912555760384,0.038685,formal_public_module_evidence,0.01873041138965209,0.054151807170256416,0.08031319951293196,0.6675661780440242,1.7099911686248706,4,0,V2_03_difficult,4,OK,True,610,1413394912355760384,6.058060188000417e-10,1413394912555760384,87,True,159
0.1500952506994449,0.002065,0.07499999999999996,0.875,209,0.7370546417818209,6.0,,48,1.6228513515829057,0.8312573167620584,1.6795472455727305,2.6947287312080257,True,0.9254279507379526,0.8564168920070464,6,0.06484544264602299,Global-DoF,V2_03_difficult:1413394912355760384:1413394912555760384,0.038685,formal_public_module_evidence,0.01873041138965209,0.054151807170256416,0.08031319951293196,0.6675661780440242,1.7099911686248706,4,0,V2_03_difficult,4,OK,True,610,1413394912355760384,6.058060188000417e-10,1413394912555760384,87,True,159
0.14061671061386966,1.288554,0.07499999999999996,0.875,209,0.7440740581051645,6.0,,48,1.6228513515829057,0.8312573167620584,1.6795472455727305,2.6932457614761773,True,0.9254279507379526,0.8564168920070464,6,0.06484544264602299,DPR-Exact-Block,V2_03_difficult:1413394912355760384:1413394912555760384,0.038685,formal_public_module_evidence,0.01873041138965209,0.054151807170256416,0.08031319951293196,0.6675661780440242,1.7099911686248706,4,0,V2_03_difficult,4,OK,True,610,1413394912355760384,6.058060188000417e-10,1413394912555760384,87,True,159
0.07778704626006264,0.314577,0.033333333333333326,0.9166666666666666,209,0.7923238697644165,6.0,,48,1.6228513515829057,0.8312573167620584,1.6795472455727305,2.685984476193138,True,0.9254279507379526,0.8564168920070464,6,0.06484544264602299,DUC-K16,V2_03_difficult:1413394912355760384:1413394912555760384,0.038685,formal_public_module_evidence,0.01873041138965209,0.054151807170256416,0.08031319951293196,0.6675661780440242,1.7099911686248706,4,0,V2_03_difficult,4,OK,True,610,1413394912355760384,6.058060188000417e-10,1413394912555760384,87,True,159
0.13220262575206945,0.104471,0.07499999999999996,0.875,209,0.7503611734422436,6.0,,48,1.6228513515829057,0.8312573167620584,1.6795472455727305,2.6920160032577627,True,0.9254279507379526,0.8564168920070464,6,0.06484544264602299,Permuted-K16,V2_03_difficult:1413394912355760384:1413394912555760384,0.038685,formal_public_module_evidence,0.01873041138965209,0.054151807170256416,0.08031319951293196,0.6675661780440242,1.7099911686248706,4,0,V2_03_difficult,4,OK,True,610,1413394912355760384,6.058060188000417e-10,1413394912555760384,87,True,159
3.3989033027810094,0.006621,0.15833333333333333,0.7916666666666666,196,2.213525950026577,6.0,,16,1.4413809360515817,1.4877923074228396,1.3985834700954736,32.56372027826004,True,8.139632240666831,66.25361301330292,6,0.0992130563354352,Raw,V2_03_difficult:1413394912855760384:1413394913055760384,0.037879,formal_public_module_evidence,0.022515258332235333,0.07369121014421737,0.10527834787320106,0.27675914665414786,0.8534669738345915,0,0,V2_03_difficult,5,OK,True,620,1413394912855760384,5.159417012675639e-10,1413394913055760384,131,True,151
3.1912639380027654,0.001969,0.11666666666666659,0.8333333333333334,196,2.724339630801941,6.0,,16,1.4413809360515817,1.4877923074228396,1.3985834700954736,27.159249046437807,True,8.139632240666831,66.25361301330292,6,0.0992130563354352,Global-DoF,V2_03_difficult:1413394912855760384:1413394913055760384,0.037879,formal_public_module_evidence,0.022515258332235333,0.07369121014421737,0.10527834787320106,0.27675914665414786,0.8534669738345915,0,0,V2_03_difficult,5,OK,True,620,1413394912855760384,5.159417012675639e-10,1413394913055760384,131,True,151
3.0748396967424387,0.491267,0.07499999999999996,0.875,196,3.060720368149836,6.0,,16,1.4413809360515817,1.4877923074228396,1.3985834700954736,24.60293901216698,True,8.139632240666831,66.25361301330292,6,0.0992130563354352,DPR-Exact-Block,V2_03_difficult:1413394912855760384:1413394913055760384,0.037879,formal_public_module_evidence,0.022515258332235333,0.07369121014421737,0.10527834787320106,0.27675914665414786,0.8534669738345915,0,0,V2_03_difficult,5,OK,True,620,1413394912855760384,5.159417012675639e-10,1413394913055760384,131,True,151
2.9802451762926134,0.178233,0.07499999999999996,0.875,196,3.3643837904620995,6.0,,16,1.4413809360515817,1.4877923074228396,1.3985834700954736,22.743766111982513,True,8.139632240666831,66.25361301330292,6,0.0992130563354352,DUC-K16,V2_03_difficult:1413394912855760384:1413394913055760384,0.037879,formal_public_module_evidence,0.022515258332235333,0.07369121014421737,0.10527834787320106,0.27675914665414786,0.8534669738345915,0,0,V2_03_difficult,5,OK,True,620,1413394912855760384,5.159417012675639e-10,1413394913055760384,131,True,151
3.233597249283214,0.069402,0.15833333333333333,0.7916666666666666,196,2.6114163843775087,6.0,,16,1.4413809360515817,1.4877923074228396,1.3985834700954736,28.1685277736767,True,8.139632240666831,66.25361301330292,6,0.0992130563354352,Permuted-K16,V2_03_difficult:1413394912855760384:1413394913055760384,0.037879,formal_public_module_evidence,0.022515258332235333,0.07369121014421737,0.10527834787320106,0.27675914665414786,0.8534669738345915,0,0,V2_03_difficult,5,OK,True,620,1413394912855760384,5.159417012675639e-10,1413394913055760384,131,True,151
0.3313621463499775,0.006365,0.008333333333333415,0.9583333333333334,196,32.274795473483444,6.000000000000001,,48,1.5102883330658041,5.681091046047708,1.4694568636336383,6.705027787766717,True,6.704804594339708,44.95440464827886,6,0.06745706101913174,Raw,V2_03_difficult:1413394912855760384:1413394913055760384,0.038956,formal_public_module_evidence,0.011380438483290123,0.04144955404185286,0.052698324053854585,0.46184306904280176,1.0270640545353793,5,0,V2_03_difficult,6,OK,True,620,1413394912855760384,1.0554667447176473e-07,1413394913055760384,131,True,151
0.2668236252124063,0.001978,0.008333333333333415,0.9583333333333334,196,34.42644850504901,6.000000000000001,,48,1.5102883330658041,5.681091046047708,1.4694568636336383,6.682512301301799,True,6.704804594339708,44.95440464827886,6,0.06745706101913174,Global-DoF,V2_03_difficult:1413394912855760384:1413394913055760384,0.038956,formal_public_module_evidence,0.011380438483290123,0.04144955404185286,0.052698324053854585,0.46184306904280176,1.0270640545353793,5,0,V2_03_difficult,6,OK,True,620,1413394912855760384,1.0554667447176473e-07,1413394913055760384,131,True,151
0.02444078819202374,1.29574,0.008333333333333415,0.9583333333333334,196,46.066662594100706,6.000000000000001,,48,1.5102883330658041,5.681091046047708,1.4694568636336383,6.643822070043296,True,6.704804594339708,44.95440464827886,6,0.06745706101913174,DPR-Exact-Block,V2_03_difficult:1413394912855760384:1413394913055760384,0.038956,formal_public_module_evidence,0.011380438483290123,0.04144955404185286,0.052698324053854585,0.46184306904280176,1.0270640545353793,5,0,V2_03_difficult,6,OK,True,620,1413394912855760384,1.0554667447176473e-07,1413394913055760384,131,True,151
0.0453992931678109,0.318935,0.008333333333333415,0.9583333333333334,196,42.9591409245427,6.000000000000001,,48,1.5102883330658041,5.681091046047708,1.4694568636336383,6.644572134393411,True,6.704804594339708,44.95440464827886,6,0.06745706101913174,DUC-K16,V2_03_difficult:1413394912855760384:1413394913055760384,0.038956,formal_public_module_evidence,0.011380438483290123,0.04144955404185286,0.052698324053854585,0.46184306904280176,1.0270640545353793,5,0,V2_03_difficult,6,OK,True,620,1413394912855760384,1.0554667447176473e-07,1413394913055760384,131,True,151
0.23856698086799763,0.105445,0.008333333333333415,0.9583333333333334,196,35.41309847782568,6.000000000000001,,48,1.5102883330658041,5.681091046047708,1.4694568636336383,6.674387562235965,True,6.704804594339708,44.95440464827886,6,0.06745706101913174,Permuted-K16,V2_03_difficult:1413394912855760384:1413394913055760384,0.038956,formal_public_module_evidence,0.011380438483290123,0.04144955404185286,0.052698324053854585,0.46184306904280176,1.0270640545353793,5,0,V2_03_difficult,6,OK,True,620,1413394912855760384,1.0554667447176473e-07,1413394913055760384,131,True,151
,,,,173,,,INSUFFICIENT_TRACKS,16,,,,,,,,,,Raw,V2_03_difficult:1413394913355760384:1413394913555760384,,formal_public_module_evidence,,,,,,,,V2_03_difficult,,,,630,1413394913355760384,,1413394913555760384,62,False,135
,,,,173,,,INSUFFICIENT_TRACKS,16,,,,,,,,,,Global-DoF,V2_03_difficult:1413394913355760384:1413394913555760384,,formal_public_module_evidence,,,,,,,,V2_03_difficult,,,,630,1413394913355760384,,1413394913555760384,62,False,135
,,,,173,,,INSUFFICIENT_TRACKS,16,,,,,,,,,,DPR-Exact-Block,V2_03_difficult:1413394913355760384:1413394913555760384,,formal_public_module_evidence,,,,,,,,V2_03_difficult,,,,630,1413394913355760384,,1413394913555760384,62,False,135
,,,,173,,,INSUFFICIENT_TRACKS,16,,,,,,,,,,DUC-K16,V2_03_difficult:1413394913355760384:1413394913555760384,,formal_public_module_evidence,,,,,,,,V2_03_difficult,,,,630,1413394913355760384,,1413394913555760384,62,False,135
,,,,173,,,INSUFFICIENT_TRACKS,16,,,,,,,,,,Permuted-K16,V2_03_difficult:1413394913355760384:1413394913555760384,,formal_public_module_evidence,,,,,,,,V2_03_difficult,,,,630,1413394913355760384,,1413394913555760384,62,False,135
,,,,173,,,INSUFFICIENT_TRACKS,48,,,,,,,,,,Raw,V2_03_difficult:1413394913355760384:1413394913555760384,,formal_public_module_evidence,,,,,,,,V2_03_difficult,,,,630,1413394913355760384,,1413394913555760384,62,False,135
,,,,173,,,INSUFFICIENT_TRACKS,48,,,,,,,,,,Global-DoF,V2_03_difficult:1413394913355760384:1413394913555760384,,formal_public_module_evidence,,,,,,,,V2_03_difficult,,,,630,1413394913355760384,,1413394913555760384,62,False,135
,,,,173,,,INSUFFICIENT_TRACKS,48,,,,,,,,,,DPR-Exact-Block,V2_03_difficult:1413394913355760384:1413394913555760384,,formal_public_module_evidence,,,,,,,,V2_03_difficult,,,,630,1413394913355760384,,1413394913555760384,62,False,135
,,,,173,,,INSUFFICIENT_TRACKS,48,,,,,,,,,,DUC-K16,V2_03_difficult:1413394913355760384:1413394913555760384,,formal_public_module_evidence,,,,,,,,V2_03_difficult,,,,630,1413394913355760384,,1413394913555760384,62,False,135
,,,,173,,,INSUFFICIENT_TRACKS,48,,,,,,,,,,Permuted-K16,V2_03_difficult:1413394913355760384:1413394913555760384,,formal_public_module_evidence,,,,,,,,V2_03_difficult,,,,630,1413394913355760384,,1413394913555760384,62,False,135
,,,,120,,,INSUFFICIENT_TRACKS,16,,,,,,,,,,Raw,V2_03_difficult:1413394913855760384:1413394914055760384,,formal_public_module_evidence,,,,,,,,V2_03_difficult,,,,640,1413394913855760384,,1413394914055760384,15,False,65
,,,,120,,,INSUFFICIENT_TRACKS,16,,,,,,,,,,Global-DoF,V2_03_difficult:1413394913855760384:1413394914055760384,,formal_public_module_evidence,,,,,,,,V2_03_difficult,,,,640,1413394913855760384,,1413394914055760384,15,False,65
,,,,120,,,INSUFFICIENT_TRACKS,16,,,,,,,,,,DPR-Exact-Block,V2_03_difficult:1413394913855760384:1413394914055760384,,formal_public_module_evidence,,,,,,,,V2_03_difficult,,,,640,1413394913855760384,,1413394914055760384,15,False,65
,,,,120,,,INSUFFICIENT_TRACKS,16,,,,,,,,,,DUC-K16,V2_03_difficult:1413394913855760384:1413394914055760384,,formal_public_module_evidence,,,,,,,,V2_03_difficult,,,,640,1413394913855760384,,1413394914055760384,15,False,65
,,,,120,,,INSUFFICIENT_TRACKS,16,,,,,,,,,,Permuted-K16,V2_03_difficult:1413394913855760384:1413394914055760384,,formal_public_module_evidence,,,,,,,,V2_03_difficult,,,,640,1413394913855760384,,1413394914055760384,15,False,65
,,,,120,,,INSUFFICIENT_TRACKS,48,,,,,,,,,,Raw,V2_03_difficult:1413394913855760384:1413394914055760384,,formal_public_module_evidence,,,,,,,,V2_03_difficult,,,,640,1413394913855760384,,1413394914055760384,15,False,65
,,,,120,,,INSUFFICIENT_TRACKS,48,,,,,,,,,,Global-DoF,V2_03_difficult:1413394913855760384:1413394914055760384,,formal_public_module_evidence,,,,,,,,V2_03_difficult,,,,640,1413394913855760384,,1413394914055760384,15,False,65
,,,,120,,,INSUFFICIENT_TRACKS,48,,,,,,,,,,DPR-Exact-Block,V2_03_difficult:1413394913855760384:1413394914055760384,,formal_public_module_evidence,,,,,,,,V2_03_difficult,,,,640,1413394913855760384,,1413394914055760384,15,False,65
,,,,120,,,INSUFFICIENT_TRACKS,48,,,,,,,,,,DUC-K16,V2_03_difficult:1413394913855760384:1413394914055760384,,formal_public_module_evidence,,,,,,,,V2_03_difficult,,,,640,1413394913855760384,,1413394914055760384,15,False,65
,,,,120,,,INSUFFICIENT_TRACKS,48,,,,,,,,,,Permuted-K16,V2_03_difficult:1413394913855760384:1413394914055760384,,formal_public_module_evidence,,,,,,,,V2_03_difficult,,,,640,1413394913855760384,,1413394914055760384,15,False,65
0.4496909304185842,0.006434,0.07499999999999996,0.875,202,3.24474695069067,6.0,,16,2.4534268110379984,1.801318114795571,1.2235359076095744,4.58274197502501,True,2.25548301671748,5.087203638700985,6,0.04488009403960569,Raw,V2_03_difficult:1413394914355760384:1413394914555760384,0.038631,formal_public_module_evidence,0.019102675117584678,0.06576010242703703,0.09335202917892212,0.24980953782312498,0.6465792920895013,0,0,V2_03_difficult,6,OK,True,650,1413394914355760384,4.573309420270491e-09,1413394914555760384,77,True,116
0.24205156564033956,0.002133,0.008333333333333415,0.9583333333333334,202,3.9935347085423634,6.0,,16,2.4534268110379984,1.801318114795571,1.2235359076095744,4.496413675528726,True,2.25548301671748,5.087203638700985,6,0.04488009403960569,Global-DoF,V2_03_difficult:1413394914355760384:1413394914555760384,0.038631,formal_public_module_evidence,0.019102675117584678,0.06576010242703703,0.09335202917892212,0.24980953782312498,0.6465792920895013,0,0,V2_03_difficult,6,OK,True,650,1413394914355760384,4.573309420270491e-09,1413394914555760384,77,True,116
0.10674500930286648,0.451835,0.008333333333333415,0.9583333333333334,202,4.572148779878805,6.0,,16,2.4534268110379984,1.801318114795571,1.2235359076095744,4.470510856119715,True,2.25548301671748,5.087203638700985,6,0.04488009403960569,DPR-Exact-Block,V2_03_difficult:1413394914355760384:1413394914555760384,0.038631,formal_public_module_evidence,0.019102675117584678,0.06576010242703703,0.09335202917892212,0.24980953782312498,0.6465792920895013,0,0,V2_03_difficult,6,OK,True,650,1413394914355760384,4.573309420270491e-09,1413394914555760384,77,True,116
0.06284287301535343,0.179316,0.008333333333333415,0.9583333333333334,202,4.777347247082835,6.0,,16,2.4534268110379984,1.801318114795571,1.2235359076095744,4.466621997552721,True,2.25548301671748,5.087203638700985,6,0.04488009403960569,DUC-K16,V2_03_difficult:1413394914355760384:1413394914555760384,0.038631,formal_public_module_evidence,0.019102675117584678,0.06576010242703703,0.09335202917892212,0.24980953782312498,0.6465792920895013,0,0,V2_03_difficult,6,OK,True,650,1413394914355760384,4.573309420270491e-09,1413394914555760384,77,True,116
0.22631673640519015,0.076174,0.008333333333333415,0.9583333333333334,202,4.056869267745063,6.0,,16,2.4534268110379984,1.801318114795571,1.2235359076095744,4.492261407456177,True,2.25548301671748,5.087203638700985,6,0.04488009403960569,Permuted-K16,V2_03_difficult:1413394914355760384:1413394914555760384,0.038631,formal_public_module_evidence,0.019102675117584678,0.06576010242703703,0.09335202917892212,0.24980953782312498,0.6465792920895013,0,0,V2_03_difficult,6,OK,True,650,1413394914355760384,4.573309420270491e-09,1413394914555760384,77,True,116
0.9939339822624851,0.006315,0.033333333333333326,0.9166666666666666,202,1.6652105677009006,6.000000000000001,,48,2.4079163445139717,1.2904303808035908,1.243408604546215,5.049671242359715,True,2.1211168847657644,4.499136838838421,6,0.009096706212481931,Raw,V2_03_difficult:1413394914355760384:1413394914555760384,0.039455,formal_public_module_evidence,0.015527983784385024,0.05899540263646129,0.07212421733858612,0.5583908812297945,1.5999334026799072,4,0,V2_03_difficult,5,OK,True,650,1413394914355760384,4.463849903443079e-09,1413394914555760384,77,True,116
0.9293954611249138,0.001963,0.033333333333333326,0.9166666666666666,202,1.7762246055476276,6.000000000000001,,48,2.4079163445139717,1.2904303808035908,1.243408604546215,4.945344601408123,True,2.1211168847657644,4.499136838838421,6,0.009096706212481931,Global-DoF,V2_03_difficult:1413394914355760384:1413394914555760384,0.039455,formal_public_module_evidence,0.015527983784385024,0.05899540263646129,0.07212421733858612,0.5583908812297945,1.5999334026799072,4,0,V2_03_difficult,5,OK,True,650,1413394914355760384,4.463849903443079e-09,1413394914555760384,77,True,116
0.8517756042984499,1.291799,0.033333333333333326,0.9166666666666666,202,1.9195868114063037,6.000000000000001,,48,2.4079163445139717,1.2904303808035908,1.243408604546215,4.833791856199075,True,2.1211168847657644,4.499136838838421,6,0.009096706212481931,DPR-Exact-Block,V2_03_difficult:1413394914355760384:1413394914555760384,0.039455,formal_public_module_evidence,0.015527983784385024,0.05899540263646129,0.07212421733858612,0.5583908812297945,1.5999334026799072,4,0,V2_03_difficult,5,OK,True,650,1413394914355760384,4.463849903443079e-09,1413394914555760384,77,True,116
0.8609139381850099,0.317476,0.033333333333333326,0.9166666666666666,202,1.9021248941335855,6.000000000000001,,48,2.4079163445139717,1.2904303808035908,1.243408604546215,4.846170156766379,True,2.1211168847657644,4.499136838838421,6,0.009096706212481931,DUC-K16,V2_03_difficult:1413394914355760384:1413394914555760384,0.039455,formal_public_module_evidence,0.015527983784385024,0.05899540263646129,0.07212421733858612,0.5583908812297945,1.5999334026799072,4,0,V2_03_difficult,5,OK,True,650,1413394914355760384,4.463849903443079e-09,1413394914555760384,77,True,116
0.9767190830232759,0.105372,0.033333333333333326,0.9166666666666666,202,1.6941251667170087,6.000000000000001,,48,2.4079163445139717,1.2904303808035908,1.243408604546215,5.020772255371166,True,2.1211168847657644,4.499136838838421,6,0.009096706212481931,Permuted-K16,V2_03_difficult:1413394914355760384:1413394914555760384,0.039455,formal_public_module_evidence,0.015527983784385024,0.05899540263646129,0.07212421733858612,0.5583908812297945,1.5999334026799072,4,0,V2_03_difficult,5,OK,True,650,1413394914355760384,4.463849903443079e-09,1413394914555760384,77,True,116
3.6939191952995283,0.006377,0.4083333333333333,0.5416666666666666,261,0.18596420037724926,6.0,,16,1.8602142533206631,0.4312356668658673,1.9312901486097678,40.357774453211995,True,2.7342551266541077,7.476151097634271,6,0.0034497789911017707,Raw,V2_03_difficult:1413394914855760384:1413394915055760384,0.038779,formal_public_module_evidence,0.026426533467887092,0.074275267681921,0.08921556142487162,0.24441672074272086,0.7905137935687206,0,0,V2_03_difficult,4,OK,True,660,1413394914855760384,1.4852743937987914e-11,1413394915055760384,137,True,196
3.4862798305212834,0.002033,0.32499999999999996,0.625,261,0.22887901584892217,6.0,,16,1.8602142533206631,0.4312356668658673,1.9312901486097678,33.02752035267401,True,2.7342551266541077,7.476151097634271,6,0.0034497789911017707,Global-DoF,V2_03_difficult:1413394914855760384:1413394915055760384,0.038779,formal_public_module_evidence,0.026426533467887092,0.074275267681921,0.08921556142487162,0.24441672074272086,0.7905137935687206,0,0,V2_03_difficult,4,OK,True,660,1413394914855760384,1.4852743937987914e-11,1413394915055760384,137,True,196
3.4986208235827014,0.44971,0.32499999999999996,0.625,261,0.226071779175031,6.0,,16,1.8602142533206631,0.4312356668658673,1.9312901486097678,33.420785731978334,True,2.7342551266541077,7.476151097634271,6,0.0034497789911017707,DPR-Exact-Block,V2_03_difficult:1413394914855760384:1413394915055760384,0.038779,formal_public_module_evidence,0.026426533467887092,0.074275267681921,0.08921556142487162,0.24441672074272086,0.7905137935687206,0,0,V2_03_difficult,4,OK,True,660,1413394914855760384,1.4852743937987914e-11,1413394915055760384,137,True,196
3.5020765667820974,0.177585,0.32499999999999996,0.625,261,0.22529188150075197,6.0,,16,1.8602142533206631,0.4312356668658673,1.9312901486097678,33.531808454754355,True,2.7342551266541077,7.476151097634271,6,0.0034497789911017707,DUC-K16,V2_03_difficult:1413394914855760384:1413394915055760384,0.038779,formal_public_module_evidence,0.026426533467887092,0.074275267681921,0.08921556142487162,0.24441672074272086,0.7905137935687206,0,0,V2_03_difficult,4,OK,True,660,1413394914855760384,1.4852743937987914e-11,1413394915055760384,137,True,196
3.435283212245967,0.07064,0.32499999999999996,0.625,261,0.24085381366728606,6.0,,16,1.8602142533206631,0.4312356668658673,1.9312901486097678,31.454514240774774,True,2.7342551266541077,7.476151097634271,6,0.0034497789911017707,Permuted-K16,V2_03_difficult:1413394914855760384:1413394915055760384,0.038779,formal_public_module_evidence,0.026426533467887092,0.074275267681921,0.08921556142487162,0.24441672074272086,0.7905137935687206,0,0,V2_03_difficult,4,OK,True,660,1413394914855760384,1.4852743937987914e-11,1413394915055760384,137,True,196
2.3755759238481655,0.006025,0.11666666666666659,0.8333333333333334,261,0.6928182093847166,6.0,,48,1.4807169300029082,0.8323570203853131,1.9271825574936197,12.228096162380973,True,2.7299796167072166,7.4527887076368815,6,0.0022563838577576156,Raw,V2_03_difficult:1413394914855760384:1413394915055760384,0.038597,formal_public_module_evidence,0.016419434892788187,0.03632161879145695,0.061180206069621546,0.5264784640165379,1.3176142636714923,6,0,V2_03_difficult,4,OK,True,660,1413394914855760384,1.9328181456097632e-10,1413394915055760384,137,True,196
2.3110374027105944,0.002128,0.11666666666666659,0.8333333333333334,261,0.7390060900103644,6.0,,48,1.4807169300029082,0.8323570203853131,1.9271825574936197,11.620309262624978,True,2.7299796167072166,7.4527887076368815,6,0.0022563838577576156,Global-DoF,V2_03_difficult:1413394914855760384:1413394915055760384,0.038597,formal_public_module_evidence,0.016419434892788187,0.03632161879145695,0.061180206069621546,0.5264784640165379,1.3176142636714923,6,0,V2_03_difficult,4,OK,True,660,1413394914855760384,1.9328181456097632e-10,1413394915055760384,137,True,196
2.270020973017021,1.280172,0.11666666666666659,0.8333333333333334,261,0.7699477007891046,6.0,,48,1.4807169300029082,0.8323570203853131,1.9271825574936197,11.2560482013548,True,2.7299796167072166,7.4527887076368815,6,0.0022563838577576156,DPR-Exact-Block,V2_03_difficult:1413394914855760384:1413394915055760384,0.038597,formal_public_module_evidence,0.016419434892788187,0.03632161879145695,0.061180206069621546,0.5264784640165379,1.3176142636714923,6,0,V2_03_difficult,4,OK,True,660,1413394914855760384,1.9328181456097632e-10,1413394915055760384,137,True,196
2.2722799063446124,0.314714,0.11666666666666659,0.8333333333333334,261,0.7682104032257264,6.0,,48,1.4807169300029082,0.8323570203853131,1.9271825574936197,11.275679562749298,True,2.7299796167072166,7.4527887076368815,6,0.0022563838577576156,DUC-K16,V2_03_difficult:1413394914855760384:1413394915055760384,0.038597,formal_public_module_evidence,0.016419434892788187,0.03632161879145695,0.061180206069621546,0.5264784640165379,1.3176142636714923,6,0,V2_03_difficult,4,OK,True,660,1413394914855760384,1.9328181456097632e-10,1413394915055760384,137,True,196
2.313666279391162,0.104132,0.11666666666666659,0.8333333333333334,261,0.7370658855300903,6.0,,48,1.4807169300029082,0.8323570203853131,1.9271825574936197,11.64422717408293,True,2.7299796167072166,7.4527887076368815,6,0.0022563838577576156,Permuted-K16,V2_03_difficult:1413394914855760384:1413394915055760384,0.038597,formal_public_module_evidence,0.016419434892788187,0.03632161879145695,0.061180206069621546,0.5264784640165379,1.3176142636714923,6,0,V2_03_difficult,4,OK,True,660,1413394914855760384,1.9328181456097632e-10,1413394915055760384,137,True,196
,,,,259,,,INSUFFICIENT_TRACKS,16,,,,,,,,,,Raw,V2_03_difficult:1413394915355760384:1413394915555760384,,formal_public_module_evidence,,,,,,,,V2_03_difficult,,,,670,1413394915355760384,,1413394915555760384,10,False,238
,,,,259,,,INSUFFICIENT_TRACKS,16,,,,,,,,,,Global-DoF,V2_03_difficult:1413394915355760384:1413394915555760384,,formal_public_module_evidence,,,,,,,,V2_03_difficult,,,,670,1413394915355760384,,1413394915555760384,10,False,238
,,,,259,,,INSUFFICIENT_TRACKS,16,,,,,,,,,,DPR-Exact-Block,V2_03_difficult:1413394915355760384:1413394915555760384,,formal_public_module_evidence,,,,,,,,V2_03_difficult,,,,670,1413394915355760384,,1413394915555760384,10,False,238
,,,,259,,,INSUFFICIENT_TRACKS,16,,,,,,,,,,DUC-K16,V2_03_difficult:1413394915355760384:1413394915555760384,,formal_public_module_evidence,,,,,,,,V2_03_difficult,,,,670,1413394915355760384,,1413394915555760384,10,False,238
,,,,259,,,INSUFFICIENT_TRACKS,16,,,,,,,,,,Permuted-K16,V2_03_difficult:1413394915355760384:1413394915555760384,,formal_public_module_evidence,,,,,,,,V2_03_difficult,,,,670,1413394915355760384,,1413394915555760384,10,False,238
,,,,259,,,INSUFFICIENT_TRACKS,48,,,,,,,,,,Raw,V2_03_difficult:1413394915355760384:1413394915555760384,,formal_public_module_evidence,,,,,,,,V2_03_difficult,,,,670,1413394915355760384,,1413394915555760384,10,False,238
,,,,259,,,INSUFFICIENT_TRACKS,48,,,,,,,,,,Global-DoF,V2_03_difficult:1413394915355760384:1413394915555760384,,formal_public_module_evidence,,,,,,,,V2_03_difficult,,,,670,1413394915355760384,,1413394915555760384,10,False,238
,,,,259,,,INSUFFICIENT_TRACKS,48,,,,,,,,,,DPR-Exact-Block,V2_03_difficult:1413394915355760384:1413394915555760384,,formal_public_module_evidence,,,,,,,,V2_03_difficult,,,,670,1413394915355760384,,1413394915555760384,10,False,238
,,,,259,,,INSUFFICIENT_TRACKS,48,,,,,,,,,,DUC-K16,V2_03_difficult:1413394915355760384:1413394915555760384,,formal_public_module_evidence,,,,,,,,V2_03_difficult,,,,670,1413394915355760384,,1413394915555760384,10,False,238
,,,,259,,,INSUFFICIENT_TRACKS,48,,,,,,,,,,Permuted-K16,V2_03_difficult:1413394915355760384:1413394915555760384,,formal_public_module_evidence,,,,,,,,V2_03_difficult,,,,670,1413394915355760384,,1413394915555760384,10,False,238
,,,,323,,,INSUFFICIENT_TRACKS,16,,,,,,,,,,Raw,V2_03_difficult:1413394915855760384:1413394916055760384,,formal_public_module_evidence,,,,,,,,V2_03_difficult,,,,680,1413394915855760384,,1413394916055760384,58,False,251
,,,,323,,,INSUFFICIENT_TRACKS,16,,,,,,,,,,Global-DoF,V2_03_difficult:1413394915855760384:1413394916055760384,,formal_public_module_evidence,,,,,,,,V2_03_difficult,,,,680,1413394915855760384,,1413394916055760384,58,False,251
,,,,323,,,INSUFFICIENT_TRACKS,16,,,,,,,,,,DPR-Exact-Block,V2_03_difficult:1413394915855760384:1413394916055760384,,formal_public_module_evidence,,,,,,,,V2_03_difficult,,,,680,1413394915855760384,,1413394916055760384,58,False,251
,,,,323,,,INSUFFICIENT_TRACKS,16,,,,,,,,,,DUC-K16,V2_03_difficult:1413394915855760384:1413394916055760384,,formal_public_module_evidence,,,,,,,,V2_03_difficult,,,,680,1413394915855760384,,1413394916055760384,58,False,251
,,,,323,,,INSUFFICIENT_TRACKS,16,,,,,,,,,,Permuted-K16,V2_03_difficult:1413394915855760384:1413394916055760384,,formal_public_module_evidence,,,,,,,,V2_03_difficult,,,,680,1413394915855760384,,1413394916055760384,58,False,251
,,,,323,,,INSUFFICIENT_TRACKS,48,,,,,,,,,,Raw,V2_03_difficult:1413394915855760384:1413394916055760384,,formal_public_module_evidence,,,,,,,,V2_03_difficult,,,,680,1413394915855760384,,1413394916055760384,58,False,251
,,,,323,,,INSUFFICIENT_TRACKS,48,,,,,,,,,,Global-DoF,V2_03_difficult:1413394915855760384:1413394916055760384,,formal_public_module_evidence,,,,,,,,V2_03_difficult,,,,680,1413394915855760384,,1413394916055760384,58,False,251
,,,,323,,,INSUFFICIENT_TRACKS,48,,,,,,,,,,DPR-Exact-Block,V2_03_difficult:1413394915855760384:1413394916055760384,,formal_public_module_evidence,,,,,,,,V2_03_difficult,,,,680,1413394915855760384,,1413394916055760384,58,False,251
,,,,323,,,INSUFFICIENT_TRACKS,48,,,,,,,,,,DUC-K16,V2_03_difficult:1413394915855760384:1413394916055760384,,formal_public_module_evidence,,,,,,,,V2_03_difficult,,,,680,1413394915855760384,,1413394916055760384,58,False,251
,,,,323,,,INSUFFICIENT_TRACKS,48,,,,,,,,,,Permuted-K16,V2_03_difficult:1413394915855760384:1413394916055760384,,formal_public_module_evidence,,,,,,,,V2_03_difficult,,,,680,1413394915855760384,,1413394916055760384,58,False,251
,,,,272,,,INSUFFICIENT_TRACKS,16,,,,,,,,,,Raw,V2_03_difficult:1413394916355760384:1413394916555760384,,formal_public_module_evidence,,,,,,,,V2_03_difficult,,,,690,1413394916355760384,,1413394916555760384,45,False,266
,,,,272,,,INSUFFICIENT_TRACKS,16,,,,,,,,,,Global-DoF,V2_03_difficult:1413394916355760384:1413394916555760384,,formal_public_module_evidence,,,,,,,,V2_03_difficult,,,,690,1413394916355760384,,1413394916555760384,45,False,266
,,,,272,,,INSUFFICIENT_TRACKS,16,,,,,,,,,,DPR-Exact-Block,V2_03_difficult:1413394916355760384:1413394916555760384,,formal_public_module_evidence,,,,,,,,V2_03_difficult,,,,690,1413394916355760384,,1413394916555760384,45,False,266
,,,,272,,,INSUFFICIENT_TRACKS,16,,,,,,,,,,DUC-K16,V2_03_difficult:1413394916355760384:1413394916555760384,,formal_public_module_evidence,,,,,,,,V2_03_difficult,,,,690,1413394916355760384,,1413394916555760384,45,False,266
,,,,272,,,INSUFFICIENT_TRACKS,16,,,,,,,,,,Permuted-K16,V2_03_difficult:1413394916355760384:1413394916555760384,,formal_public_module_evidence,,,,,,,,V2_03_difficult,,,,690,1413394916355760384,,1413394916555760384,45,False,266
,,,,272,,,INSUFFICIENT_TRACKS,48,,,,,,,,,,Raw,V2_03_difficult:1413394916355760384:1413394916555760384,,formal_public_module_evidence,,,,,,,,V2_03_difficult,,,,690,1413394916355760384,,1413394916555760384,45,False,266
,,,,272,,,INSUFFICIENT_TRACKS,48,,,,,,,,,,Global-DoF,V2_03_difficult:1413394916355760384:1413394916555760384,,formal_public_module_evidence,,,,,,,,V2_03_difficult,,,,690,1413394916355760384,,1413394916555760384,45,False,266
,,,,272,,,INSUFFICIENT_TRACKS,48,,,,,,,,,,DPR-Exact-Block,V2_03_difficult:1413394916355760384:1413394916555760384,,formal_public_module_evidence,,,,,,,,V2_03_difficult,,,,690,1413394916355760384,,1413394916555760384,45,False,266
,,,,272,,,INSUFFICIENT_TRACKS,48,,,,,,,,,,DUC-K16,V2_03_difficult:1413394916355760384:1413394916555760384,,formal_public_module_evidence,,,,,,,,V2_03_difficult,,,,690,1413394916355760384,,1413394916555760384,45,False,266
,,,,272,,,INSUFFICIENT_TRACKS,48,,,,,,,,,,Permuted-K16,V2_03_difficult:1413394916355760384:1413394916555760384,,formal_public_module_evidence,,,,,,,,V2_03_difficult,,,,690,1413394916355760384,,1413394916555760384,45,False,266
,,,,1072,,,INSUFFICIENT_TRACKS,16,,,,,,,,,,Raw,V2_03_difficult:1413394916955760384:1413394917355760384,,formal_public_module_evidence,,,,,,,,V2_03_difficult,,,,700,1413394916955760384,,1413394917355760384,9,False,312
,,,,1072,,,INSUFFICIENT_TRACKS,16,,,,,,,,,,Global-DoF,V2_03_difficult:1413394916955760384:1413394917355760384,,formal_public_module_evidence,,,,,,,,V2_03_difficult,,,,700,1413394916955760384,,1413394917355760384,9,False,312
,,,,1072,,,INSUFFICIENT_TRACKS,16,,,,,,,,,,DPR-Exact-Block,V2_03_difficult:1413394916955760384:1413394917355760384,,formal_public_module_evidence,,,,,,,,V2_03_difficult,,,,700,1413394916955760384,,1413394917355760384,9,False,312
,,,,1072,,,INSUFFICIENT_TRACKS,16,,,,,,,,,,DUC-K16,V2_03_difficult:1413394916955760384:1413394917355760384,,formal_public_module_evidence,,,,,,,,V2_03_difficult,,,,700,1413394916955760384,,1413394917355760384,9,False,312
,,,,1072,,,INSUFFICIENT_TRACKS,16,,,,,,,,,,Permuted-K16,V2_03_difficult:1413394916955760384:1413394917355760384,,formal_public_module_evidence,,,,,,,,V2_03_difficult,,,,700,1413394916955760384,,1413394917355760384,9,False,312
,,,,1072,,,INSUFFICIENT_TRACKS,48,,,,,,,,,,Raw,V2_03_difficult:1413394916955760384:1413394917355760384,,formal_public_module_evidence,,,,,,,,V2_03_difficult,,,,700,1413394916955760384,,1413394917355760384,9,False,312
,,,,1072,,,INSUFFICIENT_TRACKS,48,,,,,,,,,,Global-DoF,V2_03_difficult:1413394916955760384:1413394917355760384,,formal_public_module_evidence,,,,,,,,V2_03_difficult,,,,700,1413394916955760384,,1413394917355760384,9,False,312
,,,,1072,,,INSUFFICIENT_TRACKS,48,,,,,,,,,,DPR-Exact-Block,V2_03_difficult:1413394916955760384:1413394917355760384,,formal_public_module_evidence,,,,,,,,V2_03_difficult,,,,700,1413394916955760384,,1413394917355760384,9,False,312
,,,,1072,,,INSUFFICIENT_TRACKS,48,,,,,,,,,,DUC-K16,V2_03_difficult:1413394916955760384:1413394917355760384,,formal_public_module_evidence,,,,,,,,V2_03_difficult,,,,700,1413394916955760384,,1413394917355760384,9,False,312
,,,,1072,,,INSUFFICIENT_TRACKS,48,,,,,,,,,,Permuted-K16,V2_03_difficult:1413394916955760384:1413394917355760384,,formal_public_module_evidence,,,,,,,,V2_03_difficult,,,,700,1413394916955760384,,1413394917355760384,9,False,312
,,,,328,,,INSUFFICIENT_TRACKS,16,,,,,,,,,,Raw,V2_03_difficult:1413394917955760384:1413394918355760384,,formal_public_module_evidence,,,,,,,,V2_03_difficult,,,,710,1413394917955760384,,1413394918355760384,17,False,89
,,,,328,,,INSUFFICIENT_TRACKS,16,,,,,,,,,,Global-DoF,V2_03_difficult:1413394917955760384:1413394918355760384,,formal_public_module_evidence,,,,,,,,V2_03_difficult,,,,710,1413394917955760384,,1413394918355760384,17,False,89
,,,,328,,,INSUFFICIENT_TRACKS,16,,,,,,,,,,DPR-Exact-Block,V2_03_difficult:1413394917955760384:1413394918355760384,,formal_public_module_evidence,,,,,,,,V2_03_difficult,,,,710,1413394917955760384,,1413394918355760384,17,False,89
,,,,328,,,INSUFFICIENT_TRACKS,16,,,,,,,,,,DUC-K16,V2_03_difficult:1413394917955760384:1413394918355760384,,formal_public_module_evidence,,,,,,,,V2_03_difficult,,,,710,1413394917955760384,,1413394918355760384,17,False,89
,,,,328,,,INSUFFICIENT_TRACKS,16,,,,,,,,,,Permuted-K16,V2_03_difficult:1413394917955760384:1413394918355760384,,formal_public_module_evidence,,,,,,,,V2_03_difficult,,,,710,1413394917955760384,,1413394918355760384,17,False,89
,,,,328,,,INSUFFICIENT_TRACKS,48,,,,,,,,,,Raw,V2_03_difficult:1413394917955760384:1413394918355760384,,formal_public_module_evidence,,,,,,,,V2_03_difficult,,,,710,1413394917955760384,,1413394918355760384,17,False,89
,,,,328,,,INSUFFICIENT_TRACKS,48,,,,,,,,,,Global-DoF,V2_03_difficult:1413394917955760384:1413394918355760384,,formal_public_module_evidence,,,,,,,,V2_03_difficult,,,,710,1413394917955760384,,1413394918355760384,17,False,89
,,,,328,,,INSUFFICIENT_TRACKS,48,,,,,,,,,,DPR-Exact-Block,V2_03_difficult:1413394917955760384:1413394918355760384,,formal_public_module_evidence,,,,,,,,V2_03_difficult,,,,710,1413394917955760384,,1413394918355760384,17,False,89
,,,,328,,,INSUFFICIENT_TRACKS,48,,,,,,,,,,DUC-K16,V2_03_difficult:1413394917955760384:1413394918355760384,,formal_public_module_evidence,,,,,,,,V2_03_difficult,,,,710,1413394917955760384,,1413394918355760384,17,False,89
,,,,328,,,INSUFFICIENT_TRACKS,48,,,,,,,,,,Permuted-K16,V2_03_difficult:1413394917955760384:1413394918355760384,,formal_public_module_evidence,,,,,,,,V2_03_difficult,,,,710,1413394917955760384,,1413394918355760384,17,False,89
,,,,187,,,INSUFFICIENT_TRACKS,16,,,,,,,,,,Raw,V2_03_difficult:1413394918955760384:1413394919355760384,,formal_public_module_evidence,,,,,,,,V2_03_difficult,,,,720,1413394918955760384,,1413394919355760384,4,False,62
,,,,187,,,INSUFFICIENT_TRACKS,16,,,,,,,,,,Global-DoF,V2_03_difficult:1413394918955760384:1413394919355760384,,formal_public_module_evidence,,,,,,,,V2_03_difficult,,,,720,1413394918955760384,,1413394919355760384,4,False,62
,,,,187,,,INSUFFICIENT_TRACKS,16,,,,,,,,,,DPR-Exact-Block,V2_03_difficult:1413394918955760384:1413394919355760384,,formal_public_module_evidence,,,,,,,,V2_03_difficult,,,,720,1413394918955760384,,1413394919355760384,4,False,62
,,,,187,,,INSUFFICIENT_TRACKS,16,,,,,,,,,,DUC-K16,V2_03_difficult:1413394918955760384:1413394919355760384,,formal_public_module_evidence,,,,,,,,V2_03_difficult,,,,720,1413394918955760384,,1413394919355760384,4,False,62
,,,,187,,,INSUFFICIENT_TRACKS,16,,,,,,,,,,Permuted-K16,V2_03_difficult:1413394918955760384:1413394919355760384,,formal_public_module_evidence,,,,,,,,V2_03_difficult,,,,720,1413394918955760384,,1413394919355760384,4,False,62
,,,,187,,,INSUFFICIENT_TRACKS,48,,,,,,,,,,Raw,V2_03_difficult:1413394918955760384:1413394919355760384,,formal_public_module_evidence,,,,,,,,V2_03_difficult,,,,720,1413394918955760384,,1413394919355760384,4,False,62
,,,,187,,,INSUFFICIENT_TRACKS,48,,,,,,,,,,Global-DoF,V2_03_difficult:1413394918955760384:1413394919355760384,,formal_public_module_evidence,,,,,,,,V2_03_difficult,,,,720,1413394918955760384,,1413394919355760384,4,False,62
,,,,187,,,INSUFFICIENT_TRACKS,48,,,,,,,,,,DPR-Exact-Block,V2_03_difficult:1413394918955760384:1413394919355760384,,formal_public_module_evidence,,,,,,,,V2_03_difficult,,,,720,1413394918955760384,,1413394919355760384,4,False,62
,,,,187,,,INSUFFICIENT_TRACKS,48,,,,,,,,,,DUC-K16,V2_03_difficult:1413394918955760384:1413394919355760384,,formal_public_module_evidence,,,,,,,,V2_03_difficult,,,,720,1413394918955760384,,1413394919355760384,4,False,62
,,,,187,,,INSUFFICIENT_TRACKS,48,,,,,,,,,,Permuted-K16,V2_03_difficult:1413394918955760384:1413394919355760384,,formal_public_module_evidence,,,,,,,,V2_03_difficult,,,,720,1413394918955760384,,1413394919355760384,4,False,62
,,,,1200,,,INSUFFICIENT_TRACKS,16,,,,,,,,,,Raw,V2_03_difficult:1413394919955760384:1413394920355760384,,formal_public_module_evidence,,,,,,,,V2_03_difficult,,,,730,1413394919955760384,,1413394920355760384,18,False,313
,,,,1200,,,INSUFFICIENT_TRACKS,16,,,,,,,,,,Global-DoF,V2_03_difficult:1413394919955760384:1413394920355760384,,formal_public_module_evidence,,,,,,,,V2_03_difficult,,,,730,1413394919955760384,,1413394920355760384,18,False,313
,,,,1200,,,INSUFFICIENT_TRACKS,16,,,,,,,,,,DPR-Exact-Block,V2_03_difficult:1413394919955760384:1413394920355760384,,formal_public_module_evidence,,,,,,,,V2_03_difficult,,,,730,1413394919955760384,,1413394920355760384,18,False,313
,,,,1200,,,INSUFFICIENT_TRACKS,16,,,,,,,,,,DUC-K16,V2_03_difficult:1413394919955760384:1413394920355760384,,formal_public_module_evidence,,,,,,,,V2_03_difficult,,,,730,1413394919955760384,,1413394920355760384,18,False,313
,,,,1200,,,INSUFFICIENT_TRACKS,16,,,,,,,,,,Permuted-K16,V2_03_difficult:1413394919955760384:1413394920355760384,,formal_public_module_evidence,,,,,,,,V2_03_difficult,,,,730,1413394919955760384,,1413394920355760384,18,False,313
,,,,1200,,,INSUFFICIENT_TRACKS,48,,,,,,,,,,Raw,V2_03_difficult:1413394919955760384:1413394920355760384,,formal_public_module_evidence,,,,,,,,V2_03_difficult,,,,730,1413394919955760384,,1413394920355760384,18,False,313
,,,,1200,,,INSUFFICIENT_TRACKS,48,,,,,,,,,,Global-DoF,V2_03_difficult:1413394919955760384:1413394920355760384,,formal_public_module_evidence,,,,,,,,V2_03_difficult,,,,730,1413394919955760384,,1413394920355760384,18,False,313
,,,,1200,,,INSUFFICIENT_TRACKS,48,,,,,,,,,,DPR-Exact-Block,V2_03_difficult:1413394919955760384:1413394920355760384,,formal_public_module_evidence,,,,,,,,V2_03_difficult,,,,730,1413394919955760384,,1413394920355760384,18,False,313
,,,,1200,,,INSUFFICIENT_TRACKS,48,,,,,,,,,,DUC-K16,V2_03_difficult:1413394919955760384:1413394920355760384,,formal_public_module_evidence,,,,,,,,V2_03_difficult,,,,730,1413394919955760384,,1413394920355760384,18,False,313
,,,,1200,,,INSUFFICIENT_TRACKS,48,,,,,,,,,,Permuted-K16,V2_03_difficult:1413394919955760384:1413394920355760384,,formal_public_module_evidence,,,,,,,,V2_03_difficult,,,,730,1413394919955760384,,1413394920355760384,18,False,313
,,,,413,,,INSUFFICIENT_TRACKS,16,,,,,,,,,,Raw,V2_03_difficult:1413394920955760384:1413394921355760384,,formal_public_module_evidence,,,,,,,,V2_03_difficult,,,,740,1413394920955760384,,1413394921355760384,25,False,130
,,,,413,,,INSUFFICIENT_TRACKS,16,,,,,,,,,,Global-DoF,V2_03_difficult:1413394920955760384:1413394921355760384,,formal_public_module_evidence,,,,,,,,V2_03_difficult,,,,740,1413394920955760384,,1413394921355760384,25,False,130
,,,,413,,,INSUFFICIENT_TRACKS,16,,,,,,,,,,DPR-Exact-Block,V2_03_difficult:1413394920955760384:1413394921355760384,,formal_public_module_evidence,,,,,,,,V2_03_difficult,,,,740,1413394920955760384,,1413394921355760384,25,False,130
,,,,413,,,INSUFFICIENT_TRACKS,16,,,,,,,,,,DUC-K16,V2_03_difficult:1413394920955760384:1413394921355760384,,formal_public_module_evidence,,,,,,,,V2_03_difficult,,,,740,1413394920955760384,,1413394921355760384,25,False,130
,,,,413,,,INSUFFICIENT_TRACKS,16,,,,,,,,,,Permuted-K16,V2_03_difficult:1413394920955760384:1413394921355760384,,formal_public_module_evidence,,,,,,,,V2_03_difficult,,,,740,1413394920955760384,,1413394921355760384,25,False,130
,,,,413,,,INSUFFICIENT_TRACKS,48,,,,,,,,,,Raw,V2_03_difficult:1413394920955760384:1413394921355760384,,formal_public_module_evidence,,,,,,,,V2_03_difficult,,,,740,1413394920955760384,,1413394921355760384,25,False,130
,,,,413,,,INSUFFICIENT_TRACKS,48,,,,,,,,,,Global-DoF,V2_03_difficult:1413394920955760384:1413394921355760384,,formal_public_module_evidence,,,,,,,,V2_03_difficult,,,,740,1413394920955760384,,1413394921355760384,25,False,130
,,,,413,,,INSUFFICIENT_TRACKS,48,,,,,,,,,,DPR-Exact-Block,V2_03_difficult:1413394920955760384:1413394921355760384,,formal_public_module_evidence,,,,,,,,V2_03_difficult,,,,740,1413394920955760384,,1413394921355760384,25,False,130
,,,,413,,,INSUFFICIENT_TRACKS,48,,,,,,,,,,DUC-K16,V2_03_difficult:1413394920955760384:1413394921355760384,,formal_public_module_evidence,,,,,,,,V2_03_difficult,,,,740,1413394920955760384,,1413394921355760384,25,False,130
,,,,413,,,INSUFFICIENT_TRACKS,48,,,,,,,,,,Permuted-K16,V2_03_difficult:1413394920955760384:1413394921355760384,,formal_public_module_evidence,,,,,,,,V2_03_difficult,,,,740,1413394920955760384,,1413394921355760384,25,False,130
,,,,1200,,,INSUFFICIENT_TRACKS,16,,,,,,,,,,Raw,V2_03_difficult:1413394921955760384:1413394922355760384,,formal_public_module_evidence,,,,,,,,V2_03_difficult,,,,750,1413394921955760384,,1413394922355760384,28,False,268
,,,,1200,,,INSUFFICIENT_TRACKS,16,,,,,,,,,,Global-DoF,V2_03_difficult:1413394921955760384:1413394922355760384,,formal_public_module_evidence,,,,,,,,V2_03_difficult,,,,750,1413394921955760384,,1413394922355760384,28,False,268
,,,,1200,,,INSUFFICIENT_TRACKS,16,,,,,,,,,,DPR-Exact-Block,V2_03_difficult:1413394921955760384:1413394922355760384,,formal_public_module_evidence,,,,,,,,V2_03_difficult,,,,750,1413394921955760384,,1413394922355760384,28,False,268
,,,,1200,,,INSUFFICIENT_TRACKS,16,,,,,,,,,,DUC-K16,V2_03_difficult:1413394921955760384:1413394922355760384,,formal_public_module_evidence,,,,,,,,V2_03_difficult,,,,750,1413394921955760384,,1413394922355760384,28,False,268
,,,,1200,,,INSUFFICIENT_TRACKS,16,,,,,,,,,,Permuted-K16,V2_03_difficult:1413394921955760384:1413394922355760384,,formal_public_module_evidence,,,,,,,,V2_03_difficult,,,,750,1413394921955760384,,1413394922355760384,28,False,268
,,,,1200,,,INSUFFICIENT_TRACKS,48,,,,,,,,,,Raw,V2_03_difficult:1413394921955760384:1413394922355760384,,formal_public_module_evidence,,,,,,,,V2_03_difficult,,,,750,1413394921955760384,,1413394922355760384,28,False,268
,,,,1200,,,INSUFFICIENT_TRACKS,48,,,,,,,,,,Global-DoF,V2_03_difficult:1413394921955760384:1413394922355760384,,formal_public_module_evidence,,,,,,,,V2_03_difficult,,,,750,1413394921955760384,,1413394922355760384,28,False,268
,,,,1200,,,INSUFFICIENT_TRACKS,48,,,,,,,,,,DPR-Exact-Block,V2_03_difficult:1413394921955760384:1413394922355760384,,formal_public_module_evidence,,,,,,,,V2_03_difficult,,,,750,1413394921955760384,,1413394922355760384,28,False,268
,,,,1200,,,INSUFFICIENT_TRACKS,48,,,,,,,,,,DUC-K16,V2_03_difficult:1413394921955760384:1413394922355760384,,formal_public_module_evidence,,,,,,,,V2_03_difficult,,,,750,1413394921955760384,,1413394922355760384,28,False,268
,,,,1200,,,INSUFFICIENT_TRACKS,48,,,,,,,,,,Permuted-K16,V2_03_difficult:1413394921955760384:1413394922355760384,,formal_public_module_evidence,,,,,,,,V2_03_difficult,,,,750,1413394921955760384,,1413394922355760384,28,False,268
,,,,252,,,INSUFFICIENT_TRACKS,16,,,,,,,,,,Raw,V2_03_difficult:1413394922955760384:1413394923355760384,,formal_public_module_evidence,,,,,,,,V2_03_difficult,,,,760,1413394922955760384,,1413394923355760384,37,False,85
,,,,252,,,INSUFFICIENT_TRACKS,16,,,,,,,,,,Global-DoF,V2_03_difficult:1413394922955760384:1413394923355760384,,formal_public_module_evidence,,,,,,,,V2_03_difficult,,,,760,1413394922955760384,,1413394923355760384,37,False,85
,,,,252,,,INSUFFICIENT_TRACKS,16,,,,,,,,,,DPR-Exact-Block,V2_03_difficult:1413394922955760384:1413394923355760384,,formal_public_module_evidence,,,,,,,,V2_03_difficult,,,,760,1413394922955760384,,1413394923355760384,37,False,85
,,,,252,,,INSUFFICIENT_TRACKS,16,,,,,,,,,,DUC-K16,V2_03_difficult:1413394922955760384:1413394923355760384,,formal_public_module_evidence,,,,,,,,V2_03_difficult,,,,760,1413394922955760384,,1413394923355760384,37,False,85
,,,,252,,,INSUFFICIENT_TRACKS,16,,,,,,,,,,Permuted-K16,V2_03_difficult:1413394922955760384:1413394923355760384,,formal_public_module_evidence,,,,,,,,V2_03_difficult,,,,760,1413394922955760384,,1413394923355760384,37,False,85
,,,,252,,,INSUFFICIENT_TRACKS,48,,,,,,,,,,Raw,V2_03_difficult:1413394922955760384:1413394923355760384,,formal_public_module_evidence,,,,,,,,V2_03_difficult,,,,760,1413394922955760384,,1413394923355760384,37,False,85
,,,,252,,,INSUFFICIENT_TRACKS,48,,,,,,,,,,Global-DoF,V2_03_difficult:1413394922955760384:1413394923355760384,,formal_public_module_evidence,,,,,,,,V2_03_difficult,,,,760,1413394922955760384,,1413394923355760384,37,False,85
,,,,252,,,INSUFFICIENT_TRACKS,48,,,,,,,,,,DPR-Exact-Block,V2_03_difficult:1413394922955760384:1413394923355760384,,formal_public_module_evidence,,,,,,,,V2_03_difficult,,,,760,1413394922955760384,,1413394923355760384,37,False,85
,,,,252,,,INSUFFICIENT_TRACKS,48,,,,,,,,,,DUC-K16,V2_03_difficult:1413394922955760384:1413394923355760384,,formal_public_module_evidence,,,,,,,,V2_03_difficult,,,,760,1413394922955760384,,1413394923355760384,37,False,85
,,,,252,,,INSUFFICIENT_TRACKS,48,,,,,,,,,,Permuted-K16,V2_03_difficult:1413394922955760384:1413394923355760384,,formal_public_module_evidence,,,,,,,,V2_03_difficult,,,,760,1413394922955760384,,1413394923355760384,37,False,85
,,,,119,,,INSUFFICIENT_TRACKS,16,,,,,,,,,,Raw,V2_03_difficult:1413394923955760384:1413394924355760384,,formal_public_module_evidence,,,,,,,,V2_03_difficult,,,,770,1413394923955760384,,1413394924355760384,8,False,37
,,,,119,,,INSUFFICIENT_TRACKS,16,,,,,,,,,,Global-DoF,V2_03_difficult:1413394923955760384:1413394924355760384,,formal_public_module_evidence,,,,,,,,V2_03_difficult,,,,770,1413394923955760384,,1413394924355760384,8,False,37
,,,,119,,,INSUFFICIENT_TRACKS,16,,,,,,,,,,DPR-Exact-Block,V2_03_difficult:1413394923955760384:1413394924355760384,,formal_public_module_evidence,,,,,,,,V2_03_difficult,,,,770,1413394923955760384,,1413394924355760384,8,False,37
,,,,119,,,INSUFFICIENT_TRACKS,16,,,,,,,,,,DUC-K16,V2_03_difficult:1413394923955760384:1413394924355760384,,formal_public_module_evidence,,,,,,,,V2_03_difficult,,,,770,1413394923955760384,,1413394924355760384,8,False,37
,,,,119,,,INSUFFICIENT_TRACKS,16,,,,,,,,,,Permuted-K16,V2_03_difficult:1413394923955760384:1413394924355760384,,formal_public_module_evidence,,,,,,,,V2_03_difficult,,,,770,1413394923955760384,,1413394924355760384,8,False,37
,,,,119,,,INSUFFICIENT_TRACKS,48,,,,,,,,,,Raw,V2_03_difficult:1413394923955760384:1413394924355760384,,formal_public_module_evidence,,,,,,,,V2_03_difficult,,,,770,1413394923955760384,,1413394924355760384,8,False,37
,,,,119,,,INSUFFICIENT_TRACKS,48,,,,,,,,,,Global-DoF,V2_03_difficult:1413394923955760384:1413394924355760384,,formal_public_module_evidence,,,,,,,,V2_03_difficult,,,,770,1413394923955760384,,1413394924355760384,8,False,37
,,,,119,,,INSUFFICIENT_TRACKS,48,,,,,,,,,,DPR-Exact-Block,V2_03_difficult:1413394923955760384:1413394924355760384,,formal_public_module_evidence,,,,,,,,V2_03_difficult,,,,770,1413394923955760384,,1413394924355760384,8,False,37
,,,,119,,,INSUFFICIENT_TRACKS,48,,,,,,,,,,DUC-K16,V2_03_difficult:1413394923955760384:1413394924355760384,,formal_public_module_evidence,,,,,,,,V2_03_difficult,,,,770,1413394923955760384,,1413394924355760384,8,False,37
,,,,119,,,INSUFFICIENT_TRACKS,48,,,,,,,,,,Permuted-K16,V2_03_difficult:1413394923955760384:1413394924355760384,,formal_public_module_evidence,,,,,,,,V2_03_difficult,,,,770,1413394923955760384,,1413394924355760384,8,False,37
,,,,111,,,INSUFFICIENT_TRACKS,16,,,,,,,,,,Raw,V2_03_difficult:1413394924905760512:1413394925105760512,,formal_public_module_evidence,,,,,,,,V2_03_difficult,,,,780,1413394924905760512,,1413394925105760512,34,False,52
,,,,111,,,INSUFFICIENT_TRACKS,16,,,,,,,,,,Global-DoF,V2_03_difficult:1413394924905760512:1413394925105760512,,formal_public_module_evidence,,,,,,,,V2_03_difficult,,,,780,1413394924905760512,,1413394925105760512,34,False,52
,,,,111,,,INSUFFICIENT_TRACKS,16,,,,,,,,,,DPR-Exact-Block,V2_03_difficult:1413394924905760512:1413394925105760512,,formal_public_module_evidence,,,,,,,,V2_03_difficult,,,,780,1413394924905760512,,1413394925105760512,34,False,52
,,,,111,,,INSUFFICIENT_TRACKS,16,,,,,,,,,,DUC-K16,V2_03_difficult:1413394924905760512:1413394925105760512,,formal_public_module_evidence,,,,,,,,V2_03_difficult,,,,780,1413394924905760512,,1413394925105760512,34,False,52
,,,,111,,,INSUFFICIENT_TRACKS,16,,,,,,,,,,Permuted-K16,V2_03_difficult:1413394924905760512:1413394925105760512,,formal_public_module_evidence,,,,,,,,V2_03_difficult,,,,780,1413394924905760512,,1413394925105760512,34,False,52
,,,,111,,,INSUFFICIENT_TRACKS,48,,,,,,,,,,Raw,V2_03_difficult:1413394924905760512:1413394925105760512,,formal_public_module_evidence,,,,,,,,V2_03_difficult,,,,780,1413394924905760512,,1413394925105760512,34,False,52
,,,,111,,,INSUFFICIENT_TRACKS,48,,,,,,,,,,Global-DoF,V2_03_difficult:1413394924905760512:1413394925105760512,,formal_public_module_evidence,,,,,,,,V2_03_difficult,,,,780,1413394924905760512,,1413394925105760512,34,False,52
,,,,111,,,INSUFFICIENT_TRACKS,48,,,,,,,,,,DPR-Exact-Block,V2_03_difficult:1413394924905760512:1413394925105760512,,formal_public_module_evidence,,,,,,,,V2_03_difficult,,,,780,1413394924905760512,,1413394925105760512,34,False,52
,,,,111,,,INSUFFICIENT_TRACKS,48,,,,,,,,,,DUC-K16,V2_03_difficult:1413394924905760512:1413394925105760512,,formal_public_module_evidence,,,,,,,,V2_03_difficult,,,,780,1413394924905760512,,1413394925105760512,34,False,52
,,,,111,,,INSUFFICIENT_TRACKS,48,,,,,,,,,,Permuted-K16,V2_03_difficult:1413394924905760512:1413394925105760512,,formal_public_module_evidence,,,,,,,,V2_03_difficult,,,,780,1413394924905760512,,1413394925105760512,34,False,52
,,,,106,,,INSUFFICIENT_TRACKS,16,,,,,,,,,,Raw,V2_03_difficult:1413394925405760512:1413394925605760512,,formal_public_module_evidence,,,,,,,,V2_03_difficult,,,,790,1413394925405760512,,1413394925605760512,29,False,76
,,,,106,,,INSUFFICIENT_TRACKS,16,,,,,,,,,,Global-DoF,V2_03_difficult:1413394925405760512:1413394925605760512,,formal_public_module_evidence,,,,,,,,V2_03_difficult,,,,790,1413394925405760512,,1413394925605760512,29,False,76
,,,,106,,,INSUFFICIENT_TRACKS,16,,,,,,,,,,DPR-Exact-Block,V2_03_difficult:1413394925405760512:1413394925605760512,,formal_public_module_evidence,,,,,,,,V2_03_difficult,,,,790,1413394925405760512,,1413394925605760512,29,False,76
,,,,106,,,INSUFFICIENT_TRACKS,16,,,,,,,,,,DUC-K16,V2_03_difficult:1413394925405760512:1413394925605760512,,formal_public_module_evidence,,,,,,,,V2_03_difficult,,,,790,1413394925405760512,,1413394925605760512,29,False,76
,,,,106,,,INSUFFICIENT_TRACKS,16,,,,,,,,,,Permuted-K16,V2_03_difficult:1413394925405760512:1413394925605760512,,formal_public_module_evidence,,,,,,,,V2_03_difficult,,,,790,1413394925405760512,,1413394925605760512,29,False,76
,,,,106,,,INSUFFICIENT_TRACKS,48,,,,,,,,,,Raw,V2_03_difficult:1413394925405760512:1413394925605760512,,formal_public_module_evidence,,,,,,,,V2_03_difficult,,,,790,1413394925405760512,,1413394925605760512,29,False,76
,,,,106,,,INSUFFICIENT_TRACKS,48,,,,,,,,,,Global-DoF,V2_03_difficult:1413394925405760512:1413394925605760512,,formal_public_module_evidence,,,,,,,,V2_03_difficult,,,,790,1413394925405760512,,1413394925605760512,29,False,76
,,,,106,,,INSUFFICIENT_TRACKS,48,,,,,,,,,,DPR-Exact-Block,V2_03_difficult:1413394925405760512:1413394925605760512,,formal_public_module_evidence,,,,,,,,V2_03_difficult,,,,790,1413394925405760512,,1413394925605760512,29,False,76
,,,,106,,,INSUFFICIENT_TRACKS,48,,,,,,,,,,DUC-K16,V2_03_difficult:1413394925405760512:1413394925605760512,,formal_public_module_evidence,,,,,,,,V2_03_difficult,,,,790,1413394925405760512,,1413394925605760512,29,False,76
,,,,106,,,INSUFFICIENT_TRACKS,48,,,,,,,,,,Permuted-K16,V2_03_difficult:1413394925405760512:1413394925605760512,,formal_public_module_evidence,,,,,,,,V2_03_difficult,,,,790,1413394925405760512,,1413394925605760512,29,False,76
,,,,104,,,INSUFFICIENT_TRACKS,16,,,,,,,,,,Raw,V2_03_difficult:1413394925905760512:1413394926105760512,,formal_public_module_evidence,,,,,,,,V2_03_difficult,,,,800,1413394925905760512,,1413394926105760512,58,False,91
,,,,104,,,INSUFFICIENT_TRACKS,16,,,,,,,,,,Global-DoF,V2_03_difficult:1413394925905760512:1413394926105760512,,formal_public_module_evidence,,,,,,,,V2_03_difficult,,,,800,1413394925905760512,,1413394926105760512,58,False,91
,,,,104,,,INSUFFICIENT_TRACKS,16,,,,,,,,,,DPR-Exact-Block,V2_03_difficult:1413394925905760512:1413394926105760512,,formal_public_module_evidence,,,,,,,,V2_03_difficult,,,,800,1413394925905760512,,1413394926105760512,58,False,91
,,,,104,,,INSUFFICIENT_TRACKS,16,,,,,,,,,,DUC-K16,V2_03_difficult:1413394925905760512:1413394926105760512,,formal_public_module_evidence,,,,,,,,V2_03_difficult,,,,800,1413394925905760512,,1413394926105760512,58,False,91
,,,,104,,,INSUFFICIENT_TRACKS,16,,,,,,,,,,Permuted-K16,V2_03_difficult:1413394925905760512:1413394926105760512,,formal_public_module_evidence,,,,,,,,V2_03_difficult,,,,800,1413394925905760512,,1413394926105760512,58,False,91
,,,,104,,,INSUFFICIENT_TRACKS,48,,,,,,,,,,Raw,V2_03_difficult:1413394925905760512:1413394926105760512,,formal_public_module_evidence,,,,,,,,V2_03_difficult,,,,800,1413394925905760512,,1413394926105760512,58,False,91
,,,,104,,,INSUFFICIENT_TRACKS,48,,,,,,,,,,Global-DoF,V2_03_difficult:1413394925905760512:1413394926105760512,,formal_public_module_evidence,,,,,,,,V2_03_difficult,,,,800,1413394925905760512,,1413394926105760512,58,False,91
,,,,104,,,INSUFFICIENT_TRACKS,48,,,,,,,,,,DPR-Exact-Block,V2_03_difficult:1413394925905760512:1413394926105760512,,formal_public_module_evidence,,,,,,,,V2_03_difficult,,,,800,1413394925905760512,,1413394926105760512,58,False,91
,,,,104,,,INSUFFICIENT_TRACKS,48,,,,,,,,,,DUC-K16,V2_03_difficult:1413394925905760512:1413394926105760512,,formal_public_module_evidence,,,,,,,,V2_03_difficult,,,,800,1413394925905760512,,1413394926105760512,58,False,91
,,,,104,,,INSUFFICIENT_TRACKS,48,,,,,,,,,,Permuted-K16,V2_03_difficult:1413394925905760512:1413394926105760512,,formal_public_module_evidence,,,,,,,,V2_03_difficult,,,,800,1413394925905760512,,1413394926105760512,58,False,91
,,,,119,,,INSUFFICIENT_TRACKS,16,,,,,,,,,,Raw,V2_03_difficult:1413394926405760512:1413394926605760512,,formal_public_module_evidence,,,,,,,,V2_03_difficult,,,,810,1413394926405760512,,1413394926605760512,58,False,83
,,,,119,,,INSUFFICIENT_TRACKS,16,,,,,,,,,,Global-DoF,V2_03_difficult:1413394926405760512:1413394926605760512,,formal_public_module_evidence,,,,,,,,V2_03_difficult,,,,810,1413394926405760512,,1413394926605760512,58,False,83
,,,,119,,,INSUFFICIENT_TRACKS,16,,,,,,,,,,DPR-Exact-Block,V2_03_difficult:1413394926405760512:1413394926605760512,,formal_public_module_evidence,,,,,,,,V2_03_difficult,,,,810,1413394926405760512,,1413394926605760512,58,False,83
,,,,119,,,INSUFFICIENT_TRACKS,16,,,,,,,,,,DUC-K16,V2_03_difficult:1413394926405760512:1413394926605760512,,formal_public_module_evidence,,,,,,,,V2_03_difficult,,,,810,1413394926405760512,,1413394926605760512,58,False,83
,,,,119,,,INSUFFICIENT_TRACKS,16,,,,,,,,,,Permuted-K16,V2_03_difficult:1413394926405760512:1413394926605760512,,formal_public_module_evidence,,,,,,,,V2_03_difficult,,,,810,1413394926405760512,,1413394926605760512,58,False,83
,,,,119,,,INSUFFICIENT_TRACKS,48,,,,,,,,,,Raw,V2_03_difficult:1413394926405760512:1413394926605760512,,formal_public_module_evidence,,,,,,,,V2_03_difficult,,,,810,1413394926405760512,,1413394926605760512,58,False,83
,,,,119,,,INSUFFICIENT_TRACKS,48,,,,,,,,,,Global-DoF,V2_03_difficult:1413394926405760512:1413394926605760512,,formal_public_module_evidence,,,,,,,,V2_03_difficult,,,,810,1413394926405760512,,1413394926605760512,58,False,83
,,,,119,,,INSUFFICIENT_TRACKS,48,,,,,,,,,,DPR-Exact-Block,V2_03_difficult:1413394926405760512:1413394926605760512,,formal_public_module_evidence,,,,,,,,V2_03_difficult,,,,810,1413394926405760512,,1413394926605760512,58,False,83
,,,,119,,,INSUFFICIENT_TRACKS,48,,,,,,,,,,DUC-K16,V2_03_difficult:1413394926405760512:1413394926605760512,,formal_public_module_evidence,,,,,,,,V2_03_difficult,,,,810,1413394926405760512,,1413394926605760512,58,False,83
,,,,119,,,INSUFFICIENT_TRACKS,48,,,,,,,,,,Permuted-K16,V2_03_difficult:1413394926405760512:1413394926605760512,,formal_public_module_evidence,,,,,,,,V2_03_difficult,,,,810,1413394926405760512,,1413394926605760512,58,False,83
0.7321904226252041,0.006367,0.008333333333333415,0.9583333333333334,162,6.181312485683828,6.0,,16,2.0529296241393986,2.4862245445019298,2.0139459973830327,4.140262252633832,True,1.724039530167268,2.972312301579374,6,0.07982145799496898,Raw,V2_03_difficult:1413394926905760512:1413394927105760512,0.042068,formal_public_module_evidence,0.03175263522121441,0.07227137355662325,0.11625349425337729,0.2762516838734077,0.9418965351629263,1,0,V2_03_difficult,5,OK,True,820,1413394926905760512,1.6103728217220748e-08,1413394927105760512,77,True,130
0.9398297874034484,0.002195,0.050000000000000044,1.0,162,7.607769213149326,6.0,,16,2.0529296241393986,2.4862245445019298,2.0139459973830327,4.257741387228456,True,1.724039530167268,2.972312301579374,6,0.07982145799496898,Global-DoF,V2_03_difficult:1413394926905760512:1413394927105760512,0.042068,formal_public_module_evidence,0.03175263522121441,0.07227137355662325,0.11625349425337729,0.2762516838734077,0.9418965351629263,1,0,V2_03_difficult,5,OK,True,820,1413394926905760512,1.6103728217220748e-08,1413394927105760512,77,True,130
0.9469716320669189,0.4584,0.050000000000000044,1.0,162,7.6622972025494525,6.0,,16,2.0529296241393986,2.4862245445019298,2.0139459973830327,4.26210289385946,True,1.724039530167268,2.972312301579374,6,0.07982145799496898,DPR-Exact-Block,V2_03_difficult:1413394926905760512:1413394927105760512,0.042068,formal_public_module_evidence,0.03175263522121441,0.07227137355662325,0.11625349425337729,0.2762516838734077,0.9418965351629263,1,0,V2_03_difficult,5,OK,True,820,1413394926905760512,1.6103728217220748e-08,1413394927105760512,77,True,130
1.023767342865415,0.183208,0.050000000000000044,1.0,162,8.273912936847722,6.0,,16,2.0529296241393986,2.4862245445019298,2.0139459973830327,4.310223623021173,True,1.724039530167268,2.972312301579374,6,0.07982145799496898,DUC-K16,V2_03_difficult:1413394926905760512:1413394927105760512,0.042068,formal_public_module_evidence,0.03175263522121441,0.07227137355662325,0.11625349425337729,0.2762516838734077,0.9418965351629263,1,0,V2_03_difficult,5,OK,True,820,1413394926905760512,1.6103728217220748e-08,1413394927105760512,77,True,130
0.9419858353056421,0.069982,0.050000000000000044,1.0,162,7.624189623236156,6.0,,16,2.0529296241393986,2.4862245445019298,2.0139459973830327,4.259055986865682,True,1.724039530167268,2.972312301579374,6,0.07982145799496898,Permuted-K16,V2_03_difficult:1413394926905760512:1413394927105760512,0.042068,formal_public_module_evidence,0.03175263522121441,0.07227137355662325,0.11625349425337729,0.2762516838734077,0.9418965351629263,1,0,V2_03_difficult,5,OK,True,820,1413394926905760512,1.6103728217220748e-08,1413394927105760512,77,True,130
1.3495265106412753,0.006196,0.050000000000000044,1.0,162,8.135523903542294,6.0,,48,1.703008643486204,2.852283980171381,2.0312620466309546,4.193480243394739,True,1.4526025571223877,2.1100541889585,6,0.007581463219853646,Raw,V2_03_difficult:1413394926905760512:1413394927105760512,0.039495,formal_public_module_evidence,0.012727368415175744,0.03678336123787568,0.056344577019407475,0.45009494146791185,1.0,3,0,V2_03_difficult,5,OK,True,820,1413394926905760512,1.586204106304925e-08,1413394927105760512,77,True,130
1.4140650317788463,0.001997,0.050000000000000044,1.0,162,8.677892163778449,6.0,,48,1.703008643486204,2.852283980171381,2.0312620466309546,4.2418085747063685,True,1.4526025571223877,2.1100541889585,6,0.007581463219853646,Global-DoF,V2_03_difficult:1413394926905760512:1413394927105760512,0.039495,formal_public_module_evidence,0.012727368415175744,0.03678336123787568,0.056344577019407475,0.45009494146791185,1.0,3,0,V2_03_difficult,5,OK,True,820,1413394926905760512,1.586204106304925e-08,1413394927105760512,77,True,130
1.4608423451572177,1.282395,0.050000000000000044,1.0,162,9.093464550890177,6.0,,48,1.703008643486204,2.852283980171381,2.0312620466309546,4.277473774691981,True,1.4526025571223877,2.1100541889585,6,0.007581463219853646,DPR-Exact-Block,V2_03_difficult:1413394926905760512:1413394927105760512,0.039495,formal_public_module_evidence,0.012727368415175744,0.03678336123787568,0.056344577019407475,0.45009494146791185,1.0,3,0,V2_03_difficult,5,OK,True,820,1413394926905760512,1.586204106304925e-08,1413394927105760512,77,True,130
1.4683952135210836,0.315637,0.050000000000000044,1.0,162,9.162406317923795,6.0,,48,1.703008643486204,2.852283980171381,2.0312620466309546,4.283280671782538,True,1.4526025571223877,2.1100541889585,6,0.007581463219853646,DUC-K16,V2_03_difficult:1413394926905760512:1413394927105760512,0.039495,formal_public_module_evidence,0.012727368415175744,0.03678336123787568,0.056344577019407475,0.45009494146791185,1.0,3,0,V2_03_difficult,5,OK,True,820,1413394926905760512,1.586204106304925e-08,1413394927105760512,77,True,130
1.3964572510424977,0.105105,0.050000000000000044,1.0,162,8.526431101048594,6.0,,48,1.703008643486204,2.852283980171381,2.0312620466309546,4.22852009101645,True,1.4526025571223877,2.1100541889585,6,0.007581463219853646,Permuted-K16,V2_03_difficult:1413394926905760512:1413394927105760512,0.039495,formal_public_module_evidence,0.012727368415175744,0.03678336123787568,0.056344577019407475,0.45009494146791185,1.0,3,0,V2_03_difficult,5,OK,True,820,1413394926905760512,1.586204106304925e-08,1413394927105760512,77,True,130
1.0604498762829309,0.005938,0.050000000000000044,1.0,196,19.785657140398676,5.999999999999998,,16,1.4323562599577737,4.448107141290403,1.4878774283715182,5.169134337898371,True,2.6175891071701627,6.851772733975889,6,0.019097257213168795,Raw,V2_03_difficult:1413394927405760512:1413394927605760512,0.037965,formal_public_module_evidence,0.02649462915067824,0.07368815272423937,0.11099893677413569,0.3664367274849899,0.7879779406556456,0,0,V2_03_difficult,5,OK,True,830,1413394927405760512,1.1087476106338625e-09,1413394927605760512,123,True,159
1.2680892410611755,0.002137,0.050000000000000044,1.0,196,24.351578018952218,5.999999999999998,,16,1.4323562599577737,4.448107141290403,1.4878774283715182,5.311842455839363,True,2.6175891071701627,6.851772733975889,6,0.019097257213168795,Global-DoF,V2_03_difficult:1413394927405760512:1413394927605760512,0.037965,formal_public_module_evidence,0.02649462915067824,0.07368815272423937,0.11099893677413569,0.3664367274849899,0.7879779406556456,0,0,V2_03_difficult,5,OK,True,830,1413394927405760512,1.1087476106338625e-09,1413394927605760512,123,True,159
1.1998992192081435,0.45027,0.050000000000000044,1.0,196,22.746394089691165,5.999999999999998,,16,1.4323562599577737,4.448107141290403,1.4878774283715182,5.263508265724583,True,2.6175891071701627,6.851772733975889,6,0.019097257213168795,DPR-Exact-Block,V2_03_difficult:1413394927405760512:1413394927605760512,0.037965,formal_public_module_evidence,0.02649462915067824,0.07368815272423937,0.11099893677413569,0.3664367274849899,0.7879779406556456,0,0,V2_03_difficult,5,OK,True,830,1413394927405760512,1.1087476106338625e-09,1413394927605760512,123,True,159
1.1806172539865063,0.180194,0.050000000000000044,1.0,196,22.31200035108823,5.999999999999998,,16,1.4323562599577737,4.448107141290403,1.4878774283715182,5.250090860569633,True,2.6175891071701627,6.851772733975889,6,0.019097257213168795,DUC-K16,V2_03_difficult:1413394927405760512:1413394927605760512,0.037965,formal_public_module_evidence,0.02649462915067824,0.07368815272423937,0.11099893677413569,0.3664367274849899,0.7879779406556456,0,0,V2_03_difficult,5,OK,True,830,1413394927405760512,1.1087476106338625e-09,1413394927605760512,123,True,159
1.1533771596975153,0.069226,0.050000000000000044,1.0,196,21.712422708075017,5.999999999999998,,16,1.4323562599577737,4.448107141290403,1.4878774283715182,5.231330878246799,True,2.6175891071701627,6.851772733975889,6,0.019097257213168795,Permuted-K16,V2_03_difficult:1413394927405760512:1413394927605760512,0.037965,formal_public_module_evidence,0.02649462915067824,0.07368815272423937,0.11099893677413569,0.3664367274849899,0.7879779406556456,0,0,V2_03_difficult,5,OK,True,830,1413394927405760512,1.1087476106338625e-09,1413394927605760512,123,True,159
1.854289934717063,0.006255,0.050000000000000044,1.0,196,19.363445635209718,6.0,,48,1.4522846897474901,4.400391532035498,1.5082458819453968,4.957828183375555,True,1.7411547702435157,3.0316199339417502,6,0.01516085470501749,Raw,V2_03_difficult:1413394927405760512:1413394927605760512,0.03865,formal_public_module_evidence,0.015180687869296883,0.03643277749200028,0.058072254036687844,0.4487992598185514,1.1050357622145854,6,0,V2_03_difficult,5,OK,True,830,1413394927405760512,5.56489472934074e-10,1413394927605760512,123,True,159
1.918828455854634,0.002007,0.050000000000000044,1.0,196,20.654342010890364,6.0,,48,1.4522846897474901,4.400391532035498,1.5082458819453968,5.012581449892593,True,1.7411547702435157,3.0316199339417502,6,0.01516085470501749,Global-DoF,V2_03_difficult:1413394927405760512:1413394927605760512,0.03865,formal_public_module_evidence,0.015180687869296883,0.03643277749200028,0.058072254036687844,0.4487992598185514,1.1050357622145854,6,0,V2_03_difficult,5,OK,True,830,1413394927405760512,5.56489472934074e-10,1413394927605760512,123,True,159
1.914339372507977,1.291099,0.050000000000000044,1.0,196,20.561830748872154,6.0,,48,1.4522846897474901,4.400391532035498,1.5082458819453968,5.008752750048629,True,1.7411547702435157,3.0316199339417502,6,0.01516085470501749,DPR-Exact-Block,V2_03_difficult:1413394927405760512:1413394927605760512,0.03865,formal_public_module_evidence,0.015180687869296883,0.03643277749200028,0.058072254036687844,0.4487992598185514,1.1050357622145854,6,0,V2_03_difficult,5,OK,True,830,1413394927405760512,5.56489472934074e-10,1413394927605760512,123,True,159
1.9293864499873776,0.317972,0.050000000000000044,1.0,196,20.873565677324965,6.0,,48,1.4522846897474901,4.400391532035498,1.5082458819453968,5.021597906205634,True,1.7411547702435157,3.0316199339417502,6,0.01516085470501749,DUC-K16,V2_03_difficult:1413394927405760512:1413394927605760512,0.03865,formal_public_module_evidence,0.015180687869296883,0.03643277749200028,0.058072254036687844,0.4487992598185514,1.1050357622145854,6,0,V2_03_difficult,5,OK,True,830,1413394927405760512,5.56489472934074e-10,1413394927605760512,123,True,159
1.9009464134709502,0.105645,0.050000000000000044,1.0,196,20.288282888446144,6.0,,48,1.4522846897474901,4.400391532035498,1.5082458819453968,4.997347720630562,True,1.7411547702435157,3.0316199339417502,6,0.01516085470501749,Permuted-K16,V2_03_difficult:1413394927405760512:1413394927605760512,0.03865,formal_public_module_evidence,0.015180687869296883,0.03643277749200028,0.058072254036687844,0.4487992598185514,1.1050357622145854,6,0,V2_03_difficult,5,OK,True,830,1413394927405760512,5.56489472934074e-10,1413394927605760512,123,True,159
1.7604860228399284,0.006146,0.15833333333333333,0.7916666666666666,181,1.636933117760341,5.999999999999999,,16,2.2173748081962037,1.2794268708137801,2.1676830521956463,8.145964565717478,True,3.0853195440169667,9.519196688693063,6,0.0025129201223494935,Raw,V2_03_difficult:1413394927905760512:1413394928105760512,0.038128,formal_public_module_evidence,0.035719013372891906,0.0712858953650449,0.10499949146058912,0.19068505035836963,0.7333952155202297,0,0,V2_03_difficult,5,OK,True,840,1413394927905760512,2.8442370617205822e-09,1413394928105760512,112,True,145
1.5528466580616835,0.002102,0.11666666666666659,0.8333333333333334,181,2.0146869141665738,5.999999999999999,,16,2.2173748081962037,1.2794268708137801,2.1676830521956463,7.263242107056054,True,3.0853195440169667,9.519196688693063,6,0.0025129201223494935,Global-DoF,V2_03_difficult:1413394927905760512:1413394928105760512,0.038128,formal_public_module_evidence,0.035719013372891906,0.0712858953650449,0.10499949146058912,0.19068505035836963,0.7333952155202297,0,0,V2_03_difficult,5,OK,True,840,1413394927905760512,2.8442370617205822e-09,1413394928105760512,112,True,145
1.4735958180727515,0.44656,0.11666666666666659,0.8333333333333334,181,2.1808498618802243,5.999999999999999,,16,2.2173748081962037,1.2794268708137801,2.1676830521956463,6.982494062861897,True,3.0853195440169667,9.519196688693063,6,0.0025129201223494935,DPR-Exact-Block,V2_03_difficult:1413394927905760512:1413394928105760512,0.038128,formal_public_module_evidence,0.035719013372891906,0.0712858953650449,0.10499949146058912,0.19068505035836963,0.7333952155202297,0,0,V2_03_difficult,5,OK,True,840,1413394927905760512,2.8442370617205822e-09,1413394928105760512,112,True,145
1.4710860500546195,0.178457,0.11666666666666659,0.8333333333333334,181,2.1863301633819665,5.999999999999999,,16,2.2173748081962037,1.2794268708137801,2.1676830521956463,6.9740626741836325,True,3.0853195440169667,9.519196688693063,6,0.0025129201223494935,DUC-K16,V2_03_difficult:1413394927905760512:1413394928105760512,0.038128,formal_public_module_evidence,0.035719013372891906,0.0712858953650449,0.10499949146058912,0.19068505035836963,0.7333952155202297,0,0,V2_03_difficult,5,OK,True,840,1413394927905760512,2.8442370617205822e-09,1413394928105760512,112,True,145
1.3938698788180321,0.068826,0.11666666666666659,0.8333333333333334,181,2.3618390758320773,5.999999999999999,,16,2.2173748081962037,1.2794268708137801,2.1676830521956463,6.727734789505135,True,3.0853195440169667,9.519196688693063,6,0.0025129201223494935,Permuted-K16,V2_03_difficult:1413394927905760512:1413394928105760512,0.038128,formal_public_module_evidence,0.035719013372891906,0.0712858953650449,0.10499949146058912,0.19068505035836963,0.7333952155202297,0,0,V2_03_difficult,5,OK,True,840,1413394927905760512,2.8442370617205822e-09,1413394928105760512,112,True,145
0.48872081999482975,0.005952,0.033333333333333326,0.9166666666666666,181,5.037786498293706,6.0,,48,1.6851937973940594,2.244501391911733,2.1555983210598666,5.085073393771513,True,2.8657892993521843,8.212748308281483,6,0.05738144287293401,Raw,V2_03_difficult:1413394927905760512:1413394928105760512,0.039778,formal_public_module_evidence,0.015466947377056006,0.04701155544495434,0.06693913659095783,0.5668446621109646,1.169178846811125,5,0,V2_03_difficult,5,OK,True,840,1413394927905760512,6.826968602813151e-10,1413394928105760512,112,True,145
0.42418229885725856,0.002482,0.033333333333333326,0.9166666666666666,181,5.3736389315132875,6.0,,48,1.6851937973940594,2.244501391911733,2.1555983210598666,5.047722569371824,True,2.8657892993521843,8.212748308281483,6,0.05738144287293401,Global-DoF,V2_03_difficult:1413394927905760512:1413394928105760512,0.039778,formal_public_module_evidence,0.015466947377056006,0.04701155544495434,0.06693913659095783,0.5668446621109646,1.169178846811125,5,0,V2_03_difficult,5,OK,True,840,1413394927905760512,6.826968602813151e-10,1413394928105760512,112,True,145
0.3313885545275361,1.270136,0.033333333333333326,0.9166666666666666,181,5.896146867334719,6.0,,48,1.6851937973940594,2.244501391911733,2.1555983210598666,5.005077035771205,True,2.8657892993521843,8.212748308281483,6,0.05738144287293401,DPR-Exact-Block,V2_03_difficult:1413394927905760512:1413394928105760512,0.039778,formal_public_module_evidence,0.015466947377056006,0.04701155544495434,0.06693913659095783,0.5668446621109646,1.169178846811125,5,0,V2_03_difficult,5,OK,True,840,1413394927905760512,6.826968602813151e-10,1413394928105760512,112,True,145
0.27559303963257575,0.317712,0.033333333333333326,0.9166666666666666,181,6.234476281973115,6.0,,48,1.6851937973940594,2.244501391911733,2.1555983210598666,4.985283306827981,True,2.8657892993521843,8.212748308281483,6,0.05738144287293401,DUC-K16,V2_03_difficult:1413394927905760512:1413394928105760512,0.039778,formal_public_module_evidence,0.015466947377056006,0.04701155544495434,0.06693913659095783,0.5668446621109646,1.169178846811125,5,0,V2_03_difficult,5,OK,True,840,1413394927905760512,6.826968602813151e-10,1413394928105760512,112,True,145
0.44267435127325017,0.104552,0.033333333333333326,0.9166666666666666,181,5.275182455517127,6.0,,48,1.6851937973940594,2.244501391911733,2.1555983210598666,5.057755594489392,True,2.8657892993521843,8.212748308281483,6,0.05738144287293401,Permuted-K16,V2_03_difficult:1413394927905760512:1413394928105760512,0.039778,formal_public_module_evidence,0.015466947377056006,0.04701155544495434,0.06693913659095783,0.5668446621109646,1.169178846811125,5,0,V2_03_difficult,5,OK,True,840,1413394927905760512,6.826968602813151e-10,1413394928105760512,112,True,145
1.7878237536515584,0.006,0.2833333333333333,0.6666666666666666,180,0.6435844087418671,5.999999999999999,,16,2.008260899555662,0.8022371275015057,1.9921728008183652,7.373607092385799,True,1.9612084359527984,3.8463385292524213,6,0.06874372405936247,Raw,V2_03_difficult:1413394928405760512:1413394928605760512,0.038346,formal_public_module_evidence,0.03334431556294459,0.06914236888779401,0.10748352936043698,0.25242489562792686,1.0240209190416245,2,0,V2_03_difficult,4,OK,True,850,1413394928405760512,4.916710654081204e-09,1413394928605760512,79,True,119
1.5801843888733136,0.00218,0.24166666666666659,0.7083333333333334,180,0.7921038876822981,5.999999999999999,,16,2.008260899555662,0.8022371275015057,1.9921728008183652,6.460665435562433,True,1.9612084359527984,3.8463385292524213,6,0.06874372405936247,Global-DoF,V2_03_difficult:1413394928405760512:1413394928605760512,0.038346,formal_public_module_evidence,0.03334431556294459,0.06914236888779401,0.10748352936043698,0.25242489562792686,1.0240209190416245,2,0,V2_03_difficult,4,OK,True,850,1413394928405760512,4.916710654081204e-09,1413394928605760512,79,True,119
1.4277979514749388,0.48304,0.19999999999999996,0.75,180,0.9224922658034425,5.999999999999999,,16,2.008260899555662,0.8022371275015057,1.9921728008183652,5.926708396745579,True,1.9612084359527984,3.8463385292524213,6,0.06874372405936247,DPR-Exact-Block,V2_03_difficult:1413394928405760512:1413394928605760512,0.038346,formal_public_module_evidence,0.03334431556294459,0.06914236888779401,0.10748352936043698,0.25242489562792686,1.0240209190416245,2,0,V2_03_difficult,4,OK,True,850,1413394928405760512,4.916710654081204e-09,1413394928605760512,79,True,119
1.4990187215209012,0.176454,0.24166666666666659,0.7083333333333334,180,0.8590767120361545,5.999999999999999,,16,2.008260899555662,0.8022371275015057,1.9921728008183652,6.163273451631507,True,1.9612084359527984,3.8463385292524213,6,0.06874372405936247,DUC-K16,V2_03_difficult:1413394928405760512:1413394928605760512,0.038346,formal_public_module_evidence,0.03334431556294459,0.06914236888779401,0.10748352936043698,0.25242489562792686,1.0240209190416245,2,0,V2_03_difficult,4,OK,True,850,1413394928405760512,4.916710654081204e-09,1413394928605760512,79,True,119
1.5723690288111767,0.069688,0.24166666666666659,0.7083333333333334,180,0.7983187187088712,5.999999999999999,,16,2.008260899555662,0.8022371275015057,1.9921728008183652,6.43067848267646,True,1.9612084359527984,3.8463385292524213,6,0.06874372405936247,Permuted-K16,V2_03_difficult:1413394928405760512:1413394928605760512,0.038346,formal_public_module_evidence,0.03334431556294459,0.06914236888779401,0.10748352936043698,0.25242489562792686,1.0240209190416245,2,0,V2_03_difficult,4,OK,True,850,1413394928405760512,4.916710654081204e-09,1413394928605760512,79,True,119
0.08544771980036206,0.006028,0.033333333333333326,0.9166666666666666,180,3.03299979592918,6.0,,48,1.7319914624044255,1.7415509742551838,1.9901365566716087,4.036633843853049,True,1.8175690848262291,3.303557378116056,6,0.06728330917415237,Raw,V2_03_difficult:1413394928405760512:1413394928605760512,0.039069,formal_public_module_evidence,0.011144880720799222,0.04304462998518393,0.057334181891853235,0.3831710153973672,1.2471319383305992,3,0,V2_03_difficult,5,OK,True,850,1413394928405760512,2.3865134724381493e-10,1413394928605760512,79,True,119
0.020909198662790847,0.002135,0.033333333333333326,0.9166666666666666,180,3.2351997823244587,6.0,,48,1.7319914624044255,1.7415509742551838,1.9901365566716087,4.033097076489323,True,1.8175690848262291,3.303557378116056,6,0.06728330917415237,Global-DoF,V2_03_difficult:1413394928405760512:1413394928605760512,0.039069,formal_public_module_evidence,0.011144880720799222,0.04304462998518393,0.057334181891853235,0.3831710153973672,1.2471319383305992,3,0,V2_03_difficult,5,OK,True,850,1413394928405760512,2.3865134724381493e-10,1413394928605760512,79,True,119
0.03649255820037734,1.27171,0.033333333333333326,0.9166666666666666,180,3.426339326204641,6.0,,48,1.7319914624044255,1.7415509742551838,1.9901365566716087,4.033534774827399,True,1.8175690848262291,3.303557378116056,6,0.06728330917415237,DPR-Exact-Block,V2_03_difficult:1413394928405760512:1413394928605760512,0.039069,formal_public_module_evidence,0.011144880720799222,0.04304462998518393,0.057334181891853235,0.3831710153973672,1.2471319383305992,3,0,V2_03_difficult,5,OK,True,850,1413394928405760512,2.3865134724381493e-10,1413394928605760512,79,True,119
0.03316122003821312,0.31415,0.033333333333333326,0.9166666666666666,180,3.195803877984057,6.0,,48,1.7319914624044255,1.7415509742551838,1.9901365566716087,4.033432909325878,True,1.8175690848262291,3.303557378116056,6,0.06728330917415237,DUC-K16,V2_03_difficult:1413394928405760512:1413394928605760512,0.039069,formal_public_module_evidence,0.011144880720799222,0.04304462998518393,0.057334181891853235,0.3831710153973672,1.2471319383305992,3,0,V2_03_difficult,5,OK,True,850,1413394928405760512,2.3865134724381493e-10,1413394928605760512,79,True,119
0.0026762217345743826,0.108934,0.033333333333333326,0.9166666666666666,180,3.312410271041193,6.0,,48,1.7319914624044255,1.7415509742551838,1.9901365566716087,4.032880525521595,True,1.8175690848262291,3.303557378116056,6,0.06728330917415237,Permuted-K16,V2_03_difficult:1413394928405760512:1413394928605760512,0.039069,formal_public_module_evidence,0.011144880720799222,0.04304462998518393,0.057334181891853235,0.3831710153973672,1.2471319383305992,3,0,V2_03_difficult,5,OK,True,850,1413394928405760512,2.3865134724381493e-10,1413394928605760512,79,True,119
0.6980575017182133,0.005866,0.19999999999999996,0.75,148,0.9095594244268912,5.999999999999998,,16,1.59095192120371,0.9537082491133707,1.6542799198602884,3.752926913802279,True,1.352062599580537,1.8280732731844795,6,0.0066847274952148705,Raw,V2_03_difficult:1413394928905760512:1413394929105760512,0.038294,formal_public_module_evidence,0.027486077441258194,0.06139510375750265,0.09954494168631918,0.30579994465794735,0.7600892165064819,0,0,V2_03_difficult,4,OK,True,860,1413394928905760512,2.478751572720353e-09,1413394929105760512,107,True,116
0.49041813693996905,0.002103,0.19999999999999996,0.75,148,1.119457753140789,5.999999999999998,,16,1.59095192120371,0.9537082491133707,1.6542799198602884,3.5837203798773536,True,1.352062599580537,1.8280732731844795,6,0.0066847274952148705,Global-DoF,V2_03_difficult:1413394928905760512:1413394929105760512,0.038294,formal_public_module_evidence,0.027486077441258194,0.06139510375750265,0.09954494168631918,0.30579994465794735,0.7600892165064819,0,0,V2_03_difficult,4,OK,True,860,1413394928905760512,2.478751572720353e-09,1413394929105760512,107,True,116
0.41495094666797533,0.485475,0.19999999999999996,0.75,148,1.207209634566556,5.999999999999998,,16,1.59095192120371,0.9537082491133707,1.6542799198602884,3.5404851333521727,True,1.352062599580537,1.8280732731844795,6,0.0066847274952148705,DPR-Exact-Block,V2_03_difficult:1413394928905760512:1413394929105760512,0.038294,formal_public_module_evidence,0.027486077441258194,0.06139510375750265,0.09954494168631918,0.30579994465794735,0.7600892165064819,0,0,V2_03_difficult,4,OK,True,860,1413394928905760512,2.478751572720353e-09,1413394929105760512,107,True,116
0.4082884628898364,0.177006,0.19999999999999996,0.75,148,1.2152795020032312,5.999999999999998,,16,1.59095192120371,0.9537082491133707,1.6542799198602884,3.5370921758492067,True,1.352062599580537,1.8280732731844795,6,0.0066847274952148705,DUC-K16,V2_03_difficult:1413394928905760512:1413394929105760512,0.038294,formal_public_module_evidence,0.027486077441258194,0.06139510375750265,0.09954494168631918,0.30579994465794735,0.7600892165064819,0,0,V2_03_difficult,4,OK,True,860,1413394928905760512,2.478751572720353e-09,1413394929105760512,107,True,116
0.4719982571140967,0.068807,0.19999999999999996,0.75,148,1.1402691133771043,5.999999999999998,,16,1.59095192120371,0.9537082491133707,1.6542799198602884,3.572335954861711,True,1.352062599580537,1.8280732731844795,6,0.0066847274952148705,Permuted-K16,V2_03_difficult:1413394928905760512:1413394929105760512,0.038294,formal_public_module_evidence,0.027486077441258194,0.06139510375750265,0.09954494168631918,0.30579994465794735,0.7600892165064819,0,0,V2_03_difficult,4,OK,True,860,1413394928905760512,2.478751572720353e-09,1413394929105760512,107,True,116
0.29312385140033437,0.006243,0.033333333333333326,0.9166666666666666,148,1.5749095086850986,6.0,,48,1.5792014382195094,1.2549539866804276,1.6408355795646516,3.0380046327650985,True,1.0838689297713673,1.1747718569237289,6,0.029146518548030187,Raw,V2_03_difficult:1413394928905760512:1413394929105760512,0.039272,formal_public_module_evidence,0.012120480936596012,0.03859866256343055,0.05788386552759852,0.4664994223121506,1.0,7,0,V2_03_difficult,5,OK,True,860,1413394928905760512,8.392323175759623e-10,1413394929105760512,107,True,116
0.35766237253790545,0.002106,0.033333333333333326,0.9166666666666666,148,1.6799034759307716,6.0,,48,1.5792014382195094,1.2549539866804276,1.6408355795646516,3.055922544494429,True,1.0838689297713673,1.1747718569237289,6,0.029146518548030187,Global-DoF,V2_03_difficult:1413394928905760512:1413394929105760512,0.039272,formal_public_module_evidence,0.012120480936596012,0.03859866256343055,0.05788386552759852,0.4664994223121506,1.0,7,0,V2_03_difficult,5,OK,True,860,1413394928905760512,8.392323175759623e-10,1413394929105760512,107,True,116
0.39181197103706733,1.284106,0.033333333333333326,0.9166666666666666,148,1.7382622989681769,6.0,,48,1.5792014382195094,1.2549539866804276,1.6408355795646516,3.0665941797198673,True,1.0838689297713673,1.1747718569237289,6,0.029146518548030187,DPR-Exact-Block,V2_03_difficult:1413394928905760512:1413394929105760512,0.039272,formal_public_module_evidence,0.012120480936596012,0.03859866256343055,0.05788386552759852,0.4664994223121506,1.0,7,0,V2_03_difficult,5,OK,True,860,1413394928905760512,8.392323175759623e-10,1413394929105760512,107,True,116
0.36223225447234875,0.313698,0.033333333333333326,0.9166666666666666,148,1.6875980046299592,6.0,,48,1.5792014382195094,1.2549539866804276,1.6408355795646516,3.0573039572311025,True,1.0838689297713673,1.1747718569237289,6,0.029146518548030187,DUC-K16,V2_03_difficult:1413394928905760512:1413394929105760512,0.039272,formal_public_module_evidence,0.012120480936596012,0.03859866256343055,0.05788386552759852,0.4664994223121506,1.0,7,0,V2_03_difficult,5,OK,True,860,1413394928905760512,8.392323175759623e-10,1413394929105760512,107,True,116
0.35446233412188755,0.105386,0.033333333333333326,0.9166666666666666,148,1.6745363124173938,6.0,,48,1.5792014382195094,1.2549539866804276,1.6408355795646516,3.054963906565804,True,1.0838689297713673,1.1747718569237289,6,0.029146518548030187,Permuted-K16,V2_03_difficult:1413394928905760512:1413394929105760512,0.039272,formal_public_module_evidence,0.012120480936596012,0.03859866256343055,0.05788386552759852,0.4664994223121506,1.0,7,0,V2_03_difficult,5,OK,True,860,1413394928905760512,8.392323175759623e-10,1413394929105760512,107,True,116
0.41562651911224074,0.00638,0.07499999999999996,0.875,136,0.556120624956666,6.0,,16,1.6120593146997582,0.7457349562389214,1.557289362261161,2.766426829689442,True,0.9179872577592997,0.8427006054084388,6,0.09499990588212215,Raw,V2_03_difficult:1413394929405760512:1413394929605760512,0.038507,formal_public_module_evidence,0.021662964432844156,0.06660927848277431,0.08838002148026827,0.2973345038175539,0.5644073380296037,0,0,V2_03_difficult,5,OK,True,870,1413394929405760512,9.143986192785496e-11,1413394929605760512,83,True,111
0.20798715433399617,0.007178,0.07499999999999996,0.875,136,0.6844561537928198,6.0,,16,1.6120593146997582,0.7457349562389214,1.557289362261161,2.689943728183696,True,0.9179872577592997,0.8427006054084388,6,0.09499990588212215,Global-DoF,V2_03_difficult:1413394929405760512:1413394929605760512,0.038507,formal_public_module_evidence,0.021662964432844156,0.06660927848277431,0.08838002148026827,0.2973345038175539,0.5644073380296037,0,0,V2_03_difficult,5,OK,True,870,1413394929405760512,9.143986192785496e-11,1413394929605760512,83,True,111
0.10880893674953034,0.484343,0.07499999999999996,0.875,136,0.7558196612803958,6.0,,16,1.6120593146997582,0.7457349562389214,1.557289362261161,2.672873896022155,True,0.9179872577592997,0.8427006054084388,6,0.09499990588212215,DPR-Exact-Block,V2_03_difficult:1413394929405760512:1413394929605760512,0.038507,formal_public_module_evidence,0.021662964432844156,0.06660927848277431,0.08838002148026827,0.2973345038175539,0.5644073380296037,0,0,V2_03_difficult,5,OK,True,870,1413394929405760512,9.143986192785496e-11,1413394929605760512,83,True,111
0.20862916803409168,0.178616,0.07499999999999996,0.875,136,0.6840168645949007,6.0,,16,1.6120593146997582,0.7457349562389214,1.557289362261161,2.6900924138450755,True,0.9179872577592997,0.8427006054084388,6,0.09499990588212215,DUC-K16,V2_03_difficult:1413394929405760512:1413394929605760512,0.038507,formal_public_module_evidence,0.021662964432844156,0.06660927848277431,0.08838002148026827,0.2973345038175539,0.5644073380296037,0,0,V2_03_difficult,5,OK,True,870,1413394929405760512,9.143986192785496e-11,1413394929605760512,83,True,111
0.26610199840906484,0.069555,0.07499999999999996,0.875,136,0.6458128415119088,6.0,,16,1.6120593146997582,0.7457349562389214,1.557289362261161,2.70549967658575,True,0.9179872577592997,0.8427006054084388,6,0.09499990588212215,Permuted-K16,V2_03_difficult:1413394929405760512:1413394929605760512,0.038507,formal_public_module_evidence,0.021662964432844156,0.06660927848277431,0.08838002148026827,0.2973345038175539,0.5644073380296037,0,0,V2_03_difficult,5,OK,True,870,1413394929405760512,9.143986192785496e-11,1413394929605760512,83,True,111
0.32251424930003575,0.006008,0.050000000000000044,1.0,136,0.8992881638052536,6.0,,48,1.5282015892688616,0.9483080532217648,1.5465112968006134,2.4560509192972275,True,0.8070795799386709,0.6513774483539815,6,0.005620300881554852,Raw,V2_03_difficult:1413394929405760512:1413394929605760512,0.038306,formal_public_module_evidence,0.011535103853079043,0.033012499410209124,0.054716450721991806,0.4366719767584586,1.0362364244599847,4,0,V2_03_difficult,4,OK,True,870,1413394929405760512,5.473706369134029e-09,1413394929605760512,83,True,111
0.387052770437607,0.002058,0.050000000000000044,1.0,136,0.9592407080589371,6.0,,48,1.5282015892688616,0.9483080532217648,1.5465112968006134,2.4753190897722717,True,0.8070795799386709,0.6513774483539815,6,0.005620300881554852,Global-DoF,V2_03_difficult:1413394929405760512:1413394929605760512,0.038306,formal_public_module_evidence,0.011535103853079043,0.033012499410209124,0.054716450721991806,0.4366719767584586,1.0362364244599847,4,0,V2_03_difficult,4,OK,True,870,1413394929405760512,5.473706369134029e-09,1413394929605760512,83,True,111
0.4446600148397303,1.285231,0.050000000000000044,1.0,136,1.0161225966056113,6.0,,48,1.5282015892688616,0.9483080532217648,1.5465112968006134,2.4949132580536078,True,0.8070795799386709,0.6513774483539815,6,0.005620300881554852,DPR-Exact-Block,V2_03_difficult:1413394929405760512:1413394929605760512,0.038306,formal_public_module_evidence,0.011535103853079043,0.033012499410209124,0.054716450721991806,0.4366719767584586,1.0362364244599847,4,0,V2_03_difficult,4,OK,True,870,1413394929405760512,5.473706369134029e-09,1413394929605760512,83,True,111
0.43902386063898885,0.319889,0.050000000000000044,1.0,136,1.010411681880141,6.0,,48,1.5282015892688616,0.9483080532217648,1.5465112968006134,2.4929003173537208,True,0.8070795799386709,0.6513774483539815,6,0.005620300881554852,DUC-K16,V2_03_difficult:1413394929405760512:1413394929605760512,0.038306,formal_public_module_evidence,0.011535103853079043,0.033012499410209124,0.054716450721991806,0.4366719767584586,1.0362364244599847,4,0,V2_03_difficult,4,OK,True,870,1413394929405760512,5.473706369134029e-09,1413394929605760512,83,True,111
0.3793081200753468,0.104022,0.050000000000000044,1.0,136,0.951840417482163,6.0,,48,1.5282015892688616,0.9483080532217648,1.5465112968006134,2.4728539023839837,True,0.8070795799386709,0.6513774483539815,6,0.005620300881554852,Permuted-K16,V2_03_difficult:1413394929405760512:1413394929605760512,0.038306,formal_public_module_evidence,0.011535103853079043,0.033012499410209124,0.054716450721991806,0.4366719767584586,1.0362364244599847,4,0,V2_03_difficult,4,OK,True,870,1413394929405760512,5.473706369134029e-09,1413394929605760512,83,True,111
0.6149395628513517,0.006101,0.033333333333333326,0.9166666666666666,115,0.6065576192665136,6.0,,16,1.538978013749984,0.7788180912552775,1.5038285992571483,3.187466329176935,True,1.059176802848412,1.121855499692184,6,0.05024579073328872,Raw,V2_03_difficult:1413394929905760512:1413394930105760512,0.038556,formal_public_module_evidence,0.022956467744098097,0.0759433450580676,0.09006997743766076,0.20947624456429906,0.784429051472878,0,0,V2_03_difficult,4,OK,True,880,1413394929905760512,1.1956569831965176e-09,1413394930105760512,72,True,95
0.40730019807310736,0.002118,0.033333333333333326,0.9166666666666666,115,0.7465324544818629,6.0,,16,1.538978013749984,0.7788180912552775,1.5038285992571483,3.048316041149152,True,1.059176802848412,1.121855499692184,6,0.05024579073328872,Global-DoF,V2_03_difficult:1413394929905760512:1413394930105760512,0.038556,formal_public_module_evidence,0.022956467744098097,0.0759433450580676,0.09006997743766076,0.20947624456429906,0.784429051472878,0,0,V2_03_difficult,4,OK,True,880,1413394929905760512,1.1956569831965176e-09,1413394930105760512,72,True,95
0.33813192974798045,0.484501,0.033333333333333326,0.9166666666666666,115,0.799996505783386,6.0,,16,1.538978013749984,0.7788180912552775,1.5038285992571483,3.017054646966383,True,1.059176802848412,1.121855499692184,6,0.05024579073328872,DPR-Exact-Block,V2_03_difficult:1413394929905760512:1413394930105760512,0.038556,formal_public_module_evidence,0.022956467744098097,0.0759433450580676,0.09006997743766076,0.20947624456429906,0.784429051472878,0,0,V2_03_difficult,4,OK,True,880,1413394929905760512,1.1956569831965176e-09,1413394930105760512,72,True,95
0.28910770655984197,0.176186,0.033333333333333326,0.9166666666666666,115,0.8401929628003402,6.0,,16,1.538978013749984,0.7788180912552775,1.5038285992571483,2.9989889049129093,True,1.059176802848412,1.121855499692184,6,0.05024579073328872,DUC-K16,V2_03_difficult:1413394929905760512:1413394930105760512,0.038556,formal_public_module_evidence,0.022956467744098097,0.0759433450580676,0.09006997743766076,0.20947624456429906,0.784429051472878,0,0,V2_03_difficult,4,OK,True,880,1413394929905760512,1.1956569831965176e-09,1413394930105760512,72,True,95
0.3412958607199139,0.070093,0.033333333333333326,0.9166666666666666,115,0.7974693720078578,6.0,,16,1.538978013749984,0.7788180912552775,1.5038285992571483,3.0183346034449876,True,1.059176802848412,1.121855499692184,6,0.05024579073328872,Permuted-K16,V2_03_difficult:1413394929905760512:1413394930105760512,0.038556,formal_public_module_evidence,0.022956467744098097,0.0759433450580676,0.09006997743766076,0.20947624456429906,0.784429051472878,0,0,V2_03_difficult,4,OK,True,880,1413394929905760512,1.1956569831965176e-09,1413394930105760512,72,True,95
0.13434494055260335,0.006489,0.07499999999999996,0.875,115,0.8524535367620373,6.0,,48,1.5362388389724133,0.9232841040340927,1.5112272816308772,2.5525289278159247,True,0.8633019567955618,0.7452902686070461,6,0.02274937572164415,Raw,V2_03_difficult:1413394929905760512:1413394930105760512,0.038337,formal_public_module_evidence,0.015809354755401572,0.03747373654875664,0.06415385428305687,0.5579510778196901,1.1428318611017432,8,0,V2_03_difficult,4,OK,True,880,1413394929905760512,1.0109962939669309e-09,1413394930105760512,72,True,95
0.19888346169017446,0.002106,0.033333333333333326,0.9166666666666666,115,0.9092837725461731,6.0,,48,1.5362388389724133,0.9232841040340927,1.5112272816308772,2.562424421762979,True,0.8633019567955618,0.7452902686070461,6,0.02274937572164415,Global-DoF,V2_03_difficult:1413394929905760512:1413394930105760512,0.038337,formal_public_module_evidence,0.015809354755401572,0.03747373654875664,0.06415385428305687,0.5579510778196901,1.1428318611017432,8,0,V2_03_difficult,4,OK,True,880,1413394929905760512,1.0109962939669309e-09,1413394930105760512,72,True,95
0.23505519051472465,1.274362,0.033333333333333326,0.9166666666666666,115,0.9427762268817581,6.0,,48,1.5362388389724133,0.9232841040340927,1.5112272816308772,2.569477961550407,True,0.8633019567955618,0.7452902686070461,6,0.02274937572164415,DPR-Exact-Block,V2_03_difficult:1413394929905760512:1413394930105760512,0.038337,formal_public_module_evidence,0.015809354755401572,0.03747373654875664,0.06415385428305687,0.5579510778196901,1.1428318611017432,8,0,V2_03_difficult,4,OK,True,880,1413394929905760512,1.0109962939669309e-09,1413394930105760512,72,True,95
0.25754965794996987,0.31854,0.033333333333333326,0.9166666666666666,115,0.9642237974885252,6.0,,48,1.5362388389724133,0.9232841040340927,1.5112272816308772,2.5743884527486123,True,0.8633019567955618,0.7452902686070461,6,0.02274937572164415,DUC-K16,V2_03_difficult:1413394929905760512:1413394930105760512,0.038337,formal_public_module_evidence,0.015809354755401572,0.03747373654875664,0.06415385428305687,0.5579510778196901,1.1428318611017432,8,0,V2_03_difficult,4,OK,True,880,1413394929905760512,1.0109962939669309e-09,1413394930105760512,72,True,95
0.18278717256077293,0.106623,0.07499999999999996,0.875,115,0.89476484196989,6.0,,48,1.5362388389724133,0.9232841040340927,1.5112272816308772,2.55962813528864,True,0.8633019567955618,0.7452902686070461,6,0.02274937572164415,Permuted-K16,V2_03_difficult:1413394929905760512:1413394930105760512,0.038337,formal_public_module_evidence,0.015809354755401572,0.03747373654875664,0.06415385428305687,0.5579510778196901,1.1428318611017432,8,0,V2_03_difficult,4,OK,True,880,1413394929905760512,1.0109962939669309e-09,1413394930105760512,72,True,95
,,,,246,,,INSUFFICIENT_TRACKS,16,,,,,,,,,,Raw,V2_03_difficult:1413394930405760512:1413394930605760512,,formal_public_module_evidence,,,,,,,,V2_03_difficult,,,,890,1413394930405760512,,1413394930605760512,6,False,112
,,,,246,,,INSUFFICIENT_TRACKS,16,,,,,,,,,,Global-DoF,V2_03_difficult:1413394930405760512:1413394930605760512,,formal_public_module_evidence,,,,,,,,V2_03_difficult,,,,890,1413394930405760512,,1413394930605760512,6,False,112
,,,,246,,,INSUFFICIENT_TRACKS,16,,,,,,,,,,DPR-Exact-Block,V2_03_difficult:1413394930405760512:1413394930605760512,,formal_public_module_evidence,,,,,,,,V2_03_difficult,,,,890,1413394930405760512,,1413394930605760512,6,False,112
,,,,246,,,INSUFFICIENT_TRACKS,16,,,,,,,,,,DUC-K16,V2_03_difficult:1413394930405760512:1413394930605760512,,formal_public_module_evidence,,,,,,,,V2_03_difficult,,,,890,1413394930405760512,,1413394930605760512,6,False,112
,,,,246,,,INSUFFICIENT_TRACKS,16,,,,,,,,,,Permuted-K16,V2_03_difficult:1413394930405760512:1413394930605760512,,formal_public_module_evidence,,,,,,,,V2_03_difficult,,,,890,1413394930405760512,,1413394930605760512,6,False,112
,,,,246,,,INSUFFICIENT_TRACKS,48,,,,,,,,,,Raw,V2_03_difficult:1413394930405760512:1413394930605760512,,formal_public_module_evidence,,,,,,,,V2_03_difficult,,,,890,1413394930405760512,,1413394930605760512,6,False,112
,,,,246,,,INSUFFICIENT_TRACKS,48,,,,,,,,,,Global-DoF,V2_03_difficult:1413394930405760512:1413394930605760512,,formal_public_module_evidence,,,,,,,,V2_03_difficult,,,,890,1413394930405760512,,1413394930605760512,6,False,112
,,,,246,,,INSUFFICIENT_TRACKS,48,,,,,,,,,,DPR-Exact-Block,V2_03_difficult:1413394930405760512:1413394930605760512,,formal_public_module_evidence,,,,,,,,V2_03_difficult,,,,890,1413394930405760512,,1413394930605760512,6,False,112
,,,,246,,,INSUFFICIENT_TRACKS,48,,,,,,,,,,DUC-K16,V2_03_difficult:1413394930405760512:1413394930605760512,,formal_public_module_evidence,,,,,,,,V2_03_difficult,,,,890,1413394930405760512,,1413394930605760512,6,False,112
,,,,246,,,INSUFFICIENT_TRACKS,48,,,,,,,,,,Permuted-K16,V2_03_difficult:1413394930405760512:1413394930605760512,,formal_public_module_evidence,,,,,,,,V2_03_difficult,,,,890,1413394930405760512,,1413394930605760512,6,False,112
,,,,106,,,INSUFFICIENT_TRACKS,16,,,,,,,,,,Raw,V2_03_difficult:1413394930905760512:1413394931105760512,,formal_public_module_evidence,,,,,,,,V2_03_difficult,,,,900,1413394930905760512,,1413394931105760512,32,False,96
,,,,106,,,INSUFFICIENT_TRACKS,16,,,,,,,,,,Global-DoF,V2_03_difficult:1413394930905760512:1413394931105760512,,formal_public_module_evidence,,,,,,,,V2_03_difficult,,,,900,1413394930905760512,,1413394931105760512,32,False,96
,,,,106,,,INSUFFICIENT_TRACKS,16,,,,,,,,,,DPR-Exact-Block,V2_03_difficult:1413394930905760512:1413394931105760512,,formal_public_module_evidence,,,,,,,,V2_03_difficult,,,,900,1413394930905760512,,1413394931105760512,32,False,96
,,,,106,,,INSUFFICIENT_TRACKS,16,,,,,,,,,,DUC-K16,V2_03_difficult:1413394930905760512:1413394931105760512,,formal_public_module_evidence,,,,,,,,V2_03_difficult,,,,900,1413394930905760512,,1413394931105760512,32,False,96
,,,,106,,,INSUFFICIENT_TRACKS,16,,,,,,,,,,Permuted-K16,V2_03_difficult:1413394930905760512:1413394931105760512,,formal_public_module_evidence,,,,,,,,V2_03_difficult,,,,900,1413394930905760512,,1413394931105760512,32,False,96
,,,,106,,,INSUFFICIENT_TRACKS,48,,,,,,,,,,Raw,V2_03_difficult:1413394930905760512:1413394931105760512,,formal_public_module_evidence,,,,,,,,V2_03_difficult,,,,900,1413394930905760512,,1413394931105760512,32,False,96
,,,,106,,,INSUFFICIENT_TRACKS,48,,,,,,,,,,Global-DoF,V2_03_difficult:1413394930905760512:1413394931105760512,,formal_public_module_evidence,,,,,,,,V2_03_difficult,,,,900,1413394930905760512,,1413394931105760512,32,False,96
,,,,106,,,INSUFFICIENT_TRACKS,48,,,,,,,,,,DPR-Exact-Block,V2_03_difficult:1413394930905760512:1413394931105760512,,formal_public_module_evidence,,,,,,,,V2_03_difficult,,,,900,1413394930905760512,,1413394931105760512,32,False,96
,,,,106,,,INSUFFICIENT_TRACKS,48,,,,,,,,,,DUC-K16,V2_03_difficult:1413394930905760512:1413394931105760512,,formal_public_module_evidence,,,,,,,,V2_03_difficult,,,,900,1413394930905760512,,1413394931105760512,32,False,96
,,,,106,,,INSUFFICIENT_TRACKS,48,,,,,,,,,,Permuted-K16,V2_03_difficult:1413394930905760512:1413394931105760512,,formal_public_module_evidence,,,,,,,,V2_03_difficult,,,,900,1413394930905760512,,1413394931105760512,32,False,96
,,,,64,,,INSUFFICIENT_TRACKS,16,,,,,,,,,,Raw,V2_03_difficult:1413394931405760512:1413394931605760512,,formal_public_module_evidence,,,,,,,,V2_03_difficult,,,,910,1413394931405760512,,1413394931605760512,47,False,54
,,,,64,,,INSUFFICIENT_TRACKS,16,,,,,,,,,,Global-DoF,V2_03_difficult:1413394931405760512:1413394931605760512,,formal_public_module_evidence,,,,,,,,V2_03_difficult,,,,910,1413394931405760512,,1413394931605760512,47,False,54
,,,,64,,,INSUFFICIENT_TRACKS,16,,,,,,,,,,DPR-Exact-Block,V2_03_difficult:1413394931405760512:1413394931605760512,,formal_public_module_evidence,,,,,,,,V2_03_difficult,,,,910,1413394931405760512,,1413394931605760512,47,False,54
,,,,64,,,INSUFFICIENT_TRACKS,16,,,,,,,,,,DUC-K16,V2_03_difficult:1413394931405760512:1413394931605760512,,formal_public_module_evidence,,,,,,,,V2_03_difficult,,,,910,1413394931405760512,,1413394931605760512,47,False,54
,,,,64,,,INSUFFICIENT_TRACKS,16,,,,,,,,,,Permuted-K16,V2_03_difficult:1413394931405760512:1413394931605760512,,formal_public_module_evidence,,,,,,,,V2_03_difficult,,,,910,1413394931405760512,,1413394931605760512,47,False,54
,,,,64,,,INSUFFICIENT_TRACKS,48,,,,,,,,,,Raw,V2_03_difficult:1413394931405760512:1413394931605760512,,formal_public_module_evidence,,,,,,,,V2_03_difficult,,,,910,1413394931405760512,,1413394931605760512,47,False,54
,,,,64,,,INSUFFICIENT_TRACKS,48,,,,,,,,,,Global-DoF,V2_03_difficult:1413394931405760512:1413394931605760512,,formal_public_module_evidence,,,,,,,,V2_03_difficult,,,,910,1413394931405760512,,1413394931605760512,47,False,54
,,,,64,,,INSUFFICIENT_TRACKS,48,,,,,,,,,,DPR-Exact-Block,V2_03_difficult:1413394931405760512:1413394931605760512,,formal_public_module_evidence,,,,,,,,V2_03_difficult,,,,910,1413394931405760512,,1413394931605760512,47,False,54
,,,,64,,,INSUFFICIENT_TRACKS,48,,,,,,,,,,DUC-K16,V2_03_difficult:1413394931405760512:1413394931605760512,,formal_public_module_evidence,,,,,,,,V2_03_difficult,,,,910,1413394931405760512,,1413394931605760512,47,False,54
,,,,64,,,INSUFFICIENT_TRACKS,48,,,,,,,,,,Permuted-K16,V2_03_difficult:1413394931405760512:1413394931605760512,,formal_public_module_evidence,,,,,,,,V2_03_difficult,,,,910,1413394931405760512,,1413394931605760512,47,False,54
,,,,86,,,INSUFFICIENT_TRACKS,16,,,,,,,,,,Raw,V2_03_difficult:1413394931905760512:1413394932105760512,,formal_public_module_evidence,,,,,,,,V2_03_difficult,,,,920,1413394931905760512,,1413394932105760512,15,False,60
,,,,86,,,INSUFFICIENT_TRACKS,16,,,,,,,,,,Global-DoF,V2_03_difficult:1413394931905760512:1413394932105760512,,formal_public_module_evidence,,,,,,,,V2_03_difficult,,,,920,1413394931905760512,,1413394932105760512,15,False,60
,,,,86,,,INSUFFICIENT_TRACKS,16,,,,,,,,,,DPR-Exact-Block,V2_03_difficult:1413394931905760512:1413394932105760512,,formal_public_module_evidence,,,,,,,,V2_03_difficult,,,,920,1413394931905760512,,1413394932105760512,15,False,60
,,,,86,,,INSUFFICIENT_TRACKS,16,,,,,,,,,,DUC-K16,V2_03_difficult:1413394931905760512:1413394932105760512,,formal_public_module_evidence,,,,,,,,V2_03_difficult,,,,920,1413394931905760512,,1413394932105760512,15,False,60
,,,,86,,,INSUFFICIENT_TRACKS,16,,,,,,,,,,Permuted-K16,V2_03_difficult:1413394931905760512:1413394932105760512,,formal_public_module_evidence,,,,,,,,V2_03_difficult,,,,920,1413394931905760512,,1413394932105760512,15,False,60
,,,,86,,,INSUFFICIENT_TRACKS,48,,,,,,,,,,Raw,V2_03_difficult:1413394931905760512:1413394932105760512,,formal_public_module_evidence,,,,,,,,V2_03_difficult,,,,920,1413394931905760512,,1413394932105760512,15,False,60
,,,,86,,,INSUFFICIENT_TRACKS,48,,,,,,,,,,Global-DoF,V2_03_difficult:1413394931905760512:1413394932105760512,,formal_public_module_evidence,,,,,,,,V2_03_difficult,,,,920,1413394931905760512,,1413394932105760512,15,False,60
,,,,86,,,INSUFFICIENT_TRACKS,48,,,,,,,,,,DPR-Exact-Block,V2_03_difficult:1413394931905760512:1413394932105760512,,formal_public_module_evidence,,,,,,,,V2_03_difficult,,,,920,1413394931905760512,,1413394932105760512,15,False,60
,,,,86,,,INSUFFICIENT_TRACKS,48,,,,,,,,,,DUC-K16,V2_03_difficult:1413394931905760512:1413394932105760512,,formal_public_module_evidence,,,,,,,,V2_03_difficult,,,,920,1413394931905760512,,1413394932105760512,15,False,60
,,,,86,,,INSUFFICIENT_TRACKS,48,,,,,,,,,,Permuted-K16,V2_03_difficult:1413394931905760512:1413394932105760512,,formal_public_module_evidence,,,,,,,,V2_03_difficult,,,,920,1413394931905760512,,1413394932105760512,15,False,60
,,,,90,,,INSUFFICIENT_TRACKS,16,,,,,,,,,,Raw,V2_03_difficult:1413394932405760512:1413394932605760512,,formal_public_module_evidence,,,,,,,,V2_03_difficult,,,,930,1413394932405760512,,1413394932605760512,23,False,42
,,,,90,,,INSUFFICIENT_TRACKS,16,,,,,,,,,,Global-DoF,V2_03_difficult:1413394932405760512:1413394932605760512,,formal_public_module_evidence,,,,,,,,V2_03_difficult,,,,930,1413394932405760512,,1413394932605760512,23,False,42
,,,,90,,,INSUFFICIENT_TRACKS,16,,,,,,,,,,DPR-Exact-Block,V2_03_difficult:1413394932405760512:1413394932605760512,,formal_public_module_evidence,,,,,,,,V2_03_difficult,,,,930,1413394932405760512,,1413394932605760512,23,False,42
,,,,90,,,INSUFFICIENT_TRACKS,16,,,,,,,,,,DUC-K16,V2_03_difficult:1413394932405760512:1413394932605760512,,formal_public_module_evidence,,,,,,,,V2_03_difficult,,,,930,1413394932405760512,,1413394932605760512,23,False,42
,,,,90,,,INSUFFICIENT_TRACKS,16,,,,,,,,,,Permuted-K16,V2_03_difficult:1413394932405760512:1413394932605760512,,formal_public_module_evidence,,,,,,,,V2_03_difficult,,,,930,1413394932405760512,,1413394932605760512,23,False,42
,,,,90,,,INSUFFICIENT_TRACKS,48,,,,,,,,,,Raw,V2_03_difficult:1413394932405760512:1413394932605760512,,formal_public_module_evidence,,,,,,,,V2_03_difficult,,,,930,1413394932405760512,,1413394932605760512,23,False,42
,,,,90,,,INSUFFICIENT_TRACKS,48,,,,,,,,,,Global-DoF,V2_03_difficult:1413394932405760512:1413394932605760512,,formal_public_module_evidence,,,,,,,,V2_03_difficult,,,,930,1413394932405760512,,1413394932605760512,23,False,42
,,,,90,,,INSUFFICIENT_TRACKS,48,,,,,,,,,,DPR-Exact-Block,V2_03_difficult:1413394932405760512:1413394932605760512,,formal_public_module_evidence,,,,,,,,V2_03_difficult,,,,930,1413394932405760512,,1413394932605760512,23,False,42
,,,,90,,,INSUFFICIENT_TRACKS,48,,,,,,,,,,DUC-K16,V2_03_difficult:1413394932405760512:1413394932605760512,,formal_public_module_evidence,,,,,,,,V2_03_difficult,,,,930,1413394932405760512,,1413394932605760512,23,False,42
,,,,90,,,INSUFFICIENT_TRACKS,48,,,,,,,,,,Permuted-K16,V2_03_difficult:1413394932405760512:1413394932605760512,,formal_public_module_evidence,,,,,,,,V2_03_difficult,,,,930,1413394932405760512,,1413394932605760512,23,False,42
0.6666600131258108,0.00598,0.050000000000000044,1.0,188,2.154422440880027,6.000000000000001,,16,1.9785597191338733,1.4677950949911323,1.9225883541165423,3.118820280257617,True,1.0517246419083925,1.1061247223973365,6,0.020211005852270203,Raw,V2_03_difficult:1413394932905760512:1413394933105760512,0.038742,formal_public_module_evidence,0.03533945567792801,0.11982758444778968,0.13434916787539003,0.36940079149906746,0.7830229913117697,0,0,V2_03_difficult,5,OK,True,940,1413394932905760512,3.436385016761024e-11,1413394933105760512,127,True,140
0.8742993779040554,0.002348,0.050000000000000044,1.0,188,2.6515968503138794,6.000000000000001,,16,1.9785597191338733,1.4677950949911323,1.9225883541165423,3.2301932947072864,True,1.0517246419083925,1.1061247223973365,6,0.020211005852270203,Global-DoF,V2_03_difficult:1413394932905760512:1413394933105760512,0.038742,formal_public_module_evidence,0.03533945567792801,0.11982758444778968,0.13434916787539003,0.36940079149906746,0.7830229913117697,0,0,V2_03_difficult,5,OK,True,940,1413394932905760512,3.436385016761024e-11,1413394933105760512,127,True,140
0.8542293539498258,0.457322,0.050000000000000044,1.0,188,2.598909722514743,6.000000000000001,,16,1.9785597191338733,1.4677950949911323,1.9225883541165423,3.218580146208884,True,1.0517246419083925,1.1061247223973365,6,0.020211005852270203,DPR-Exact-Block,V2_03_difficult:1413394932905760512:1413394933105760512,0.038742,formal_public_module_evidence,0.03533945567792801,0.11982758444778968,0.13434916787539003,0.36940079149906746,0.7830229913117697,0,0,V2_03_difficult,5,OK,True,940,1413394932905760512,3.436385016761024e-11,1413394933105760512,127,True,140
0.8742388283342892,0.179658,0.050000000000000044,1.0,188,2.6514363021260103,6.000000000000001,,16,1.9785597191338733,1.4677950949911323,1.9225883541165423,3.230158004408645,True,1.0517246419083925,1.1061247223973365,6,0.020211005852270203,DUC-K16,V2_03_difficult:1413394932905760512:1413394933105760512,0.038742,formal_public_module_evidence,0.03533945567792801,0.11982758444778968,0.13434916787539003,0.36940079149906746,0.7830229913117697,0,0,V2_03_difficult,5,OK,True,940,1413394932905760512,3.436385016761024e-11,1413394933105760512,127,True,140
0.8596126278223909,0.070554,0.050000000000000044,1.0,188,2.6129380907170523,6.000000000000001,,16,1.9785597191338733,1.4677950949911323,1.9225883541165423,3.2216783951568804,True,1.0517246419083925,1.1061247223973365,6,0.020211005852270203,Permuted-K16,V2_03_difficult:1413394932905760512:1413394933105760512,0.038742,formal_public_module_evidence,0.03533945567792801,0.11982758444778968,0.13434916787539003,0.36940079149906746,0.7830229913117697,0,0,V2_03_difficult,5,OK,True,940,1413394932905760512,3.436385016761024e-11,1413394933105760512,127,True,140
0.8393432594520851,0.006533,0.050000000000000044,1.0,188,1.5817807555198602,6.0,,48,1.945083827538483,1.2576886560352925,1.9357853961255649,2.7284224776033064,True,0.826631728490861,0.6833200145477886,6,0.0091030699534691,Raw,V2_03_difficult:1413394932905760512:1413394933105760512,0.038952,formal_public_module_evidence,0.014363379259259346,0.03635426402985184,0.06189701462090528,0.5079435348465386,1.0,7,0,V2_03_difficult,4,OK,True,940,1413394932905760512,5.5826074112222345e-09,1413394933105760512,127,True,140
0.9038817805896563,0.001995,0.050000000000000044,1.0,188,1.687232805887851,6.0,,48,1.945083827538483,1.2576886560352925,1.9357853961255649,2.7659613650936716,True,0.826631728490861,0.6833200145477886,6,0.0091030699534691,Global-DoF,V2_03_difficult:1413394932905760512:1413394933105760512,0.038952,formal_public_module_evidence,0.014363379259259346,0.03635426402985184,0.06189701462090528,0.5079435348465386,1.0,7,0,V2_03_difficult,4,OK,True,940,1413394932905760512,5.5826074112222345e-09,1413394933105760512,127,True,140
0.9181762696755946,1.279788,0.050000000000000044,1.0,188,1.7115241392930074,6.0,,48,1.945083827538483,1.2576886560352925,1.9357853961255649,2.774507844954813,True,0.826631728490861,0.6833200145477886,6,0.0091030699534691,DPR-Exact-Block,V2_03_difficult:1413394932905760512:1413394933105760512,0.038952,formal_public_module_evidence,0.014363379259259346,0.03635426402985184,0.06189701462090528,0.5079435348465386,1.0,7,0,V2_03_difficult,4,OK,True,940,1413394932905760512,5.5826074112222345e-09,1413394933105760512,127,True,140
0.9272381564281358,0.315216,0.050000000000000044,1.0,188,1.7271042632600426,6.0,,48,1.945083827538483,1.2576886560352925,1.9357853961255649,2.779968148395126,True,0.826631728490861,0.6833200145477886,6,0.0091030699534691,DUC-K16,V2_03_difficult:1413394932905760512:1413394933105760512,0.038952,formal_public_module_evidence,0.014363379259259346,0.03635426402985184,0.06189701462090528,0.5079435348465386,1.0,7,0,V2_03_difficult,4,OK,True,940,1413394932905760512,5.5826074112222345e-09,1413394933105760512,127,True,140
0.9146611378427111,0.104402,0.050000000000000044,1.0,188,1.705518467855568,6.0,,48,1.945083827538483,1.2576886560352925,1.9357853961255649,2.7723985866551755,True,0.826631728490861,0.6833200145477886,6,0.0091030699534691,Permuted-K16,V2_03_difficult:1413394932905760512:1413394933105760512,0.038952,formal_public_module_evidence,0.014363379259259346,0.03635426402985184,0.06189701462090528,0.5079435348465386,1.0,7,0,V2_03_difficult,4,OK,True,940,1413394932905760512,5.5826074112222345e-09,1413394933105760512,127,True,140
2.7378425536279147,0.005853,0.15833333333333333,0.7916666666666666,226,0.36059382410109136,6.0,,16,1.8469105816230198,0.6004946495191205,1.7972113440023392,16.27148274460845,True,2.3606092187658705,5.572475883722414,6,0.0034498048956823624,Raw,V2_03_difficult:1413394933405760512:1413394933605760512,0.037844,formal_public_module_evidence,0.04071735760642964,0.0915900370112864,0.13108840944975875,0.3876007915283278,0.7321087981720817,0,0,V2_03_difficult,4,OK,True,950,1413394933405760512,3.717795026911383e-11,1413394933605760512,157,True,191
2.5302031888496703,0.002026,0.15833333333333333,0.7916666666666666,226,0.44380778350903544,6.0,,16,1.8469105816230198,0.6004946495191205,1.7972113440023392,13.581570464395028,True,2.3606092187658705,5.572475883722414,6,0.0034498048956823624,Global-DoF,V2_03_difficult:1413394933405760512:1413394933605760512,0.037844,formal_public_module_evidence,0.04071735760642964,0.0915900370112864,0.13108840944975875,0.3876007915283278,0.7321087981720817,0,0,V2_03_difficult,4,OK,True,950,1413394933405760512,3.717795026911383e-11,1413394933605760512,157,True,191
2.5784200575507947,0.453198,0.15833333333333333,0.7916666666666666,226,0.42291646613971484,6.0,,16,1.8469105816230198,0.6004946495191205,1.7972113440023392,14.15360037106519,True,2.3606092187658705,5.572475883722414,6,0.0034498048956823624,DPR-Exact-Block,V2_03_difficult:1413394933405760512:1413394933605760512,0.037844,formal_public_module_evidence,0.04071735760642964,0.0915900370112864,0.13108840944975875,0.3876007915283278,0.7321087981720817,0,0,V2_03_difficult,4,OK,True,950,1413394933405760512,3.717795026911383e-11,1413394933605760512,157,True,191
2.5818758267444464,0.176589,0.15833333333333333,0.7916666666666666,226,0.42145748684436135,6.0,,16,1.8469105816230198,0.6004946495191205,1.7972113440023392,14.19575763565266,True,2.3606092187658705,5.572475883722414,6,0.0034498048956823624,DUC-K16,V2_03_difficult:1413394933405760512:1413394933605760512,0.037844,formal_public_module_evidence,0.04071735760642964,0.0915900370112864,0.13108840944975875,0.3876007915283278,0.7321087981720817,0,0,V2_03_difficult,4,OK,True,950,1413394933405760512,3.717795026911383e-11,1413394933605760512,157,True,191
2.5800113363372548,0.069796,0.15833333333333333,0.7916666666666666,226,0.42224402330260774,6.0,,16,1.8469105816230198,0.6004946495191205,1.7972113440023392,14.172992956325558,True,2.3606092187658705,5.572475883722414,6,0.0034498048956823624,Permuted-K16,V2_03_difficult:1413394933405760512:1413394933605760512,0.037844,formal_public_module_evidence,0.04071735760642964,0.0915900370112864,0.13108840944975875,0.3876007915283278,0.7321087981720817,0,0,V2_03_difficult,4,OK,True,950,1413394933405760512,3.717795026911383e-11,1413394933605760512,157,True,191
1.2478676197044105,0.006169,0.15833333333333333,0.7916666666666666,226,1.5791999172644224,5.999999999999999,,48,1.6914307673213822,1.2566622128736196,1.8059071081556648,5.777703552367213,True,2.345252280713143,5.500208260190199,6,0.03193579982649353,Raw,V2_03_difficult:1413394933405760512:1413394933605760512,0.039331,formal_public_module_evidence,0.01476280071818259,0.04507243373822965,0.06419736851815246,0.4151164779379763,1.5703208295889133,6,0,V2_03_difficult,4,OK,True,950,1413394933405760512,3.3420272294078834e-10,1413394933605760512,157,True,191
1.1833290985668394,0.002057,0.15833333333333333,0.7916666666666666,226,1.6844799117487173,5.999999999999999,,48,1.6914307673213822,1.2566622128736196,1.8059071081556648,5.624560314214058,True,2.345252280713143,5.500208260190199,6,0.03193579982649353,Global-DoF,V2_03_difficult:1413394933405760512:1413394933605760512,0.039331,formal_public_module_evidence,0.01476280071818259,0.04507243373822965,0.06419736851815246,0.4151164779379763,1.5703208295889133,6,0,V2_03_difficult,4,OK,True,950,1413394933405760512,3.3420272294078834e-10,1413394933605760512,157,True,191
1.1795657800477104,1.28905,0.15833333333333333,0.7916666666666666,226,1.6908310894522909,5.999999999999999,,48,1.6914307673213822,1.2566622128736196,1.8059071081556648,5.616058638807658,True,2.345252280713143,5.500208260190199,6,0.03193579982649353,DPR-Exact-Block,V2_03_difficult:1413394933405760512:1413394933605760512,0.039331,formal_public_module_evidence,0.01476280071818259,0.04507243373822965,0.06419736851815246,0.4151164779379763,1.5703208295889133,6,0,V2_03_difficult,4,OK,True,950,1413394933405760512,3.3420272294078834e-10,1413394933605760512,157,True,191
1.1481293243938808,0.321457,0.15833333333333333,0.7916666666666666,226,1.7448291326654513,5.999999999999999,,48,1.6914307673213822,1.2566622128736196,1.8059071081556648,5.54682417676932,True,2.345252280713143,5.500208260190199,6,0.03193579982649353,DUC-K16,V2_03_difficult:1413394933405760512:1413394933605760512,0.039331,formal_public_module_evidence,0.01476280071818259,0.04507243373822965,0.06419736851815246,0.4151164779379763,1.5703208295889133,6,0,V2_03_difficult,4,OK,True,950,1413394933405760512,3.3420272294078834e-10,1413394933605760512,157,True,191
1.1989776971250177,0.106938,0.15833333333333333,0.7916666666666666,226,1.6583253367751007,5.999999999999999,,48,1.6914307673213822,1.2566622128736196,1.8059071081556648,5.660409818297457,True,2.345252280713143,5.500208260190199,6,0.03193579982649353,Permuted-K16,V2_03_difficult:1413394933405760512:1413394933605760512,0.039331,formal_public_module_evidence,0.01476280071818259,0.04507243373822965,0.06419736851815246,0.4151164779379763,1.5703208295889133,6,0,V2_03_difficult,4,OK,True,950,1413394933405760512,3.3420272294078834e-10,1413394933605760512,157,True,191
1.7455112266537336,0.00647,0.32499999999999996,0.625,299,0.251825024611576,6.0,,16,2.0430418227196245,0.5018217059988298,1.749743817754595,6.1876857442284035,True,1.201108912241052,1.4426626190648835,6,0.07316020270204993,Raw,V2_03_difficult:1413394933905760512:1413394934105760512,0.038371,formal_public_module_evidence,0.02517225715407506,0.09749407539388733,0.11778774460725842,0.312621869184123,0.5572170343792299,0,0,V2_03_difficult,4,OK,True,960,1413394933905760512,5.765632969581754e-10,1413394934105760512,139,True,240
1.5378718618754892,0.001902,0.2833333333333333,0.6666666666666666,299,0.309938491829632,6.0,,16,2.0430418227196245,0.5018217059988298,1.749743817754595,5.321169585774221,True,1.201108912241052,1.4426626190648835,6,0.07316020270204993,Global-DoF,V2_03_difficult:1413394933905760512:1413394934105760512,0.038371,formal_public_module_evidence,0.02517225715407506,0.09749407539388733,0.11778774460725842,0.312621869184123,0.5572170343792299,0,0,V2_03_difficult,4,OK,True,960,1413394933905760512,5.765632969581754e-10,1413394934105760512,139,True,240
1.4682065961921258,0.456989,0.2833333333333333,0.6666666666666666,299,0.33230031723455117,6.0,,16,2.0430418227196245,0.5018217059988298,1.749743817754595,5.077603113686996,True,1.201108912241052,1.4426626190648835,6,0.07316020270204993,DPR-Exact-Block,V2_03_difficult:1413394933905760512:1413394934105760512,0.038371,formal_public_module_evidence,0.02517225715407506,0.09749407539388733,0.11778774460725842,0.312621869184123,0.5572170343792299,0,0,V2_03_difficult,4,OK,True,960,1413394933905760512,5.765632969581754e-10,1413394934105760512,139,True,240
1.5441811429920498,0.1778,0.2833333333333333,0.6666666666666666,299,0.3079891586677159,6.0,,16,2.0430418227196245,0.5018217059988298,1.749743817754595,5.344320790529035,True,1.201108912241052,1.4426626190648835,6,0.07316020270204993,DUC-K16,V2_03_difficult:1413394933905760512:1413394934105760512,0.038371,formal_public_module_evidence,0.02517225715407506,0.09749407539388733,0.11778774460725842,0.312621869184123,0.5572170343792299,0,0,V2_03_difficult,4,OK,True,960,1413394933905760512,5.765632969581754e-10,1413394934105760512,139,True,240
1.5954986616768956,0.067755,0.32499999999999996,0.625,299,0.29258261304028155,6.0,,16,2.0430418227196245,0.5018217059988298,1.749743817754595,5.539656105773727,True,1.201108912241052,1.4426626190648835,6,0.07316020270204993,Permuted-K16,V2_03_difficult:1413394933905760512:1413394934105760512,0.038371,formal_public_module_evidence,0.02517225715407506,0.09749407539388733,0.11778774460725842,0.312621869184123,0.5572170343792299,0,0,V2_03_difficult,4,OK,True,960,1413394933905760512,5.765632969581754e-10,1413394934105760512,139,True,240
0.1862965312704952,0.005841,0.033333333333333326,0.9166666666666666,299,2.675982028680352,6.0,,48,1.4669121310611661,1.6358429107589616,1.7620176604743993,3.652220922310652,True,1.490348443948553,2.2211384843798734,6,0.07962177976218099,Raw,V2_03_difficult:1413394933905760512:1413394934105760512,0.038338,formal_public_module_evidence,0.013465470950501657,0.05100027669065411,0.06471635919148062,0.549539932115295,1.136585370814317,8,0,V2_03_difficult,4,OK,True,960,1413394933905760512,2.5566388431890994e-10,1413394934105760512,139,True,240
0.25083505240806636,0.002101,0.033333333333333326,0.9166666666666666,299,2.8543808305923752,6.0,,48,1.4669121310611661,1.6358429107589616,1.7620176604743993,3.6648827291108703,True,1.490348443948553,2.2211384843798734,6,0.07962177976218099,Global-DoF,V2_03_difficult:1413394933905760512:1413394934105760512,0.038338,formal_public_module_evidence,0.013465470950501657,0.05100027669065411,0.06471635919148062,0.549539932115295,1.136585370814317,8,0,V2_03_difficult,4,OK,True,960,1413394933905760512,2.5566388431890994e-10,1413394934105760512,139,True,240
0.3708298493451892,1.286681,0.033333333333333326,0.9166666666666666,299,3.2182886546996365,6.0,,48,1.4669121310611661,1.6358429107589616,1.7620176604743993,3.6968881739643673,True,1.490348443948553,2.2211384843798734,6,0.07962177976218099,DPR-Exact-Block,V2_03_difficult:1413394933905760512:1413394934105760512,0.038338,formal_public_module_evidence,0.013465470950501657,0.05100027669065411,0.06471635919148062,0.549539932115295,1.136585370814317,8,0,V2_03_difficult,4,OK,True,960,1413394933905760512,2.5566388431890994e-10,1413394934105760512,139,True,240
0.28785926487815655,0.320139,0.033333333333333326,0.9166666666666666,299,2.9620427842240162,6.0,,48,1.4669121310611661,1.6358429107589616,1.7620176604743993,3.6736233439741155,True,1.490348443948553,2.2211384843798734,6,0.07962177976218099,DUC-K16,V2_03_difficult:1413394933905760512:1413394934105760512,0.038338,formal_public_module_evidence,0.013465470950501657,0.05100027669065411,0.06471635919148062,0.549539932115295,1.136585370814317,8,0,V2_03_difficult,4,OK,True,960,1413394933905760512,2.5566388431890994e-10,1413394934105760512,139,True,240
0.21999991765872173,0.112362,0.033333333333333326,0.9166666666666666,299,2.767708752901197,6.0,,48,1.4669121310611661,1.6358429107589616,1.7620176604743993,3.658415743344129,True,1.490348443948553,2.2211384843798734,6,0.07962177976218099,Permuted-K16,V2_03_difficult:1413394933905760512:1413394934105760512,0.038338,formal_public_module_evidence,0.013465470950501657,0.05100027669065411,0.06471635919148062,0.549539932115295,1.136585370814317,8,0,V2_03_difficult,4,OK,True,960,1413394933905760512,2.5566388431890994e-10,1413394934105760512,139,True,240
,,,,331,,,INSUFFICIENT_TRACKS,16,,,,,,,,,,Raw,V2_03_difficult:1413394934405760512:1413394934605760512,,formal_public_module_evidence,,,,,,,,V2_03_difficult,,,,970,1413394934405760512,,1413394934605760512,29,False,283
,,,,331,,,INSUFFICIENT_TRACKS,16,,,,,,,,,,Global-DoF,V2_03_difficult:1413394934405760512:1413394934605760512,,formal_public_module_evidence,,,,,,,,V2_03_difficult,,,,970,1413394934405760512,,1413394934605760512,29,False,283
,,,,331,,,INSUFFICIENT_TRACKS,16,,,,,,,,,,DPR-Exact-Block,V2_03_difficult:1413394934405760512:1413394934605760512,,formal_public_module_evidence,,,,,,,,V2_03_difficult,,,,970,1413394934405760512,,1413394934605760512,29,False,283
,,,,331,,,INSUFFICIENT_TRACKS,16,,,,,,,,,,DUC-K16,V2_03_difficult:1413394934405760512:1413394934605760512,,formal_public_module_evidence,,,,,,,,V2_03_difficult,,,,970,1413394934405760512,,1413394934605760512,29,False,283
,,,,331,,,INSUFFICIENT_TRACKS,16,,,,,,,,,,Permuted-K16,V2_03_difficult:1413394934405760512:1413394934605760512,,formal_public_module_evidence,,,,,,,,V2_03_difficult,,,,970,1413394934405760512,,1413394934605760512,29,False,283
,,,,331,,,INSUFFICIENT_TRACKS,48,,,,,,,,,,Raw,V2_03_difficult:1413394934405760512:1413394934605760512,,formal_public_module_evidence,,,,,,,,V2_03_difficult,,,,970,1413394934405760512,,1413394934605760512,29,False,283
,,,,331,,,INSUFFICIENT_TRACKS,48,,,,,,,,,,Global-DoF,V2_03_difficult:1413394934405760512:1413394934605760512,,formal_public_module_evidence,,,,,,,,V2_03_difficult,,,,970,1413394934405760512,,1413394934605760512,29,False,283
,,,,331,,,INSUFFICIENT_TRACKS,48,,,,,,,,,,DPR-Exact-Block,V2_03_difficult:1413394934405760512:1413394934605760512,,formal_public_module_evidence,,,,,,,,V2_03_difficult,,,,970,1413394934405760512,,1413394934605760512,29,False,283
,,,,331,,,INSUFFICIENT_TRACKS,48,,,,,,,,,,DUC-K16,V2_03_difficult:1413394934405760512:1413394934605760512,,formal_public_module_evidence,,,,,,,,V2_03_difficult,,,,970,1413394934405760512,,1413394934605760512,29,False,283
,,,,331,,,INSUFFICIENT_TRACKS,48,,,,,,,,,,Permuted-K16,V2_03_difficult:1413394934405760512:1413394934605760512,,formal_public_module_evidence,,,,,,,,V2_03_difficult,,,,970,1413394934405760512,,1413394934605760512,29,False,283
0.7619003850700548,0.006366,0.2833333333333333,0.6666666666666666,588,18.23877419854341,6.0,,16,0.5264307168906501,4.270687789869848,1.2991790019472524,6.883770477072143,True,6.250897676753783,39.07372176524584,6,0.3215859000481195,Raw,V2_03_difficult:1413394934905760512:1413394935105760512,0.039382,formal_public_module_evidence,0.019449612713032305,0.1284931807838183,0.10422054119238454,0.224445854085734,0.9678828904357885,1,0,V2_03_difficult,6,OK,True,980,1413394934905760512,5.887264409390022e-08,1413394935105760512,294,True,360
0.5542610202918105,0.002083,0.24166666666666659,0.7083333333333334,588,22.44772209051496,6.0,,16,0.5264307168906501,4.270687789869848,1.2991790019472524,6.689720410793737,True,6.250897676753783,39.07372176524584,6,0.3215859000481195,Global-DoF,V2_03_difficult:1413394934905760512:1413394935105760512,0.039382,formal_public_module_evidence,0.019449612713032305,0.1284931807838183,0.10422054119238454,0.224445854085734,0.9678828904357885,1,0,V2_03_difficult,6,OK,True,980,1413394934905760512,5.887264409390022e-08,1413394935105760512,294,True,360
0.07684614615215878,0.454286,0.033333333333333326,0.9166666666666666,588,36.1835290720323,6.0,,16,0.5264307168906501,4.270687789869848,1.2991790019472524,6.506357004233412,True,6.250897676753783,39.07372176524584,6,0.3215859000481195,DPR-Exact-Block,V2_03_difficult:1413394934905760512:1413394935105760512,0.039382,formal_public_module_evidence,0.019449612713032305,0.1284931807838183,0.10422054119238454,0.224445854085734,0.9678828904357885,1,0,V2_03_difficult,6,OK,True,980,1413394934905760512,5.887264409390022e-08,1413394935105760512,294,True,360
0.46484355674540706,0.179968,0.19999999999999996,0.75,588,24.547416308485495,6.0,,16,0.5264307168906501,4.270687789869848,1.2991790019472524,6.6302488215815485,True,6.250897676753783,39.07372176524584,6,0.3215859000481195,DUC-K16,V2_03_difficult:1413394934905760512:1413394935105760512,0.039382,formal_public_module_evidence,0.019449612713032305,0.1284931807838183,0.10422054119238454,0.224445854085734,0.9678828904357885,1,0,V2_03_difficult,6,OK,True,980,1413394934905760512,5.887264409390022e-08,1413394935105760512,294,True,360
0.6249707261228561,0.069347,0.2833333333333333,0.6666666666666666,588,20.915268391654696,6.0,,16,0.5264307168906501,4.270687789869848,1.2991790019472524,6.746547771147299,True,6.250897676753783,39.07372176524584,6,0.3215859000481195,Permuted-K16,V2_03_difficult:1413394934905760512:1413394935105760512,0.039382,formal_public_module_evidence,0.019449612713032305,0.1284931807838183,0.10422054119238454,0.224445854085734,0.9678828904357885,1,0,V2_03_difficult,6,OK,True,980,1413394934905760512,5.887264409390022e-08,1413394935105760512,294,True,360
0.03946663699083319,0.006403,0.033333333333333326,0.9166666666666666,588,27.75865746758304,6.0,,48,0.5360638760984976,5.268648542803271,1.3165710486740672,6.201680631002168,True,5.373649059580272,28.876104215527942,6,0.022961535945203337,Raw,V2_03_difficult:1413394934905760512:1413394935105760512,0.038701,formal_public_module_evidence,0.014152492770251546,0.04126103865021047,0.06476988387419458,0.5763678143023345,2.018540794284495,6,0,V2_03_difficult,6,OK,True,980,1413394934905760512,1.6514420113918154e-07,1413394935105760512,294,True,360
0.02507188414673812,0.001974,0.033333333333333326,0.9166666666666666,588,29.609234632088576,6.0,,48,0.5360638760984976,5.268648542803271,1.3165710486740672,6.201203165124585,True,5.373649059580272,28.876104215527942,6,0.022961535945203337,Global-DoF,V2_03_difficult:1413394934905760512:1413394935105760512,0.038701,formal_public_module_evidence,0.014152492770251546,0.04126103865021047,0.06476988387419458,0.5763678143023345,2.018540794284495,6,0,V2_03_difficult,6,OK,True,980,1413394934905760512,1.6514420113918154e-07,1413394935105760512,294,True,360
0.10568573766810256,1.252442,0.008333333333333415,0.9583333333333334,588,32.094996541621,6.0,,48,0.5360638760984976,5.268648542803271,1.3165710486740672,6.2062845612004365,True,5.373649059580272,28.876104215527942,6,0.022961535945203337,DPR-Exact-Block,V2_03_difficult:1413394934905760512:1413394935105760512,0.038701,formal_public_module_evidence,0.014152492770251546,0.04126103865021047,0.06476988387419458,0.5763678143023345,2.018540794284495,6,0,V2_03_difficult,6,OK,True,980,1413394934905760512,1.6514420113918154e-07,1413394935105760512,294,True,360
0.12838762465917067,0.31985,0.008333333333333415,0.9583333333333334,588,32.831946958372605,6.0,,48,0.5360638760984976,5.268648542803271,1.3165710486740672,6.208791492779845,True,5.373649059580272,28.876104215527942,6,0.022961535945203337,DUC-K16,V2_03_difficult:1413394934905760512:1413394935105760512,0.038701,formal_public_module_evidence,0.014152492770251546,0.04126103865021047,0.06476988387419458,0.5763678143023345,2.018540794284495,6,0,V2_03_difficult,6,OK,True,980,1413394934905760512,1.6514420113918154e-07,1413394935105760512,294,True,360
0.018198111433701432,0.103911,0.033333333333333326,0.9166666666666666,588,29.40640538271892,6.0,,48,0.5360638760984976,5.268648542803271,1.3165710486740672,6.201056061485011,True,5.373649059580272,28.876104215527942,6,0.022961535945203337,Permuted-K16,V2_03_difficult:1413394934905760512:1413394935105760512,0.038701,formal_public_module_evidence,0.014152492770251546,0.04126103865021047,0.06476988387419458,0.5763678143023345,2.018540794284495,6,0,V2_03_difficult,6,OK,True,980,1413394934905760512,1.6514420113918154e-07,1413394935105760512,294,True,360
0.15498445690004503,0.006349,0.008333333333333415,0.9583333333333334,524,2.346453172456212,6.0,,16,1.3913455552074876,1.5318136872531893,1.412387016736042,3.547210455059739,True,1.4175927993752386,2.0095693448405254,6,0.1686952150579999,Raw,V2_03_difficult:1413394935405760512:1413394935605760512,0.038676,formal_public_module_evidence,0.03917463531525761,0.1007382268207675,0.13470308961223854,0.3854991313640692,0.9918840817986786,0,0,V2_03_difficult,5,OK,True,990,1413394935405760512,4.340988326137627e-10,1413394935605760512,293,True,339
0.3626238216782897,0.001994,0.008333333333333415,0.9583333333333334,524,2.8879423660999537,6.0,,16,1.3913455552074876,1.5318136872531893,1.412387016736042,3.594269478162902,True,1.4175927993752386,2.0095693448405254,6,0.1686952150579999,Global-DoF,V2_03_difficult:1413394935405760512:1413394935605760512,0.038676,formal_public_module_evidence,0.03917463531525761,0.1007382268207675,0.13470308961223854,0.3854991313640692,0.9918840817986786,0,0,V2_03_difficult,5,OK,True,990,1413394935405760512,4.340988326137627e-10,1413394935605760512,293,True,339
0.40436657914056123,0.458929,0.008333333333333415,0.9583333333333334,524,3.011044480198202,6.0,,16,1.3913455552074876,1.5318136872531893,1.412387016736042,3.6075635100808547,True,1.4175927993752386,2.0095693448405254,6,0.1686952150579999,DPR-Exact-Block,V2_03_difficult:1413394935405760512:1413394935605760512,0.038676,formal_public_module_evidence,0.03917463531525761,0.1007382268207675,0.13470308961223854,0.3854991313640692,0.9918840817986786,0,0,V2_03_difficult,5,OK,True,990,1413394935405760512,4.340988326137627e-10,1413394935605760512,293,True,339
0.5602545048459777,0.178151,0.008333333333333415,0.9583333333333334,524,3.5189932763344416,6.0,,16,1.3913455552074876,1.5318136872531893,1.412387016736042,3.6671157209437126,True,1.4175927993752386,2.0095693448405254,6,0.1686952150579999,DUC-K16,V2_03_difficult:1413394935405760512:1413394935605760512,0.038676,formal_public_module_evidence,0.03917463531525761,0.1007382268207675,0.13470308961223854,0.3854991313640692,0.9918840817986786,0,0,V2_03_difficult,5,OK,True,990,1413394935405760512,4.340988326137627e-10,1413394935605760512,293,True,339
0.40095762253181516,0.06989,0.008333333333333415,0.9583333333333334,524,3.0007974360061054,6.0,,16,1.3913455552074876,1.5318136872531893,1.412387016736042,3.606433571471134,True,1.4175927993752386,2.0095693448405254,6,0.1686952150579999,Permuted-K16,V2_03_difficult:1413394935405760512:1413394935605760512,0.038676,formal_public_module_evidence,0.03917463531525761,0.1007382268207675,0.13470308961223854,0.3854991313640692,0.9918840817986786,0,0,V2_03_difficult,5,OK,True,990,1413394935405760512,4.340988326137627e-10,1413394935605760512,293,True,339
0.9015355798501758,0.005958,0.050000000000000044,1.0,524,3.6624044840458336,6.0,,48,1.3885177554267123,1.9137409657646547,1.4096045132912864,3.541942779635933,True,1.2193185746792907,1.486737786557937,6,0.032197105512567825,Raw,V2_03_difficult:1413394935405760512:1413394935605760512,0.038601,formal_public_module_evidence,0.01654709864098186,0.03571792511224537,0.0651120721564291,0.5422607146461305,1.0098362854074021,6,0,V2_03_difficult,4,OK,True,990,1413394935405760512,3.623822927157772e-09,1413394935605760512,293,True,339
0.9660741009877472,0.00224,0.050000000000000044,1.0,524,3.9065647829822234,6.0,,48,1.3885177554267123,1.9137409657646547,1.4096045132912864,3.5811096871069488,True,1.2193185746792907,1.486737786557937,6,0.032197105512567825,Global-DoF,V2_03_difficult:1413394935405760512:1413394935605760512,0.038601,formal_public_module_evidence,0.01654709864098186,0.03571792511224537,0.0651120721564291,0.5422607146461305,1.0098362854074021,6,0,V2_03_difficult,4,OK,True,990,1413394935405760512,3.623822927157772e-09,1413394935605760512,293,True,339
0.9598241939494546,1.256404,0.050000000000000044,1.0,524,3.8822252553698084,6.0,,48,1.3885177554267123,1.9137409657646547,1.4096045132912864,3.577245781849031,True,1.2193185746792907,1.486737786557937,6,0.032197105512567825,DPR-Exact-Block,V2_03_difficult:1413394935405760512:1413394935605760512,0.038601,formal_public_module_evidence,0.01654709864098186,0.03571792511224537,0.0651120721564291,0.5422607146461305,1.0098362854074021,6,0,V2_03_difficult,4,OK,True,990,1413394935405760512,3.623822927157772e-09,1413394935605760512,293,True,339
0.9915138364855767,0.321332,0.050000000000000044,1.0,524,4.007221671540505,6.0,,48,1.3885177554267123,1.9137409657646547,1.4096045132912864,3.5969898278329846,True,1.2193185746792907,1.486737786557937,6,0.032197105512567825,DUC-K16,V2_03_difficult:1413394935405760512:1413394935605760512,0.038601,formal_public_module_evidence,0.01654709864098186,0.03571792511224537,0.0651120721564291,0.5422607146461305,1.0098362854074021,6,0,V2_03_difficult,4,OK,True,990,1413394935405760512,3.623822927157772e-09,1413394935605760512,293,True,339
0.9611825296885969,0.104923,0.050000000000000044,1.0,524,3.8875022038040394,6.0,,48,1.3885177554267123,1.9137409657646547,1.4096045132912864,3.5780842821880654,True,1.2193185746792907,1.486737786557937,6,0.032197105512567825,Permuted-K16,V2_03_difficult:1413394935405760512:1413394935605760512,0.038601,formal_public_module_evidence,0.01654709864098186,0.03571792511224537,0.0651120721564291,0.5422607146461305,1.0098362854074021,6,0,V2_03_difficult,4,OK,True,990,1413394935405760512,3.623822927157772e-09,1413394935605760512,293,True,339
1.093056827697071,0.005933,0.050000000000000044,1.0,575,15.787739272456658,6.0,,16,1.5954897861784045,3.97337882317514,1.5671601493726277,4.932301016841364,True,2.300412392249645,5.291897174415734,6,0.0004545534529414308,Raw,V2_03_difficult:1413394935905760512:1413394936105760512,0.038104,formal_public_module_evidence,0.022468287853131153,0.08783366623091926,0.11320840622649234,0.24117102031432713,0.7472497338124627,0,0,V2_03_difficult,5,OK,True,1000,1413394935905760512,1.7253820540137643e-08,1413394936105760512,133,True,324
1.3006961924753153,0.002214,0.050000000000000044,1.0,575,19.431063719946657,6.0,,16,1.5954897861784045,3.97337882317514,1.5671601493726277,5.077092199047072,True,2.300412392249645,5.291897174415734,6,0.0004545534529414308,Global-DoF,V2_03_difficult:1413394935905760512:1413394936105760512,0.038104,formal_public_module_evidence,0.022468287853131153,0.08783366623091926,0.11320840622649234,0.24117102031432713,0.7472497338124627,0,0,V2_03_difficult,5,OK,True,1000,1413394935905760512,1.7253820540137643e-08,1413394936105760512,133,True,324
1.456085811734353,0.443402,0.050000000000000044,1.0,575,22.69767797524529,6.0,,16,1.5954897861784045,3.97337882317514,1.5671601493726277,5.193286766410573,True,2.300412392249645,5.291897174415734,6,0.0004545534529414308,DPR-Exact-Block,V2_03_difficult:1413394935905760512:1413394936105760512,0.038104,formal_public_module_evidence,0.022468287853131153,0.08783366623091926,0.11320840622649234,0.24117102031432713,0.7472497338124627,0,0,V2_03_difficult,5,OK,True,1000,1413394935905760512,1.7253820540137643e-08,1413394936105760512,133,True,324
1.4565402619091694,0.180853,0.050000000000000044,1.0,575,22.707995283142694,6.0,,16,1.5954897861784045,3.97337882317514,1.5671601493726277,5.193635286929193,True,2.300412392249645,5.291897174415734,6,0.0004545534529414308,DUC-K16,V2_03_difficult:1413394935905760512:1413394936105760512,0.038104,formal_public_module_evidence,0.022468287853131153,0.08783366623091926,0.11320840622649234,0.24117102031432713,0.7472497338124627,0,0,V2_03_difficult,5,OK,True,1000,1413394935905760512,1.7253820540137643e-08,1413394936105760512,133,True,324
1.4146037705927446,0.075124,0.050000000000000044,1.0,575,21.77539333704022,6.0,,16,1.5954897861784045,3.97337882317514,1.5671601493726277,5.161679539475984,True,2.300412392249645,5.291897174415734,6,0.0004545534529414308,Permuted-K16,V2_03_difficult:1413394935905760512:1413394936105760512,0.038104,formal_public_module_evidence,0.022468287853131153,0.08783366623091926,0.11320840622649234,0.24117102031432713,0.7472497338124627,0,0,V2_03_difficult,5,OK,True,1000,1413394935905760512,1.7253820540137643e-08,1413394936105760512,133,True,324
1.329413539533074,0.006179,0.050000000000000044,1.0,575,11.737890858519952,6.0,,48,0.5657339779025594,3.4260605450750505,1.576227580390308,4.565331622618174,True,1.7624489702114805,3.106226372599508,6,0.10992784054539428,Raw,V2_03_difficult:1413394935905760512:1413394936105760512,0.038893,formal_public_module_evidence,0.012471200593509313,0.03793296820736581,0.05715765743529282,0.4292113220816611,1.2650886636975591,5,0,V2_03_difficult,5,OK,True,1000,1413394935905760512,3.487869455221514e-08,1413394936105760512,133,True,324
1.393952060670645,0.001955,0.050000000000000044,1.0,575,12.520416915754614,6.0,,48,0.5657339779025594,3.4260605450750505,1.576227580390308,4.613330617990215,True,1.7624489702114805,3.106226372599508,6,0.10992784054539428,Global-DoF,V2_03_difficult:1413394935905760512:1413394936105760512,0.038893,formal_public_module_evidence,0.012471200593509313,0.03793296820736581,0.05715765743529282,0.4292113220816611,1.2650886636975591,5,0,V2_03_difficult,5,OK,True,1000,1413394935905760512,3.487869455221514e-08,1413394936105760512,133,True,324
1.5436405835656002,1.281791,0.050000000000000044,1.0,575,14.542118863376572,6.0,,48,0.5657339779025594,3.4260605450750505,1.576227580390308,4.728528302479435,True,1.7624489702114805,3.106226372599508,6,0.10992784054539428,DPR-Exact-Block,V2_03_difficult:1413394935905760512:1413394936105760512,0.038893,formal_public_module_evidence,0.012471200593509313,0.03793296820736581,0.05715765743529282,0.4292113220816611,1.2650886636975591,5,0,V2_03_difficult,5,OK,True,1000,1413394935905760512,3.487869455221514e-08,1413394936105760512,133,True,324
1.6479355882590347,0.314973,0.050000000000000044,1.0,575,16.140702586982,6.0,,48,0.5657339779025594,3.4260605450750505,1.576227580390308,4.811668047323127,True,1.7624489702114805,3.106226372599508,6,0.10992784054539428,DUC-K16,V2_03_difficult:1413394935905760512:1413394936105760512,0.038893,formal_public_module_evidence,0.012471200593509313,0.03793296820736581,0.05715765743529282,0.4292113220816611,1.2650886636975591,5,0,V2_03_difficult,5,OK,True,1000,1413394935905760512,3.487869455221514e-08,1413394936105760512,133,True,324
1.3916227306521922,0.104674,0.050000000000000044,1.0,575,12.491286672934912,6.0,,48,0.5657339779025594,3.4260605450750505,1.576227580390308,4.611579851751006,True,1.7624489702114805,3.106226372599508,6,0.10992784054539428,Permuted-K16,V2_03_difficult:1413394935905760512:1413394936105760512,0.038893,formal_public_module_evidence,0.012471200593509313,0.03793296820736581,0.05715765743529282,0.4292113220816611,1.2650886636975591,5,0,V2_03_difficult,5,OK,True,1000,1413394935905760512,3.487869455221514e-08,1413394936105760512,133,True,324
,,,,1200,,,INSUFFICIENT_TRACKS,16,,,,,,,,,,Raw,V2_03_difficult:1413394936605760512:1413394937005760512,,formal_public_module_evidence,,,,,,,,V2_03_difficult,,,,1010,1413394936605760512,,1413394937005760512,0,False,223
,,,,1200,,,INSUFFICIENT_TRACKS,16,,,,,,,,,,Global-DoF,V2_03_difficult:1413394936605760512:1413394937005760512,,formal_public_module_evidence,,,,,,,,V2_03_difficult,,,,1010,1413394936605760512,,1413394937005760512,0,False,223
,,,,1200,,,INSUFFICIENT_TRACKS,16,,,,,,,,,,DPR-Exact-Block,V2_03_difficult:1413394936605760512:1413394937005760512,,formal_public_module_evidence,,,,,,,,V2_03_difficult,,,,1010,1413394936605760512,,1413394937005760512,0,False,223
,,,,1200,,,INSUFFICIENT_TRACKS,16,,,,,,,,,,DUC-K16,V2_03_difficult:1413394936605760512:1413394937005760512,,formal_public_module_evidence,,,,,,,,V2_03_difficult,,,,1010,1413394936605760512,,1413394937005760512,0,False,223
,,,,1200,,,INSUFFICIENT_TRACKS,16,,,,,,,,,,Permuted-K16,V2_03_difficult:1413394936605760512:1413394937005760512,,formal_public_module_evidence,,,,,,,,V2_03_difficult,,,,1010,1413394936605760512,,1413394937005760512,0,False,223
,,,,1200,,,INSUFFICIENT_TRACKS,48,,,,,,,,,,Raw,V2_03_difficult:1413394936605760512:1413394937005760512,,formal_public_module_evidence,,,,,,,,V2_03_difficult,,,,1010,1413394936605760512,,1413394937005760512,0,False,223
,,,,1200,,,INSUFFICIENT_TRACKS,48,,,,,,,,,,Global-DoF,V2_03_difficult:1413394936605760512:1413394937005760512,,formal_public_module_evidence,,,,,,,,V2_03_difficult,,,,1010,1413394936605760512,,1413394937005760512,0,False,223
,,,,1200,,,INSUFFICIENT_TRACKS,48,,,,,,,,,,DPR-Exact-Block,V2_03_difficult:1413394936605760512:1413394937005760512,,formal_public_module_evidence,,,,,,,,V2_03_difficult,,,,1010,1413394936605760512,,1413394937005760512,0,False,223
,,,,1200,,,INSUFFICIENT_TRACKS,48,,,,,,,,,,DUC-K16,V2_03_difficult:1413394936605760512:1413394937005760512,,formal_public_module_evidence,,,,,,,,V2_03_difficult,,,,1010,1413394936605760512,,1413394937005760512,0,False,223
,,,,1200,,,INSUFFICIENT_TRACKS,48,,,,,,,,,,Permuted-K16,V2_03_difficult:1413394936605760512:1413394937005760512,,formal_public_module_evidence,,,,,,,,V2_03_difficult,,,,1010,1413394936605760512,,1413394937005760512,0,False,223
,,,,1133,,,INSUFFICIENT_TRACKS,16,,,,,,,,,,Raw,V2_03_difficult:1413394937455760384:1413394937855760384,,formal_public_module_evidence,,,,,,,,V2_03_difficult,,,,1020,1413394937455760384,,1413394937855760384,32,False,289
,,,,1133,,,INSUFFICIENT_TRACKS,16,,,,,,,,,,Global-DoF,V2_03_difficult:1413394937455760384:1413394937855760384,,formal_public_module_evidence,,,,,,,,V2_03_difficult,,,,1020,1413394937455760384,,1413394937855760384,32,False,289
,,,,1133,,,INSUFFICIENT_TRACKS,16,,,,,,,,,,DPR-Exact-Block,V2_03_difficult:1413394937455760384:1413394937855760384,,formal_public_module_evidence,,,,,,,,V2_03_difficult,,,,1020,1413394937455760384,,1413394937855760384,32,False,289
,,,,1133,,,INSUFFICIENT_TRACKS,16,,,,,,,,,,DUC-K16,V2_03_difficult:1413394937455760384:1413394937855760384,,formal_public_module_evidence,,,,,,,,V2_03_difficult,,,,1020,1413394937455760384,,1413394937855760384,32,False,289
,,,,1133,,,INSUFFICIENT_TRACKS,16,,,,,,,,,,Permuted-K16,V2_03_difficult:1413394937455760384:1413394937855760384,,formal_public_module_evidence,,,,,,,,V2_03_difficult,,,,1020,1413394937455760384,,1413394937855760384,32,False,289
,,,,1133,,,INSUFFICIENT_TRACKS,48,,,,,,,,,,Raw,V2_03_difficult:1413394937455760384:1413394937855760384,,formal_public_module_evidence,,,,,,,,V2_03_difficult,,,,1020,1413394937455760384,,1413394937855760384,32,False,289
,,,,1133,,,INSUFFICIENT_TRACKS,48,,,,,,,,,,Global-DoF,V2_03_difficult:1413394937455760384:1413394937855760384,,formal_public_module_evidence,,,,,,,,V2_03_difficult,,,,1020,1413394937455760384,,1413394937855760384,32,False,289
,,,,1133,,,INSUFFICIENT_TRACKS,48,,,,,,,,,,DPR-Exact-Block,V2_03_difficult:1413394937455760384:1413394937855760384,,formal_public_module_evidence,,,,,,,,V2_03_difficult,,,,1020,1413394937455760384,,1413394937855760384,32,False,289
,,,,1133,,,INSUFFICIENT_TRACKS,48,,,,,,,,,,DUC-K16,V2_03_difficult:1413394937455760384:1413394937855760384,,formal_public_module_evidence,,,,,,,,V2_03_difficult,,,,1020,1413394937455760384,,1413394937855760384,32,False,289
,,,,1133,,,INSUFFICIENT_TRACKS,48,,,,,,,,,,Permuted-K16,V2_03_difficult:1413394937455760384:1413394937855760384,,formal_public_module_evidence,,,,,,,,V2_03_difficult,,,,1020,1413394937455760384,,1413394937855760384,32,False,289
,,,,490,,,INSUFFICIENT_TRACKS,16,,,,,,,,,,Raw,V2_03_difficult:1413394938455760384:1413394938855760384,,formal_public_module_evidence,,,,,,,,V2_03_difficult,,,,1030,1413394938455760384,,1413394938855760384,54,False,203
,,,,490,,,INSUFFICIENT_TRACKS,16,,,,,,,,,,Global-DoF,V2_03_difficult:1413394938455760384:1413394938855760384,,formal_public_module_evidence,,,,,,,,V2_03_difficult,,,,1030,1413394938455760384,,1413394938855760384,54,False,203
,,,,490,,,INSUFFICIENT_TRACKS,16,,,,,,,,,,DPR-Exact-Block,V2_03_difficult:1413394938455760384:1413394938855760384,,formal_public_module_evidence,,,,,,,,V2_03_difficult,,,,1030,1413394938455760384,,1413394938855760384,54,False,203
,,,,490,,,INSUFFICIENT_TRACKS,16,,,,,,,,,,DUC-K16,V2_03_difficult:1413394938455760384:1413394938855760384,,formal_public_module_evidence,,,,,,,,V2_03_difficult,,,,1030,1413394938455760384,,1413394938855760384,54,False,203
,,,,490,,,INSUFFICIENT_TRACKS,16,,,,,,,,,,Permuted-K16,V2_03_difficult:1413394938455760384:1413394938855760384,,formal_public_module_evidence,,,,,,,,V2_03_difficult,,,,1030,1413394938455760384,,1413394938855760384,54,False,203
,,,,490,,,INSUFFICIENT_TRACKS,48,,,,,,,,,,Raw,V2_03_difficult:1413394938455760384:1413394938855760384,,formal_public_module_evidence,,,,,,,,V2_03_difficult,,,,1030,1413394938455760384,,1413394938855760384,54,False,203
,,,,490,,,INSUFFICIENT_TRACKS,48,,,,,,,,,,Global-DoF,V2_03_difficult:1413394938455760384:1413394938855760384,,formal_public_module_evidence,,,,,,,,V2_03_difficult,,,,1030,1413394938455760384,,1413394938855760384,54,False,203
,,,,490,,,INSUFFICIENT_TRACKS,48,,,,,,,,,,DPR-Exact-Block,V2_03_difficult:1413394938455760384:1413394938855760384,,formal_public_module_evidence,,,,,,,,V2_03_difficult,,,,1030,1413394938455760384,,1413394938855760384,54,False,203
,,,,490,,,INSUFFICIENT_TRACKS,48,,,,,,,,,,DUC-K16,V2_03_difficult:1413394938455760384:1413394938855760384,,formal_public_module_evidence,,,,,,,,V2_03_difficult,,,,1030,1413394938455760384,,1413394938855760384,54,False,203
,,,,490,,,INSUFFICIENT_TRACKS,48,,,,,,,,,,Permuted-K16,V2_03_difficult:1413394938455760384:1413394938855760384,,formal_public_module_evidence,,,,,,,,V2_03_difficult,,,,1030,1413394938455760384,,1413394938855760384,54,False,203
,,,,468,,,INSUFFICIENT_TRACKS,16,,,,,,,,,,Raw,V2_03_difficult:1413394939455760384:1413394939855760384,,formal_public_module_evidence,,,,,,,,V2_03_difficult,,,,1040,1413394939455760384,,1413394939855760384,59,False,146
,,,,468,,,INSUFFICIENT_TRACKS,16,,,,,,,,,,Global-DoF,V2_03_difficult:1413394939455760384:1413394939855760384,,formal_public_module_evidence,,,,,,,,V2_03_difficult,,,,1040,1413394939455760384,,1413394939855760384,59,False,146
,,,,468,,,INSUFFICIENT_TRACKS,16,,,,,,,,,,DPR-Exact-Block,V2_03_difficult:1413394939455760384:1413394939855760384,,formal_public_module_evidence,,,,,,,,V2_03_difficult,,,,1040,1413394939455760384,,1413394939855760384,59,False,146
,,,,468,,,INSUFFICIENT_TRACKS,16,,,,,,,,,,DUC-K16,V2_03_difficult:1413394939455760384:1413394939855760384,,formal_public_module_evidence,,,,,,,,V2_03_difficult,,,,1040,1413394939455760384,,1413394939855760384,59,False,146
,,,,468,,,INSUFFICIENT_TRACKS,16,,,,,,,,,,Permuted-K16,V2_03_difficult:1413394939455760384:1413394939855760384,,formal_public_module_evidence,,,,,,,,V2_03_difficult,,,,1040,1413394939455760384,,1413394939855760384,59,False,146
,,,,468,,,INSUFFICIENT_TRACKS,48,,,,,,,,,,Raw,V2_03_difficult:1413394939455760384:1413394939855760384,,formal_public_module_evidence,,,,,,,,V2_03_difficult,,,,1040,1413394939455760384,,1413394939855760384,59,False,146
,,,,468,,,INSUFFICIENT_TRACKS,48,,,,,,,,,,Global-DoF,V2_03_difficult:1413394939455760384:1413394939855760384,,formal_public_module_evidence,,,,,,,,V2_03_difficult,,,,1040,1413394939455760384,,1413394939855760384,59,False,146
,,,,468,,,INSUFFICIENT_TRACKS,48,,,,,,,,,,DPR-Exact-Block,V2_03_difficult:1413394939455760384:1413394939855760384,,formal_public_module_evidence,,,,,,,,V2_03_difficult,,,,1040,1413394939455760384,,1413394939855760384,59,False,146
,,,,468,,,INSUFFICIENT_TRACKS,48,,,,,,,,,,DUC-K16,V2_03_difficult:1413394939455760384:1413394939855760384,,formal_public_module_evidence,,,,,,,,V2_03_difficult,,,,1040,1413394939455760384,,1413394939855760384,59,False,146
,,,,468,,,INSUFFICIENT_TRACKS,48,,,,,,,,,,Permuted-K16,V2_03_difficult:1413394939455760384:1413394939855760384,,formal_public_module_evidence,,,,,,,,V2_03_difficult,,,,1040,1413394939455760384,,1413394939855760384,59,False,146
1.3128457762793218,0.006296,0.2833333333333333,0.6666666666666666,573,63.494274085566694,6.0,,16,0.4283105612995797,7.968329441330014,0.42565552499051995,9.705562471172238,True,15.362012681938573,235.99143364004158,6,0.07539948134876484,Raw,V2_03_difficult:1413394940455760384:1413394940855760384,0.039252,formal_public_module_evidence,0.033389659472380706,0.0844837518982019,0.12059086374492729,0.4561269967533662,1.2340275013432347,0,0,V2_03_difficult,10,OK,True,1050,1413394940455760384,2.7617360169038284e-07,1413394940855760384,72,True,199
1.1052064115010771,0.002106,0.2833333333333333,0.6666666666666666,573,78.14679887454362,6.0,,16,0.4283105612995797,7.968329441330014,0.42565552499051995,9.216313896923454,True,15.362012681938573,235.99143364004158,6,0.07539948134876484,Global-DoF,V2_03_difficult:1413394940455760384:1413394940855760384,0.039252,formal_public_module_evidence,0.033389659472380706,0.0844837518982019,0.12059086374492729,0.4561269967533662,1.2340275013432347,0,0,V2_03_difficult,10,OK,True,1050,1413394940455760384,2.7617360169038284e-07,1413394940855760384,72,True,199
0.7580937656687714,0.448575,0.15833333333333333,0.7916666666666666,573,110.57585328936324,6.0,,16,0.4283105612995797,7.968329441330014,0.42565552499051995,8.677782854418766,True,15.362012681938573,235.99143364004158,6,0.07539948134876484,DPR-Exact-Block,V2_03_difficult:1413394940455760384:1413394940855760384,0.039252,formal_public_module_evidence,0.033389659472380706,0.0844837518982019,0.12059086374492729,0.4561269967533662,1.2340275013432347,0,0,V2_03_difficult,10,OK,True,1050,1413394940455760384,2.7617360169038284e-07,1413394940855760384,72,True,199
0.8364872721503311,0.188373,0.19999999999999996,0.75,573,102.23849130164814,6.0,,16,0.4283105612995797,7.968329441330014,0.42565552499051995,8.773429784886842,True,15.362012681938573,235.99143364004158,6,0.07539948134876484,DUC-K16,V2_03_difficult:1413394940455760384:1413394940855760384,0.039252,formal_public_module_evidence,0.033389659472380706,0.0844837518982019,0.12059086374492729,0.4561269967533662,1.2340275013432347,0,0,V2_03_difficult,10,OK,True,1050,1413394940455760384,2.7617360169038284e-07,1413394940855760384,72,True,199
0.9930821975614532,0.075234,0.2833333333333333,0.6666666666666666,573,87.41905755058447,6.0,,16,0.4283105612995797,7.968329441330014,0.42565552499051995,9.008132560185631,True,15.362012681938573,235.99143364004158,6,0.07539948134876484,Permuted-K16,V2_03_difficult:1413394940455760384:1413394940855760384,0.039252,formal_public_module_evidence,0.033389659472380706,0.0844837518982019,0.12059086374492729,0.4561269967533662,1.2340275013432347,0,0,V2_03_difficult,10,OK,True,1050,1413394940455760384,2.7617360169038284e-07,1413394940855760384,72,True,199
,,,,573,,,LEAST_SQUARES_FAILED,48,-0.05511334879004759,,0.046358346301262676,,,,,6,,Raw,V2_03_difficult:1413394940455760384:1413394940855760384,,formal_public_module_evidence,,,,,,,,V2_03_difficult,100,LEAST_SQUARES_FAILED,False,1050,1413394940455760384,0.005272002402218238,1413394940855760384,72,False,199
,,,,573,,,LEAST_SQUARES_FAILED,48,-0.05511334879004759,,0.046358346301262676,,,,,6,,Global-DoF,V2_03_difficult:1413394940455760384:1413394940855760384,,formal_public_module_evidence,,,,,,,,V2_03_difficult,100,LEAST_SQUARES_FAILED,False,1050,1413394940455760384,0.005272002402218238,1413394940855760384,72,False,199
,,,,573,,,LEAST_SQUARES_FAILED,48,-0.05511334879004759,,0.046358346301262676,,,,,6,,DPR-Exact-Block,V2_03_difficult:1413394940455760384:1413394940855760384,,formal_public_module_evidence,,,,,,,,V2_03_difficult,100,LEAST_SQUARES_FAILED,False,1050,1413394940455760384,0.005272002402218238,1413394940855760384,72,False,199
,,,,573,,,LEAST_SQUARES_FAILED,48,-0.05511334879004759,,0.046358346301262676,,,,,6,,DUC-K16,V2_03_difficult:1413394940455760384:1413394940855760384,,formal_public_module_evidence,,,,,,,,V2_03_difficult,100,LEAST_SQUARES_FAILED,False,1050,1413394940455760384,0.005272002402218238,1413394940855760384,72,False,199
,,,,573,,,LEAST_SQUARES_FAILED,48,-0.05511334879004759,,0.046358346301262676,,,,,6,,Permuted-K16,V2_03_difficult:1413394940455760384:1413394940855760384,,formal_public_module_evidence,,,,,,,,V2_03_difficult,100,LEAST_SQUARES_FAILED,False,1050,1413394940455760384,0.005272002402218238,1413394940855760384,72,False,199
,,,,453,,,INSUFFICIENT_TRACKS,16,,,,,,,,,,Raw,V2_03_difficult:1413394941305760512:1413394941705760512,,formal_public_module_evidence,,,,,,,,V2_03_difficult,,,,1060,1413394941305760512,,1413394941705760512,39,False,246
,,,,453,,,INSUFFICIENT_TRACKS,16,,,,,,,,,,Global-DoF,V2_03_difficult:1413394941305760512:1413394941705760512,,formal_public_module_evidence,,,,,,,,V2_03_difficult,,,,1060,1413394941305760512,,1413394941705760512,39,False,246
,,,,453,,,INSUFFICIENT_TRACKS,16,,,,,,,,,,DPR-Exact-Block,V2_03_difficult:1413394941305760512:1413394941705760512,,formal_public_module_evidence,,,,,,,,V2_03_difficult,,,,1060,1413394941305760512,,1413394941705760512,39,False,246
,,,,453,,,INSUFFICIENT_TRACKS,16,,,,,,,,,,DUC-K16,V2_03_difficult:1413394941305760512:1413394941705760512,,formal_public_module_evidence,,,,,,,,V2_03_difficult,,,,1060,1413394941305760512,,1413394941705760512,39,False,246
,,,,453,,,INSUFFICIENT_TRACKS,16,,,,,,,,,,Permuted-K16,V2_03_difficult:1413394941305760512:1413394941705760512,,formal_public_module_evidence,,,,,,,,V2_03_difficult,,,,1060,1413394941305760512,,1413394941705760512,39,False,246
,,,,453,,,INSUFFICIENT_TRACKS,48,,,,,,,,,,Raw,V2_03_difficult:1413394941305760512:1413394941705760512,,formal_public_module_evidence,,,,,,,,V2_03_difficult,,,,1060,1413394941305760512,,1413394941705760512,39,False,246
,,,,453,,,INSUFFICIENT_TRACKS,48,,,,,,,,,,Global-DoF,V2_03_difficult:1413394941305760512:1413394941705760512,,formal_public_module_evidence,,,,,,,,V2_03_difficult,,,,1060,1413394941305760512,,1413394941705760512,39,False,246
,,,,453,,,INSUFFICIENT_TRACKS,48,,,,,,,,,,DPR-Exact-Block,V2_03_difficult:1413394941305760512:1413394941705760512,,formal_public_module_evidence,,,,,,,,V2_03_difficult,,,,1060,1413394941305760512,,1413394941705760512,39,False,246
,,,,453,,,INSUFFICIENT_TRACKS,48,,,,,,,,,,DUC-K16,V2_03_difficult:1413394941305760512:1413394941705760512,,formal_public_module_evidence,,,,,,,,V2_03_difficult,,,,1060,1413394941305760512,,1413394941705760512,39,False,246
,,,,453,,,INSUFFICIENT_TRACKS,48,,,,,,,,,,Permuted-K16,V2_03_difficult:1413394941305760512:1413394941705760512,,formal_public_module_evidence,,,,,,,,V2_03_difficult,,,,1060,1413394941305760512,,1413394941705760512,39,False,246
,,,,267,,,INSUFFICIENT_TRACKS,16,,,,,,,,,,Raw,V2_03_difficult:1413394942005760512:1413394942205760512,,formal_public_module_evidence,,,,,,,,V2_03_difficult,,,,1070,1413394942005760512,,1413394942205760512,63,False,232
,,,,267,,,INSUFFICIENT_TRACKS,16,,,,,,,,,,Global-DoF,V2_03_difficult:1413394942005760512:1413394942205760512,,formal_public_module_evidence,,,,,,,,V2_03_difficult,,,,1070,1413394942005760512,,1413394942205760512,63,False,232
,,,,267,,,INSUFFICIENT_TRACKS,16,,,,,,,,,,DPR-Exact-Block,V2_03_difficult:1413394942005760512:1413394942205760512,,formal_public_module_evidence,,,,,,,,V2_03_difficult,,,,1070,1413394942005760512,,1413394942205760512,63,False,232
,,,,267,,,INSUFFICIENT_TRACKS,16,,,,,,,,,,DUC-K16,V2_03_difficult:1413394942005760512:1413394942205760512,,formal_public_module_evidence,,,,,,,,V2_03_difficult,,,,1070,1413394942005760512,,1413394942205760512,63,False,232
,,,,267,,,INSUFFICIENT_TRACKS,16,,,,,,,,,,Permuted-K16,V2_03_difficult:1413394942005760512:1413394942205760512,,formal_public_module_evidence,,,,,,,,V2_03_difficult,,,,1070,1413394942005760512,,1413394942205760512,63,False,232
,,,,267,,,INSUFFICIENT_TRACKS,48,,,,,,,,,,Raw,V2_03_difficult:1413394942005760512:1413394942205760512,,formal_public_module_evidence,,,,,,,,V2_03_difficult,,,,1070,1413394942005760512,,1413394942205760512,63,False,232
,,,,267,,,INSUFFICIENT_TRACKS,48,,,,,,,,,,Global-DoF,V2_03_difficult:1413394942005760512:1413394942205760512,,formal_public_module_evidence,,,,,,,,V2_03_difficult,,,,1070,1413394942005760512,,1413394942205760512,63,False,232
,,,,267,,,INSUFFICIENT_TRACKS,48,,,,,,,,,,DPR-Exact-Block,V2_03_difficult:1413394942005760512:1413394942205760512,,formal_public_module_evidence,,,,,,,,V2_03_difficult,,,,1070,1413394942005760512,,1413394942205760512,63,False,232
,,,,267,,,INSUFFICIENT_TRACKS,48,,,,,,,,,,DUC-K16,V2_03_difficult:1413394942005760512:1413394942205760512,,formal_public_module_evidence,,,,,,,,V2_03_difficult,,,,1070,1413394942005760512,,1413394942205760512,63,False,232
,,,,267,,,INSUFFICIENT_TRACKS,48,,,,,,,,,,Permuted-K16,V2_03_difficult:1413394942005760512:1413394942205760512,,formal_public_module_evidence,,,,,,,,V2_03_difficult,,,,1070,1413394942005760512,,1413394942205760512,63,False,232
2.263552694570982,0.006014,0.2833333333333333,0.6666666666666666,181,1.6682542499761221,5.999999999999999,,16,2.4828711685792517,1.2916091707541109,1.7561560659632838,11.966850291220757,True,4.005487145547462,16.04392727314595,6,0.010167313717582838,Raw,V2_03_difficult:1413394942505760512:1413394942705760512,0.039587,formal_public_module_evidence,0.025568317466411417,0.06041240078225407,0.08627258795026274,0.18432384238008306,0.6956382915400257,0,0,V2_03_difficult,5,OK,True,1080,1413394942505760512,1.5233549480681316e-08,1413394942705760512,114,True,174
2.0559133297927374,0.002033,0.19999999999999996,0.75,181,2.0532359999706116,5.999999999999999,,16,2.4828711685792517,1.2916091707541109,1.7561560659632838,10.37126549891508,True,4.005487145547462,16.04392727314595,6,0.010167313717582838,Global-DoF,V2_03_difficult:1413394942505760512:1413394942705760512,0.039587,formal_public_module_evidence,0.025568317466411417,0.06041240078225407,0.08627258795026274,0.18432384238008306,0.6956382915400257,0,0,V2_03_difficult,5,OK,True,1080,1413394942505760512,1.5233549480681316e-08,1413394942705760512,114,True,174
1.9308323352017314,0.490686,0.19999999999999996,0.75,181,2.3268096485117735,5.999999999999999,,16,2.4828711685792517,1.2916091707541109,1.7561560659632838,9.577622156746672,True,4.005487145547462,16.04392727314595,6,0.010167313717582838,DPR-Exact-Block,V2_03_difficult:1413394942505760512:1413394942705760512,0.039587,formal_public_module_evidence,0.025568317466411417,0.06041240078225407,0.08627258795026274,0.18432384238008306,0.6956382915400257,0,0,V2_03_difficult,5,OK,True,1080,1413394942505760512,1.5233549480681316e-08,1413394942705760512,114,True,174
1.9207163609220717,0.181876,0.19999999999999996,0.75,181,2.350467052169291,5.999999999999999,,16,2.4828711685792517,1.2916091707541109,1.7561560659632838,9.51833760839505,True,4.005487145547462,16.04392727314595,6,0.010167313717582838,DUC-K16,V2_03_difficult:1413394942505760512:1413394942705760512,0.039587,formal_public_module_evidence,0.025568317466411417,0.06041240078225407,0.08627258795026274,0.18432384238008306,0.6956382915400257,0,0,V2_03_difficult,5,OK,True,1080,1413394942505760512,1.5233549480681316e-08,1413394942705760512,114,True,174
2.0147159093961164,0.070819,0.19999999999999996,0.75,181,2.13959060688505,5.999999999999999,,16,2.4828711685792517,1.2916091707541109,1.7561560659632838,10.09708836963341,True,4.005487145547462,16.04392727314595,6,0.010167313717582838,Permuted-K16,V2_03_difficult:1413394942505760512:1413394942705760512,0.039587,formal_public_module_evidence,0.025568317466411417,0.06041240078225407,0.08627258795026274,0.18432384238008306,0.6956382915400257,0,0,V2_03_difficult,5,OK,True,1080,1413394942505760512,1.5233549480681316e-08,1413394942705760512,114,True,174
0.32466278444103563,0.006307,0.11666666666666659,0.8333333333333334,181,8.334836020363054,6.0,,48,1.584822266371187,2.8870116072442547,1.7541084015566024,5.3418849167929245,True,3.3958473361332713,11.531779130323434,6,0.05067492492238723,Raw,V2_03_difficult:1413394942505760512:1413394942705760512,0.038709,formal_public_module_evidence,0.01163003090669229,0.038022024477487384,0.05094684263229978,0.41025730878230293,1.0111470644856007,3,0,V2_03_difficult,6,OK,True,1080,1413394942505760512,2.2343097126817957e-09,1413394942705760512,114,True,174
0.26012426330346455,0.002005,0.07499999999999996,0.875,181,8.890491755053924,6.0,,48,1.584822266371187,2.8870116072442547,1.7541084015566024,5.319950687430741,True,3.3958473361332713,11.531779130323434,6,0.05067492492238723,Global-DoF,V2_03_difficult:1413394942505760512:1413394942705760512,0.038709,formal_public_module_evidence,0.01163003090669229,0.038022024477487384,0.05094684263229978,0.41025730878230293,1.0111470644856007,3,0,V2_03_difficult,6,OK,True,1080,1413394942505760512,2.2343097126817957e-09,1413394942705760512,114,True,174
0.08202994293814436,1.288254,0.07499999999999996,0.875,181,10.623586640486606,6.0,,48,1.584822266371187,2.8870116072442547,1.7541084015566024,5.286442062352082,True,3.3958473361332713,11.531779130323434,6,0.05067492492238723,DPR-Exact-Block,V2_03_difficult:1413394942505760512:1413394942705760512,0.038709,formal_public_module_evidence,0.01163003090669229,0.038022024477487384,0.05094684263229978,0.41025730878230293,1.0111470644856007,3,0,V2_03_difficult,6,OK,True,1080,1413394942505760512,2.2343097126817957e-09,1413394942705760512,114,True,174
0.13403393709968492,0.320746,0.07499999999999996,0.875,181,10.08523718507347,6.0,,48,1.584822266371187,2.8870116072442547,1.7541084015566024,5.2923813798774075,True,3.3958473361332713,11.531779130323434,6,0.05067492492238723,DUC-K16,V2_03_difficult:1413394942505760512:1413394942705760512,0.038709,formal_public_module_evidence,0.01163003090669229,0.038022024477487384,0.05094684263229978,0.41025730878230293,1.0111470644856007,3,0,V2_03_difficult,6,OK,True,1080,1413394942505760512,2.2343097126817957e-09,1413394942705760512,114,True,174
0.27624672527635874,0.105571,0.07499999999999996,0.875,181,8.74830442465395,6.0,,48,1.584822266371187,2.8870116072442547,1.7541084015566024,5.324910018481511,True,3.3958473361332713,11.531779130323434,6,0.05067492492238723,Permuted-K16,V2_03_difficult:1413394942505760512:1413394942705760512,0.038709,formal_public_module_evidence,0.01163003090669229,0.038022024477487384,0.05094684263229978,0.41025730878230293,1.0111470644856007,3,0,V2_03_difficult,6,OK,True,1080,1413394942505760512,2.2343097126817957e-09,1413394942705760512,114,True,174
,,,,215,,,INSUFFICIENT_TRACKS,16,,,,,,,,,,Raw,V2_03_difficult:1413394943005760512:1413394943205760512,,formal_public_module_evidence,,,,,,,,V2_03_difficult,,,,1090,1413394943005760512,,1413394943205760512,9,False,188
,,,,215,,,INSUFFICIENT_TRACKS,16,,,,,,,,,,Global-DoF,V2_03_difficult:1413394943005760512:1413394943205760512,,formal_public_module_evidence,,,,,,,,V2_03_difficult,,,,1090,1413394943005760512,,1413394943205760512,9,False,188
,,,,215,,,INSUFFICIENT_TRACKS,16,,,,,,,,,,DPR-Exact-Block,V2_03_difficult:1413394943005760512:1413394943205760512,,formal_public_module_evidence,,,,,,,,V2_03_difficult,,,,1090,1413394943005760512,,1413394943205760512,9,False,188
,,,,215,,,INSUFFICIENT_TRACKS,16,,,,,,,,,,DUC-K16,V2_03_difficult:1413394943005760512:1413394943205760512,,formal_public_module_evidence,,,,,,,,V2_03_difficult,,,,1090,1413394943005760512,,1413394943205760512,9,False,188
,,,,215,,,INSUFFICIENT_TRACKS,16,,,,,,,,,,Permuted-K16,V2_03_difficult:1413394943005760512:1413394943205760512,,formal_public_module_evidence,,,,,,,,V2_03_difficult,,,,1090,1413394943005760512,,1413394943205760512,9,False,188
,,,,215,,,INSUFFICIENT_TRACKS,48,,,,,,,,,,Raw,V2_03_difficult:1413394943005760512:1413394943205760512,,formal_public_module_evidence,,,,,,,,V2_03_difficult,,,,1090,1413394943005760512,,1413394943205760512,9,False,188
,,,,215,,,INSUFFICIENT_TRACKS,48,,,,,,,,,,Global-DoF,V2_03_difficult:1413394943005760512:1413394943205760512,,formal_public_module_evidence,,,,,,,,V2_03_difficult,,,,1090,1413394943005760512,,1413394943205760512,9,False,188
,,,,215,,,INSUFFICIENT_TRACKS,48,,,,,,,,,,DPR-Exact-Block,V2_03_difficult:1413394943005760512:1413394943205760512,,formal_public_module_evidence,,,,,,,,V2_03_difficult,,,,1090,1413394943005760512,,1413394943205760512,9,False,188
,,,,215,,,INSUFFICIENT_TRACKS,48,,,,,,,,,,DUC-K16,V2_03_difficult:1413394943005760512:1413394943205760512,,formal_public_module_evidence,,,,,,,,V2_03_difficult,,,,1090,1413394943005760512,,1413394943205760512,9,False,188
,,,,215,,,INSUFFICIENT_TRACKS,48,,,,,,,,,,Permuted-K16,V2_03_difficult:1413394943005760512:1413394943205760512,,formal_public_module_evidence,,,,,,,,V2_03_difficult,,,,1090,1413394943005760512,,1413394943205760512,9,False,188
0.032591794719054844,0.006105,0.07499999999999996,0.875,155,2.851488665016935,6.0,,16,2.1565029592752554,1.6886351485791522,1.8040592259704544,3.8536518574817857,True,1.661340324370396,2.7600516733791323,6,0.01272053489772862,Raw,V2_03_difficult:1413394943505760512:1413394943705760512,0.038807,formal_public_module_evidence,0.027848406024456818,0.08321562973278113,0.1026226868778619,0.2121244393680335,0.6000937614701112,0,0,V2_03_difficult,4,OK,True,1100,1413394943505760512,3.1698430859186734e-08,1413394943705760512,106,True,120
0.24023115949729948,0.002056,0.033333333333333326,0.9166666666666666,155,3.509524510790074,6.0,,16,2.1565029592752554,1.6886351485791522,1.8040592259704544,3.879803673279886,True,1.661340324370396,2.7600516733791323,6,0.01272053489772862,Global-DoF,V2_03_difficult:1413394943505760512:1413394943705760512,0.038807,formal_public_module_evidence,0.027848406024456818,0.08321562973278113,0.1026226868778619,0.2121244393680335,0.6000937614701112,0,0,V2_03_difficult,4,OK,True,1100,1413394943505760512,3.1698430859186734e-08,1413394943705760512,106,True,120
0.4196003131552329,0.458093,0.033333333333333326,0.9166666666666666,155,4.19901391234213,6.0,,16,2.1565029592752554,1.6886351485791522,1.8040592259704544,3.9300362666309945,True,1.661340324370396,2.7600516733791323,6,0.01272053489772862,DPR-Exact-Block,V2_03_difficult:1413394943505760512:1413394943705760512,0.038807,formal_public_module_evidence,0.027848406024456818,0.08321562973278113,0.1026226868778619,0.2121244393680335,0.6000937614701112,0,0,V2_03_difficult,4,OK,True,1100,1413394943505760512,3.1698430859186734e-08,1413394943705760512,106,True,120
0.4322406216808171,0.178077,0.033333333333333326,0.9166666666666666,155,4.2524276153501255,6.0,,16,2.1565029592752554,1.6886351485791522,1.8040592259704544,3.934420271509218,True,1.661340324370396,2.7600516733791323,6,0.01272053489772862,DUC-K16,V2_03_difficult:1413394943505760512:1413394943705760512,0.038807,formal_public_module_evidence,0.027848406024456818,0.08321562973278113,0.1026226868778619,0.2121244393680335,0.6000937614701112,0,0,V2_03_difficult,4,OK,True,1100,1413394943505760512,3.1698430859186734e-08,1413394943705760512,106,True,120
0.33901358167954826,0.068737,0.033333333333333326,0.9166666666666666,155,3.8739047723904565,6.0,,16,2.1565029592752554,1.6886351485791522,1.8040592259704544,3.9046128223281062,True,1.661340324370396,2.7600516733791323,6,0.01272053489772862,Permuted-K16,V2_03_difficult:1413394943505760512:1413394943705760512,0.038807,formal_public_module_evidence,0.027848406024456818,0.08321562973278113,0.1026226868778619,0.2121244393680335,0.6000937614701112,0,0,V2_03_difficult,4,OK,True,1100,1413394943505760512,3.1698430859186734e-08,1413394943705760512,106,True,120
0.8928617915274679,0.006798,0.008333333333333415,0.9583333333333334,155,2.7147694945292713,6.0,,48,1.6190874453531467,1.6476557572895107,1.8219962824115532,3.2460663370651943,True,1.0543480657505817,1.1116498437519928,6,0.04589476641507706,Raw,V2_03_difficult:1413394943505760512:1413394943705760512,0.044579,formal_public_module_evidence,0.015714399510200372,0.04944055719576617,0.07652796261008314,0.6175271157457304,1.554014588803358,8,0,V2_03_difficult,9,OK,True,1100,1413394943505760512,1.1483352058949408e-08,1413394943705760512,106,True,120
0.9574003126650388,0.001923,0.008333333333333415,0.9583333333333334,155,2.895754127497889,6.0,,48,1.6190874453531467,1.6476557572895107,1.8219962824115532,3.2850122193527596,True,1.0543480657505817,1.1116498437519928,6,0.04589476641507706,Global-DoF,V2_03_difficult:1413394943505760512:1413394943705760512,0.044579,formal_public_module_evidence,0.015714399510200372,0.04944055719576617,0.07652796261008314,0.6175271157457304,1.554014588803358,8,0,V2_03_difficult,9,OK,True,1100,1413394943505760512,1.1483352058949408e-08,1413394943705760512,106,True,120
1.0179164959745883,1.258573,0.050000000000000044,1.0,155,3.076405141598139,6.0,,48,1.6190874453531467,1.6476557572895107,1.8219962824115532,3.3229858443078855,True,1.0543480657505817,1.1116498437519928,6,0.04589476641507706,DPR-Exact-Block,V2_03_difficult:1413394943505760512:1413394943705760512,0.044579,formal_public_module_evidence,0.015714399510200372,0.04944055719576617,0.07652796261008314,0.6175271157457304,1.554014588803358,8,0,V2_03_difficult,9,OK,True,1100,1413394943505760512,1.1483352058949408e-08,1413394943705760512,106,True,120
0.9709351900982957,0.320842,0.008333333333333415,0.9583333333333334,155,2.93521424622635,6.0,,48,1.6190874453531467,1.6476557572895107,1.8219962824115532,3.293386203153324,True,1.0543480657505817,1.1116498437519928,6,0.04589476641507706,DUC-K16,V2_03_difficult:1413394943505760512:1413394943705760512,0.044579,formal_public_module_evidence,0.015714399510200372,0.04944055719576617,0.07652796261008314,0.6175271157457304,1.554014588803358,8,0,V2_03_difficult,9,OK,True,1100,1413394943505760512,1.1483352058949408e-08,1413394943705760512,106,True,120
0.9690342143548096,0.10504,0.008333333333333415,0.9583333333333334,155,2.929639775288067,6.0,,48,1.6190874453531467,1.6476557572895107,1.8219962824115532,3.2922058662026306,True,1.0543480657505817,1.1116498437519928,6,0.04589476641507706,Permuted-K16,V2_03_difficult:1413394943505760512:1413394943705760512,0.044579,formal_public_module_evidence,0.015714399510200372,0.04944055719576617,0.07652796261008314,0.6175271157457304,1.554014588803358,8,0,V2_03_difficult,9,OK,True,1100,1413394943505760512,1.1483352058949408e-08,1413394943705760512,106,True,120
0.0302038996657802,0.006099,0.008333333333333415,0.9583333333333334,157,1.0641225477028446,5.999999999999999,,16,2.155881047704214,1.0315631573989277,2.0650834200080888,2.9306922918196108,True,1.0472600005916415,1.0967535088392049,6,0.05482429332109362,Raw,V2_03_difficult:1413394944005760512:1413394944205760512,0.037705,formal_public_module_evidence,0.01796346648106606,0.08688800262902222,0.10332267050888533,0.22457167954979124,0.9171313124997924,1,0,V2_03_difficult,4,OK,True,1110,1413394944005760512,3.665934896493933e-09,1413394944205760512,110,True,123
0.17743546511246436,0.002015,0.008333333333333415,0.9583333333333334,157,1.3096892894804242,5.999999999999999,,16,2.155881047704214,1.0315631573989277,2.0650834200080888,2.9450820319646076,True,1.0472600005916415,1.0967535088392049,6,0.05482429332109362,Global-DoF,V2_03_difficult:1413394944005760512:1413394944205760512,0.037705,formal_public_module_evidence,0.01796346648106606,0.08688800262902222,0.10332267050888533,0.22457167954979124,0.9171313124997924,1,0,V2_03_difficult,4,OK,True,1110,1413394944005760512,3.665934896493933e-09,1413394944205760512,110,True,123
0.17648241890179886,0.456688,0.008333333333333415,0.9583333333333334,157,1.308441689670504,5.999999999999999,,16,2.155881047704214,1.0315631573989277,2.0650834200080888,2.944927461416306,True,1.0472600005916415,1.0967535088392049,6,0.05482429332109362,DPR-Exact-Block,V2_03_difficult:1413394944005760512:1413394944205760512,0.037705,formal_public_module_evidence,0.01796346648106606,0.08688800262902222,0.10332267050888533,0.22457167954979124,0.9171313124997924,1,0,V2_03_difficult,4,OK,True,1110,1413394944005760512,3.665934896493933e-09,1413394944205760512,110,True,123
0.12009798312355965,0.18021,0.008333333333333415,0.9583333333333334,157,1.236707298682461,5.999999999999999,,16,2.155881047704214,1.0315631573989277,2.0650834200080888,2.9371630476380974,True,1.0472600005916415,1.0967535088392049,6,0.05482429332109362,DUC-K16,V2_03_difficult:1413394944005760512:1413394944205760512,0.037705,formal_public_module_evidence,0.01796346648106606,0.08688800262902222,0.10332267050888533,0.22457167954979124,0.9171313124997924,1,0,V2_03_difficult,4,OK,True,1110,1413394944005760512,3.665934896493933e-09,1413394944205760512,110,True,123
0.21593697951286894,0.070085,0.008333333333333415,0.9583333333333334,157,1.3610976092603908,5.999999999999999,,16,2.155881047704214,1.0315631573989277,2.0650834200080888,2.9519545875923594,True,1.0472600005916415,1.0967535088392049,6,0.05482429332109362,Permuted-K16,V2_03_difficult:1413394944005760512:1413394944205760512,0.037705,formal_public_module_evidence,0.01796346648106606,0.08688800262902222,0.10332267050888533,0.22457167954979124,0.9171313124997924,1,0,V2_03_difficult,4,OK,True,1110,1413394944005760512,3.665934896493933e-09,1413394944205760512,110,True,123
0.6586862081208655,0.005983,0.008333333333333415,0.9583333333333334,157,2.7316900690988297,6.0,,48,1.6444550678400438,1.652782523231302,2.073317075851502,3.360328372818062,True,1.189005378478688,1.4137337900512483,6,0.06519439943378424,Raw,V2_03_difficult:1413394944005760512:1413394944205760512,0.038796,formal_public_module_evidence,0.010073489689936432,0.0372202953345488,0.04684193029030979,0.3638417704308034,0.9356272994548374,2,0,V2_03_difficult,4,OK,True,1110,1413394944005760512,1.887116991128618e-08,1413394944205760512,110,True,123
0.7232247292584367,0.002071,0.008333333333333415,0.9583333333333334,157,2.9138027403720854,6.0,,48,1.6444550678400438,1.652782523231302,2.073317075851502,3.3925212179663533,True,1.189005378478688,1.4137337900512483,6,0.06519439943378424,Global-DoF,V2_03_difficult:1413394944005760512:1413394944205760512,0.038796,formal_public_module_evidence,0.010073489689936432,0.0372202953345488,0.04684193029030979,0.3638417704308034,0.9356272994548374,2,0,V2_03_difficult,4,OK,True,1110,1413394944005760512,1.887116991128618e-08,1413394944205760512,110,True,123
0.8982840154937749,1.280521,0.008333333333333415,0.9583333333333334,157,3.471262282395186,6.0,,48,1.6444550678400438,1.652782523231302,2.073317075851502,3.4896632902755393,True,1.189005378478688,1.4137337900512483,6,0.06519439943378424,DPR-Exact-Block,V2_03_difficult:1413394944005760512:1413394944205760512,0.038796,formal_public_module_evidence,0.010073489689936432,0.0372202953345488,0.04684193029030979,0.3638417704308034,0.9356272994548374,2,0,V2_03_difficult,4,OK,True,1110,1413394944005760512,1.887116991128618e-08,1413394944205760512,110,True,123
0.8308673303503231,0.315041,0.008333333333333415,0.9583333333333334,157,3.2449554226172848,6.0,,48,1.6444550678400438,1.652782523231302,2.073317075851502,3.450649930724554,True,1.189005378478688,1.4137337900512483,6,0.06519439943378424,DUC-K16,V2_03_difficult:1413394944005760512:1413394944205760512,0.038796,formal_public_module_evidence,0.010073489689936432,0.0372202953345488,0.04684193029030979,0.3638417704308034,0.9356272994548374,2,0,V2_03_difficult,4,OK,True,1110,1413394944005760512,1.887116991128618e-08,1413394944205760512,110,True,123
0.7219665727840275,0.110529,0.008333333333333415,0.9583333333333334,157,2.910139025835509,6.0,,48,1.6444550678400438,1.652782523231302,2.073317075851502,3.391873884491801,True,1.189005378478688,1.4137337900512483,6,0.06519439943378424,Permuted-K16,V2_03_difficult:1413394944005760512:1413394944205760512,0.038796,formal_public_module_evidence,0.010073489689936432,0.0372202953345488,0.04684193029030979,0.3638417704308034,0.9356272994548374,2,0,V2_03_difficult,4,OK,True,1110,1413394944005760512,1.887116991128618e-08,1413394944205760512,110,True,123
,,,,192,,,INSUFFICIENT_TRACKS,16,,,,,,,,,,Raw,V2_03_difficult:1413394944505760512:1413394944705760512,,formal_public_module_evidence,,,,,,,,V2_03_difficult,,,,1120,1413394944505760512,,1413394944705760512,38,False,161
,,,,192,,,INSUFFICIENT_TRACKS,16,,,,,,,,,,Global-DoF,V2_03_difficult:1413394944505760512:1413394944705760512,,formal_public_module_evidence,,,,,,,,V2_03_difficult,,,,1120,1413394944505760512,,1413394944705760512,38,False,161
,,,,192,,,INSUFFICIENT_TRACKS,16,,,,,,,,,,DPR-Exact-Block,V2_03_difficult:1413394944505760512:1413394944705760512,,formal_public_module_evidence,,,,,,,,V2_03_difficult,,,,1120,1413394944505760512,,1413394944705760512,38,False,161
,,,,192,,,INSUFFICIENT_TRACKS,16,,,,,,,,,,DUC-K16,V2_03_difficult:1413394944505760512:1413394944705760512,,formal_public_module_evidence,,,,,,,,V2_03_difficult,,,,1120,1413394944505760512,,1413394944705760512,38,False,161
,,,,192,,,INSUFFICIENT_TRACKS,16,,,,,,,,,,Permuted-K16,V2_03_difficult:1413394944505760512:1413394944705760512,,formal_public_module_evidence,,,,,,,,V2_03_difficult,,,,1120,1413394944505760512,,1413394944705760512,38,False,161
,,,,192,,,INSUFFICIENT_TRACKS,48,,,,,,,,,,Raw,V2_03_difficult:1413394944505760512:1413394944705760512,,formal_public_module_evidence,,,,,,,,V2_03_difficult,,,,1120,1413394944505760512,,1413394944705760512,38,False,161
,,,,192,,,INSUFFICIENT_TRACKS,48,,,,,,,,,,Global-DoF,V2_03_difficult:1413394944505760512:1413394944705760512,,formal_public_module_evidence,,,,,,,,V2_03_difficult,,,,1120,1413394944505760512,,1413394944705760512,38,False,161
,,,,192,,,INSUFFICIENT_TRACKS,48,,,,,,,,,,DPR-Exact-Block,V2_03_difficult:1413394944505760512:1413394944705760512,,formal_public_module_evidence,,,,,,,,V2_03_difficult,,,,1120,1413394944505760512,,1413394944705760512,38,False,161
,,,,192,,,INSUFFICIENT_TRACKS,48,,,,,,,,,,DUC-K16,V2_03_difficult:1413394944505760512:1413394944705760512,,formal_public_module_evidence,,,,,,,,V2_03_difficult,,,,1120,1413394944505760512,,1413394944705760512,38,False,161
,,,,192,,,INSUFFICIENT_TRACKS,48,,,,,,,,,,Permuted-K16,V2_03_difficult:1413394944505760512:1413394944705760512,,formal_public_module_evidence,,,,,,,,V2_03_difficult,,,,1120,1413394944505760512,,1413394944705760512,38,False,161
0.9704307443500544,0.006605,0.033333333333333326,0.9166666666666666,278,1.672726470705244,5.999999999999999,,16,1.6763565058038052,1.2933392713071246,1.6881183310695496,4.991412962540051,True,2.1010617839345507,4.414460619910237,6,0.004870901308005937,Raw,V2_03_difficult:1413394945005760512:1413394945205760512,0.040328,formal_public_module_evidence,0.023780807608010046,0.08466031024673232,0.10735926740342264,0.20327014354219114,0.8411126989823349,1,0,V2_03_difficult,4,OK,True,1130,1413394945005760512,4.186680575408938e-09,1413394945205760512,157,True,208
0.7627913795718096,0.002051,0.033333333333333326,0.9166666666666666,278,2.0587402716372236,5.999999999999999,,16,1.6763565058038052,1.2933392713071246,1.6881183310695496,4.704224642858806,True,2.1010617839345507,4.414460619910237,6,0.004870901308005937,Global-DoF,V2_03_difficult:1413394945005760512:1413394945205760512,0.040328,formal_public_module_evidence,0.023780807608010046,0.08466031024673232,0.10735926740342264,0.20327014354219114,0.8411126989823349,1,0,V2_03_difficult,4,OK,True,1130,1413394945005760512,4.186680575408938e-09,1413394945205760512,157,True,208
0.7654224259970183,0.453107,0.033333333333333326,0.9166666666666666,278,2.053330749877119,5.999999999999999,,16,1.6763565058038052,1.2933392713071246,1.6881183310695496,4.707242654619946,True,2.1010617839345507,4.414460619910237,6,0.004870901308005937,DPR-Exact-Block,V2_03_difficult:1413394945005760512:1413394945205760512,0.040328,formal_public_module_evidence,0.023780807608010046,0.08466031024673232,0.10735926740342264,0.20327014354219114,0.8411126989823349,1,0,V2_03_difficult,4,OK,True,1130,1413394945005760512,4.186680575408938e-09,1413394945205760512,157,True,208
0.7703052288078923,0.177972,0.033333333333333326,0.9166666666666666,278,2.0433291784417738,5.999999999999999,,16,1.6763565058038052,1.2933392713071246,1.6881183310695496,4.712883071579299,True,2.1010617839345507,4.414460619910237,6,0.004870901308005937,DUC-K16,V2_03_difficult:1413394945005760512:1413394945205760512,0.040328,formal_public_module_evidence,0.023780807608010046,0.08466031024673232,0.10735926740342264,0.20327014354219114,0.8411126989823349,1,0,V2_03_difficult,4,OK,True,1130,1413394945005760512,4.186680575408938e-09,1413394945205760512,157,True,208
0.7860874559077644,0.068756,0.033333333333333326,0.9166666666666666,278,2.011334034726206,5.999999999999999,,16,1.6763565058038052,1.2933392713071246,1.6881183310695496,4.731467650608327,True,2.1010617839345507,4.414460619910237,6,0.004870901308005937,Permuted-K16,V2_03_difficult:1413394945005760512:1413394945205760512,0.040328,formal_public_module_evidence,0.023780807608010046,0.08466031024673232,0.10735926740342264,0.20327014354219114,0.8411126989823349,1,0,V2_03_difficult,4,OK,True,1130,1413394945005760512,4.186680575408938e-09,1413394945205760512,157,True,208
0.9438427327960138,0.00682,0.033333333333333326,0.9166666666666666,278,1.582979507654981,6.0,,48,1.2513056809481735,1.258165135288282,1.6865411958039938,4.86702357018684,True,2.0169284486055457,4.068000366794373,6,0.014110207738413871,Raw,V2_03_difficult:1413394945005760512:1413394945205760512,0.039081,formal_public_module_evidence,0.010371643817835619,0.029183067059442142,0.04819523644869563,0.41639158913866636,1.0,4,0,V2_03_difficult,4,OK,True,1130,1413394945005760512,2.396417866669741e-09,1413394945205760512,157,True,208
0.8793042116584426,0.00203,0.033333333333333326,0.9166666666666666,278,1.6885114748319798,6.0,,48,1.2513056809481735,1.258165135288282,1.6865411958039938,4.770947237060572,True,2.0169284486055457,4.068000366794373,6,0.014110207738413871,Global-DoF,V2_03_difficult:1413394945005760512:1413394945205760512,0.039081,formal_public_module_evidence,0.010371643817835619,0.029183067059442142,0.04819523644869563,0.41639158913866636,1.0,4,0,V2_03_difficult,4,OK,True,1130,1413394945005760512,2.396417866669741e-09,1413394945205760512,157,True,208
0.8574043510870367,1.292308,0.033333333333333326,0.9166666666666666,278,1.7258975211085714,6.0,,48,1.2513056809481735,1.258165135288282,1.6865411958039938,4.74065899578258,True,2.0169284486055457,4.068000366794373,6,0.014110207738413871,DPR-Exact-Block,V2_03_difficult:1413394945005760512:1413394945205760512,0.039081,formal_public_module_evidence,0.010371643817835619,0.029183067059442142,0.04819523644869563,0.41639158913866636,1.0,4,0,V2_03_difficult,4,OK,True,1130,1413394945005760512,2.396417866669741e-09,1413394945205760512,157,True,208
0.871615054267728,0.317617,0.033333333333333326,0.9166666666666666,278,1.701544748550516,6.0,,48,1.2513056809481735,1.258165135288282,1.6865411958039938,4.760182539264697,True,2.0169284486055457,4.068000366794373,6,0.014110207738413871,DUC-K16,V2_03_difficult:1413394945005760512:1413394945205760512,0.039081,formal_public_module_evidence,0.010371643817835619,0.029183067059442142,0.04819523644869563,0.41639158913866636,1.0,4,0,V2_03_difficult,4,OK,True,1130,1413394945005760512,2.396417866669741e-09,1413394945205760512,157,True,208
0.8912642176140956,0.105526,0.033333333333333326,0.9166666666666666,278,1.6684371513393454,6.0,,48,1.2513056809481735,1.258165135288282,1.6865411958039938,4.7879745490236045,True,2.0169284486055457,4.068000366794373,6,0.014110207738413871,Permuted-K16,V2_03_difficult:1413394945005760512:1413394945205760512,0.039081,formal_public_module_evidence,0.010371643817835619,0.029183067059442142,0.04819523644869563,0.41639158913866636,1.0,4,0,V2_03_difficult,4,OK,True,1130,1413394945005760512,2.396417866669741e-09,1413394945205760512,157,True,208
,,,,352,,,INSUFFICIENT_TRACKS,16,,,,,,,,,,Raw,V2_03_difficult:1413394945505760512:1413394945705760512,,formal_public_module_evidence,,,,,,,,V2_03_difficult,,,,1140,1413394945505760512,,1413394945705760512,55,False,250
,,,,352,,,INSUFFICIENT_TRACKS,16,,,,,,,,,,Global-DoF,V2_03_difficult:1413394945505760512:1413394945705760512,,formal_public_module_evidence,,,,,,,,V2_03_difficult,,,,1140,1413394945505760512,,1413394945705760512,55,False,250
,,,,352,,,INSUFFICIENT_TRACKS,16,,,,,,,,,,DPR-Exact-Block,V2_03_difficult:1413394945505760512:1413394945705760512,,formal_public_module_evidence,,,,,,,,V2_03_difficult,,,,1140,1413394945505760512,,1413394945705760512,55,False,250
,,,,352,,,INSUFFICIENT_TRACKS,16,,,,,,,,,,DUC-K16,V2_03_difficult:1413394945505760512:1413394945705760512,,formal_public_module_evidence,,,,,,,,V2_03_difficult,,,,1140,1413394945505760512,,1413394945705760512,55,False,250
,,,,352,,,INSUFFICIENT_TRACKS,16,,,,,,,,,,Permuted-K16,V2_03_difficult:1413394945505760512:1413394945705760512,,formal_public_module_evidence,,,,,,,,V2_03_difficult,,,,1140,1413394945505760512,,1413394945705760512,55,False,250
,,,,352,,,INSUFFICIENT_TRACKS,48,,,,,,,,,,Raw,V2_03_difficult:1413394945505760512:1413394945705760512,,formal_public_module_evidence,,,,,,,,V2_03_difficult,,,,1140,1413394945505760512,,1413394945705760512,55,False,250
,,,,352,,,INSUFFICIENT_TRACKS,48,,,,,,,,,,Global-DoF,V2_03_difficult:1413394945505760512:1413394945705760512,,formal_public_module_evidence,,,,,,,,V2_03_difficult,,,,1140,1413394945505760512,,1413394945705760512,55,False,250
,,,,352,,,INSUFFICIENT_TRACKS,48,,,,,,,,,,DPR-Exact-Block,V2_03_difficult:1413394945505760512:1413394945705760512,,formal_public_module_evidence,,,,,,,,V2_03_difficult,,,,1140,1413394945505760512,,1413394945705760512,55,False,250
,,,,352,,,INSUFFICIENT_TRACKS,48,,,,,,,,,,DUC-K16,V2_03_difficult:1413394945505760512:1413394945705760512,,formal_public_module_evidence,,,,,,,,V2_03_difficult,,,,1140,1413394945505760512,,1413394945705760512,55,False,250
,,,,352,,,INSUFFICIENT_TRACKS,48,,,,,,,,,,Permuted-K16,V2_03_difficult:1413394945505760512:1413394945705760512,,formal_public_module_evidence,,,,,,,,V2_03_difficult,,,,1140,1413394945505760512,,1413394945705760512,55,False,250
,,,,338,,,INSUFFICIENT_TRACKS,16,,,,,,,,,,Raw,V2_03_difficult:1413394946005760512:1413394946255760384,,formal_public_module_evidence,,,,,,,,V2_03_difficult,,,,1150,1413394946005760512,,1413394946255760384,0,False,272
,,,,338,,,INSUFFICIENT_TRACKS,16,,,,,,,,,,Global-DoF,V2_03_difficult:1413394946005760512:1413394946255760384,,formal_public_module_evidence,,,,,,,,V2_03_difficult,,,,1150,1413394946005760512,,1413394946255760384,0,False,272
,,,,338,,,INSUFFICIENT_TRACKS,16,,,,,,,,,,DPR-Exact-Block,V2_03_difficult:1413394946005760512:1413394946255760384,,formal_public_module_evidence,,,,,,,,V2_03_difficult,,,,1150,1413394946005760512,,1413394946255760384,0,False,272
,,,,338,,,INSUFFICIENT_TRACKS,16,,,,,,,,,,DUC-K16,V2_03_difficult:1413394946005760512:1413394946255760384,,formal_public_module_evidence,,,,,,,,V2_03_difficult,,,,1150,1413394946005760512,,1413394946255760384,0,False,272
,,,,338,,,INSUFFICIENT_TRACKS,16,,,,,,,,,,Permuted-K16,V2_03_difficult:1413394946005760512:1413394946255760384,,formal_public_module_evidence,,,,,,,,V2_03_difficult,,,,1150,1413394946005760512,,1413394946255760384,0,False,272
,,,,338,,,INSUFFICIENT_TRACKS,48,,,,,,,,,,Raw,V2_03_difficult:1413394946005760512:1413394946255760384,,formal_public_module_evidence,,,,,,,,V2_03_difficult,,,,1150,1413394946005760512,,1413394946255760384,0,False,272
,,,,338,,,INSUFFICIENT_TRACKS,48,,,,,,,,,,Global-DoF,V2_03_difficult:1413394946005760512:1413394946255760384,,formal_public_module_evidence,,,,,,,,V2_03_difficult,,,,1150,1413394946005760512,,1413394946255760384,0,False,272
,,,,338,,,INSUFFICIENT_TRACKS,48,,,,,,,,,,DPR-Exact-Block,V2_03_difficult:1413394946005760512:1413394946255760384,,formal_public_module_evidence,,,,,,,,V2_03_difficult,,,,1150,1413394946005760512,,1413394946255760384,0,False,272
,,,,338,,,INSUFFICIENT_TRACKS,48,,,,,,,,,,DUC-K16,V2_03_difficult:1413394946005760512:1413394946255760384,,formal_public_module_evidence,,,,,,,,V2_03_difficult,,,,1150,1413394946005760512,,1413394946255760384,0,False,272
,,,,338,,,INSUFFICIENT_TRACKS,48,,,,,,,,,,Permuted-K16,V2_03_difficult:1413394946005760512:1413394946255760384,,formal_public_module_evidence,,,,,,,,V2_03_difficult,,,,1150,1413394946005760512,,1413394946255760384,0,False,272
,,,,617,,,INSUFFICIENT_TRACKS,16,,,,,,,,,,Raw,V2_03_difficult:1413394946855760384:1413394947255760384,,formal_public_module_evidence,,,,,,,,V2_03_difficult,,,,1160,1413394946855760384,,1413394947255760384,0,False,80
,,,,617,,,INSUFFICIENT_TRACKS,16,,,,,,,,,,Global-DoF,V2_03_difficult:1413394946855760384:1413394947255760384,,formal_public_module_evidence,,,,,,,,V2_03_difficult,,,,1160,1413394946855760384,,1413394947255760384,0,False,80
,,,,617,,,INSUFFICIENT_TRACKS,16,,,,,,,,,,DPR-Exact-Block,V2_03_difficult:1413394946855760384:1413394947255760384,,formal_public_module_evidence,,,,,,,,V2_03_difficult,,,,1160,1413394946855760384,,1413394947255760384,0,False,80
,,,,617,,,INSUFFICIENT_TRACKS,16,,,,,,,,,,DUC-K16,V2_03_difficult:1413394946855760384:1413394947255760384,,formal_public_module_evidence,,,,,,,,V2_03_difficult,,,,1160,1413394946855760384,,1413394947255760384,0,False,80
,,,,617,,,INSUFFICIENT_TRACKS,16,,,,,,,,,,Permuted-K16,V2_03_difficult:1413394946855760384:1413394947255760384,,formal_public_module_evidence,,,,,,,,V2_03_difficult,,,,1160,1413394946855760384,,1413394947255760384,0,False,80
,,,,617,,,INSUFFICIENT_TRACKS,48,,,,,,,,,,Raw,V2_03_difficult:1413394946855760384:1413394947255760384,,formal_public_module_evidence,,,,,,,,V2_03_difficult,,,,1160,1413394946855760384,,1413394947255760384,0,False,80
,,,,617,,,INSUFFICIENT_TRACKS,48,,,,,,,,,,Global-DoF,V2_03_difficult:1413394946855760384:1413394947255760384,,formal_public_module_evidence,,,,,,,,V2_03_difficult,,,,1160,1413394946855760384,,1413394947255760384,0,False,80
,,,,617,,,INSUFFICIENT_TRACKS,48,,,,,,,,,,DPR-Exact-Block,V2_03_difficult:1413394946855760384:1413394947255760384,,formal_public_module_evidence,,,,,,,,V2_03_difficult,,,,1160,1413394946855760384,,1413394947255760384,0,False,80
,,,,617,,,INSUFFICIENT_TRACKS,48,,,,,,,,,,DUC-K16,V2_03_difficult:1413394946855760384:1413394947255760384,,formal_public_module_evidence,,,,,,,,V2_03_difficult,,,,1160,1413394946855760384,,1413394947255760384,0,False,80
,,,,617,,,INSUFFICIENT_TRACKS,48,,,,,,,,,,Permuted-K16,V2_03_difficult:1413394946855760384:1413394947255760384,,formal_public_module_evidence,,,,,,,,V2_03_difficult,,,,1160,1413394946855760384,,1413394947255760384,0,False,80
,,,,504,,,INSUFFICIENT_TRACKS,16,,,,,,,,,,Raw,V2_03_difficult:1413394947855760384:1413394948255760384,,formal_public_module_evidence,,,,,,,,V2_03_difficult,,,,1170,1413394947855760384,,1413394948255760384,16,False,128
,,,,504,,,INSUFFICIENT_TRACKS,16,,,,,,,,,,Global-DoF,V2_03_difficult:1413394947855760384:1413394948255760384,,formal_public_module_evidence,,,,,,,,V2_03_difficult,,,,1170,1413394947855760384,,1413394948255760384,16,False,128
,,,,504,,,INSUFFICIENT_TRACKS,16,,,,,,,,,,DPR-Exact-Block,V2_03_difficult:1413394947855760384:1413394948255760384,,formal_public_module_evidence,,,,,,,,V2_03_difficult,,,,1170,1413394947855760384,,1413394948255760384,16,False,128
,,,,504,,,INSUFFICIENT_TRACKS,16,,,,,,,,,,DUC-K16,V2_03_difficult:1413394947855760384:1413394948255760384,,formal_public_module_evidence,,,,,,,,V2_03_difficult,,,,1170,1413394947855760384,,1413394948255760384,16,False,128
,,,,504,,,INSUFFICIENT_TRACKS,16,,,,,,,,,,Permuted-K16,V2_03_difficult:1413394947855760384:1413394948255760384,,formal_public_module_evidence,,,,,,,,V2_03_difficult,,,,1170,1413394947855760384,,1413394948255760384,16,False,128
,,,,504,,,INSUFFICIENT_TRACKS,48,,,,,,,,,,Raw,V2_03_difficult:1413394947855760384:1413394948255760384,,formal_public_module_evidence,,,,,,,,V2_03_difficult,,,,1170,1413394947855760384,,1413394948255760384,16,False,128
,,,,504,,,INSUFFICIENT_TRACKS,48,,,,,,,,,,Global-DoF,V2_03_difficult:1413394947855760384:1413394948255760384,,formal_public_module_evidence,,,,,,,,V2_03_difficult,,,,1170,1413394947855760384,,1413394948255760384,16,False,128
,,,,504,,,INSUFFICIENT_TRACKS,48,,,,,,,,,,DPR-Exact-Block,V2_03_difficult:1413394947855760384:1413394948255760384,,formal_public_module_evidence,,,,,,,,V2_03_difficult,,,,1170,1413394947855760384,,1413394948255760384,16,False,128
,,,,504,,,INSUFFICIENT_TRACKS,48,,,,,,,,,,DUC-K16,V2_03_difficult:1413394947855760384:1413394948255760384,,formal_public_module_evidence,,,,,,,,V2_03_difficult,,,,1170,1413394947855760384,,1413394948255760384,16,False,128
,,,,504,,,INSUFFICIENT_TRACKS,48,,,,,,,,,,Permuted-K16,V2_03_difficult:1413394947855760384:1413394948255760384,,formal_public_module_evidence,,,,,,,,V2_03_difficult,,,,1170,1413394947855760384,,1413394948255760384,16,False,128
,,,,969,,,INSUFFICIENT_TRACKS,16,,,,,,,,,,Raw,V2_03_difficult:1413394948855760384:1413394949255760384,,formal_public_module_evidence,,,,,,,,V2_03_difficult,,,,1180,1413394948855760384,,1413394949255760384,5,False,198
,,,,969,,,INSUFFICIENT_TRACKS,16,,,,,,,,,,Global-DoF,V2_03_difficult:1413394948855760384:1413394949255760384,,formal_public_module_evidence,,,,,,,,V2_03_difficult,,,,1180,1413394948855760384,,1413394949255760384,5,False,198
,,,,969,,,INSUFFICIENT_TRACKS,16,,,,,,,,,,DPR-Exact-Block,V2_03_difficult:1413394948855760384:1413394949255760384,,formal_public_module_evidence,,,,,,,,V2_03_difficult,,,,1180,1413394948855760384,,1413394949255760384,5,False,198
,,,,969,,,INSUFFICIENT_TRACKS,16,,,,,,,,,,DUC-K16,V2_03_difficult:1413394948855760384:1413394949255760384,,formal_public_module_evidence,,,,,,,,V2_03_difficult,,,,1180,1413394948855760384,,1413394949255760384,5,False,198
,,,,969,,,INSUFFICIENT_TRACKS,16,,,,,,,,,,Permuted-K16,V2_03_difficult:1413394948855760384:1413394949255760384,,formal_public_module_evidence,,,,,,,,V2_03_difficult,,,,1180,1413394948855760384,,1413394949255760384,5,False,198
,,,,969,,,INSUFFICIENT_TRACKS,48,,,,,,,,,,Raw,V2_03_difficult:1413394948855760384:1413394949255760384,,formal_public_module_evidence,,,,,,,,V2_03_difficult,,,,1180,1413394948855760384,,1413394949255760384,5,False,198
,,,,969,,,INSUFFICIENT_TRACKS,48,,,,,,,,,,Global-DoF,V2_03_difficult:1413394948855760384:1413394949255760384,,formal_public_module_evidence,,,,,,,,V2_03_difficult,,,,1180,1413394948855760384,,1413394949255760384,5,False,198
,,,,969,,,INSUFFICIENT_TRACKS,48,,,,,,,,,,DPR-Exact-Block,V2_03_difficult:1413394948855760384:1413394949255760384,,formal_public_module_evidence,,,,,,,,V2_03_difficult,,,,1180,1413394948855760384,,1413394949255760384,5,False,198
,,,,969,,,INSUFFICIENT_TRACKS,48,,,,,,,,,,DUC-K16,V2_03_difficult:1413394948855760384:1413394949255760384,,formal_public_module_evidence,,,,,,,,V2_03_difficult,,,,1180,1413394948855760384,,1413394949255760384,5,False,198
,,,,969,,,INSUFFICIENT_TRACKS,48,,,,,,,,,,Permuted-K16,V2_03_difficult:1413394948855760384:1413394949255760384,,formal_public_module_evidence,,,,,,,,V2_03_difficult,,,,1180,1413394948855760384,,1413394949255760384,5,False,198
,,,,308,,,INSUFFICIENT_TRACKS,16,,,,,,,,,,Raw,V2_03_difficult:1413394949855760384:1413394950255760384,,formal_public_module_evidence,,,,,,,,V2_03_difficult,,,,1190,1413394949855760384,,1413394950255760384,20,False,128
,,,,308,,,INSUFFICIENT_TRACKS,16,,,,,,,,,,Global-DoF,V2_03_difficult:1413394949855760384:1413394950255760384,,formal_public_module_evidence,,,,,,,,V2_03_difficult,,,,1190,1413394949855760384,,1413394950255760384,20,False,128
,,,,308,,,INSUFFICIENT_TRACKS,16,,,,,,,,,,DPR-Exact-Block,V2_03_difficult:1413394949855760384:1413394950255760384,,formal_public_module_evidence,,,,,,,,V2_03_difficult,,,,1190,1413394949855760384,,1413394950255760384,20,False,128
,,,,308,,,INSUFFICIENT_TRACKS,16,,,,,,,,,,DUC-K16,V2_03_difficult:1413394949855760384:1413394950255760384,,formal_public_module_evidence,,,,,,,,V2_03_difficult,,,,1190,1413394949855760384,,1413394950255760384,20,False,128
,,,,308,,,INSUFFICIENT_TRACKS,16,,,,,,,,,,Permuted-K16,V2_03_difficult:1413394949855760384:1413394950255760384,,formal_public_module_evidence,,,,,,,,V2_03_difficult,,,,1190,1413394949855760384,,1413394950255760384,20,False,128
,,,,308,,,INSUFFICIENT_TRACKS,48,,,,,,,,,,Raw,V2_03_difficult:1413394949855760384:1413394950255760384,,formal_public_module_evidence,,,,,,,,V2_03_difficult,,,,1190,1413394949855760384,,1413394950255760384,20,False,128
,,,,308,,,INSUFFICIENT_TRACKS,48,,,,,,,,,,Global-DoF,V2_03_difficult:1413394949855760384:1413394950255760384,,formal_public_module_evidence,,,,,,,,V2_03_difficult,,,,1190,1413394949855760384,,1413394950255760384,20,False,128
,,,,308,,,INSUFFICIENT_TRACKS,48,,,,,,,,,,DPR-Exact-Block,V2_03_difficult:1413394949855760384:1413394950255760384,,formal_public_module_evidence,,,,,,,,V2_03_difficult,,,,1190,1413394949855760384,,1413394950255760384,20,False,128
,,,,308,,,INSUFFICIENT_TRACKS,48,,,,,,,,,,DUC-K16,V2_03_difficult:1413394949855760384:1413394950255760384,,formal_public_module_evidence,,,,,,,,V2_03_difficult,,,,1190,1413394949855760384,,1413394950255760384,20,False,128
,,,,308,,,INSUFFICIENT_TRACKS,48,,,,,,,,,,Permuted-K16,V2_03_difficult:1413394949855760384:1413394950255760384,,formal_public_module_evidence,,,,,,,,V2_03_difficult,,,,1190,1413394949855760384,,1413394950255760384,20,False,128
,,,,1200,,,INSUFFICIENT_TRACKS,16,,,,,,,,,,Raw,V2_03_difficult:1413394950855760384:1413394951255760384,,formal_public_module_evidence,,,,,,,,V2_03_difficult,,,,1200,1413394950855760384,,1413394951255760384,2,False,235
,,,,1200,,,INSUFFICIENT_TRACKS,16,,,,,,,,,,Global-DoF,V2_03_difficult:1413394950855760384:1413394951255760384,,formal_public_module_evidence,,,,,,,,V2_03_difficult,,,,1200,1413394950855760384,,1413394951255760384,2,False,235
,,,,1200,,,INSUFFICIENT_TRACKS,16,,,,,,,,,,DPR-Exact-Block,V2_03_difficult:1413394950855760384:1413394951255760384,,formal_public_module_evidence,,,,,,,,V2_03_difficult,,,,1200,1413394950855760384,,1413394951255760384,2,False,235
,,,,1200,,,INSUFFICIENT_TRACKS,16,,,,,,,,,,DUC-K16,V2_03_difficult:1413394950855760384:1413394951255760384,,formal_public_module_evidence,,,,,,,,V2_03_difficult,,,,1200,1413394950855760384,,1413394951255760384,2,False,235
,,,,1200,,,INSUFFICIENT_TRACKS,16,,,,,,,,,,Permuted-K16,V2_03_difficult:1413394950855760384:1413394951255760384,,formal_public_module_evidence,,,,,,,,V2_03_difficult,,,,1200,1413394950855760384,,1413394951255760384,2,False,235
,,,,1200,,,INSUFFICIENT_TRACKS,48,,,,,,,,,,Raw,V2_03_difficult:1413394950855760384:1413394951255760384,,formal_public_module_evidence,,,,,,,,V2_03_difficult,,,,1200,1413394950855760384,,1413394951255760384,2,False,235
,,,,1200,,,INSUFFICIENT_TRACKS,48,,,,,,,,,,Global-DoF,V2_03_difficult:1413394950855760384:1413394951255760384,,formal_public_module_evidence,,,,,,,,V2_03_difficult,,,,1200,1413394950855760384,,1413394951255760384,2,False,235
,,,,1200,,,INSUFFICIENT_TRACKS,48,,,,,,,,,,DPR-Exact-Block,V2_03_difficult:1413394950855760384:1413394951255760384,,formal_public_module_evidence,,,,,,,,V2_03_difficult,,,,1200,1413394950855760384,,1413394951255760384,2,False,235
,,,,1200,,,INSUFFICIENT_TRACKS,48,,,,,,,,,,DUC-K16,V2_03_difficult:1413394950855760384:1413394951255760384,,formal_public_module_evidence,,,,,,,,V2_03_difficult,,,,1200,1413394950855760384,,1413394951255760384,2,False,235
,,,,1200,,,INSUFFICIENT_TRACKS,48,,,,,,,,,,Permuted-K16,V2_03_difficult:1413394950855760384:1413394951255760384,,formal_public_module_evidence,,,,,,,,V2_03_difficult,,,,1200,1413394950855760384,,1413394951255760384,2,False,235
,,,,895,,,INSUFFICIENT_TRACKS,16,,,,,,,,,,Raw,V2_03_difficult:1413394951855760384:1413394952255760384,,formal_public_module_evidence,,,,,,,,V2_03_difficult,,,,1210,1413394951855760384,,1413394952255760384,9,False,228
,,,,895,,,INSUFFICIENT_TRACKS,16,,,,,,,,,,Global-DoF,V2_03_difficult:1413394951855760384:1413394952255760384,,formal_public_module_evidence,,,,,,,,V2_03_difficult,,,,1210,1413394951855760384,,1413394952255760384,9,False,228
,,,,895,,,INSUFFICIENT_TRACKS,16,,,,,,,,,,DPR-Exact-Block,V2_03_difficult:1413394951855760384:1413394952255760384,,formal_public_module_evidence,,,,,,,,V2_03_difficult,,,,1210,1413394951855760384,,1413394952255760384,9,False,228
,,,,895,,,INSUFFICIENT_TRACKS,16,,,,,,,,,,DUC-K16,V2_03_difficult:1413394951855760384:1413394952255760384,,formal_public_module_evidence,,,,,,,,V2_03_difficult,,,,1210,1413394951855760384,,1413394952255760384,9,False,228
,,,,895,,,INSUFFICIENT_TRACKS,16,,,,,,,,,,Permuted-K16,V2_03_difficult:1413394951855760384:1413394952255760384,,formal_public_module_evidence,,,,,,,,V2_03_difficult,,,,1210,1413394951855760384,,1413394952255760384,9,False,228
,,,,895,,,INSUFFICIENT_TRACKS,48,,,,,,,,,,Raw,V2_03_difficult:1413394951855760384:1413394952255760384,,formal_public_module_evidence,,,,,,,,V2_03_difficult,,,,1210,1413394951855760384,,1413394952255760384,9,False,228
,,,,895,,,INSUFFICIENT_TRACKS,48,,,,,,,,,,Global-DoF,V2_03_difficult:1413394951855760384:1413394952255760384,,formal_public_module_evidence,,,,,,,,V2_03_difficult,,,,1210,1413394951855760384,,1413394952255760384,9,False,228
,,,,895,,,INSUFFICIENT_TRACKS,48,,,,,,,,,,DPR-Exact-Block,V2_03_difficult:1413394951855760384:1413394952255760384,,formal_public_module_evidence,,,,,,,,V2_03_difficult,,,,1210,1413394951855760384,,1413394952255760384,9,False,228
,,,,895,,,INSUFFICIENT_TRACKS,48,,,,,,,,,,DUC-K16,V2_03_difficult:1413394951855760384:1413394952255760384,,formal_public_module_evidence,,,,,,,,V2_03_difficult,,,,1210,1413394951855760384,,1413394952255760384,9,False,228
,,,,895,,,INSUFFICIENT_TRACKS,48,,,,,,,,,,Permuted-K16,V2_03_difficult:1413394951855760384:1413394952255760384,,formal_public_module_evidence,,,,,,,,V2_03_difficult,,,,1210,1413394951855760384,,1413394952255760384,9,False,228
,,,,122,,,INSUFFICIENT_TRACKS,16,,,,,,,,,,Raw,V2_03_difficult:1413394952855760384:1413394953255760384,,formal_public_module_evidence,,,,,,,,V2_03_difficult,,,,1220,1413394952855760384,,1413394953255760384,5,False,36
,,,,122,,,INSUFFICIENT_TRACKS,16,,,,,,,,,,Global-DoF,V2_03_difficult:1413394952855760384:1413394953255760384,,formal_public_module_evidence,,,,,,,,V2_03_difficult,,,,1220,1413394952855760384,,1413394953255760384,5,False,36
,,,,122,,,INSUFFICIENT_TRACKS,16,,,,,,,,,,DPR-Exact-Block,V2_03_difficult:1413394952855760384:1413394953255760384,,formal_public_module_evidence,,,,,,,,V2_03_difficult,,,,1220,1413394952855760384,,1413394953255760384,5,False,36
,,,,122,,,INSUFFICIENT_TRACKS,16,,,,,,,,,,DUC-K16,V2_03_difficult:1413394952855760384:1413394953255760384,,formal_public_module_evidence,,,,,,,,V2_03_difficult,,,,1220,1413394952855760384,,1413394953255760384,5,False,36
,,,,122,,,INSUFFICIENT_TRACKS,16,,,,,,,,,,Permuted-K16,V2_03_difficult:1413394952855760384:1413394953255760384,,formal_public_module_evidence,,,,,,,,V2_03_difficult,,,,1220,1413394952855760384,,1413394953255760384,5,False,36
,,,,122,,,INSUFFICIENT_TRACKS,48,,,,,,,,,,Raw,V2_03_difficult:1413394952855760384:1413394953255760384,,formal_public_module_evidence,,,,,,,,V2_03_difficult,,,,1220,1413394952855760384,,1413394953255760384,5,False,36
,,,,122,,,INSUFFICIENT_TRACKS,48,,,,,,,,,,Global-DoF,V2_03_difficult:1413394952855760384:1413394953255760384,,formal_public_module_evidence,,,,,,,,V2_03_difficult,,,,1220,1413394952855760384,,1413394953255760384,5,False,36
,,,,122,,,INSUFFICIENT_TRACKS,48,,,,,,,,,,DPR-Exact-Block,V2_03_difficult:1413394952855760384:1413394953255760384,,formal_public_module_evidence,,,,,,,,V2_03_difficult,,,,1220,1413394952855760384,,1413394953255760384,5,False,36
,,,,122,,,INSUFFICIENT_TRACKS,48,,,,,,,,,,DUC-K16,V2_03_difficult:1413394952855760384:1413394953255760384,,formal_public_module_evidence,,,,,,,,V2_03_difficult,,,,1220,1413394952855760384,,1413394953255760384,5,False,36
,,,,122,,,INSUFFICIENT_TRACKS,48,,,,,,,,,,Permuted-K16,V2_03_difficult:1413394952855760384:1413394953255760384,,formal_public_module_evidence,,,,,,,,V2_03_difficult,,,,1220,1413394952855760384,,1413394953255760384,5,False,36
,,,,613,,,INSUFFICIENT_TRACKS,16,,,,,,,,,,Raw,V2_03_difficult:1413394953855760384:1413394954255760384,,formal_public_module_evidence,,,,,,,,V2_03_difficult,,,,1230,1413394953855760384,,1413394954255760384,31,False,167
,,,,613,,,INSUFFICIENT_TRACKS,16,,,,,,,,,,Global-DoF,V2_03_difficult:1413394953855760384:1413394954255760384,,formal_public_module_evidence,,,,,,,,V2_03_difficult,,,,1230,1413394953855760384,,1413394954255760384,31,False,167
,,,,613,,,INSUFFICIENT_TRACKS,16,,,,,,,,,,DPR-Exact-Block,V2_03_difficult:1413394953855760384:1413394954255760384,,formal_public_module_evidence,,,,,,,,V2_03_difficult,,,,1230,1413394953855760384,,1413394954255760384,31,False,167
,,,,613,,,INSUFFICIENT_TRACKS,16,,,,,,,,,,DUC-K16,V2_03_difficult:1413394953855760384:1413394954255760384,,formal_public_module_evidence,,,,,,,,V2_03_difficult,,,,1230,1413394953855760384,,1413394954255760384,31,False,167
,,,,613,,,INSUFFICIENT_TRACKS,16,,,,,,,,,,Permuted-K16,V2_03_difficult:1413394953855760384:1413394954255760384,,formal_public_module_evidence,,,,,,,,V2_03_difficult,,,,1230,1413394953855760384,,1413394954255760384,31,False,167
,,,,613,,,INSUFFICIENT_TRACKS,48,,,,,,,,,,Raw,V2_03_difficult:1413394953855760384:1413394954255760384,,formal_public_module_evidence,,,,,,,,V2_03_difficult,,,,1230,1413394953855760384,,1413394954255760384,31,False,167
,,,,613,,,INSUFFICIENT_TRACKS,48,,,,,,,,,,Global-DoF,V2_03_difficult:1413394953855760384:1413394954255760384,,formal_public_module_evidence,,,,,,,,V2_03_difficult,,,,1230,1413394953855760384,,1413394954255760384,31,False,167
,,,,613,,,INSUFFICIENT_TRACKS,48,,,,,,,,,,DPR-Exact-Block,V2_03_difficult:1413394953855760384:1413394954255760384,,formal_public_module_evidence,,,,,,,,V2_03_difficult,,,,1230,1413394953855760384,,1413394954255760384,31,False,167
,,,,613,,,INSUFFICIENT_TRACKS,48,,,,,,,,,,DUC-K16,V2_03_difficult:1413394953855760384:1413394954255760384,,formal_public_module_evidence,,,,,,,,V2_03_difficult,,,,1230,1413394953855760384,,1413394954255760384,31,False,167
,,,,613,,,INSUFFICIENT_TRACKS,48,,,,,,,,,,Permuted-K16,V2_03_difficult:1413394953855760384:1413394954255760384,,formal_public_module_evidence,,,,,,,,V2_03_difficult,,,,1230,1413394953855760384,,1413394954255760384,31,False,167
,,,,487,,,INSUFFICIENT_TRACKS,16,,,,,,,,,,Raw,V2_03_difficult:1413394954855760384:1413394955255760384,,formal_public_module_evidence,,,,,,,,V2_03_difficult,,,,1240,1413394954855760384,,1413394955255760384,7,False,137
,,,,487,,,INSUFFICIENT_TRACKS,16,,,,,,,,,,Global-DoF,V2_03_difficult:1413394954855760384:1413394955255760384,,formal_public_module_evidence,,,,,,,,V2_03_difficult,,,,1240,1413394954855760384,,1413394955255760384,7,False,137
,,,,487,,,INSUFFICIENT_TRACKS,16,,,,,,,,,,DPR-Exact-Block,V2_03_difficult:1413394954855760384:1413394955255760384,,formal_public_module_evidence,,,,,,,,V2_03_difficult,,,,1240,1413394954855760384,,1413394955255760384,7,False,137
,,,,487,,,INSUFFICIENT_TRACKS,16,,,,,,,,,,DUC-K16,V2_03_difficult:1413394954855760384:1413394955255760384,,formal_public_module_evidence,,,,,,,,V2_03_difficult,,,,1240,1413394954855760384,,1413394955255760384,7,False,137
,,,,487,,,INSUFFICIENT_TRACKS,16,,,,,,,,,,Permuted-K16,V2_03_difficult:1413394954855760384:1413394955255760384,,formal_public_module_evidence,,,,,,,,V2_03_difficult,,,,1240,1413394954855760384,,1413394955255760384,7,False,137
,,,,487,,,INSUFFICIENT_TRACKS,48,,,,,,,,,,Raw,V2_03_difficult:1413394954855760384:1413394955255760384,,formal_public_module_evidence,,,,,,,,V2_03_difficult,,,,1240,1413394954855760384,,1413394955255760384,7,False,137
,,,,487,,,INSUFFICIENT_TRACKS,48,,,,,,,,,,Global-DoF,V2_03_difficult:1413394954855760384:1413394955255760384,,formal_public_module_evidence,,,,,,,,V2_03_difficult,,,,1240,1413394954855760384,,1413394955255760384,7,False,137
,,,,487,,,INSUFFICIENT_TRACKS,48,,,,,,,,,,DPR-Exact-Block,V2_03_difficult:1413394954855760384:1413394955255760384,,formal_public_module_evidence,,,,,,,,V2_03_difficult,,,,1240,1413394954855760384,,1413394955255760384,7,False,137
,,,,487,,,INSUFFICIENT_TRACKS,48,,,,,,,,,,DUC-K16,V2_03_difficult:1413394954855760384:1413394955255760384,,formal_public_module_evidence,,,,,,,,V2_03_difficult,,,,1240,1413394954855760384,,1413394955255760384,7,False,137
,,,,487,,,INSUFFICIENT_TRACKS,48,,,,,,,,,,Permuted-K16,V2_03_difficult:1413394954855760384:1413394955255760384,,formal_public_module_evidence,,,,,,,,V2_03_difficult,,,,1240,1413394954855760384,,1413394955255760384,7,False,137
,,,,586,,,INSUFFICIENT_TRACKS,16,,,,,,,,,,Raw,V2_03_difficult:1413394955855760384:1413394956105760512,,formal_public_module_evidence,,,,,,,,V2_03_difficult,,,,1250,1413394955855760384,,1413394956105760512,51,False,200
,,,,586,,,INSUFFICIENT_TRACKS,16,,,,,,,,,,Global-DoF,V2_03_difficult:1413394955855760384:1413394956105760512,,formal_public_module_evidence,,,,,,,,V2_03_difficult,,,,1250,1413394955855760384,,1413394956105760512,51,False,200
,,,,586,,,INSUFFICIENT_TRACKS,16,,,,,,,,,,DPR-Exact-Block,V2_03_difficult:1413394955855760384:1413394956105760512,,formal_public_module_evidence,,,,,,,,V2_03_difficult,,,,1250,1413394955855760384,,1413394956105760512,51,False,200
,,,,586,,,INSUFFICIENT_TRACKS,16,,,,,,,,,,DUC-K16,V2_03_difficult:1413394955855760384:1413394956105760512,,formal_public_module_evidence,,,,,,,,V2_03_difficult,,,,1250,1413394955855760384,,1413394956105760512,51,False,200
,,,,586,,,INSUFFICIENT_TRACKS,16,,,,,,,,,,Permuted-K16,V2_03_difficult:1413394955855760384:1413394956105760512,,formal_public_module_evidence,,,,,,,,V2_03_difficult,,,,1250,1413394955855760384,,1413394956105760512,51,False,200
,,,,586,,,INSUFFICIENT_TRACKS,48,,,,,,,,,,Raw,V2_03_difficult:1413394955855760384:1413394956105760512,,formal_public_module_evidence,,,,,,,,V2_03_difficult,,,,1250,1413394955855760384,,1413394956105760512,51,False,200
,,,,586,,,INSUFFICIENT_TRACKS,48,,,,,,,,,,Global-DoF,V2_03_difficult:1413394955855760384:1413394956105760512,,formal_public_module_evidence,,,,,,,,V2_03_difficult,,,,1250,1413394955855760384,,1413394956105760512,51,False,200
,,,,586,,,INSUFFICIENT_TRACKS,48,,,,,,,,,,DPR-Exact-Block,V2_03_difficult:1413394955855760384:1413394956105760512,,formal_public_module_evidence,,,,,,,,V2_03_difficult,,,,1250,1413394955855760384,,1413394956105760512,51,False,200
,,,,586,,,INSUFFICIENT_TRACKS,48,,,,,,,,,,DUC-K16,V2_03_difficult:1413394955855760384:1413394956105760512,,formal_public_module_evidence,,,,,,,,V2_03_difficult,,,,1250,1413394955855760384,,1413394956105760512,51,False,200
,,,,586,,,INSUFFICIENT_TRACKS,48,,,,,,,,,,Permuted-K16,V2_03_difficult:1413394955855760384:1413394956105760512,,formal_public_module_evidence,,,,,,,,V2_03_difficult,,,,1250,1413394955855760384,,1413394956105760512,51,False,200
2.1879579926096566,0.006045,0.15833333333333333,0.7916666666666666,1200,1.4946092771451438,5.999999999999998,,16,0.3690142029046171,1.2225421371654819,0.37846339623357594,11.156727845823516,True,3.65067253252131,13.327409939705555,6,0.22989852946896616,Raw,V2_03_difficult:1413394956655760384:1413394956855760384,0.040236,formal_public_module_evidence,0.023159132202652255,0.1537687300031419,0.1005253815972367,0.24938276073804594,0.9496132410987607,0,0,V2_03_difficult,5,OK,True,1260,1413394956655760384,6.6452947389534246e-09,1413394956855760384,79,True,297
1.9803186278314122,0.002145,0.15833333333333333,0.7916666666666666,1200,1.8395191103324846,5.999999999999998,,16,0.3690142029046171,1.2225421371654819,0.37846339623357594,9.692432343137314,True,3.65067253252131,13.327409939705555,6,0.22989852946896616,Global-DoF,V2_03_difficult:1413394956655760384:1413394956855760384,0.040236,formal_public_module_evidence,0.023159132202652255,0.1537687300031419,0.1005253815972367,0.24938276073804594,0.9496132410987607,0,0,V2_03_difficult,5,OK,True,1260,1413394956655760384,6.6452947389534246e-09,1413394956855760384,79,True,297
1.7390385487627842,0.488546,0.15833333333333333,0.7916666666666666,1200,2.341482471149909,5.999999999999998,,16,0.3690142029046171,1.2225421371654819,0.37846339623357594,8.380529667085046,True,3.65067253252131,13.327409939705555,6,0.22989852946896616,DPR-Exact-Block,V2_03_difficult:1413394956655760384:1413394956855760384,0.040236,formal_public_module_evidence,0.023159132202652255,0.1537687300031419,0.1005253815972367,0.24938276073804594,0.9496132410987607,0,0,V2_03_difficult,5,OK,True,1260,1413394956655760384,6.6452947389534246e-09,1413394956855760384,79,True,297
1.5321068791481645,0.182183,0.15833333333333333,0.7916666666666666,1200,2.879785848044634,5.999999999999998,,16,0.3690142029046171,1.2225421371654819,0.37846339623357594,7.5235100193304225,True,3.65067253252131,13.327409939705555,6,0.22989852946896616,DUC-K16,V2_03_difficult:1413394956655760384:1413394956855760384,0.040236,formal_public_module_evidence,0.023159132202652255,0.1537687300031419,0.1005253815972367,0.24938276073804594,0.9496132410987607,0,0,V2_03_difficult,5,OK,True,1260,1413394956655760384,6.6452947389534246e-09,1413394956855760384,79,True,297
1.660052798381304,0.069362,0.15833333333333333,0.7916666666666666,1200,2.533926342589313,5.999999999999998,,16,0.3690142029046171,1.2225421371654819,0.37846339623357594,8.027235615118506,True,3.65067253252131,13.327409939705555,6,0.22989852946896616,Permuted-K16,V2_03_difficult:1413394956655760384:1413394956855760384,0.040236,formal_public_module_evidence,0.023159132202652255,0.1537687300031419,0.1005253815972367,0.24938276073804594,0.9496132410987607,0,0,V2_03_difficult,5,OK,True,1260,1413394956655760384,6.6452947389534246e-09,1413394956855760384,79,True,297
0.0165354856578565,0.006068,0.11666666666666659,0.8333333333333334,1200,9.352821355377634,6.0,,48,0.37187839659158056,3.058238276422822,0.3798606392808075,5.090228066885573,True,3.0836278164694844,9.50876051050436,6,0.10699567808985844,Raw,V2_03_difficult:1413394956655760384:1413394956855760384,0.03937,formal_public_module_evidence,0.012479227895862255,0.04288794642492539,0.05617989280766692,0.5439920017977256,1.7644251250484022,6,0,V2_03_difficult,5,OK,True,1260,1413394956655760384,1.8256516427883227e-07,1413394956855760384,79,True,297
0.048003035479714566,0.002067,0.07499999999999996,0.875,1200,9.976342779069475,6.0,,48,0.37187839659158056,3.058238276422822,0.3798606392808075,5.091224528432236,True,3.0836278164694844,9.50876051050436,6,0.10699567808985844,Global-DoF,V2_03_difficult:1413394956655760384:1413394956855760384,0.03937,formal_public_module_evidence,0.012479227895862255,0.04288794642492539,0.05617989280766692,0.5439920017977256,1.7644251250484022,6,0,V2_03_difficult,5,OK,True,1260,1413394956655760384,1.8256516427883227e-07,1413394956855760384,79,True,297
0.2853843236557764,1.288511,0.008333333333333415,0.9583333333333334,1200,12.649249132982336,6.0,,48,0.37187839659158056,3.058238276422822,0.3798606392808075,5.127200215727541,True,3.0836278164694844,9.50876051050436,6,0.10699567808985844,DPR-Exact-Block,V2_03_difficult:1413394956655760384:1413394956855760384,0.03937,formal_public_module_evidence,0.012479227895862255,0.04288794642492539,0.05617989280766692,0.5439920017977256,1.7644251250484022,6,0,V2_03_difficult,5,OK,True,1260,1413394956655760384,1.8256516427883227e-07,1413394956855760384,79,True,297
0.17222046530342303,0.318107,0.07499999999999996,0.875,1200,11.295834144671337,6.0,,48,0.37187839659158056,3.058238276422822,0.3798606392808075,5.10410463082761,True,3.0836278164694844,9.50876051050436,6,0.10699567808985844,DUC-K16,V2_03_difficult:1413394956655760384:1413394956855760384,0.03937,formal_public_module_evidence,0.012479227895862255,0.04288794642492539,0.05617989280766692,0.5439920017977256,1.7644251250484022,6,0,V2_03_difficult,5,OK,True,1260,1413394956655760384,1.8256516427883227e-07,1413394956855760384,79,True,297
0.014081149652399849,0.10968,0.07499999999999996,0.875,1200,9.643601923309639,6.0,,48,0.37187839659158056,3.058238276422822,0.3798606392808075,5.090189274777983,True,3.0836278164694844,9.50876051050436,6,0.10699567808985844,Permuted-K16,V2_03_difficult:1413394956655760384:1413394956855760384,0.03937,formal_public_module_evidence,0.012479227895862255,0.04288794642492539,0.05617989280766692,0.5439920017977256,1.7644251250484022,6,0,V2_03_difficult,5,OK,True,1260,1413394956655760384,1.8256516427883227e-07,1413394956855760384,79,True,297
,,,,789,,,INSUFFICIENT_TRACKS,16,,,,,,,,,,Raw,V2_03_difficult:1413394957155760384:1413394957355760384,,formal_public_module_evidence,,,,,,,,V2_03_difficult,,,,1270,1413394957155760384,,1413394957355760384,27,False,233
,,,,789,,,INSUFFICIENT_TRACKS,16,,,,,,,,,,Global-DoF,V2_03_difficult:1413394957155760384:1413394957355760384,,formal_public_module_evidence,,,,,,,,V2_03_difficult,,,,1270,1413394957155760384,,1413394957355760384,27,False,233
,,,,789,,,INSUFFICIENT_TRACKS,16,,,,,,,,,,DPR-Exact-Block,V2_03_difficult:1413394957155760384:1413394957355760384,,formal_public_module_evidence,,,,,,,,V2_03_difficult,,,,1270,1413394957155760384,,1413394957355760384,27,False,233
,,,,789,,,INSUFFICIENT_TRACKS,16,,,,,,,,,,DUC-K16,V2_03_difficult:1413394957155760384:1413394957355760384,,formal_public_module_evidence,,,,,,,,V2_03_difficult,,,,1270,1413394957155760384,,1413394957355760384,27,False,233
,,,,789,,,INSUFFICIENT_TRACKS,16,,,,,,,,,,Permuted-K16,V2_03_difficult:1413394957155760384:1413394957355760384,,formal_public_module_evidence,,,,,,,,V2_03_difficult,,,,1270,1413394957155760384,,1413394957355760384,27,False,233
,,,,789,,,INSUFFICIENT_TRACKS,48,,,,,,,,,,Raw,V2_03_difficult:1413394957155760384:1413394957355760384,,formal_public_module_evidence,,,,,,,,V2_03_difficult,,,,1270,1413394957155760384,,1413394957355760384,27,False,233
,,,,789,,,INSUFFICIENT_TRACKS,48,,,,,,,,,,Global-DoF,V2_03_difficult:1413394957155760384:1413394957355760384,,formal_public_module_evidence,,,,,,,,V2_03_difficult,,,,1270,1413394957155760384,,1413394957355760384,27,False,233
,,,,789,,,INSUFFICIENT_TRACKS,48,,,,,,,,,,DPR-Exact-Block,V2_03_difficult:1413394957155760384:1413394957355760384,,formal_public_module_evidence,,,,,,,,V2_03_difficult,,,,1270,1413394957155760384,,1413394957355760384,27,False,233
,,,,789,,,INSUFFICIENT_TRACKS,48,,,,,,,,,,DUC-K16,V2_03_difficult:1413394957155760384:1413394957355760384,,formal_public_module_evidence,,,,,,,,V2_03_difficult,,,,1270,1413394957155760384,,1413394957355760384,27,False,233
,,,,789,,,INSUFFICIENT_TRACKS,48,,,,,,,,,,Permuted-K16,V2_03_difficult:1413394957155760384:1413394957355760384,,formal_public_module_evidence,,,,,,,,V2_03_difficult,,,,1270,1413394957155760384,,1413394957355760384,27,False,233
0.06876936660205471,0.006478,0.033333333333333326,0.9166666666666666,1016,21.938342577688484,6.0,,16,0.4191918274972519,4.683838444874938,0.38818806675986123,5.859654936203994,True,4.525523544916395,20.480363355592655,6,178247.54642117204,Raw,V2_03_difficult:1413394957655760384:1413394957855760384,0.04034,formal_public_module_evidence,0.016209155744748793,390.9080922153305,0.05845905436166635,0.17395815170615617,0.9210910002371132,0,1,V2_03_difficult,5,OK,True,1280,1413394957655760384,8.499428976220885e-08,1413394957855760384,74,True,285
0.2764087313802991,0.002186,0.033333333333333326,0.9166666666666666,1016,27.00103701869352,6.0,,16,0.4191918274972519,4.683838444874938,0.38818806675986123,5.892255183256043,True,4.525523544916395,20.480363355592655,6,178247.54642117204,Global-DoF,V2_03_difficult:1413394957655760384:1413394957855760384,0.04034,formal_public_module_evidence,0.016209155744748793,390.9080922153305,0.05845905436166635,0.17395815170615617,0.9210910002371132,0,1,V2_03_difficult,5,OK,True,1280,1413394957655760384,8.499428976220885e-08,1413394957855760384,74,True,285
0.437394325781436,0.485611,0.033333333333333326,0.9166666666666666,1016,31.717255418896567,6.0,,16,0.4191918274972519,4.683838444874938,0.38818806675986123,5.940454692613507,True,4.525523544916395,20.480363355592655,6,178247.54642117204,DPR-Exact-Block,V2_03_difficult:1413394957655760384:1413394957855760384,0.04034,formal_public_module_evidence,0.016209155744748793,390.9080922153305,0.05845905436166635,0.17395815170615617,0.9210910002371132,0,1,V2_03_difficult,5,OK,True,1280,1413394957655760384,8.499428976220885e-08,1413394957855760384,74,True,285
12.528328509304796,0.179091,0.050000000000000044,1.0,1016,5653554.674887355,6.0,,16,0.4191918274972519,4.683838444874938,0.38818806675986123,17.385675740264308,True,4.525523544916395,20.480363355592655,6,178247.54642117204,DUC-K16,V2_03_difficult:1413394957655760384:1413394957855760384,0.04034,formal_public_module_evidence,0.016209155744748793,390.9080922153305,0.05845905436166635,0.17395815170615617,0.9210910002371132,0,1,V2_03_difficult,5,OK,True,1280,1413394957655760384,8.499428976220885e-08,1413394957855760384,74,True,285
14.140839991972902,0.068461,0.050000000000000044,1.0,1016,28354790.018643178,6.0,,16,0.4191918274972519,4.683838444874938,0.38818806675986123,18.99818432265783,True,4.525523544916395,20.480363355592655,6,178247.54642117204,Permuted-K16,V2_03_difficult:1413394957655760384:1413394957855760384,0.04034,formal_public_module_evidence,0.016209155744748793,390.9080922153305,0.05845905436166635,0.17395815170615617,0.9210910002371132,0,1,V2_03_difficult,5,OK,True,1280,1413394957655760384,8.499428976220885e-08,1413394957855760384,74,True,285
0.047504847072189146,0.005914,0.033333333333333326,0.9166666666666666,1016,25.858256716541174,6.0,,48,0.3740464434602583,5.085101446042269,0.35736777120836033,6.139158309124785,True,5.207330804523212,27.116294107736366,6,0.009965550827781389,Raw,V2_03_difficult:1413394957655760384:1413394957855760384,0.038343,formal_public_module_evidence,0.010512841015895058,0.031939589712336264,0.04612775690535351,0.45565693068458973,1.1549166766481167,8,0,V2_03_difficult,5,OK,True,1280,1413394957655760384,2.937668615043984e-07,1413394957855760384,74,True,285
0.017033674065382032,0.002039,0.033333333333333326,0.9166666666666666,1016,27.582140497643916,6.0,,48,0.3740464434602583,5.085101446042269,0.35736777120836033,6.138156125012518,True,5.207330804523212,27.116294107736366,6,0.009965550827781389,Global-DoF,V2_03_difficult:1413394957655760384:1413394957855760384,0.038343,formal_public_module_evidence,0.010512841015895058,0.031939589712336264,0.04612775690535351,0.45565693068458973,1.1549166766481167,8,0,V2_03_difficult,5,OK,True,1280,1413394957655760384,2.937668615043984e-07,1413394957855760384,74,True,285
0.07879783628954312,1.289759,0.033333333333333326,0.9166666666666666,1016,29.339438712534985,6.0,,48,0.3740464434602583,5.085101446042269,0.35736777120836033,6.141036459158006,True,5.207330804523212,27.116294107736366,6,0.009965550827781389,DPR-Exact-Block,V2_03_difficult:1413394957655760384:1413394957855760384,0.038343,formal_public_module_evidence,0.010512841015895058,0.031939589712336264,0.04612775690535351,0.45565693068458973,1.1549166766481167,8,0,V2_03_difficult,5,OK,True,1280,1413394957655760384,2.937668615043984e-07,1413394957855760384,74,True,285
0.08871405846971141,0.311891,0.033333333333333326,0.9166666666666666,1016,29.631822380283328,6.0,,48,0.3740464434602583,5.085101446042269,0.35736777120836033,6.141833133990606,True,5.207330804523212,27.116294107736366,6,0.009965550827781389,DUC-K16,V2_03_difficult:1413394957655760384:1413394957855760384,0.038343,formal_public_module_evidence,0.010512841015895058,0.031939589712336264,0.04612775690535351,0.45565693068458973,1.1549166766481167,8,0,V2_03_difficult,5,OK,True,1280,1413394957655760384,2.937668615043984e-07,1413394957855760384,74,True,285
0.022773058197388743,0.109416,0.033333333333333326,0.9166666666666666,1016,27.740900152663258,6.0,,48,0.3740464434602583,5.085101446042269,0.35736777120836033,6.138269221047568,True,5.207330804523212,27.116294107736366,6,0.009965550827781389,Permuted-K16,V2_03_difficult:1413394957655760384:1413394957855760384,0.038343,formal_public_module_evidence,0.010512841015895058,0.031939589712336264,0.04612775690535351,0.45565693068458973,1.1549166766481167,8,0,V2_03_difficult,5,OK,True,1280,1413394957655760384,2.937668615043984e-07,1413394957855760384,74,True,285
,,,,812,,,INSUFFICIENT_TRACKS,16,,,,,,,,,,Raw,V2_03_difficult:1413394958155760384:1413394958355760384,,formal_public_module_evidence,,,,,,,,V2_03_difficult,,,,1290,1413394958155760384,,1413394958355760384,23,False,254
,,,,812,,,INSUFFICIENT_TRACKS,16,,,,,,,,,,Global-DoF,V2_03_difficult:1413394958155760384:1413394958355760384,,formal_public_module_evidence,,,,,,,,V2_03_difficult,,,,1290,1413394958155760384,,1413394958355760384,23,False,254
,,,,812,,,INSUFFICIENT_TRACKS,16,,,,,,,,,,DPR-Exact-Block,V2_03_difficult:1413394958155760384:1413394958355760384,,formal_public_module_evidence,,,,,,,,V2_03_difficult,,,,1290,1413394958155760384,,1413394958355760384,23,False,254
,,,,812,,,INSUFFICIENT_TRACKS,16,,,,,,,,,,DUC-K16,V2_03_difficult:1413394958155760384:1413394958355760384,,formal_public_module_evidence,,,,,,,,V2_03_difficult,,,,1290,1413394958155760384,,1413394958355760384,23,False,254
,,,,812,,,INSUFFICIENT_TRACKS,16,,,,,,,,,,Permuted-K16,V2_03_difficult:1413394958155760384:1413394958355760384,,formal_public_module_evidence,,,,,,,,V2_03_difficult,,,,1290,1413394958155760384,,1413394958355760384,23,False,254
,,,,812,,,INSUFFICIENT_TRACKS,48,,,,,,,,,,Raw,V2_03_difficult:1413394958155760384:1413394958355760384,,formal_public_module_evidence,,,,,,,,V2_03_difficult,,,,1290,1413394958155760384,,1413394958355760384,23,False,254
,,,,812,,,INSUFFICIENT_TRACKS,48,,,,,,,,,,Global-DoF,V2_03_difficult:1413394958155760384:1413394958355760384,,formal_public_module_evidence,,,,,,,,V2_03_difficult,,,,1290,1413394958155760384,,1413394958355760384,23,False,254
,,,,812,,,INSUFFICIENT_TRACKS,48,,,,,,,,,,DPR-Exact-Block,V2_03_difficult:1413394958155760384:1413394958355760384,,formal_public_module_evidence,,,,,,,,V2_03_difficult,,,,1290,1413394958155760384,,1413394958355760384,23,False,254
,,,,812,,,INSUFFICIENT_TRACKS,48,,,,,,,,,,DUC-K16,V2_03_difficult:1413394958155760384:1413394958355760384,,formal_public_module_evidence,,,,,,,,V2_03_difficult,,,,1290,1413394958155760384,,1413394958355760384,23,False,254
,,,,812,,,INSUFFICIENT_TRACKS,48,,,,,,,,,,Permuted-K16,V2_03_difficult:1413394958155760384:1413394958355760384,,formal_public_module_evidence,,,,,,,,V2_03_difficult,,,,1290,1413394958155760384,,1413394958355760384,23,False,254
,,,,313,,,INSUFFICIENT_TRACKS,16,,,,,,,,,,Raw,V2_03_difficult:1413394958655760384:1413394958855760384,,formal_public_module_evidence,,,,,,,,V2_03_difficult,,,,1300,1413394958655760384,,1413394958855760384,51,False,150
,,,,313,,,INSUFFICIENT_TRACKS,16,,,,,,,,,,Global-DoF,V2_03_difficult:1413394958655760384:1413394958855760384,,formal_public_module_evidence,,,,,,,,V2_03_difficult,,,,1300,1413394958655760384,,1413394958855760384,51,False,150
,,,,313,,,INSUFFICIENT_TRACKS,16,,,,,,,,,,DPR-Exact-Block,V2_03_difficult:1413394958655760384:1413394958855760384,,formal_public_module_evidence,,,,,,,,V2_03_difficult,,,,1300,1413394958655760384,,1413394958855760384,51,False,150
,,,,313,,,INSUFFICIENT_TRACKS,16,,,,,,,,,,DUC-K16,V2_03_difficult:1413394958655760384:1413394958855760384,,formal_public_module_evidence,,,,,,,,V2_03_difficult,,,,1300,1413394958655760384,,1413394958855760384,51,False,150
,,,,313,,,INSUFFICIENT_TRACKS,16,,,,,,,,,,Permuted-K16,V2_03_difficult:1413394958655760384:1413394958855760384,,formal_public_module_evidence,,,,,,,,V2_03_difficult,,,,1300,1413394958655760384,,1413394958855760384,51,False,150
,,,,313,,,INSUFFICIENT_TRACKS,48,,,,,,,,,,Raw,V2_03_difficult:1413394958655760384:1413394958855760384,,formal_public_module_evidence,,,,,,,,V2_03_difficult,,,,1300,1413394958655760384,,1413394958855760384,51,False,150
,,,,313,,,INSUFFICIENT_TRACKS,48,,,,,,,,,,Global-DoF,V2_03_difficult:1413394958655760384:1413394958855760384,,formal_public_module_evidence,,,,,,,,V2_03_difficult,,,,1300,1413394958655760384,,1413394958855760384,51,False,150
,,,,313,,,INSUFFICIENT_TRACKS,48,,,,,,,,,,DPR-Exact-Block,V2_03_difficult:1413394958655760384:1413394958855760384,,formal_public_module_evidence,,,,,,,,V2_03_difficult,,,,1300,1413394958655760384,,1413394958855760384,51,False,150
,,,,313,,,INSUFFICIENT_TRACKS,48,,,,,,,,,,DUC-K16,V2_03_difficult:1413394958655760384:1413394958855760384,,formal_public_module_evidence,,,,,,,,V2_03_difficult,,,,1300,1413394958655760384,,1413394958855760384,51,False,150
,,,,313,,,INSUFFICIENT_TRACKS,48,,,,,,,,,,Permuted-K16,V2_03_difficult:1413394958655760384:1413394958855760384,,formal_public_module_evidence,,,,,,,,V2_03_difficult,,,,1300,1413394958655760384,,1413394958855760384,51,False,150
,,,,315,,,INSUFFICIENT_TRACKS,16,,,,,,,,,,Raw,V2_03_difficult:1413394959155760384:1413394959355760384,,formal_public_module_evidence,,,,,,,,V2_03_difficult,,,,1310,1413394959155760384,,1413394959355760384,18,False,190
,,,,315,,,INSUFFICIENT_TRACKS,16,,,,,,,,,,Global-DoF,V2_03_difficult:1413394959155760384:1413394959355760384,,formal_public_module_evidence,,,,,,,,V2_03_difficult,,,,1310,1413394959155760384,,1413394959355760384,18,False,190
,,,,315,,,INSUFFICIENT_TRACKS,16,,,,,,,,,,DPR-Exact-Block,V2_03_difficult:1413394959155760384:1413394959355760384,,formal_public_module_evidence,,,,,,,,V2_03_difficult,,,,1310,1413394959155760384,,1413394959355760384,18,False,190
,,,,315,,,INSUFFICIENT_TRACKS,16,,,,,,,,,,DUC-K16,V2_03_difficult:1413394959155760384:1413394959355760384,,formal_public_module_evidence,,,,,,,,V2_03_difficult,,,,1310,1413394959155760384,,1413394959355760384,18,False,190
,,,,315,,,INSUFFICIENT_TRACKS,16,,,,,,,,,,Permuted-K16,V2_03_difficult:1413394959155760384:1413394959355760384,,formal_public_module_evidence,,,,,,,,V2_03_difficult,,,,1310,1413394959155760384,,1413394959355760384,18,False,190
,,,,315,,,INSUFFICIENT_TRACKS,48,,,,,,,,,,Raw,V2_03_difficult:1413394959155760384:1413394959355760384,,formal_public_module_evidence,,,,,,,,V2_03_difficult,,,,1310,1413394959155760384,,1413394959355760384,18,False,190
,,,,315,,,INSUFFICIENT_TRACKS,48,,,,,,,,,,Global-DoF,V2_03_difficult:1413394959155760384:1413394959355760384,,formal_public_module_evidence,,,,,,,,V2_03_difficult,,,,1310,1413394959155760384,,1413394959355760384,18,False,190
,,,,315,,,INSUFFICIENT_TRACKS,48,,,,,,,,,,DPR-Exact-Block,V2_03_difficult:1413394959155760384:1413394959355760384,,formal_public_module_evidence,,,,,,,,V2_03_difficult,,,,1310,1413394959155760384,,1413394959355760384,18,False,190
,,,,315,,,INSUFFICIENT_TRACKS,48,,,,,,,,,,DUC-K16,V2_03_difficult:1413394959155760384:1413394959355760384,,formal_public_module_evidence,,,,,,,,V2_03_difficult,,,,1310,1413394959155760384,,1413394959355760384,18,False,190
,,,,315,,,INSUFFICIENT_TRACKS,48,,,,,,,,,,Permuted-K16,V2_03_difficult:1413394959155760384:1413394959355760384,,formal_public_module_evidence,,,,,,,,V2_03_difficult,,,,1310,1413394959155760384,,1413394959355760384,18,False,190
,,,,226,,,INSUFFICIENT_TRACKS,16,,,,,,,,,,Raw,V2_03_difficult:1413394959655760384:1413394959855760384,,formal_public_module_evidence,,,,,,,,V2_03_difficult,,,,1320,1413394959655760384,,1413394959855760384,54,False,210
,,,,226,,,INSUFFICIENT_TRACKS,16,,,,,,,,,,Global-DoF,V2_03_difficult:1413394959655760384:1413394959855760384,,formal_public_module_evidence,,,,,,,,V2_03_difficult,,,,1320,1413394959655760384,,1413394959855760384,54,False,210
,,,,226,,,INSUFFICIENT_TRACKS,16,,,,,,,,,,DPR-Exact-Block,V2_03_difficult:1413394959655760384:1413394959855760384,,formal_public_module_evidence,,,,,,,,V2_03_difficult,,,,1320,1413394959655760384,,1413394959855760384,54,False,210
,,,,226,,,INSUFFICIENT_TRACKS,16,,,,,,,,,,DUC-K16,V2_03_difficult:1413394959655760384:1413394959855760384,,formal_public_module_evidence,,,,,,,,V2_03_difficult,,,,1320,1413394959655760384,,1413394959855760384,54,False,210
,,,,226,,,INSUFFICIENT_TRACKS,16,,,,,,,,,,Permuted-K16,V2_03_difficult:1413394959655760384:1413394959855760384,,formal_public_module_evidence,,,,,,,,V2_03_difficult,,,,1320,1413394959655760384,,1413394959855760384,54,False,210
,,,,226,,,INSUFFICIENT_TRACKS,48,,,,,,,,,,Raw,V2_03_difficult:1413394959655760384:1413394959855760384,,formal_public_module_evidence,,,,,,,,V2_03_difficult,,,,1320,1413394959655760384,,1413394959855760384,54,False,210
,,,,226,,,INSUFFICIENT_TRACKS,48,,,,,,,,,,Global-DoF,V2_03_difficult:1413394959655760384:1413394959855760384,,formal_public_module_evidence,,,,,,,,V2_03_difficult,,,,1320,1413394959655760384,,1413394959855760384,54,False,210
,,,,226,,,INSUFFICIENT_TRACKS,48,,,,,,,,,,DPR-Exact-Block,V2_03_difficult:1413394959655760384:1413394959855760384,,formal_public_module_evidence,,,,,,,,V2_03_difficult,,,,1320,1413394959655760384,,1413394959855760384,54,False,210
,,,,226,,,INSUFFICIENT_TRACKS,48,,,,,,,,,,DUC-K16,V2_03_difficult:1413394959655760384:1413394959855760384,,formal_public_module_evidence,,,,,,,,V2_03_difficult,,,,1320,1413394959655760384,,1413394959855760384,54,False,210
,,,,226,,,INSUFFICIENT_TRACKS,48,,,,,,,,,,Permuted-K16,V2_03_difficult:1413394959655760384:1413394959855760384,,formal_public_module_evidence,,,,,,,,V2_03_difficult,,,,1320,1413394959655760384,,1413394959855760384,54,False,210
,,,,157,,,INSUFFICIENT_TRACKS,16,,,,,,,,,,Raw,V2_03_difficult:1413394960155760384:1413394960355760384,,formal_public_module_evidence,,,,,,,,V2_03_difficult,,,,1330,1413394960155760384,,1413394960355760384,55,False,131
,,,,157,,,INSUFFICIENT_TRACKS,16,,,,,,,,,,Global-DoF,V2_03_difficult:1413394960155760384:1413394960355760384,,formal_public_module_evidence,,,,,,,,V2_03_difficult,,,,1330,1413394960155760384,,1413394960355760384,55,False,131
,,,,157,,,INSUFFICIENT_TRACKS,16,,,,,,,,,,DPR-Exact-Block,V2_03_difficult:1413394960155760384:1413394960355760384,,formal_public_module_evidence,,,,,,,,V2_03_difficult,,,,1330,1413394960155760384,,1413394960355760384,55,False,131
,,,,157,,,INSUFFICIENT_TRACKS,16,,,,,,,,,,DUC-K16,V2_03_difficult:1413394960155760384:1413394960355760384,,formal_public_module_evidence,,,,,,,,V2_03_difficult,,,,1330,1413394960155760384,,1413394960355760384,55,False,131
,,,,157,,,INSUFFICIENT_TRACKS,16,,,,,,,,,,Permuted-K16,V2_03_difficult:1413394960155760384:1413394960355760384,,formal_public_module_evidence,,,,,,,,V2_03_difficult,,,,1330,1413394960155760384,,1413394960355760384,55,False,131
,,,,157,,,INSUFFICIENT_TRACKS,48,,,,,,,,,,Raw,V2_03_difficult:1413394960155760384:1413394960355760384,,formal_public_module_evidence,,,,,,,,V2_03_difficult,,,,1330,1413394960155760384,,1413394960355760384,55,False,131
,,,,157,,,INSUFFICIENT_TRACKS,48,,,,,,,,,,Global-DoF,V2_03_difficult:1413394960155760384:1413394960355760384,,formal_public_module_evidence,,,,,,,,V2_03_difficult,,,,1330,1413394960155760384,,1413394960355760384,55,False,131
,,,,157,,,INSUFFICIENT_TRACKS,48,,,,,,,,,,DPR-Exact-Block,V2_03_difficult:1413394960155760384:1413394960355760384,,formal_public_module_evidence,,,,,,,,V2_03_difficult,,,,1330,1413394960155760384,,1413394960355760384,55,False,131
,,,,157,,,INSUFFICIENT_TRACKS,48,,,,,,,,,,DUC-K16,V2_03_difficult:1413394960155760384:1413394960355760384,,formal_public_module_evidence,,,,,,,,V2_03_difficult,,,,1330,1413394960155760384,,1413394960355760384,55,False,131
,,,,157,,,INSUFFICIENT_TRACKS,48,,,,,,,,,,Permuted-K16,V2_03_difficult:1413394960155760384:1413394960355760384,,formal_public_module_evidence,,,,,,,,V2_03_difficult,,,,1330,1413394960155760384,,1413394960355760384,55,False,131
0.07148195703527749,0.005942,0.050000000000000044,1.0,209,1.1037442328516984,6.0,,16,1.7129790061434593,1.0505923247633682,1.6030104718591596,2.8675983899617017,True,1.013706226177317,1.027600312990658,6,0.023002817569881318,Raw,V2_03_difficult:1413394960655760384:1413394960855760384,0.038825,formal_public_module_evidence,0.02452051963314683,0.08179496490290072,0.10684680214631423,0.27396675002071935,0.9535562839087505,1,0,V2_03_difficult,9,OK,True,1340,1413394960655760384,6.841327424199878e-08,1413394960855760384,105,True,167
0.2791213218135219,0.001944,0.050000000000000044,1.0,209,1.3584544404328596,6.0,,16,1.7129790061434593,1.0505923247633682,1.6030104718591596,2.900672803050059,True,1.013706226177317,1.027600312990658,6,0.023002817569881318,Global-DoF,V2_03_difficult:1413394960655760384:1413394960855760384,0.038825,formal_public_module_evidence,0.02452051963314683,0.08179496490290072,0.10684680214631423,0.27396675002071935,0.9535562839087505,1,0,V2_03_difficult,9,OK,True,1340,1413394960655760384,6.841327424199878e-08,1413394960855760384,105,True,167
0.3135512246335779,0.447875,0.050000000000000044,1.0,209,1.4060403838283475,6.0,,16,1.7129790061434593,1.0505923247633682,1.6030104718591596,2.9095015225585965,True,1.013706226177317,1.027600312990658,6,0.023002817569881318,DPR-Exact-Block,V2_03_difficult:1413394960655760384:1413394960855760384,0.038825,formal_public_module_evidence,0.02452051963314683,0.08179496490290072,0.10684680214631423,0.27396675002071935,0.9535562839087505,1,0,V2_03_difficult,9,OK,True,1340,1413394960655760384,6.841327424199878e-08,1413394960855760384,105,True,167
0.33629346582203234,0.179297,0.050000000000000044,1.0,209,1.438383274273437,6.0,,16,1.7129790061434593,1.0505923247633682,1.6030104718591596,2.915810242197367,True,1.013706226177317,1.027600312990658,6,0.023002817569881318,DUC-K16,V2_03_difficult:1413394960655760384:1413394960855760384,0.038825,formal_public_module_evidence,0.02452051963314683,0.08179496490290072,0.10684680214631423,0.27396675002071935,0.9535562839087505,1,0,V2_03_difficult,9,OK,True,1340,1413394960655760384,6.841327424199878e-08,1413394960855760384,105,True,167
0.36747776628462386,0.071031,0.050000000000000044,1.0,209,1.4839449629882424,6.0,,16,1.7129790061434593,1.0505923247633682,1.6030104718591596,2.9250598465439666,True,1.013706226177317,1.027600312990658,6,0.023002817569881318,Permuted-K16,V2_03_difficult:1413394960655760384:1413394960855760384,0.038825,formal_public_module_evidence,0.02452051963314683,0.08179496490290072,0.10684680214631423,0.27396675002071935,0.9535562839087505,1,0,V2_03_difficult,9,OK,True,1340,1413394960655760384,6.841327424199878e-08,1413394960855760384,105,True,167
0.6127769332265747,0.006516,0.050000000000000044,1.0,209,1.4918085945337545,5.999999999999999,,48,1.611369963565678,1.221396166087709,1.5869858603322173,2.779710385156502,True,0.8990704670560373,0.808327704732361,6,0.007501078995316268,Raw,V2_03_difficult:1413394960655760384:1413394960855760384,0.039842,formal_public_module_evidence,0.014503421034413266,0.0337455454427965,0.05324064081762366,0.47314682468607683,1.0480972550101024,4,0,V2_03_difficult,4,OK,True,1340,1413394960655760384,8.92709435157551e-09,1413394960855760384,105,True,167
0.6773154543641458,0.002184,0.050000000000000044,1.0,209,1.5912625008360048,5.999999999999999,,48,1.611369963565678,1.221396166087709,1.5869858603322173,2.8103836492289993,True,0.8990704670560373,0.808327704732361,6,0.007501078995316268,Global-DoF,V2_03_difficult:1413394960655760384:1413394960855760384,0.039842,formal_public_module_evidence,0.014503421034413266,0.0337455454427965,0.05324064081762366,0.47314682468607683,1.0480972550101024,4,0,V2_03_difficult,4,OK,True,1340,1413394960655760384,8.92709435157551e-09,1413394960855760384,105,True,167
0.6953364914725594,1.287853,0.050000000000000044,1.0,209,1.6201986480047479,5.999999999999999,,48,1.611369963565678,1.221396166087709,1.5869858603322173,2.8193323723015777,True,0.8990704670560373,0.808327704732361,6,0.007501078995316268,DPR-Exact-Block,V2_03_difficult:1413394960655760384:1413394960855760384,0.039842,formal_public_module_evidence,0.014503421034413266,0.0337455454427965,0.05324064081762366,0.47314682468607683,1.0480972550101024,4,0,V2_03_difficult,4,OK,True,1340,1413394960655760384,8.92709435157551e-09,1413394960855760384,105,True,167
0.7028095772737799,0.315545,0.050000000000000044,1.0,209,1.632351886051536,5.999999999999999,,48,1.611369963565678,1.221396166087709,1.5869858603322173,2.8230909832894255,True,0.8990704670560373,0.808327704732361,6,0.007501078995316268,DUC-K16,V2_03_difficult:1413394960655760384:1413394960855760384,0.039842,formal_public_module_evidence,0.014503421034413266,0.0337455454427965,0.05324064081762366,0.47314682468607683,1.0480972550101024,4,0,V2_03_difficult,4,OK,True,1340,1413394960655760384,8.92709435157551e-09,1413394960855760384,105,True,167
0.6666274741303301,0.105519,0.050000000000000044,1.0,209,1.5743456830252676,5.999999999999999,,48,1.611369963565678,1.221396166087709,1.5869858603322173,2.805154054565081,True,0.8990704670560373,0.808327704732361,6,0.007501078995316268,Permuted-K16,V2_03_difficult:1413394960655760384:1413394960855760384,0.039842,formal_public_module_evidence,0.014503421034413266,0.0337455454427965,0.05324064081762366,0.47314682468607683,1.0480972550101024,4,0,V2_03_difficult,4,OK,True,1340,1413394960655760384,8.92709435157551e-09,1413394960855760384,105,True,167
,,,,138,,,INSUFFICIENT_TRACKS,16,,,,,,,,,,Raw,V2_03_difficult:1413394961155760384:1413394961355760384,,formal_public_module_evidence,,,,,,,,V2_03_difficult,,,,1350,1413394961155760384,,1413394961355760384,59,False,90
,,,,138,,,INSUFFICIENT_TRACKS,16,,,,,,,,,,Global-DoF,V2_03_difficult:1413394961155760384:1413394961355760384,,formal_public_module_evidence,,,,,,,,V2_03_difficult,,,,1350,1413394961155760384,,1413394961355760384,59,False,90
,,,,138,,,INSUFFICIENT_TRACKS,16,,,,,,,,,,DPR-Exact-Block,V2_03_difficult:1413394961155760384:1413394961355760384,,formal_public_module_evidence,,,,,,,,V2_03_difficult,,,,1350,1413394961155760384,,1413394961355760384,59,False,90
,,,,138,,,INSUFFICIENT_TRACKS,16,,,,,,,,,,DUC-K16,V2_03_difficult:1413394961155760384:1413394961355760384,,formal_public_module_evidence,,,,,,,,V2_03_difficult,,,,1350,1413394961155760384,,1413394961355760384,59,False,90
,,,,138,,,INSUFFICIENT_TRACKS,16,,,,,,,,,,Permuted-K16,V2_03_difficult:1413394961155760384:1413394961355760384,,formal_public_module_evidence,,,,,,,,V2_03_difficult,,,,1350,1413394961155760384,,1413394961355760384,59,False,90
,,,,138,,,INSUFFICIENT_TRACKS,48,,,,,,,,,,Raw,V2_03_difficult:1413394961155760384:1413394961355760384,,formal_public_module_evidence,,,,,,,,V2_03_difficult,,,,1350,1413394961155760384,,1413394961355760384,59,False,90
,,,,138,,,INSUFFICIENT_TRACKS,48,,,,,,,,,,Global-DoF,V2_03_difficult:1413394961155760384:1413394961355760384,,formal_public_module_evidence,,,,,,,,V2_03_difficult,,,,1350,1413394961155760384,,1413394961355760384,59,False,90
,,,,138,,,INSUFFICIENT_TRACKS,48,,,,,,,,,,DPR-Exact-Block,V2_03_difficult:1413394961155760384:1413394961355760384,,formal_public_module_evidence,,,,,,,,V2_03_difficult,,,,1350,1413394961155760384,,1413394961355760384,59,False,90
,,,,138,,,INSUFFICIENT_TRACKS,48,,,,,,,,,,DUC-K16,V2_03_difficult:1413394961155760384:1413394961355760384,,formal_public_module_evidence,,,,,,,,V2_03_difficult,,,,1350,1413394961155760384,,1413394961355760384,59,False,90
,,,,138,,,INSUFFICIENT_TRACKS,48,,,,,,,,,,Permuted-K16,V2_03_difficult:1413394961155760384:1413394961355760384,,formal_public_module_evidence,,,,,,,,V2_03_difficult,,,,1350,1413394961155760384,,1413394961355760384,59,False,90
,,,,203,,,INSUFFICIENT_TRACKS,16,,,,,,,,,,Raw,V2_03_difficult:1413394961655760384:1413394961855760384,,formal_public_module_evidence,,,,,,,,V2_03_difficult,,,,1360,1413394961655760384,,1413394961855760384,22,False,109
,,,,203,,,INSUFFICIENT_TRACKS,16,,,,,,,,,,Global-DoF,V2_03_difficult:1413394961655760384:1413394961855760384,,formal_public_module_evidence,,,,,,,,V2_03_difficult,,,,1360,1413394961655760384,,1413394961855760384,22,False,109
,,,,203,,,INSUFFICIENT_TRACKS,16,,,,,,,,,,DPR-Exact-Block,V2_03_difficult:1413394961655760384:1413394961855760384,,formal_public_module_evidence,,,,,,,,V2_03_difficult,,,,1360,1413394961655760384,,1413394961855760384,22,False,109
,,,,203,,,INSUFFICIENT_TRACKS,16,,,,,,,,,,DUC-K16,V2_03_difficult:1413394961655760384:1413394961855760384,,formal_public_module_evidence,,,,,,,,V2_03_difficult,,,,1360,1413394961655760384,,1413394961855760384,22,False,109
,,,,203,,,INSUFFICIENT_TRACKS,16,,,,,,,,,,Permuted-K16,V2_03_difficult:1413394961655760384:1413394961855760384,,formal_public_module_evidence,,,,,,,,V2_03_difficult,,,,1360,1413394961655760384,,1413394961855760384,22,False,109
,,,,203,,,INSUFFICIENT_TRACKS,48,,,,,,,,,,Raw,V2_03_difficult:1413394961655760384:1413394961855760384,,formal_public_module_evidence,,,,,,,,V2_03_difficult,,,,1360,1413394961655760384,,1413394961855760384,22,False,109
,,,,203,,,INSUFFICIENT_TRACKS,48,,,,,,,,,,Global-DoF,V2_03_difficult:1413394961655760384:1413394961855760384,,formal_public_module_evidence,,,,,,,,V2_03_difficult,,,,1360,1413394961655760384,,1413394961855760384,22,False,109
,,,,203,,,INSUFFICIENT_TRACKS,48,,,,,,,,,,DPR-Exact-Block,V2_03_difficult:1413394961655760384:1413394961855760384,,formal_public_module_evidence,,,,,,,,V2_03_difficult,,,,1360,1413394961655760384,,1413394961855760384,22,False,109
,,,,203,,,INSUFFICIENT_TRACKS,48,,,,,,,,,,DUC-K16,V2_03_difficult:1413394961655760384:1413394961855760384,,formal_public_module_evidence,,,,,,,,V2_03_difficult,,,,1360,1413394961655760384,,1413394961855760384,22,False,109
,,,,203,,,INSUFFICIENT_TRACKS,48,,,,,,,,,,Permuted-K16,V2_03_difficult:1413394961655760384:1413394961855760384,,formal_public_module_evidence,,,,,,,,V2_03_difficult,,,,1360,1413394961655760384,,1413394961855760384,22,False,109
,,,,143,,,INSUFFICIENT_TRACKS,16,,,,,,,,,,Raw,V2_03_difficult:1413394962155760384:1413394962355760384,,formal_public_module_evidence,,,,,,,,V2_03_difficult,,,,1370,1413394962155760384,,1413394962355760384,68,False,104
,,,,143,,,INSUFFICIENT_TRACKS,16,,,,,,,,,,Global-DoF,V2_03_difficult:1413394962155760384:1413394962355760384,,formal_public_module_evidence,,,,,,,,V2_03_difficult,,,,1370,1413394962155760384,,1413394962355760384,68,False,104
,,,,143,,,INSUFFICIENT_TRACKS,16,,,,,,,,,,DPR-Exact-Block,V2_03_difficult:1413394962155760384:1413394962355760384,,formal_public_module_evidence,,,,,,,,V2_03_difficult,,,,1370,1413394962155760384,,1413394962355760384,68,False,104
,,,,143,,,INSUFFICIENT_TRACKS,16,,,,,,,,,,DUC-K16,V2_03_difficult:1413394962155760384:1413394962355760384,,formal_public_module_evidence,,,,,,,,V2_03_difficult,,,,1370,1413394962155760384,,1413394962355760384,68,False,104
,,,,143,,,INSUFFICIENT_TRACKS,16,,,,,,,,,,Permuted-K16,V2_03_difficult:1413394962155760384:1413394962355760384,,formal_public_module_evidence,,,,,,,,V2_03_difficult,,,,1370,1413394962155760384,,1413394962355760384,68,False,104
,,,,143,,,INSUFFICIENT_TRACKS,48,,,,,,,,,,Raw,V2_03_difficult:1413394962155760384:1413394962355760384,,formal_public_module_evidence,,,,,,,,V2_03_difficult,,,,1370,1413394962155760384,,1413394962355760384,68,False,104
,,,,143,,,INSUFFICIENT_TRACKS,48,,,,,,,,,,Global-DoF,V2_03_difficult:1413394962155760384:1413394962355760384,,formal_public_module_evidence,,,,,,,,V2_03_difficult,,,,1370,1413394962155760384,,1413394962355760384,68,False,104
,,,,143,,,INSUFFICIENT_TRACKS,48,,,,,,,,,,DPR-Exact-Block,V2_03_difficult:1413394962155760384:1413394962355760384,,formal_public_module_evidence,,,,,,,,V2_03_difficult,,,,1370,1413394962155760384,,1413394962355760384,68,False,104
,,,,143,,,INSUFFICIENT_TRACKS,48,,,,,,,,,,DUC-K16,V2_03_difficult:1413394962155760384:1413394962355760384,,formal_public_module_evidence,,,,,,,,V2_03_difficult,,,,1370,1413394962155760384,,1413394962355760384,68,False,104
,,,,143,,,INSUFFICIENT_TRACKS,48,,,,,,,,,,Permuted-K16,V2_03_difficult:1413394962155760384:1413394962355760384,,formal_public_module_evidence,,,,,,,,V2_03_difficult,,,,1370,1413394962155760384,,1413394962355760384,68,False,104
,,,,75,,,INSUFFICIENT_TRACKS,16,,,,,,,,,,Raw,V2_03_difficult:1413394962655760384:1413394962855760384,,formal_public_module_evidence,,,,,,,,V2_03_difficult,,,,1380,1413394962655760384,,1413394962855760384,2,False,45
,,,,75,,,INSUFFICIENT_TRACKS,16,,,,,,,,,,Global-DoF,V2_03_difficult:1413394962655760384:1413394962855760384,,formal_public_module_evidence,,,,,,,,V2_03_difficult,,,,1380,1413394962655760384,,1413394962855760384,2,False,45
,,,,75,,,INSUFFICIENT_TRACKS,16,,,,,,,,,,DPR-Exact-Block,V2_03_difficult:1413394962655760384:1413394962855760384,,formal_public_module_evidence,,,,,,,,V2_03_difficult,,,,1380,1413394962655760384,,1413394962855760384,2,False,45
,,,,75,,,INSUFFICIENT_TRACKS,16,,,,,,,,,,DUC-K16,V2_03_difficult:1413394962655760384:1413394962855760384,,formal_public_module_evidence,,,,,,,,V2_03_difficult,,,,1380,1413394962655760384,,1413394962855760384,2,False,45
,,,,75,,,INSUFFICIENT_TRACKS,16,,,,,,,,,,Permuted-K16,V2_03_difficult:1413394962655760384:1413394962855760384,,formal_public_module_evidence,,,,,,,,V2_03_difficult,,,,1380,1413394962655760384,,1413394962855760384,2,False,45
,,,,75,,,INSUFFICIENT_TRACKS,48,,,,,,,,,,Raw,V2_03_difficult:1413394962655760384:1413394962855760384,,formal_public_module_evidence,,,,,,,,V2_03_difficult,,,,1380,1413394962655760384,,1413394962855760384,2,False,45
,,,,75,,,INSUFFICIENT_TRACKS,48,,,,,,,,,,Global-DoF,V2_03_difficult:1413394962655760384:1413394962855760384,,formal_public_module_evidence,,,,,,,,V2_03_difficult,,,,1380,1413394962655760384,,1413394962855760384,2,False,45
,,,,75,,,INSUFFICIENT_TRACKS,48,,,,,,,,,,DPR-Exact-Block,V2_03_difficult:1413394962655760384:1413394962855760384,,formal_public_module_evidence,,,,,,,,V2_03_difficult,,,,1380,1413394962655760384,,1413394962855760384,2,False,45
,,,,75,,,INSUFFICIENT_TRACKS,48,,,,,,,,,,DUC-K16,V2_03_difficult:1413394962655760384:1413394962855760384,,formal_public_module_evidence,,,,,,,,V2_03_difficult,,,,1380,1413394962655760384,,1413394962855760384,2,False,45
,,,,75,,,INSUFFICIENT_TRACKS,48,,,,,,,,,,Permuted-K16,V2_03_difficult:1413394962655760384:1413394962855760384,,formal_public_module_evidence,,,,,,,,V2_03_difficult,,,,1380,1413394962655760384,,1413394962855760384,2,False,45
,,,,91,,,INSUFFICIENT_TRACKS,16,,,,,,,,,,Raw,V2_03_difficult:1413394963155760384:1413394963355760384,,formal_public_module_evidence,,,,,,,,V2_03_difficult,,,,1390,1413394963155760384,,1413394963355760384,17,False,29
,,,,91,,,INSUFFICIENT_TRACKS,16,,,,,,,,,,Global-DoF,V2_03_difficult:1413394963155760384:1413394963355760384,,formal_public_module_evidence,,,,,,,,V2_03_difficult,,,,1390,1413394963155760384,,1413394963355760384,17,False,29
,,,,91,,,INSUFFICIENT_TRACKS,16,,,,,,,,,,DPR-Exact-Block,V2_03_difficult:1413394963155760384:1413394963355760384,,formal_public_module_evidence,,,,,,,,V2_03_difficult,,,,1390,1413394963155760384,,1413394963355760384,17,False,29
,,,,91,,,INSUFFICIENT_TRACKS,16,,,,,,,,,,DUC-K16,V2_03_difficult:1413394963155760384:1413394963355760384,,formal_public_module_evidence,,,,,,,,V2_03_difficult,,,,1390,1413394963155760384,,1413394963355760384,17,False,29
,,,,91,,,INSUFFICIENT_TRACKS,16,,,,,,,,,,Permuted-K16,V2_03_difficult:1413394963155760384:1413394963355760384,,formal_public_module_evidence,,,,,,,,V2_03_difficult,,,,1390,1413394963155760384,,1413394963355760384,17,False,29
,,,,91,,,INSUFFICIENT_TRACKS,48,,,,,,,,,,Raw,V2_03_difficult:1413394963155760384:1413394963355760384,,formal_public_module_evidence,,,,,,,,V2_03_difficult,,,,1390,1413394963155760384,,1413394963355760384,17,False,29
,,,,91,,,INSUFFICIENT_TRACKS,48,,,,,,,,,,Global-DoF,V2_03_difficult:1413394963155760384:1413394963355760384,,formal_public_module_evidence,,,,,,,,V2_03_difficult,,,,1390,1413394963155760384,,1413394963355760384,17,False,29
,,,,91,,,INSUFFICIENT_TRACKS,48,,,,,,,,,,DPR-Exact-Block,V2_03_difficult:1413394963155760384:1413394963355760384,,formal_public_module_evidence,,,,,,,,V2_03_difficult,,,,1390,1413394963155760384,,1413394963355760384,17,False,29
,,,,91,,,INSUFFICIENT_TRACKS,48,,,,,,,,,,DUC-K16,V2_03_difficult:1413394963155760384:1413394963355760384,,formal_public_module_evidence,,,,,,,,V2_03_difficult,,,,1390,1413394963155760384,,1413394963355760384,17,False,29
,,,,91,,,INSUFFICIENT_TRACKS,48,,,,,,,,,,Permuted-K16,V2_03_difficult:1413394963155760384:1413394963355760384,,formal_public_module_evidence,,,,,,,,V2_03_difficult,,,,1390,1413394963155760384,,1413394963355760384,17,False,29
,,,,250,,,INSUFFICIENT_TRACKS,16,,,,,,,,,,Raw,V2_03_difficult:1413394963655760384:1413394963855760384,,formal_public_module_evidence,,,,,,,,V2_03_difficult,,,,1400,1413394963655760384,,1413394963855760384,53,False,127
,,,,250,,,INSUFFICIENT_TRACKS,16,,,,,,,,,,Global-DoF,V2_03_difficult:1413394963655760384:1413394963855760384,,formal_public_module_evidence,,,,,,,,V2_03_difficult,,,,1400,1413394963655760384,,1413394963855760384,53,False,127
,,,,250,,,INSUFFICIENT_TRACKS,16,,,,,,,,,,DPR-Exact-Block,V2_03_difficult:1413394963655760384:1413394963855760384,,formal_public_module_evidence,,,,,,,,V2_03_difficult,,,,1400,1413394963655760384,,1413394963855760384,53,False,127
,,,,250,,,INSUFFICIENT_TRACKS,16,,,,,,,,,,DUC-K16,V2_03_difficult:1413394963655760384:1413394963855760384,,formal_public_module_evidence,,,,,,,,V2_03_difficult,,,,1400,1413394963655760384,,1413394963855760384,53,False,127
,,,,250,,,INSUFFICIENT_TRACKS,16,,,,,,,,,,Permuted-K16,V2_03_difficult:1413394963655760384:1413394963855760384,,formal_public_module_evidence,,,,,,,,V2_03_difficult,,,,1400,1413394963655760384,,1413394963855760384,53,False,127
,,,,250,,,INSUFFICIENT_TRACKS,48,,,,,,,,,,Raw,V2_03_difficult:1413394963655760384:1413394963855760384,,formal_public_module_evidence,,,,,,,,V2_03_difficult,,,,1400,1413394963655760384,,1413394963855760384,53,False,127
,,,,250,,,INSUFFICIENT_TRACKS,48,,,,,,,,,,Global-DoF,V2_03_difficult:1413394963655760384:1413394963855760384,,formal_public_module_evidence,,,,,,,,V2_03_difficult,,,,1400,1413394963655760384,,1413394963855760384,53,False,127
,,,,250,,,INSUFFICIENT_TRACKS,48,,,,,,,,,,DPR-Exact-Block,V2_03_difficult:1413394963655760384:1413394963855760384,,formal_public_module_evidence,,,,,,,,V2_03_difficult,,,,1400,1413394963655760384,,1413394963855760384,53,False,127
,,,,250,,,INSUFFICIENT_TRACKS,48,,,,,,,,,,DUC-K16,V2_03_difficult:1413394963655760384:1413394963855760384,,formal_public_module_evidence,,,,,,,,V2_03_difficult,,,,1400,1413394963655760384,,1413394963855760384,53,False,127
,,,,250,,,INSUFFICIENT_TRACKS,48,,,,,,,,,,Permuted-K16,V2_03_difficult:1413394963655760384:1413394963855760384,,formal_public_module_evidence,,,,,,,,V2_03_difficult,,,,1400,1413394963655760384,,1413394963855760384,53,False,127
,,,,261,,,INSUFFICIENT_TRACKS,16,,,,,,,,,,Raw,V2_03_difficult:1413394964155760384:1413394964355760384,,formal_public_module_evidence,,,,,,,,V2_03_difficult,,,,1410,1413394964155760384,,1413394964355760384,45,False,161
,,,,261,,,INSUFFICIENT_TRACKS,16,,,,,,,,,,Global-DoF,V2_03_difficult:1413394964155760384:1413394964355760384,,formal_public_module_evidence,,,,,,,,V2_03_difficult,,,,1410,1413394964155760384,,1413394964355760384,45,False,161
,,,,261,,,INSUFFICIENT_TRACKS,16,,,,,,,,,,DPR-Exact-Block,V2_03_difficult:1413394964155760384:1413394964355760384,,formal_public_module_evidence,,,,,,,,V2_03_difficult,,,,1410,1413394964155760384,,1413394964355760384,45,False,161
,,,,261,,,INSUFFICIENT_TRACKS,16,,,,,,,,,,DUC-K16,V2_03_difficult:1413394964155760384:1413394964355760384,,formal_public_module_evidence,,,,,,,,V2_03_difficult,,,,1410,1413394964155760384,,1413394964355760384,45,False,161
,,,,261,,,INSUFFICIENT_TRACKS,16,,,,,,,,,,Permuted-K16,V2_03_difficult:1413394964155760384:1413394964355760384,,formal_public_module_evidence,,,,,,,,V2_03_difficult,,,,1410,1413394964155760384,,1413394964355760384,45,False,161
,,,,261,,,INSUFFICIENT_TRACKS,48,,,,,,,,,,Raw,V2_03_difficult:1413394964155760384:1413394964355760384,,formal_public_module_evidence,,,,,,,,V2_03_difficult,,,,1410,1413394964155760384,,1413394964355760384,45,False,161
,,,,261,,,INSUFFICIENT_TRACKS,48,,,,,,,,,,Global-DoF,V2_03_difficult:1413394964155760384:1413394964355760384,,formal_public_module_evidence,,,,,,,,V2_03_difficult,,,,1410,1413394964155760384,,1413394964355760384,45,False,161
,,,,261,,,INSUFFICIENT_TRACKS,48,,,,,,,,,,DPR-Exact-Block,V2_03_difficult:1413394964155760384:1413394964355760384,,formal_public_module_evidence,,,,,,,,V2_03_difficult,,,,1410,1413394964155760384,,1413394964355760384,45,False,161
,,,,261,,,INSUFFICIENT_TRACKS,48,,,,,,,,,,DUC-K16,V2_03_difficult:1413394964155760384:1413394964355760384,,formal_public_module_evidence,,,,,,,,V2_03_difficult,,,,1410,1413394964155760384,,1413394964355760384,45,False,161
,,,,261,,,INSUFFICIENT_TRACKS,48,,,,,,,,,,Permuted-K16,V2_03_difficult:1413394964155760384:1413394964355760384,,formal_public_module_evidence,,,,,,,,V2_03_difficult,,,,1410,1413394964155760384,,1413394964355760384,45,False,161
,,,,201,,,INSUFFICIENT_TRACKS,16,,,,,,,,,,Raw,V2_03_difficult:1413394964655760384:1413394964855760384,,formal_public_module_evidence,,,,,,,,V2_03_difficult,,,,1420,1413394964655760384,,1413394964855760384,0,False,164
,,,,201,,,INSUFFICIENT_TRACKS,16,,,,,,,,,,Global-DoF,V2_03_difficult:1413394964655760384:1413394964855760384,,formal_public_module_evidence,,,,,,,,V2_03_difficult,,,,1420,1413394964655760384,,1413394964855760384,0,False,164
,,,,201,,,INSUFFICIENT_TRACKS,16,,,,,,,,,,DPR-Exact-Block,V2_03_difficult:1413394964655760384:1413394964855760384,,formal_public_module_evidence,,,,,,,,V2_03_difficult,,,,1420,1413394964655760384,,1413394964855760384,0,False,164
,,,,201,,,INSUFFICIENT_TRACKS,16,,,,,,,,,,DUC-K16,V2_03_difficult:1413394964655760384:1413394964855760384,,formal_public_module_evidence,,,,,,,,V2_03_difficult,,,,1420,1413394964655760384,,1413394964855760384,0,False,164
,,,,201,,,INSUFFICIENT_TRACKS,16,,,,,,,,,,Permuted-K16,V2_03_difficult:1413394964655760384:1413394964855760384,,formal_public_module_evidence,,,,,,,,V2_03_difficult,,,,1420,1413394964655760384,,1413394964855760384,0,False,164
,,,,201,,,INSUFFICIENT_TRACKS,48,,,,,,,,,,Raw,V2_03_difficult:1413394964655760384:1413394964855760384,,formal_public_module_evidence,,,,,,,,V2_03_difficult,,,,1420,1413394964655760384,,1413394964855760384,0,False,164
,,,,201,,,INSUFFICIENT_TRACKS,48,,,,,,,,,,Global-DoF,V2_03_difficult:1413394964655760384:1413394964855760384,,formal_public_module_evidence,,,,,,,,V2_03_difficult,,,,1420,1413394964655760384,,1413394964855760384,0,False,164
,,,,201,,,INSUFFICIENT_TRACKS,48,,,,,,,,,,DPR-Exact-Block,V2_03_difficult:1413394964655760384:1413394964855760384,,formal_public_module_evidence,,,,,,,,V2_03_difficult,,,,1420,1413394964655760384,,1413394964855760384,0,False,164
,,,,201,,,INSUFFICIENT_TRACKS,48,,,,,,,,,,DUC-K16,V2_03_difficult:1413394964655760384:1413394964855760384,,formal_public_module_evidence,,,,,,,,V2_03_difficult,,,,1420,1413394964655760384,,1413394964855760384,0,False,164
,,,,201,,,INSUFFICIENT_TRACKS,48,,,,,,,,,,Permuted-K16,V2_03_difficult:1413394964655760384:1413394964855760384,,formal_public_module_evidence,,,,,,,,V2_03_difficult,,,,1420,1413394964655760384,,1413394964855760384,0,False,164
,,,,237,,,INSUFFICIENT_TRACKS,16,,,,,,,,,,Raw,V2_03_difficult:1413394965155760384:1413394965355760384,,formal_public_module_evidence,,,,,,,,V2_03_difficult,,,,1430,1413394965155760384,,1413394965355760384,5,False,228
,,,,237,,,INSUFFICIENT_TRACKS,16,,,,,,,,,,Global-DoF,V2_03_difficult:1413394965155760384:1413394965355760384,,formal_public_module_evidence,,,,,,,,V2_03_difficult,,,,1430,1413394965155760384,,1413394965355760384,5,False,228
,,,,237,,,INSUFFICIENT_TRACKS,16,,,,,,,,,,DPR-Exact-Block,V2_03_difficult:1413394965155760384:1413394965355760384,,formal_public_module_evidence,,,,,,,,V2_03_difficult,,,,1430,1413394965155760384,,1413394965355760384,5,False,228
,,,,237,,,INSUFFICIENT_TRACKS,16,,,,,,,,,,DUC-K16,V2_03_difficult:1413394965155760384:1413394965355760384,,formal_public_module_evidence,,,,,,,,V2_03_difficult,,,,1430,1413394965155760384,,1413394965355760384,5,False,228
,,,,237,,,INSUFFICIENT_TRACKS,16,,,,,,,,,,Permuted-K16,V2_03_difficult:1413394965155760384:1413394965355760384,,formal_public_module_evidence,,,,,,,,V2_03_difficult,,,,1430,1413394965155760384,,1413394965355760384,5,False,228
,,,,237,,,INSUFFICIENT_TRACKS,48,,,,,,,,,,Raw,V2_03_difficult:1413394965155760384:1413394965355760384,,formal_public_module_evidence,,,,,,,,V2_03_difficult,,,,1430,1413394965155760384,,1413394965355760384,5,False,228
,,,,237,,,INSUFFICIENT_TRACKS,48,,,,,,,,,,Global-DoF,V2_03_difficult:1413394965155760384:1413394965355760384,,formal_public_module_evidence,,,,,,,,V2_03_difficult,,,,1430,1413394965155760384,,1413394965355760384,5,False,228
,,,,237,,,INSUFFICIENT_TRACKS,48,,,,,,,,,,DPR-Exact-Block,V2_03_difficult:1413394965155760384:1413394965355760384,,formal_public_module_evidence,,,,,,,,V2_03_difficult,,,,1430,1413394965155760384,,1413394965355760384,5,False,228
,,,,237,,,INSUFFICIENT_TRACKS,48,,,,,,,,,,DUC-K16,V2_03_difficult:1413394965155760384:1413394965355760384,,formal_public_module_evidence,,,,,,,,V2_03_difficult,,,,1430,1413394965155760384,,1413394965355760384,5,False,228
,,,,237,,,INSUFFICIENT_TRACKS,48,,,,,,,,,,Permuted-K16,V2_03_difficult:1413394965155760384:1413394965355760384,,formal_public_module_evidence,,,,,,,,V2_03_difficult,,,,1430,1413394965155760384,,1413394965355760384,5,False,228
,,,,186,,,INSUFFICIENT_TRACKS,16,,,,,,,,,,Raw,V2_03_difficult:1413394965655760384:1413394965855760384,,formal_public_module_evidence,,,,,,,,V2_03_difficult,,,,1440,1413394965655760384,,1413394965855760384,27,False,150
,,,,186,,,INSUFFICIENT_TRACKS,16,,,,,,,,,,Global-DoF,V2_03_difficult:1413394965655760384:1413394965855760384,,formal_public_module_evidence,,,,,,,,V2_03_difficult,,,,1440,1413394965655760384,,1413394965855760384,27,False,150
,,,,186,,,INSUFFICIENT_TRACKS,16,,,,,,,,,,DPR-Exact-Block,V2_03_difficult:1413394965655760384:1413394965855760384,,formal_public_module_evidence,,,,,,,,V2_03_difficult,,,,1440,1413394965655760384,,1413394965855760384,27,False,150
,,,,186,,,INSUFFICIENT_TRACKS,16,,,,,,,,,,DUC-K16,V2_03_difficult:1413394965655760384:1413394965855760384,,formal_public_module_evidence,,,,,,,,V2_03_difficult,,,,1440,1413394965655760384,,1413394965855760384,27,False,150
,,,,186,,,INSUFFICIENT_TRACKS,16,,,,,,,,,,Permuted-K16,V2_03_difficult:1413394965655760384:1413394965855760384,,formal_public_module_evidence,,,,,,,,V2_03_difficult,,,,1440,1413394965655760384,,1413394965855760384,27,False,150
,,,,186,,,INSUFFICIENT_TRACKS,48,,,,,,,,,,Raw,V2_03_difficult:1413394965655760384:1413394965855760384,,formal_public_module_evidence,,,,,,,,V2_03_difficult,,,,1440,1413394965655760384,,1413394965855760384,27,False,150
,,,,186,,,INSUFFICIENT_TRACKS,48,,,,,,,,,,Global-DoF,V2_03_difficult:1413394965655760384:1413394965855760384,,formal_public_module_evidence,,,,,,,,V2_03_difficult,,,,1440,1413394965655760384,,1413394965855760384,27,False,150
,,,,186,,,INSUFFICIENT_TRACKS,48,,,,,,,,,,DPR-Exact-Block,V2_03_difficult:1413394965655760384:1413394965855760384,,formal_public_module_evidence,,,,,,,,V2_03_difficult,,,,1440,1413394965655760384,,1413394965855760384,27,False,150
,,,,186,,,INSUFFICIENT_TRACKS,48,,,,,,,,,,DUC-K16,V2_03_difficult:1413394965655760384:1413394965855760384,,formal_public_module_evidence,,,,,,,,V2_03_difficult,,,,1440,1413394965655760384,,1413394965855760384,27,False,150
,,,,186,,,INSUFFICIENT_TRACKS,48,,,,,,,,,,Permuted-K16,V2_03_difficult:1413394965655760384:1413394965855760384,,formal_public_module_evidence,,,,,,,,V2_03_difficult,,,,1440,1413394965655760384,,1413394965855760384,27,False,150
,,,,211,,,INSUFFICIENT_TRACKS,16,,,,,,,,,,Raw,V2_03_difficult:1413394966155760384:1413394966355760384,,formal_public_module_evidence,,,,,,,,V2_03_difficult,,,,1450,1413394966155760384,,1413394966355760384,22,False,140
,,,,211,,,INSUFFICIENT_TRACKS,16,,,,,,,,,,Global-DoF,V2_03_difficult:1413394966155760384:1413394966355760384,,formal_public_module_evidence,,,,,,,,V2_03_difficult,,,,1450,1413394966155760384,,1413394966355760384,22,False,140
,,,,211,,,INSUFFICIENT_TRACKS,16,,,,,,,,,,DPR-Exact-Block,V2_03_difficult:1413394966155760384:1413394966355760384,,formal_public_module_evidence,,,,,,,,V2_03_difficult,,,,1450,1413394966155760384,,1413394966355760384,22,False,140
,,,,211,,,INSUFFICIENT_TRACKS,16,,,,,,,,,,DUC-K16,V2_03_difficult:1413394966155760384:1413394966355760384,,formal_public_module_evidence,,,,,,,,V2_03_difficult,,,,1450,1413394966155760384,,1413394966355760384,22,False,140
,,,,211,,,INSUFFICIENT_TRACKS,16,,,,,,,,,,Permuted-K16,V2_03_difficult:1413394966155760384:1413394966355760384,,formal_public_module_evidence,,,,,,,,V2_03_difficult,,,,1450,1413394966155760384,,1413394966355760384,22,False,140
,,,,211,,,INSUFFICIENT_TRACKS,48,,,,,,,,,,Raw,V2_03_difficult:1413394966155760384:1413394966355760384,,formal_public_module_evidence,,,,,,,,V2_03_difficult,,,,1450,1413394966155760384,,1413394966355760384,22,False,140
,,,,211,,,INSUFFICIENT_TRACKS,48,,,,,,,,,,Global-DoF,V2_03_difficult:1413394966155760384:1413394966355760384,,formal_public_module_evidence,,,,,,,,V2_03_difficult,,,,1450,1413394966155760384,,1413394966355760384,22,False,140
,,,,211,,,INSUFFICIENT_TRACKS,48,,,,,,,,,,DPR-Exact-Block,V2_03_difficult:1413394966155760384:1413394966355760384,,formal_public_module_evidence,,,,,,,,V2_03_difficult,,,,1450,1413394966155760384,,1413394966355760384,22,False,140
,,,,211,,,INSUFFICIENT_TRACKS,48,,,,,,,,,,DUC-K16,V2_03_difficult:1413394966155760384:1413394966355760384,,formal_public_module_evidence,,,,,,,,V2_03_difficult,,,,1450,1413394966155760384,,1413394966355760384,22,False,140
,,,,211,,,INSUFFICIENT_TRACKS,48,,,,,,,,,,Permuted-K16,V2_03_difficult:1413394966155760384:1413394966355760384,,formal_public_module_evidence,,,,,,,,V2_03_difficult,,,,1450,1413394966155760384,,1413394966355760384,22,False,140
,,,,274,,,INSUFFICIENT_TRACKS,16,,,,,,,,,,Raw,V2_03_difficult:1413394966655760384:1413394966855760384,,formal_public_module_evidence,,,,,,,,V2_03_difficult,,,,1460,1413394966655760384,,1413394966855760384,30,False,163
,,,,274,,,INSUFFICIENT_TRACKS,16,,,,,,,,,,Global-DoF,V2_03_difficult:1413394966655760384:1413394966855760384,,formal_public_module_evidence,,,,,,,,V2_03_difficult,,,,1460,1413394966655760384,,1413394966855760384,30,False,163
,,,,274,,,INSUFFICIENT_TRACKS,16,,,,,,,,,,DPR-Exact-Block,V2_03_difficult:1413394966655760384:1413394966855760384,,formal_public_module_evidence,,,,,,,,V2_03_difficult,,,,1460,1413394966655760384,,1413394966855760384,30,False,163
,,,,274,,,INSUFFICIENT_TRACKS,16,,,,,,,,,,DUC-K16,V2_03_difficult:1413394966655760384:1413394966855760384,,formal_public_module_evidence,,,,,,,,V2_03_difficult,,,,1460,1413394966655760384,,1413394966855760384,30,False,163
,,,,274,,,INSUFFICIENT_TRACKS,16,,,,,,,,,,Permuted-K16,V2_03_difficult:1413394966655760384:1413394966855760384,,formal_public_module_evidence,,,,,,,,V2_03_difficult,,,,1460,1413394966655760384,,1413394966855760384,30,False,163
,,,,274,,,INSUFFICIENT_TRACKS,48,,,,,,,,,,Raw,V2_03_difficult:1413394966655760384:1413394966855760384,,formal_public_module_evidence,,,,,,,,V2_03_difficult,,,,1460,1413394966655760384,,1413394966855760384,30,False,163
,,,,274,,,INSUFFICIENT_TRACKS,48,,,,,,,,,,Global-DoF,V2_03_difficult:1413394966655760384:1413394966855760384,,formal_public_module_evidence,,,,,,,,V2_03_difficult,,,,1460,1413394966655760384,,1413394966855760384,30,False,163
,,,,274,,,INSUFFICIENT_TRACKS,48,,,,,,,,,,DPR-Exact-Block,V2_03_difficult:1413394966655760384:1413394966855760384,,formal_public_module_evidence,,,,,,,,V2_03_difficult,,,,1460,1413394966655760384,,1413394966855760384,30,False,163
,,,,274,,,INSUFFICIENT_TRACKS,48,,,,,,,,,,DUC-K16,V2_03_difficult:1413394966655760384:1413394966855760384,,formal_public_module_evidence,,,,,,,,V2_03_difficult,,,,1460,1413394966655760384,,1413394966855760384,30,False,163
,,,,274,,,INSUFFICIENT_TRACKS,48,,,,,,,,,,Permuted-K16,V2_03_difficult:1413394966655760384:1413394966855760384,,formal_public_module_evidence,,,,,,,,V2_03_difficult,,,,1460,1413394966655760384,,1413394966855760384,30,False,163
,,,,191,,,INSUFFICIENT_TRACKS,16,,,,,,,,,,Raw,V2_03_difficult:1413394967155760384:1413394967355760384,,formal_public_module_evidence,,,,,,,,V2_03_difficult,,,,1470,1413394967155760384,,1413394967355760384,20,False,159
,,,,191,,,INSUFFICIENT_TRACKS,16,,,,,,,,,,Global-DoF,V2_03_difficult:1413394967155760384:1413394967355760384,,formal_public_module_evidence,,,,,,,,V2_03_difficult,,,,1470,1413394967155760384,,1413394967355760384,20,False,159
,,,,191,,,INSUFFICIENT_TRACKS,16,,,,,,,,,,DPR-Exact-Block,V2_03_difficult:1413394967155760384:1413394967355760384,,formal_public_module_evidence,,,,,,,,V2_03_difficult,,,,1470,1413394967155760384,,1413394967355760384,20,False,159
,,,,191,,,INSUFFICIENT_TRACKS,16,,,,,,,,,,DUC-K16,V2_03_difficult:1413394967155760384:1413394967355760384,,formal_public_module_evidence,,,,,,,,V2_03_difficult,,,,1470,1413394967155760384,,1413394967355760384,20,False,159
,,,,191,,,INSUFFICIENT_TRACKS,16,,,,,,,,,,Permuted-K16,V2_03_difficult:1413394967155760384:1413394967355760384,,formal_public_module_evidence,,,,,,,,V2_03_difficult,,,,1470,1413394967155760384,,1413394967355760384,20,False,159
,,,,191,,,INSUFFICIENT_TRACKS,48,,,,,,,,,,Raw,V2_03_difficult:1413394967155760384:1413394967355760384,,formal_public_module_evidence,,,,,,,,V2_03_difficult,,,,1470,1413394967155760384,,1413394967355760384,20,False,159
,,,,191,,,INSUFFICIENT_TRACKS,48,,,,,,,,,,Global-DoF,V2_03_difficult:1413394967155760384:1413394967355760384,,formal_public_module_evidence,,,,,,,,V2_03_difficult,,,,1470,1413394967155760384,,1413394967355760384,20,False,159
,,,,191,,,INSUFFICIENT_TRACKS,48,,,,,,,,,,DPR-Exact-Block,V2_03_difficult:1413394967155760384:1413394967355760384,,formal_public_module_evidence,,,,,,,,V2_03_difficult,,,,1470,1413394967155760384,,1413394967355760384,20,False,159
,,,,191,,,INSUFFICIENT_TRACKS,48,,,,,,,,,,DUC-K16,V2_03_difficult:1413394967155760384:1413394967355760384,,formal_public_module_evidence,,,,,,,,V2_03_difficult,,,,1470,1413394967155760384,,1413394967355760384,20,False,159
,,,,191,,,INSUFFICIENT_TRACKS,48,,,,,,,,,,Permuted-K16,V2_03_difficult:1413394967155760384:1413394967355760384,,formal_public_module_evidence,,,,,,,,V2_03_difficult,,,,1470,1413394967155760384,,1413394967355760384,20,False,159
,,,,132,,,INSUFFICIENT_TRACKS,16,,,,,,,,,,Raw,V2_03_difficult:1413394967655760384:1413394967855760384,,formal_public_module_evidence,,,,,,,,V2_03_difficult,,,,1480,1413394967655760384,,1413394967855760384,22,False,103
,,,,132,,,INSUFFICIENT_TRACKS,16,,,,,,,,,,Global-DoF,V2_03_difficult:1413394967655760384:1413394967855760384,,formal_public_module_evidence,,,,,,,,V2_03_difficult,,,,1480,1413394967655760384,,1413394967855760384,22,False,103
,,,,132,,,INSUFFICIENT_TRACKS,16,,,,,,,,,,DPR-Exact-Block,V2_03_difficult:1413394967655760384:1413394967855760384,,formal_public_module_evidence,,,,,,,,V2_03_difficult,,,,1480,1413394967655760384,,1413394967855760384,22,False,103
,,,,132,,,INSUFFICIENT_TRACKS,16,,,,,,,,,,DUC-K16,V2_03_difficult:1413394967655760384:1413394967855760384,,formal_public_module_evidence,,,,,,,,V2_03_difficult,,,,1480,1413394967655760384,,1413394967855760384,22,False,103
,,,,132,,,INSUFFICIENT_TRACKS,16,,,,,,,,,,Permuted-K16,V2_03_difficult:1413394967655760384:1413394967855760384,,formal_public_module_evidence,,,,,,,,V2_03_difficult,,,,1480,1413394967655760384,,1413394967855760384,22,False,103
,,,,132,,,INSUFFICIENT_TRACKS,48,,,,,,,,,,Raw,V2_03_difficult:1413394967655760384:1413394967855760384,,formal_public_module_evidence,,,,,,,,V2_03_difficult,,,,1480,1413394967655760384,,1413394967855760384,22,False,103
,,,,132,,,INSUFFICIENT_TRACKS,48,,,,,,,,,,Global-DoF,V2_03_difficult:1413394967655760384:1413394967855760384,,formal_public_module_evidence,,,,,,,,V2_03_difficult,,,,1480,1413394967655760384,,1413394967855760384,22,False,103
,,,,132,,,INSUFFICIENT_TRACKS,48,,,,,,,,,,DPR-Exact-Block,V2_03_difficult:1413394967655760384:1413394967855760384,,formal_public_module_evidence,,,,,,,,V2_03_difficult,,,,1480,1413394967655760384,,1413394967855760384,22,False,103
,,,,132,,,INSUFFICIENT_TRACKS,48,,,,,,,,,,DUC-K16,V2_03_difficult:1413394967655760384:1413394967855760384,,formal_public_module_evidence,,,,,,,,V2_03_difficult,,,,1480,1413394967655760384,,1413394967855760384,22,False,103
,,,,132,,,INSUFFICIENT_TRACKS,48,,,,,,,,,,Permuted-K16,V2_03_difficult:1413394967655760384:1413394967855760384,,formal_public_module_evidence,,,,,,,,V2_03_difficult,,,,1480,1413394967655760384,,1413394967855760384,22,False,103
,,,,189,,,INSUFFICIENT_TRACKS,16,,,,,,,,,,Raw,V2_03_difficult:1413394968155760384:1413394968355760384,,formal_public_module_evidence,,,,,,,,V2_03_difficult,,,,1490,1413394968155760384,,1413394968355760384,61,False,177
,,,,189,,,INSUFFICIENT_TRACKS,16,,,,,,,,,,Global-DoF,V2_03_difficult:1413394968155760384:1413394968355760384,,formal_public_module_evidence,,,,,,,,V2_03_difficult,,,,1490,1413394968155760384,,1413394968355760384,61,False,177
,,,,189,,,INSUFFICIENT_TRACKS,16,,,,,,,,,,DPR-Exact-Block,V2_03_difficult:1413394968155760384:1413394968355760384,,formal_public_module_evidence,,,,,,,,V2_03_difficult,,,,1490,1413394968155760384,,1413394968355760384,61,False,177
,,,,189,,,INSUFFICIENT_TRACKS,16,,,,,,,,,,DUC-K16,V2_03_difficult:1413394968155760384:1413394968355760384,,formal_public_module_evidence,,,,,,,,V2_03_difficult,,,,1490,1413394968155760384,,1413394968355760384,61,False,177
,,,,189,,,INSUFFICIENT_TRACKS,16,,,,,,,,,,Permuted-K16,V2_03_difficult:1413394968155760384:1413394968355760384,,formal_public_module_evidence,,,,,,,,V2_03_difficult,,,,1490,1413394968155760384,,1413394968355760384,61,False,177
,,,,189,,,INSUFFICIENT_TRACKS,48,,,,,,,,,,Raw,V2_03_difficult:1413394968155760384:1413394968355760384,,formal_public_module_evidence,,,,,,,,V2_03_difficult,,,,1490,1413394968155760384,,1413394968355760384,61,False,177
,,,,189,,,INSUFFICIENT_TRACKS,48,,,,,,,,,,Global-DoF,V2_03_difficult:1413394968155760384:1413394968355760384,,formal_public_module_evidence,,,,,,,,V2_03_difficult,,,,1490,1413394968155760384,,1413394968355760384,61,False,177
,,,,189,,,INSUFFICIENT_TRACKS,48,,,,,,,,,,DPR-Exact-Block,V2_03_difficult:1413394968155760384:1413394968355760384,,formal_public_module_evidence,,,,,,,,V2_03_difficult,,,,1490,1413394968155760384,,1413394968355760384,61,False,177
,,,,189,,,INSUFFICIENT_TRACKS,48,,,,,,,,,,DUC-K16,V2_03_difficult:1413394968155760384:1413394968355760384,,formal_public_module_evidence,,,,,,,,V2_03_difficult,,,,1490,1413394968155760384,,1413394968355760384,61,False,177
,,,,189,,,INSUFFICIENT_TRACKS,48,,,,,,,,,,Permuted-K16,V2_03_difficult:1413394968155760384:1413394968355760384,,formal_public_module_evidence,,,,,,,,V2_03_difficult,,,,1490,1413394968155760384,,1413394968355760384,61,False,177
0.4079692100190537,0.006589,0.033333333333333326,0.9166666666666666,466,0.501587309872243,6.0,,16,2.1931258579821415,0.7082282893758501,2.0603983422793988,2.6516603368172125,True,0.8684856730554745,0.7542673643026205,6,0.15596963480624293,Raw,V2_03_difficult:1413394968655760384:1413394968855760384,0.040229,formal_public_module_evidence,0.02062010358987809,0.10012176426679786,0.10477255266503341,0.2415858172660044,1.018235607628621,1,0,V2_03_difficult,5,OK,True,1500,1413394968655760384,2.0074256669975188e-10,1413394968855760384,282,True,309
0.20032984524080913,0.001983,0.008333333333333415,0.9583333333333334,466,0.6173382275350683,6.0,,16,2.1931258579821415,0.7082282893758501,2.0603983422793988,2.5773445404037534,True,0.8684856730554745,0.7542673643026205,6,0.15596963480624293,Global-DoF,V2_03_difficult:1413394968655760384:1413394968855760384,0.040229,formal_public_module_evidence,0.02062010358987809,0.10012176426679786,0.10477255266503341,0.2415858172660044,1.018235607628621,1,0,V2_03_difficult,5,OK,True,1500,1413394968655760384,2.0074256669975188e-10,1413394968855760384,282,True,309
0.006674348374631046,0.459919,0.050000000000000044,1.0,466,0.7492498839775729,6.0,,16,2.1931258579821415,0.7082282893758501,2.0603983422793988,2.5558910102467043,True,0.8684856730554745,0.7542673643026205,6,0.15596963480624293,DPR-Exact-Block,V2_03_difficult:1413394968655760384:1413394968855760384,0.040229,formal_public_module_evidence,0.02062010358987809,0.10012176426679786,0.10477255266503341,0.2415858172660044,1.018235607628621,1,0,V2_03_difficult,5,OK,True,1500,1413394968655760384,2.0074256669975188e-10,1413394968855760384,282,True,309
0.13826515406191056,0.263194,0.050000000000000044,1.0,466,0.8661101147601747,6.0,,16,2.1931258579821415,0.7082282893758501,2.0603983422793988,2.565001588217767,True,0.8684856730554745,0.7542673643026205,6,0.15596963480624293,DUC-K16,V2_03_difficult:1413394968655760384:1413394968855760384,0.040229,formal_public_module_evidence,0.02062010358987809,0.10012176426679786,0.10477255266503341,0.2415858172660044,1.018235607628621,1,0,V2_03_difficult,5,OK,True,1500,1413394968655760384,2.0074256669975188e-10,1413394968855760384,282,True,309
0.06444291426950509,0.14574,0.008333333333333415,0.9583333333333334,466,0.7071932633347233,6.0,,16,2.1931258579821415,0.7082282893758501,2.0603983422793988,2.557990463759941,True,0.8684856730554745,0.7542673643026205,6,0.15596963480624293,Permuted-K16,V2_03_difficult:1413394968655760384:1413394968855760384,0.040229,formal_public_module_evidence,0.02062010358987809,0.10012176426679786,0.10477255266503341,0.2415858172660044,1.018235607628621,1,0,V2_03_difficult,5,OK,True,1500,1413394968655760384,2.0074256669975188e-10,1413394968855760384,282,True,309
0.22949478160280987,0.006206,0.050000000000000044,1.0,466,0.6743995088319575,6.0,,48,1.9708056901427533,0.8212183076575665,2.057313654730944,2.2388795827250463,True,0.7321911310581477,0.5361038524002096,6,0.09166322044573594,Raw,V2_03_difficult:1413394968655760384:1413394968855760384,0.03973,formal_public_module_evidence,0.012569377385348857,0.06824626609856799,0.0695604983185605,0.6078546110569851,1.1748838101369357,6,0,V2_03_difficult,5,OK,True,1500,1413394968655760384,3.3607823951449105e-10,1413394968855760384,282,True,309
0.29403330274038086,0.002018,0.050000000000000044,1.0,466,0.7193594760874213,6.0,,48,1.9708056901427533,0.8212183076575665,2.057313654730944,2.25373465905548,True,0.7321911310581477,0.5361038524002096,6,0.09166322044573594,Global-DoF,V2_03_difficult:1413394968655760384:1413394968855760384,0.03973,formal_public_module_evidence,0.012569377385348857,0.06824626609856799,0.0695604983185605,0.6078546110569851,1.1748838101369357,6,0,V2_03_difficult,5,OK,True,1500,1413394968655760384,3.3607823951449105e-10,1413394968855760384,282,True,309
0.3404122705316586,1.285388,0.050000000000000044,1.0,466,0.7535084010036474,6.0,,48,1.9708056901427533,0.8212183076575665,2.057313654730944,2.2663388960533415,True,0.7321911310581477,0.5361038524002096,6,0.09166322044573594,DPR-Exact-Block,V2_03_difficult:1413394968655760384:1413394968855760384,0.03973,formal_public_module_evidence,0.012569377385348857,0.06824626609856799,0.0695604983185605,0.6078546110569851,1.1748838101369357,6,0,V2_03_difficult,5,OK,True,1500,1413394968655760384,3.3607823951449105e-10,1413394968855760384,282,True,309
0.42811469410218084,0.315987,0.050000000000000044,1.0,466,0.8225774076725587,6.0,,48,1.9708056901427533,0.8212183076575665,2.057313654730944,2.29430103847098,True,0.7321911310581477,0.5361038524002096,6,0.09166322044573594,DUC-K16,V2_03_difficult:1413394968655760384:1413394968855760384,0.03973,formal_public_module_evidence,0.012569377385348857,0.06824626609856799,0.0695604983185605,0.6078546110569851,1.1748838101369357,6,0,V2_03_difficult,5,OK,True,1500,1413394968655760384,3.3607823951449105e-10,1413394968855760384,282,True,309
0.29006556672180317,0.1039,0.050000000000000044,1.0,466,0.7165109025149,6.0,,48,1.9708056901427533,0.8212183076575665,2.057313654730944,2.252729758927592,True,0.7321911310581477,0.5361038524002096,6,0.09166322044573594,Permuted-K16,V2_03_difficult:1413394968655760384:1413394968855760384,0.03973,formal_public_module_evidence,0.012569377385348857,0.06824626609856799,0.0695604983185605,0.6078546110569851,1.1748838101369357,6,0,V2_03_difficult,5,OK,True,1500,1413394968655760384,3.3607823951449105e-10,1413394968855760384,282,True,309
,,,,983,,,INSUFFICIENT_TRACKS,16,,,,,,,,,,Raw,V2_03_difficult:1413394969255760384:1413394969655760384,,formal_public_module_evidence,,,,,,,,V2_03_difficult,,,,1510,1413394969255760384,,1413394969655760384,51,False,296
,,,,983,,,INSUFFICIENT_TRACKS,16,,,,,,,,,,Global-DoF,V2_03_difficult:1413394969255760384:1413394969655760384,,formal_public_module_evidence,,,,,,,,V2_03_difficult,,,,1510,1413394969255760384,,1413394969655760384,51,False,296
,,,,983,,,INSUFFICIENT_TRACKS,16,,,,,,,,,,DPR-Exact-Block,V2_03_difficult:1413394969255760384:1413394969655760384,,formal_public_module_evidence,,,,,,,,V2_03_difficult,,,,1510,1413394969255760384,,1413394969655760384,51,False,296
,,,,983,,,INSUFFICIENT_TRACKS,16,,,,,,,,,,DUC-K16,V2_03_difficult:1413394969255760384:1413394969655760384,,formal_public_module_evidence,,,,,,,,V2_03_difficult,,,,1510,1413394969255760384,,1413394969655760384,51,False,296
,,,,983,,,INSUFFICIENT_TRACKS,16,,,,,,,,,,Permuted-K16,V2_03_difficult:1413394969255760384:1413394969655760384,,formal_public_module_evidence,,,,,,,,V2_03_difficult,,,,1510,1413394969255760384,,1413394969655760384,51,False,296
,,,,983,,,INSUFFICIENT_TRACKS,48,,,,,,,,,,Raw,V2_03_difficult:1413394969255760384:1413394969655760384,,formal_public_module_evidence,,,,,,,,V2_03_difficult,,,,1510,1413394969255760384,,1413394969655760384,51,False,296
,,,,983,,,INSUFFICIENT_TRACKS,48,,,,,,,,,,Global-DoF,V2_03_difficult:1413394969255760384:1413394969655760384,,formal_public_module_evidence,,,,,,,,V2_03_difficult,,,,1510,1413394969255760384,,1413394969655760384,51,False,296
,,,,983,,,INSUFFICIENT_TRACKS,48,,,,,,,,,,DPR-Exact-Block,V2_03_difficult:1413394969255760384:1413394969655760384,,formal_public_module_evidence,,,,,,,,V2_03_difficult,,,,1510,1413394969255760384,,1413394969655760384,51,False,296
,,,,983,,,INSUFFICIENT_TRACKS,48,,,,,,,,,,DUC-K16,V2_03_difficult:1413394969255760384:1413394969655760384,,formal_public_module_evidence,,,,,,,,V2_03_difficult,,,,1510,1413394969255760384,,1413394969655760384,51,False,296
,,,,983,,,INSUFFICIENT_TRACKS,48,,,,,,,,,,Permuted-K16,V2_03_difficult:1413394969255760384:1413394969655760384,,formal_public_module_evidence,,,,,,,,V2_03_difficult,,,,1510,1413394969255760384,,1413394969655760384,51,False,296
,,,,1200,,,INSUFFICIENT_TRACKS,16,,,,,,,,,,Raw,V2_03_difficult:1413394970255760384:1413394970655760384,,formal_public_module_evidence,,,,,,,,V2_03_difficult,,,,1520,1413394970255760384,,1413394970655760384,42,False,300
,,,,1200,,,INSUFFICIENT_TRACKS,16,,,,,,,,,,Global-DoF,V2_03_difficult:1413394970255760384:1413394970655760384,,formal_public_module_evidence,,,,,,,,V2_03_difficult,,,,1520,1413394970255760384,,1413394970655760384,42,False,300
,,,,1200,,,INSUFFICIENT_TRACKS,16,,,,,,,,,,DPR-Exact-Block,V2_03_difficult:1413394970255760384:1413394970655760384,,formal_public_module_evidence,,,,,,,,V2_03_difficult,,,,1520,1413394970255760384,,1413394970655760384,42,False,300
,,,,1200,,,INSUFFICIENT_TRACKS,16,,,,,,,,,,DUC-K16,V2_03_difficult:1413394970255760384:1413394970655760384,,formal_public_module_evidence,,,,,,,,V2_03_difficult,,,,1520,1413394970255760384,,1413394970655760384,42,False,300
,,,,1200,,,INSUFFICIENT_TRACKS,16,,,,,,,,,,Permuted-K16,V2_03_difficult:1413394970255760384:1413394970655760384,,formal_public_module_evidence,,,,,,,,V2_03_difficult,,,,1520,1413394970255760384,,1413394970655760384,42,False,300
,,,,1200,,,INSUFFICIENT_TRACKS,48,,,,,,,,,,Raw,V2_03_difficult:1413394970255760384:1413394970655760384,,formal_public_module_evidence,,,,,,,,V2_03_difficult,,,,1520,1413394970255760384,,1413394970655760384,42,False,300
,,,,1200,,,INSUFFICIENT_TRACKS,48,,,,,,,,,,Global-DoF,V2_03_difficult:1413394970255760384:1413394970655760384,,formal_public_module_evidence,,,,,,,,V2_03_difficult,,,,1520,1413394970255760384,,1413394970655760384,42,False,300
,,,,1200,,,INSUFFICIENT_TRACKS,48,,,,,,,,,,DPR-Exact-Block,V2_03_difficult:1413394970255760384:1413394970655760384,,formal_public_module_evidence,,,,,,,,V2_03_difficult,,,,1520,1413394970255760384,,1413394970655760384,42,False,300
,,,,1200,,,INSUFFICIENT_TRACKS,48,,,,,,,,,,DUC-K16,V2_03_difficult:1413394970255760384:1413394970655760384,,formal_public_module_evidence,,,,,,,,V2_03_difficult,,,,1520,1413394970255760384,,1413394970655760384,42,False,300
,,,,1200,,,INSUFFICIENT_TRACKS,48,,,,,,,,,,Permuted-K16,V2_03_difficult:1413394970255760384:1413394970655760384,,formal_public_module_evidence,,,,,,,,V2_03_difficult,,,,1520,1413394970255760384,,1413394970655760384,42,False,300
1.2277251163719516,0.006294,0.15833333333333333,0.7916666666666666,1200,4.335498671300513,6.0,,16,1.6046071637946542,2.0821860318666325,0.368243367171398,6.718169186890191,True,3.8469509629823553,14.799031711590871,6,0.11520718490791748,Raw,V2_03_difficult:1413394971255760384:1413394971655760384,0.039379,formal_public_module_evidence,0.035301902064082236,0.12357703642107626,0.13244788512096042,0.3353886530376934,1.1567386641184285,1,0,V2_03_difficult,5,OK,True,1530,1413394971255760384,3.127100355408379e-09,1413394971655760384,210,True,494
1.020085751593707,0.00206,0.11666666666666659,0.8333333333333334,1200,5.335998364677555,6.0,,16,1.6046071637946542,2.0821860318666325,0.368243367171398,6.285785648584273,True,3.8469509629823553,14.799031711590871,6,0.11520718490791748,Global-DoF,V2_03_difficult:1413394971255760384:1413394971655760384,0.039379,formal_public_module_evidence,0.035301902064082236,0.12357703642107626,0.13244788512096042,0.3353886530376934,1.1567386641184285,1,0,V2_03_difficult,5,OK,True,1530,1413394971255760384,3.127100355408379e-09,1413394971655760384,210,True,494
0.7091817157049238,0.482752,0.11666666666666659,0.8333333333333334,1200,7.281814226018076,6.0,,16,1.6046071637946542,2.0821860318666325,0.368243367171398,5.855584660768731,True,3.8469509629823553,14.799031711590871,6,0.11520718490791748,DPR-Exact-Block,V2_03_difficult:1413394971255760384:1413394971655760384,0.039379,formal_public_module_evidence,0.035301902064082236,0.12357703642107626,0.13244788512096042,0.3353886530376934,1.1567386641184285,1,0,V2_03_difficult,5,OK,True,1530,1413394971255760384,3.127100355408379e-09,1413394971655760384,210,True,494
0.8315834843270936,0.181122,0.11666666666666659,0.8333333333333334,1200,6.442896908016108,6.0,,16,1.6046071637946542,2.0821860318666325,0.368243367171398,5.997808387043759,True,3.8469509629823553,14.799031711590871,6,0.11520718490791748,DUC-K16,V2_03_difficult:1413394971255760384:1413394971655760384,0.039379,formal_public_module_evidence,0.035301902064082236,0.12357703642107626,0.13244788512096042,0.3353886530376934,1.1567386641184285,1,0,V2_03_difficult,5,OK,True,1530,1413394971255760384,3.127100355408379e-09,1413394971655760384,210,True,494
0.36731231907944234,0.070609,0.033333333333333326,0.9166666666666666,1200,10.249710227098438,6.0,,16,1.6046071637946542,2.0821860318666325,0.368243367171398,5.6089752912958675,True,3.8469509629823553,14.799031711590871,6,0.11520718490791748,Permuted-K16,V2_03_difficult:1413394971255760384:1413394971655760384,0.039379,formal_public_module_evidence,0.035301902064082236,0.12357703642107626,0.13244788512096042,0.3353886530376934,1.1567386641184285,1,0,V2_03_difficult,5,OK,True,1530,1413394971255760384,3.127100355408379e-09,1413394971655760384,210,True,494
2.565594491117845,0.005932,0.07499999999999996,0.875,1200,4.447734211340008,6.0,,48,1.6112804235484002,2.108965199177077,0.36316638565104564,16.33866131032465,True,7.606435351847268,57.85785876183187,6,0.05719533522817799,Raw,V2_03_difficult:1413394971255760384:1413394971655760384,0.039091,formal_public_module_evidence,0.013693419642957172,0.041489249822163225,0.05734948937224258,0.4682851592255477,1.1208159321749334,7,0,V2_03_difficult,6,OK,True,1530,1413394971255760384,1.9294958371141874e-09,1413394971655760384,210,True,494
2.5010559699802744,0.00202,0.07499999999999996,0.875,1200,4.744249825429342,6.0,,48,1.6112804235484002,2.108965199177077,0.36316638565104564,15.590175491249894,True,7.606435351847268,57.85785876183187,6,0.05719533522817799,Global-DoF,V2_03_difficult:1413394971255760384:1413394971655760384,0.039091,formal_public_module_evidence,0.013693419642957172,0.041489249822163225,0.05734948937224258,0.4682851592255477,1.1208159321749334,7,0,V2_03_difficult,6,OK,True,1530,1413394971255760384,1.9294958371141874e-09,1413394971655760384,210,True,494
2.254559231417606,1.281385,0.07499999999999996,0.875,1200,6.070433748238583,6.0,,48,1.6112804235484002,2.108965199177077,0.36316638565104564,13.172398505167186,True,7.606435351847268,57.85785876183187,6,0.05719533522817799,DPR-Exact-Block,V2_03_difficult:1413394971255760384:1413394971655760384,0.039091,formal_public_module_evidence,0.013693419642957172,0.041489249822163225,0.05734948937224258,0.4682851592255477,1.1208159321749334,7,0,V2_03_difficult,6,OK,True,1530,1413394971255760384,1.9294958371141874e-09,1413394971655760384,210,True,494
2.1989397400628303,0.314143,0.07499999999999996,0.875,1200,6.417634241449533,6.0,,48,1.6112804235484002,2.108965199177077,0.36316638565104564,12.712376328117983,True,7.606435351847268,57.85785876183187,6,0.05719533522817799,DUC-K16,V2_03_difficult:1413394971255760384:1413394971655760384,0.039091,formal_public_module_evidence,0.013693419642957172,0.041489249822163225,0.05734948937224258,0.4682851592255477,1.1208159321749334,7,0,V2_03_difficult,6,OK,True,1530,1413394971255760384,1.9294958371141874e-09,1413394971655760384,210,True,494
2.5172115746891635,0.104234,0.07499999999999996,0.875,1200,4.66821941293143,6.0,,48,1.6112804235484002,2.108965199177077,0.36316638565104564,15.77264350667105,True,7.606435351847268,57.85785876183187,6,0.05719533522817799,Permuted-K16,V2_03_difficult:1413394971255760384:1413394971655760384,0.039091,formal_public_module_evidence,0.013693419642957172,0.041489249822163225,0.05734948937224258,0.4682851592255477,1.1208159321749334,7,0,V2_03_difficult,6,OK,True,1530,1413394971255760384,1.9294958371141874e-09,1413394971655760384,210,True,494
,,,,1200,,,INSUFFICIENT_TRACKS,16,,,,,,,,,,Raw,V2_03_difficult:1413394972255760384:1413394972655760384,,formal_public_module_evidence,,,,,,,,V2_03_difficult,,,,1540,1413394972255760384,,1413394972655760384,1,False,211
,,,,1200,,,INSUFFICIENT_TRACKS,16,,,,,,,,,,Global-DoF,V2_03_difficult:1413394972255760384:1413394972655760384,,formal_public_module_evidence,,,,,,,,V2_03_difficult,,,,1540,1413394972255760384,,1413394972655760384,1,False,211
,,,,1200,,,INSUFFICIENT_TRACKS,16,,,,,,,,,,DPR-Exact-Block,V2_03_difficult:1413394972255760384:1413394972655760384,,formal_public_module_evidence,,,,,,,,V2_03_difficult,,,,1540,1413394972255760384,,1413394972655760384,1,False,211
,,,,1200,,,INSUFFICIENT_TRACKS,16,,,,,,,,,,DUC-K16,V2_03_difficult:1413394972255760384:1413394972655760384,,formal_public_module_evidence,,,,,,,,V2_03_difficult,,,,1540,1413394972255760384,,1413394972655760384,1,False,211
,,,,1200,,,INSUFFICIENT_TRACKS,16,,,,,,,,,,Permuted-K16,V2_03_difficult:1413394972255760384:1413394972655760384,,formal_public_module_evidence,,,,,,,,V2_03_difficult,,,,1540,1413394972255760384,,1413394972655760384,1,False,211
,,,,1200,,,INSUFFICIENT_TRACKS,48,,,,,,,,,,Raw,V2_03_difficult:1413394972255760384:1413394972655760384,,formal_public_module_evidence,,,,,,,,V2_03_difficult,,,,1540,1413394972255760384,,1413394972655760384,1,False,211
,,,,1200,,,INSUFFICIENT_TRACKS,48,,,,,,,,,,Global-DoF,V2_03_difficult:1413394972255760384:1413394972655760384,,formal_public_module_evidence,,,,,,,,V2_03_difficult,,,,1540,1413394972255760384,,1413394972655760384,1,False,211
,,,,1200,,,INSUFFICIENT_TRACKS,48,,,,,,,,,,DPR-Exact-Block,V2_03_difficult:1413394972255760384:1413394972655760384,,formal_public_module_evidence,,,,,,,,V2_03_difficult,,,,1540,1413394972255760384,,1413394972655760384,1,False,211
,,,,1200,,,INSUFFICIENT_TRACKS,48,,,,,,,,,,DUC-K16,V2_03_difficult:1413394972255760384:1413394972655760384,,formal_public_module_evidence,,,,,,,,V2_03_difficult,,,,1540,1413394972255760384,,1413394972655760384,1,False,211
,,,,1200,,,INSUFFICIENT_TRACKS,48,,,,,,,,,,Permuted-K16,V2_03_difficult:1413394972255760384:1413394972655760384,,formal_public_module_evidence,,,,,,,,V2_03_difficult,,,,1540,1413394972255760384,,1413394972655760384,1,False,211
,,,,256,,,INSUFFICIENT_TRACKS,16,,,,,,,,,,Raw,V2_03_difficult:1413394973105760512:1413394973305760512,,formal_public_module_evidence,,,,,,,,V2_03_difficult,,,,1550,1413394973105760512,,1413394973305760512,51,False,170
,,,,256,,,INSUFFICIENT_TRACKS,16,,,,,,,,,,Global-DoF,V2_03_difficult:1413394973105760512:1413394973305760512,,formal_public_module_evidence,,,,,,,,V2_03_difficult,,,,1550,1413394973105760512,,1413394973305760512,51,False,170
,,,,256,,,INSUFFICIENT_TRACKS,16,,,,,,,,,,DPR-Exact-Block,V2_03_difficult:1413394973105760512:1413394973305760512,,formal_public_module_evidence,,,,,,,,V2_03_difficult,,,,1550,1413394973105760512,,1413394973305760512,51,False,170
,,,,256,,,INSUFFICIENT_TRACKS,16,,,,,,,,,,DUC-K16,V2_03_difficult:1413394973105760512:1413394973305760512,,formal_public_module_evidence,,,,,,,,V2_03_difficult,,,,1550,1413394973105760512,,1413394973305760512,51,False,170
,,,,256,,,INSUFFICIENT_TRACKS,16,,,,,,,,,,Permuted-K16,V2_03_difficult:1413394973105760512:1413394973305760512,,formal_public_module_evidence,,,,,,,,V2_03_difficult,,,,1550,1413394973105760512,,1413394973305760512,51,False,170
,,,,256,,,INSUFFICIENT_TRACKS,48,,,,,,,,,,Raw,V2_03_difficult:1413394973105760512:1413394973305760512,,formal_public_module_evidence,,,,,,,,V2_03_difficult,,,,1550,1413394973105760512,,1413394973305760512,51,False,170
,,,,256,,,INSUFFICIENT_TRACKS,48,,,,,,,,,,Global-DoF,V2_03_difficult:1413394973105760512:1413394973305760512,,formal_public_module_evidence,,,,,,,,V2_03_difficult,,,,1550,1413394973105760512,,1413394973305760512,51,False,170
,,,,256,,,INSUFFICIENT_TRACKS,48,,,,,,,,,,DPR-Exact-Block,V2_03_difficult:1413394973105760512:1413394973305760512,,formal_public_module_evidence,,,,,,,,V2_03_difficult,,,,1550,1413394973105760512,,1413394973305760512,51,False,170
,,,,256,,,INSUFFICIENT_TRACKS,48,,,,,,,,,,DUC-K16,V2_03_difficult:1413394973105760512:1413394973305760512,,formal_public_module_evidence,,,,,,,,V2_03_difficult,,,,1550,1413394973105760512,,1413394973305760512,51,False,170
,,,,256,,,INSUFFICIENT_TRACKS,48,,,,,,,,,,Permuted-K16,V2_03_difficult:1413394973105760512:1413394973305760512,,formal_public_module_evidence,,,,,,,,V2_03_difficult,,,,1550,1413394973105760512,,1413394973305760512,51,False,170
0.522942260550074,0.005895,0.15833333333333333,0.7916666666666666,218,0.4381569909470881,5.999999999999997,,16,1.5188359617595202,0.6619342799304838,2.1370103633479878,2.6996829614165505,True,0.8597463520387072,0.7391637898438647,6,0.10223712407793739,Raw,V2_03_difficult:1413394973605760512:1413394973805760512,0.039461,formal_public_module_evidence,0.014980186807331708,0.06460491474574231,0.07857717034244661,0.23311227745635785,0.7181507107539828,0,0,V2_03_difficult,4,OK,True,1560,1413394973605760512,4.494245384579321e-09,1413394973805760512,103,True,159
0.3153028957718296,0.002009,0.11666666666666659,0.8333333333333334,218,0.5392701427041083,5.999999999999997,,16,1.5188359617595202,0.6619342799304838,2.1370103633479878,2.5910128447549314,True,0.8597463520387072,0.7391637898438647,6,0.10223712407793739,Global-DoF,V2_03_difficult:1413394973605760512:1413394973805760512,0.039461,formal_public_module_evidence,0.014980186807331708,0.06460491474574231,0.07857717034244661,0.23311227745635785,0.7181507107539828,0,0,V2_03_difficult,4,OK,True,1560,1413394973605760512,4.494245384579321e-09,1413394973805760512,103,True,159
0.09294386613676105,0.493051,0.07499999999999996,0.875,218,0.6735590493703766,5.999999999999997,,16,1.5188359617595202,0.6619342799304838,2.1370103633479878,2.5400975870474043,True,0.8597463520387072,0.7391637898438647,6,0.10223712407793739,DPR-Exact-Block,V2_03_difficult:1413394973605760512:1413394973805760512,0.039461,formal_public_module_evidence,0.014980186807331708,0.06460491474574231,0.07857717034244661,0.23311227745635785,0.7181507107539828,0,0,V2_03_difficult,4,OK,True,1560,1413394973605760512,4.494245384579321e-09,1413394973805760512,103,True,159
0.2007931696793977,0.179036,0.11666666666666659,0.8333333333333334,218,0.6046963092660799,5.999999999999997,,16,1.5188359617595202,0.6619342799304838,2.1370103633479878,2.5572200733738097,True,0.8597463520387072,0.7391637898438647,6,0.10223712407793739,DUC-K16,V2_03_difficult:1413394973605760512:1413394973805760512,0.039461,formal_public_module_evidence,0.014980186807331708,0.06460491474574231,0.07857717034244661,0.23311227745635785,0.7181507107539828,0,0,V2_03_difficult,4,OK,True,1560,1413394973605760512,4.494245384579321e-09,1413394973805760512,103,True,159
0.3197856199880141,0.069314,0.11666666666666659,0.8333333333333334,218,0.5368581535564626,5.999999999999997,,16,1.5188359617595202,0.6619342799304838,2.1370103633479878,2.592688268278637,True,0.8597463520387072,0.7391637898438647,6,0.10223712407793739,Permuted-K16,V2_03_difficult:1413394973605760512:1413394973805760512,0.039461,formal_public_module_evidence,0.014980186807331708,0.06460491474574231,0.07857717034244661,0.23311227745635785,0.7181507107539828,0,0,V2_03_difficult,4,OK,True,1560,1413394973605760512,4.494245384579321e-09,1413394973805760512,103,True,159
0.08720631194606765,0.006131,0.008333333333333415,0.9583333333333334,218,1.9997095130251559,6.000000000000001,,48,1.0225768403619424,1.4141108559887219,2.1635577327541893,3.4473669866383125,True,1.353776111321894,1.832709759585829,6,0.08377634133656642,Raw,V2_03_difficult:1413394973605760512:1413394973805760512,0.038949,formal_public_module_evidence,0.01424580188095198,0.04389126242916327,0.06216569445098291,0.6452610477371584,1.7968212767574827,9,0,V2_03_difficult,5,OK,True,1560,1413394973605760512,1.3885150555018485e-09,1413394973805760512,103,True,159
0.1517448330836388,0.002104,0.008333333333333415,0.9583333333333334,218,2.1330234805601664,6.000000000000001,,48,1.0225768403619424,1.4141108559887219,2.1635577327541893,3.4546250081693017,True,1.353776111321894,1.832709759585829,6,0.08377634133656642,Global-DoF,V2_03_difficult:1413394973605760512:1413394973805760512,0.038949,formal_public_module_evidence,0.01424580188095198,0.04389126242916327,0.06216569445098291,0.6452610477371584,1.7968212767574827,9,0,V2_03_difficult,5,OK,True,1560,1413394973605760512,1.3885150555018485e-09,1413394973805760512,103,True,159
0.5647353031354421,1.291487,0.008333333333333415,0.9583333333333334,218,3.2237037056693167,6.000000000000001,,48,1.0225768403619424,1.4141108559887219,2.1635577327541893,3.5769185939413846,True,1.353776111321894,1.832709759585829,6,0.08377634133656642,DPR-Exact-Block,V2_03_difficult:1413394973605760512:1413394973805760512,0.038949,formal_public_module_evidence,0.01424580188095198,0.04389126242916327,0.06216569445098291,0.6452610477371584,1.7968212767574827,9,0,V2_03_difficult,5,OK,True,1560,1413394973605760512,1.3885150555018485e-09,1413394973805760512,103,True,159
0.6451868576842262,0.311968,0.008333333333333415,0.9583333333333334,218,3.4937738076834233,6.000000000000001,,48,1.0225768403619424,1.4141108559887219,2.1635577327541893,3.6134240527090795,True,1.353776111321894,1.832709759585829,6,0.08377634133656642,DUC-K16,V2_03_difficult:1413394973605760512:1413394973805760512,0.038949,formal_public_module_evidence,0.01424580188095198,0.04389126242916327,0.06216569445098291,0.6452610477371584,1.7968212767574827,9,0,V2_03_difficult,5,OK,True,1560,1413394973605760512,1.3885150555018485e-09,1413394973805760512,103,True,159
0.18810932023841814,0.103334,0.008333333333333415,0.9583333333333334,218,2.212017366825089,6.000000000000001,,48,1.0225768403619424,1.4141108559887219,2.1635577327541893,3.460306129051863,True,1.353776111321894,1.832709759585829,6,0.08377634133656642,Permuted-K16,V2_03_difficult:1413394973605760512:1413394973805760512,0.038949,formal_public_module_evidence,0.01424580188095198,0.04389126242916327,0.06216569445098291,0.6452610477371584,1.7968212767574827,9,0,V2_03_difficult,5,OK,True,1560,1413394973605760512,1.3885150555018485e-09,1413394973805760512,103,True,159
3.4187746014366263,0.006075,0.15833333333333333,0.7916666666666666,214,0.4581142091660501,6.0,,16,1.8816473183586537,0.6768413471161836,1.0441377554197129,31.58921855141652,True,3.7399375754720303,13.987133068427609,6,0.013835244144528636,Raw,V2_03_difficult:1413394974105760512:1413394974305760512,0.03806,formal_public_module_evidence,0.026848887024431167,0.08600296024511392,0.1043052533742861,0.19934125939627062,0.8269832634329772,1,0,V2_03_difficult,4,OK,True,1570,1413394974105760512,2.8109395784280826e-09,1413394974305760512,154,True,186
3.211135236658382,0.002045,0.07499999999999996,0.875,214,0.563832872819754,6.0,,16,1.8816473183586537,0.6768413471161836,1.0441377554197129,26.072111995075385,True,3.7399375754720303,13.987133068427609,6,0.013835244144528636,Global-DoF,V2_03_difficult:1413394974105760512:1413394974305760512,0.03806,formal_public_module_evidence,0.026848887024431167,0.08600296024511392,0.1043052533742861,0.19934125939627062,0.8269832634329772,1,0,V2_03_difficult,4,OK,True,1570,1413394974105760512,2.8109395784280826e-09,1413394974305760512,154,True,186
3.2087060687342484,0.461309,0.07499999999999996,0.875,214,0.565204182445333,6.0,,16,1.8816473183586537,0.6768413471161836,1.0441377554197129,26.014353362683064,True,3.7399375754720303,13.987133068427609,6,0.013835244144528636,DPR-Exact-Block,V2_03_difficult:1413394974105760512:1413394974305760512,0.03806,formal_public_module_evidence,0.026848887024431167,0.08600296024511392,0.1043052533742861,0.19934125939627062,0.8269832634329772,1,0,V2_03_difficult,4,OK,True,1570,1413394974105760512,2.8109395784280826e-09,1413394974305760512,154,True,186
3.194965657886538,0.176887,0.07499999999999996,0.875,214,0.5730239203009729,6.0,,16,1.8816473183586537,0.6768413471161836,1.0441377554197129,25.690384658731404,True,3.7399375754720303,13.987133068427609,6,0.013835244144528636,DUC-K16,V2_03_difficult:1413394974105760512:1413394974305760512,0.03806,formal_public_module_evidence,0.026848887024431167,0.08600296024511392,0.1043052533742861,0.19934125939627062,0.8269832634329772,1,0,V2_03_difficult,4,OK,True,1570,1413394974105760512,2.8109395784280826e-09,1413394974305760512,154,True,186
3.1686486006492665,0.070767,0.033333333333333326,0.9166666666666666,214,0.5883044104641159,6.0,,16,1.8816473183586537,0.6768413471161836,1.0441377554197129,25.082698973539703,True,3.7399375754720303,13.987133068427609,6,0.013835244144528636,Permuted-K16,V2_03_difficult:1413394974105760512:1413394974305760512,0.03806,formal_public_module_evidence,0.026848887024431167,0.08600296024511392,0.1043052533742861,0.19934125939627062,0.8269832634329772,1,0,V2_03_difficult,4,OK,True,1570,1413394974105760512,2.8109395784280826e-09,1413394974305760512,154,True,186
0.4348932481162225,0.005879,0.008333333333333415,0.9583333333333334,214,4.7097001396203275,6.0,,48,1.0044954235281132,2.170184356136669,1.0420008770931184,4.932299447824147,True,2.697320154490163,7.275536015818836,6,0.11252179136093088,Raw,V2_03_difficult:1413394974105760512:1413394974305760512,0.038292,formal_public_module_evidence,0.012277384436745309,0.03758309272790267,0.0610411959867214,0.5530282344440876,1.0262714645435753,5,0,V2_03_difficult,5,OK,True,1570,1413394974105760512,1.032792006649088e-08,1413394974305760512,154,True,186
0.3703547269786513,0.001945,0.008333333333333415,0.9583333333333334,214,5.023680148928349,6.0,,48,1.0044954235281132,2.170184356136669,1.0420008770931184,4.900288085209387,True,2.697320154490163,7.275536015818836,6,0.11252179136093088,Global-DoF,V2_03_difficult:1413394974105760512:1413394974305760512,0.038292,formal_public_module_evidence,0.012277384436745309,0.03758309272790267,0.0610411959867214,0.5530282344440876,1.0262714645435753,5,0,V2_03_difficult,5,OK,True,1570,1413394974105760512,1.032792006649088e-08,1413394974305760512,154,True,186
0.14154393103147486,1.283087,0.008333333333333415,0.9583333333333334,214,6.31528925042085,6.0,,48,1.0044954235281132,2.170184356136669,1.0420008770931184,4.832901738814487,True,2.697320154490163,7.275536015818836,6,0.11252179136093088,DPR-Exact-Block,V2_03_difficult:1413394974105760512:1413394974305760512,0.038292,formal_public_module_evidence,0.012277384436745309,0.03758309272790267,0.0610411959867214,0.5530282344440876,1.0262714645435753,5,0,V2_03_difficult,5,OK,True,1570,1413394974105760512,1.032792006649088e-08,1413394974305760512,154,True,186
0.03491460842489126,0.31297,0.008333333333333415,0.9583333333333334,214,7.025896909840635,6.0,,48,1.0044954235281132,2.170184356136669,1.0420008770931184,4.823011226855283,True,2.697320154490163,7.275536015818836,6,0.11252179136093088,DUC-K16,V2_03_difficult:1413394974105760512:1413394974305760512,0.038292,formal_public_module_evidence,0.012277384436745309,0.03758309272790267,0.0610411959867214,0.5530282344440876,1.0262714645435753,5,0,V2_03_difficult,5,OK,True,1570,1413394974105760512,1.032792006649088e-08,1413394974305760512,154,True,186
0.3744037307135123,0.111091,0.008333333333333415,0.9583333333333334,214,5.003380373908625,6.0,,48,1.0044954235281132,2.170184356136669,1.0420008770931184,4.902114931715416,True,2.697320154490163,7.275536015818836,6,0.11252179136093088,Permuted-K16,V2_03_difficult:1413394974105760512:1413394974305760512,0.038292,formal_public_module_evidence,0.012277384436745309,0.03758309272790267,0.0610411959867214,0.5530282344440876,1.0262714645435753,5,0,V2_03_difficult,5,OK,True,1570,1413394974105760512,1.032792006649088e-08,1413394974305760512,154,True,186
1.4707919869119022,0.006367,0.44999999999999996,0.5,248,0.20566522551259458,5.999999999999999,,16,1.8567665272334424,0.4535032805973895,1.7464166842199906,4.609052558153464,True,0.9461475192805182,0.8951951282406786,6,0.05098235782514582,Raw,V2_03_difficult:1413394974605760512:1413394974805760512,0.0377,formal_public_module_evidence,0.018824266512274923,0.054619232302840576,0.07996096592826343,0.19399889209356513,0.7670859633750522,0,0,V2_03_difficult,4,OK,True,1580,1413394974605760512,3.6682281611480445e-10,1413394974805760512,147,True,199
1.2631526221336575,0.002083,0.3666666666666666,0.5833333333333334,248,0.2531264314001164,5.999999999999999,,16,1.8567665272334424,0.4535032805973895,1.7464166842199906,4.000564227416899,True,0.9461475192805182,0.8951951282406786,6,0.05098235782514582,Global-DoF,V2_03_difficult:1413394974605760512:1413394974805760512,0.0377,formal_public_module_evidence,0.018824266512274923,0.054619232302840576,0.07996096592826343,0.19399889209356513,0.7670859633750522,0,0,V2_03_difficult,4,OK,True,1580,1413394974605760512,3.6682281611480445e-10,1413394974805760512,147,True,199
1.2772008958070469,0.445312,0.3666666666666666,0.5833333333333334,248,0.2495953032187029,5.999999999999999,,16,1.8567665272334424,0.4535032805973895,1.7464166842199906,4.0365490394163475,True,0.9461475192805182,0.8951951282406786,6,0.05098235782514582,DPR-Exact-Block,V2_03_difficult:1413394974605760512:1413394974805760512,0.0377,formal_public_module_evidence,0.018824266512274923,0.054619232302840576,0.07996096592826343,0.19399889209356513,0.7670859633750522,0,0,V2_03_difficult,4,OK,True,1580,1413394974605760512,3.6682281611480445e-10,1413394974805760512,147,True,199
1.2274755901376635,0.177245,0.2833333333333333,0.6666666666666666,248,0.26232026027887456,5.999999999999999,,16,1.8567665272334424,0.4535032805973895,1.7464166842199906,3.9122917548627183,True,0.9461475192805182,0.8951951282406786,6,0.05098235782514582,DUC-K16,V2_03_difficult:1413394974605760512:1413394974805760512,0.0377,formal_public_module_evidence,0.018824266512274923,0.054619232302840576,0.07996096592826343,0.19399889209356513,0.7670859633750522,0,0,V2_03_difficult,4,OK,True,1580,1413394974605760512,3.6682281611480445e-10,1413394974805760512,147,True,199
1.1948858291473514,0.074717,0.2833333333333333,0.6666666666666666,248,0.2710100447646925,5.999999999999999,,16,1.8567665272334424,0.4535032805973895,1.7464166842199906,3.8354582951966996,True,0.9461475192805182,0.8951951282406786,6,0.05098235782514582,Permuted-K16,V2_03_difficult:1413394974605760512:1413394974805760512,0.0377,formal_public_module_evidence,0.018824266512274923,0.054619232302840576,0.07996096592826343,0.19399889209356513,0.7670859633750522,0,0,V2_03_difficult,4,OK,True,1580,1413394974605760512,3.6682281611480445e-10,1413394974805760512,147,True,199
0.4428296718439004,0.006844,0.008333333333333415,0.9583333333333334,248,1.0398132486305036,6.000000000000002,,48,1.6983032130552225,1.0197123362157112,1.7388564808637799,2.5191347801529655,True,0.8171813225508608,0.6677853139259741,6,0.003634424855191387,Raw,V2_03_difficult:1413394974605760512:1413394974805760512,0.039581,formal_public_module_evidence,0.015241921862874264,0.03884154639392882,0.062325096402744085,0.46118761645076967,1.2698459485906006,3,0,V2_03_difficult,4,OK,True,1580,1413394974605760512,9.750433251148296e-10,1413394974805760512,147,True,199
0.5073681929814716,0.002258,0.008333333333333415,0.9583333333333334,248,1.1091341318725372,6.000000000000002,,48,1.6983032130552225,1.0197123362157112,1.7388564808637799,2.5435347647068345,True,0.8171813225508608,0.6677853139259741,6,0.003634424855191387,Global-DoF,V2_03_difficult:1413394974605760512:1413394974805760512,0.039581,formal_public_module_evidence,0.015241921862874264,0.03884154639392882,0.062325096402744085,0.46118761645076967,1.2698459485906006,3,0,V2_03_difficult,4,OK,True,1580,1413394974605760512,9.750433251148296e-10,1413394974805760512,147,True,199
0.5437993192190613,1.238485,0.008333333333333415,0.9583333333333334,248,1.1502861940208904,6.000000000000002,,48,1.6983032130552225,1.0197123362157112,1.7388564808637799,2.558426248541226,True,0.8171813225508608,0.6677853139259741,6,0.003634424855191387,DPR-Exact-Block,V2_03_difficult:1413394974605760512:1413394974805760512,0.039581,formal_public_module_evidence,0.015241921862874264,0.03884154639392882,0.062325096402744085,0.46118761645076967,1.2698459485906006,3,0,V2_03_difficult,4,OK,True,1580,1413394974605760512,9.750433251148296e-10,1413394974805760512,147,True,199
0.5401582737956829,0.315046,0.008333333333333415,0.9583333333333334,248,1.1461055652867573,6.000000000000002,,48,1.6983032130552225,1.0197123362157112,1.7388564808637799,2.556902822660387,True,0.8171813225508608,0.6677853139259741,6,0.003634424855191387,DUC-K16,V2_03_difficult:1413394974605760512:1413394974805760512,0.039581,formal_public_module_evidence,0.015241921862874264,0.03884154639392882,0.062325096402744085,0.46118761645076967,1.2698459485906006,3,0,V2_03_difficult,4,OK,True,1580,1413394974605760512,9.750433251148296e-10,1413394974805760512,147,True,199
0.5188717935598984,0.104827,0.008333333333333415,0.9583333333333334,248,1.1219668375584022,6.000000000000002,,48,1.6983032130552225,1.0197123362157112,1.7388564808637799,2.5481519849209247,True,0.8171813225508608,0.6677853139259741,6,0.003634424855191387,Permuted-K16,V2_03_difficult:1413394974605760512:1413394974805760512,0.039581,formal_public_module_evidence,0.015241921862874264,0.03884154639392882,0.062325096402744085,0.46118761645076967,1.2698459485906006,3,0,V2_03_difficult,4,OK,True,1580,1413394974605760512,9.750433251148296e-10,1413394974805760512,147,True,199
0.6695008567186503,0.005851,0.033333333333333326,0.9166666666666666,331,0.8168304703435957,6.0,,16,1.2875103373335255,0.9037867394156631,1.3782491549227192,3.5888154777260906,True,1.263124703212364,1.595484015865323,6,0.19319384801542694,Raw,V2_03_difficult:1413394975105760512:1413394975305760512,0.037653,formal_public_module_evidence,0.00980769521483893,0.04519507253882771,0.060059856028058425,0.12747174958924393,0.5336814028863194,0,0,V2_03_difficult,4,OK,True,1590,1413394975105760512,1.3435636077316152e-08,1413394975305760512,194,True,260
0.4618614919404058,0.002088,0.033333333333333326,0.9166666666666666,331,1.0053298096536563,6.0,,16,1.2875103373335255,0.9037867394156631,1.3782491549227192,3.43021819507747,True,1.263124703212364,1.595484015865323,6,0.19319384801542694,Global-DoF,V2_03_difficult:1413394975105760512:1413394975305760512,0.037653,formal_public_module_evidence,0.00980769521483893,0.04519507253882771,0.060059856028058425,0.12747174958924393,0.5336814028863194,0,0,V2_03_difficult,4,OK,True,1590,1413394975105760512,1.3435636077316152e-08,1413394975305760512,194,True,260
0.41781165470519765,0.459798,0.033333333333333326,0.9166666666666666,331,1.0506042698388378,6.0,,16,1.2875103373335255,0.9037867394156631,1.3782491549227192,3.405877179909,True,1.263124703212364,1.595484015865323,6,0.19319384801542694,DPR-Exact-Block,V2_03_difficult:1413394975105760512:1413394975305760512,0.037653,formal_public_module_evidence,0.00980769521483893,0.04519507253882771,0.060059856028058425,0.12747174958924393,0.5336814028863194,0,0,V2_03_difficult,4,OK,True,1590,1413394975105760512,1.3435636077316152e-08,1413394975305760512,194,True,260
0.2411780369304427,0.17801,0.033333333333333326,0.9166666666666666,331,1.2535745514704408,6.0,,16,1.2875103373335255,0.9037867394156631,1.3782491549227192,3.33662378912047,True,1.263124703212364,1.595484015865323,6,0.19319384801542694,DUC-K16,V2_03_difficult:1413394975105760512:1413394975305760512,0.037653,formal_public_module_evidence,0.00980769521483893,0.04519507253882771,0.060059856028058425,0.12747174958924393,0.5336814028863194,0,0,V2_03_difficult,4,OK,True,1590,1413394975105760512,1.3435636077316152e-08,1413394975305760512,194,True,260
0.5424497023698684,0.070422,0.033333333333333326,0.9166666666666666,331,0.9274906606378277,6.0,,16,1.2875103373335255,0.9037867394156631,1.3782491549227192,3.482820233848169,True,1.263124703212364,1.595484015865323,6,0.19319384801542694,Permuted-K16,V2_03_difficult:1413394975105760512:1413394975305760512,0.037653,formal_public_module_evidence,0.00980769521483893,0.04519507253882771,0.060059856028058425,0.12747174958924393,0.5336814028863194,0,0,V2_03_difficult,4,OK,True,1590,1413394975105760512,1.3435636077316152e-08,1413394975305760512,194,True,260
0.010791851868030014,0.00596,0.07499999999999996,0.875,331,1.982570691114627,5.999999999999999,,48,0.5567451651296121,1.408037886959945,1.390826101934863,3.533121691806411,True,1.4156560902563344,2.004082165879851,6,0.023949443645859048,Raw,V2_03_difficult:1413394975105760512:1413394975305760512,0.038956,formal_public_module_evidence,0.012890603133669076,0.03469665235022353,0.0539367768199998,0.5084781978536996,1.192179699528357,4,0,V2_03_difficult,5,OK,True,1590,1413394975105760512,6.894205915020884e-09,1413394975305760512,194,True,260
0.05374666926954125,0.001938,0.07499999999999996,0.875,331,2.114742070522269,5.999999999999999,,48,0.5567451651296121,1.408037886959945,1.390826101934863,3.5344820695724235,True,1.4156560902563344,2.004082165879851,6,0.023949443645859048,Global-DoF,V2_03_difficult:1413394975105760512:1413394975305760512,0.038956,formal_public_module_evidence,0.012890603133669076,0.03469665235022353,0.0539367768199998,0.5084781978536996,1.192179699528357,4,0,V2_03_difficult,5,OK,True,1590,1413394975105760512,6.894205915020884e-09,1413394975305760512,194,True,260
0.2660089688080858,1.288872,0.008333333333333415,0.9583333333333334,331,2.6148197140237,5.999999999999999,,48,0.5567451651296121,1.408037886959945,1.390826101934863,3.5655044720239846,True,1.4156560902563344,2.004082165879851,6,0.023949443645859048,DPR-Exact-Block,V2_03_difficult:1413394975105760512:1413394975305760512,0.038956,formal_public_module_evidence,0.012890603133669076,0.03469665235022353,0.0539367768199998,0.5084781978536996,1.192179699528357,4,0,V2_03_difficult,5,OK,True,1590,1413394975105760512,6.894205915020884e-09,1413394975305760512,194,True,260
0.24176807444066845,0.320019,0.008333333333333415,0.9583333333333334,331,2.552196236638608,5.999999999999999,,48,0.5567451651296121,1.408037886959945,1.390826101934863,3.5600695974305894,True,1.4156560902563344,2.004082165879851,6,0.023949443645859048,DUC-K16,V2_03_difficult:1413394975105760512:1413394975305760512,0.038956,formal_public_module_evidence,0.012890603133669076,0.03469665235022353,0.0539367768199998,0.5084781978536996,1.192179699528357,4,0,V2_03_difficult,5,OK,True,1590,1413394975105760512,6.894205915020884e-09,1413394975305760512,194,True,260
0.058353975006563634,0.105988,0.07499999999999996,0.875,331,2.1245078134027127,5.999999999999999,,48,0.5567451651296121,1.408037886959945,1.390826101934863,3.5347332027884164,True,1.4156560902563344,2.004082165879851,6,0.023949443645859048,Permuted-K16,V2_03_difficult:1413394975105760512:1413394975305760512,0.038956,formal_public_module_evidence,0.012890603133669076,0.03469665235022353,0.0539367768199998,0.5084781978536996,1.192179699528357,4,0,V2_03_difficult,5,OK,True,1590,1413394975105760512,6.894205915020884e-09,1413394975305760512,194,True,260
,,,,508,,,INSUFFICIENT_TRACKS,16,,,,,,,,,,Raw,V2_03_difficult:1413394975605760512:1413394975855760384,,formal_public_module_evidence,,,,,,,,V2_03_difficult,,,,1600,1413394975605760512,,1413394975855760384,65,False,221
,,,,508,,,INSUFFICIENT_TRACKS,16,,,,,,,,,,Global-DoF,V2_03_difficult:1413394975605760512:1413394975855760384,,formal_public_module_evidence,,,,,,,,V2_03_difficult,,,,1600,1413394975605760512,,1413394975855760384,65,False,221
,,,,508,,,INSUFFICIENT_TRACKS,16,,,,,,,,,,DPR-Exact-Block,V2_03_difficult:1413394975605760512:1413394975855760384,,formal_public_module_evidence,,,,,,,,V2_03_difficult,,,,1600,1413394975605760512,,1413394975855760384,65,False,221
,,,,508,,,INSUFFICIENT_TRACKS,16,,,,,,,,,,DUC-K16,V2_03_difficult:1413394975605760512:1413394975855760384,,formal_public_module_evidence,,,,,,,,V2_03_difficult,,,,1600,1413394975605760512,,1413394975855760384,65,False,221
,,,,508,,,INSUFFICIENT_TRACKS,16,,,,,,,,,,Permuted-K16,V2_03_difficult:1413394975605760512:1413394975855760384,,formal_public_module_evidence,,,,,,,,V2_03_difficult,,,,1600,1413394975605760512,,1413394975855760384,65,False,221
,,,,508,,,INSUFFICIENT_TRACKS,48,,,,,,,,,,Raw,V2_03_difficult:1413394975605760512:1413394975855760384,,formal_public_module_evidence,,,,,,,,V2_03_difficult,,,,1600,1413394975605760512,,1413394975855760384,65,False,221
,,,,508,,,INSUFFICIENT_TRACKS,48,,,,,,,,,,Global-DoF,V2_03_difficult:1413394975605760512:1413394975855760384,,formal_public_module_evidence,,,,,,,,V2_03_difficult,,,,1600,1413394975605760512,,1413394975855760384,65,False,221
,,,,508,,,INSUFFICIENT_TRACKS,48,,,,,,,,,,DPR-Exact-Block,V2_03_difficult:1413394975605760512:1413394975855760384,,formal_public_module_evidence,,,,,,,,V2_03_difficult,,,,1600,1413394975605760512,,1413394975855760384,65,False,221
,,,,508,,,INSUFFICIENT_TRACKS,48,,,,,,,,,,DUC-K16,V2_03_difficult:1413394975605760512:1413394975855760384,,formal_public_module_evidence,,,,,,,,V2_03_difficult,,,,1600,1413394975605760512,,1413394975855760384,65,False,221
,,,,508,,,INSUFFICIENT_TRACKS,48,,,,,,,,,,Permuted-K16,V2_03_difficult:1413394975605760512:1413394975855760384,,formal_public_module_evidence,,,,,,,,V2_03_difficult,,,,1600,1413394975605760512,,1413394975855760384,65,False,221
,,,,378,,,INSUFFICIENT_TRACKS,16,,,,,,,,,,Raw,V2_03_difficult:1413394976455760384:1413394976755760384,,formal_public_module_evidence,,,,,,,,V2_03_difficult,,,,1610,1413394976455760384,,1413394976755760384,28,False,140
,,,,378,,,INSUFFICIENT_TRACKS,16,,,,,,,,,,Global-DoF,V2_03_difficult:1413394976455760384:1413394976755760384,,formal_public_module_evidence,,,,,,,,V2_03_difficult,,,,1610,1413394976455760384,,1413394976755760384,28,False,140
,,,,378,,,INSUFFICIENT_TRACKS,16,,,,,,,,,,DPR-Exact-Block,V2_03_difficult:1413394976455760384:1413394976755760384,,formal_public_module_evidence,,,,,,,,V2_03_difficult,,,,1610,1413394976455760384,,1413394976755760384,28,False,140
,,,,378,,,INSUFFICIENT_TRACKS,16,,,,,,,,,,DUC-K16,V2_03_difficult:1413394976455760384:1413394976755760384,,formal_public_module_evidence,,,,,,,,V2_03_difficult,,,,1610,1413394976455760384,,1413394976755760384,28,False,140
,,,,378,,,INSUFFICIENT_TRACKS,16,,,,,,,,,,Permuted-K16,V2_03_difficult:1413394976455760384:1413394976755760384,,formal_public_module_evidence,,,,,,,,V2_03_difficult,,,,1610,1413394976455760384,,1413394976755760384,28,False,140
,,,,378,,,INSUFFICIENT_TRACKS,48,,,,,,,,,,Raw,V2_03_difficult:1413394976455760384:1413394976755760384,,formal_public_module_evidence,,,,,,,,V2_03_difficult,,,,1610,1413394976455760384,,1413394976755760384,28,False,140
,,,,378,,,INSUFFICIENT_TRACKS,48,,,,,,,,,,Global-DoF,V2_03_difficult:1413394976455760384:1413394976755760384,,formal_public_module_evidence,,,,,,,,V2_03_difficult,,,,1610,1413394976455760384,,1413394976755760384,28,False,140
,,,,378,,,INSUFFICIENT_TRACKS,48,,,,,,,,,,DPR-Exact-Block,V2_03_difficult:1413394976455760384:1413394976755760384,,formal_public_module_evidence,,,,,,,,V2_03_difficult,,,,1610,1413394976455760384,,1413394976755760384,28,False,140
,,,,378,,,INSUFFICIENT_TRACKS,48,,,,,,,,,,DUC-K16,V2_03_difficult:1413394976455760384:1413394976755760384,,formal_public_module_evidence,,,,,,,,V2_03_difficult,,,,1610,1413394976455760384,,1413394976755760384,28,False,140
,,,,378,,,INSUFFICIENT_TRACKS,48,,,,,,,,,,Permuted-K16,V2_03_difficult:1413394976455760384:1413394976755760384,,formal_public_module_evidence,,,,,,,,V2_03_difficult,,,,1610,1413394976455760384,,1413394976755760384,28,False,140
,,,,476,,,INSUFFICIENT_TRACKS,16,,,,,,,,,,Raw,V2_03_difficult:1413394977105760512:1413394977405760512,,formal_public_module_evidence,,,,,,,,V2_03_difficult,,,,1620,1413394977105760512,,1413394977405760512,60,False,193
,,,,476,,,INSUFFICIENT_TRACKS,16,,,,,,,,,,Global-DoF,V2_03_difficult:1413394977105760512:1413394977405760512,,formal_public_module_evidence,,,,,,,,V2_03_difficult,,,,1620,1413394977105760512,,1413394977405760512,60,False,193
,,,,476,,,INSUFFICIENT_TRACKS,16,,,,,,,,,,DPR-Exact-Block,V2_03_difficult:1413394977105760512:1413394977405760512,,formal_public_module_evidence,,,,,,,,V2_03_difficult,,,,1620,1413394977105760512,,1413394977405760512,60,False,193
,,,,476,,,INSUFFICIENT_TRACKS,16,,,,,,,,,,DUC-K16,V2_03_difficult:1413394977105760512:1413394977405760512,,formal_public_module_evidence,,,,,,,,V2_03_difficult,,,,1620,1413394977105760512,,1413394977405760512,60,False,193
,,,,476,,,INSUFFICIENT_TRACKS,16,,,,,,,,,,Permuted-K16,V2_03_difficult:1413394977105760512:1413394977405760512,,formal_public_module_evidence,,,,,,,,V2_03_difficult,,,,1620,1413394977105760512,,1413394977405760512,60,False,193
,,,,476,,,INSUFFICIENT_TRACKS,48,,,,,,,,,,Raw,V2_03_difficult:1413394977105760512:1413394977405760512,,formal_public_module_evidence,,,,,,,,V2_03_difficult,,,,1620,1413394977105760512,,1413394977405760512,60,False,193
,,,,476,,,INSUFFICIENT_TRACKS,48,,,,,,,,,,Global-DoF,V2_03_difficult:1413394977105760512:1413394977405760512,,formal_public_module_evidence,,,,,,,,V2_03_difficult,,,,1620,1413394977105760512,,1413394977405760512,60,False,193
,,,,476,,,INSUFFICIENT_TRACKS,48,,,,,,,,,,DPR-Exact-Block,V2_03_difficult:1413394977105760512:1413394977405760512,,formal_public_module_evidence,,,,,,,,V2_03_difficult,,,,1620,1413394977105760512,,1413394977405760512,60,False,193
,,,,476,,,INSUFFICIENT_TRACKS,48,,,,,,,,,,DUC-K16,V2_03_difficult:1413394977105760512:1413394977405760512,,formal_public_module_evidence,,,,,,,,V2_03_difficult,,,,1620,1413394977105760512,,1413394977405760512,60,False,193
,,,,476,,,INSUFFICIENT_TRACKS,48,,,,,,,,,,Permuted-K16,V2_03_difficult:1413394977105760512:1413394977405760512,,formal_public_module_evidence,,,,,,,,V2_03_difficult,,,,1620,1413394977105760512,,1413394977405760512,60,False,193
,,,,314,,,INSUFFICIENT_TRACKS,16,,,,,,,,,,Raw,V2_03_difficult:1413394978005760512:1413394978255760384,,formal_public_module_evidence,,,,,,,,V2_03_difficult,,,,1630,1413394978005760512,,1413394978255760384,2,False,89
,,,,314,,,INSUFFICIENT_TRACKS,16,,,,,,,,,,Global-DoF,V2_03_difficult:1413394978005760512:1413394978255760384,,formal_public_module_evidence,,,,,,,,V2_03_difficult,,,,1630,1413394978005760512,,1413394978255760384,2,False,89
,,,,314,,,INSUFFICIENT_TRACKS,16,,,,,,,,,,DPR-Exact-Block,V2_03_difficult:1413394978005760512:1413394978255760384,,formal_public_module_evidence,,,,,,,,V2_03_difficult,,,,1630,1413394978005760512,,1413394978255760384,2,False,89
,,,,314,,,INSUFFICIENT_TRACKS,16,,,,,,,,,,DUC-K16,V2_03_difficult:1413394978005760512:1413394978255760384,,formal_public_module_evidence,,,,,,,,V2_03_difficult,,,,1630,1413394978005760512,,1413394978255760384,2,False,89
,,,,314,,,INSUFFICIENT_TRACKS,16,,,,,,,,,,Permuted-K16,V2_03_difficult:1413394978005760512:1413394978255760384,,formal_public_module_evidence,,,,,,,,V2_03_difficult,,,,1630,1413394978005760512,,1413394978255760384,2,False,89
,,,,314,,,INSUFFICIENT_TRACKS,48,,,,,,,,,,Raw,V2_03_difficult:1413394978005760512:1413394978255760384,,formal_public_module_evidence,,,,,,,,V2_03_difficult,,,,1630,1413394978005760512,,1413394978255760384,2,False,89
,,,,314,,,INSUFFICIENT_TRACKS,48,,,,,,,,,,Global-DoF,V2_03_difficult:1413394978005760512:1413394978255760384,,formal_public_module_evidence,,,,,,,,V2_03_difficult,,,,1630,1413394978005760512,,1413394978255760384,2,False,89
,,,,314,,,INSUFFICIENT_TRACKS,48,,,,,,,,,,DPR-Exact-Block,V2_03_difficult:1413394978005760512:1413394978255760384,,formal_public_module_evidence,,,,,,,,V2_03_difficult,,,,1630,1413394978005760512,,1413394978255760384,2,False,89
,,,,314,,,INSUFFICIENT_TRACKS,48,,,,,,,,,,DUC-K16,V2_03_difficult:1413394978005760512:1413394978255760384,,formal_public_module_evidence,,,,,,,,V2_03_difficult,,,,1630,1413394978005760512,,1413394978255760384,2,False,89
,,,,314,,,INSUFFICIENT_TRACKS,48,,,,,,,,,,Permuted-K16,V2_03_difficult:1413394978005760512:1413394978255760384,,formal_public_module_evidence,,,,,,,,V2_03_difficult,,,,1630,1413394978005760512,,1413394978255760384,2,False,89
,,,,158,,,INSUFFICIENT_TRACKS,16,,,,,,,,,,Raw,V2_03_difficult:1413394978555760384:1413394978755760384,,formal_public_module_evidence,,,,,,,,V2_03_difficult,,,,1640,1413394978555760384,,1413394978755760384,56,False,68
,,,,158,,,INSUFFICIENT_TRACKS,16,,,,,,,,,,Global-DoF,V2_03_difficult:1413394978555760384:1413394978755760384,,formal_public_module_evidence,,,,,,,,V2_03_difficult,,,,1640,1413394978555760384,,1413394978755760384,56,False,68
,,,,158,,,INSUFFICIENT_TRACKS,16,,,,,,,,,,DPR-Exact-Block,V2_03_difficult:1413394978555760384:1413394978755760384,,formal_public_module_evidence,,,,,,,,V2_03_difficult,,,,1640,1413394978555760384,,1413394978755760384,56,False,68
,,,,158,,,INSUFFICIENT_TRACKS,16,,,,,,,,,,DUC-K16,V2_03_difficult:1413394978555760384:1413394978755760384,,formal_public_module_evidence,,,,,,,,V2_03_difficult,,,,1640,1413394978555760384,,1413394978755760384,56,False,68
,,,,158,,,INSUFFICIENT_TRACKS,16,,,,,,,,,,Permuted-K16,V2_03_difficult:1413394978555760384:1413394978755760384,,formal_public_module_evidence,,,,,,,,V2_03_difficult,,,,1640,1413394978555760384,,1413394978755760384,56,False,68
,,,,158,,,INSUFFICIENT_TRACKS,48,,,,,,,,,,Raw,V2_03_difficult:1413394978555760384:1413394978755760384,,formal_public_module_evidence,,,,,,,,V2_03_difficult,,,,1640,1413394978555760384,,1413394978755760384,56,False,68
,,,,158,,,INSUFFICIENT_TRACKS,48,,,,,,,,,,Global-DoF,V2_03_difficult:1413394978555760384:1413394978755760384,,formal_public_module_evidence,,,,,,,,V2_03_difficult,,,,1640,1413394978555760384,,1413394978755760384,56,False,68
,,,,158,,,INSUFFICIENT_TRACKS,48,,,,,,,,,,DPR-Exact-Block,V2_03_difficult:1413394978555760384:1413394978755760384,,formal_public_module_evidence,,,,,,,,V2_03_difficult,,,,1640,1413394978555760384,,1413394978755760384,56,False,68
,,,,158,,,INSUFFICIENT_TRACKS,48,,,,,,,,,,DUC-K16,V2_03_difficult:1413394978555760384:1413394978755760384,,formal_public_module_evidence,,,,,,,,V2_03_difficult,,,,1640,1413394978555760384,,1413394978755760384,56,False,68
,,,,158,,,INSUFFICIENT_TRACKS,48,,,,,,,,,,Permuted-K16,V2_03_difficult:1413394978555760384:1413394978755760384,,formal_public_module_evidence,,,,,,,,V2_03_difficult,,,,1640,1413394978555760384,,1413394978755760384,56,False,68
,,,,143,,,INSUFFICIENT_TRACKS,16,,,,,,,,,,Raw,V2_03_difficult:1413394979055760384:1413394979255760384,,formal_public_module_evidence,,,,,,,,V2_03_difficult,,,,1650,1413394979055760384,,1413394979255760384,40,False,71
,,,,143,,,INSUFFICIENT_TRACKS,16,,,,,,,,,,Global-DoF,V2_03_difficult:1413394979055760384:1413394979255760384,,formal_public_module_evidence,,,,,,,,V2_03_difficult,,,,1650,1413394979055760384,,1413394979255760384,40,False,71
,,,,143,,,INSUFFICIENT_TRACKS,16,,,,,,,,,,DPR-Exact-Block,V2_03_difficult:1413394979055760384:1413394979255760384,,formal_public_module_evidence,,,,,,,,V2_03_difficult,,,,1650,1413394979055760384,,1413394979255760384,40,False,71
,,,,143,,,INSUFFICIENT_TRACKS,16,,,,,,,,,,DUC-K16,V2_03_difficult:1413394979055760384:1413394979255760384,,formal_public_module_evidence,,,,,,,,V2_03_difficult,,,,1650,1413394979055760384,,1413394979255760384,40,False,71
,,,,143,,,INSUFFICIENT_TRACKS,16,,,,,,,,,,Permuted-K16,V2_03_difficult:1413394979055760384:1413394979255760384,,formal_public_module_evidence,,,,,,,,V2_03_difficult,,,,1650,1413394979055760384,,1413394979255760384,40,False,71
,,,,143,,,INSUFFICIENT_TRACKS,48,,,,,,,,,,Raw,V2_03_difficult:1413394979055760384:1413394979255760384,,formal_public_module_evidence,,,,,,,,V2_03_difficult,,,,1650,1413394979055760384,,1413394979255760384,40,False,71
,,,,143,,,INSUFFICIENT_TRACKS,48,,,,,,,,,,Global-DoF,V2_03_difficult:1413394979055760384:1413394979255760384,,formal_public_module_evidence,,,,,,,,V2_03_difficult,,,,1650,1413394979055760384,,1413394979255760384,40,False,71
,,,,143,,,INSUFFICIENT_TRACKS,48,,,,,,,,,,DPR-Exact-Block,V2_03_difficult:1413394979055760384:1413394979255760384,,formal_public_module_evidence,,,,,,,,V2_03_difficult,,,,1650,1413394979055760384,,1413394979255760384,40,False,71
,,,,143,,,INSUFFICIENT_TRACKS,48,,,,,,,,,,DUC-K16,V2_03_difficult:1413394979055760384:1413394979255760384,,formal_public_module_evidence,,,,,,,,V2_03_difficult,,,,1650,1413394979055760384,,1413394979255760384,40,False,71
,,,,143,,,INSUFFICIENT_TRACKS,48,,,,,,,,,,Permuted-K16,V2_03_difficult:1413394979055760384:1413394979255760384,,formal_public_module_evidence,,,,,,,,V2_03_difficult,,,,1650,1413394979055760384,,1413394979255760384,40,False,71
,,,,63,,,INSUFFICIENT_TRACKS,16,,,,,,,,,,Raw,V2_03_difficult:1413394979555760384:1413394979755760384,,formal_public_module_evidence,,,,,,,,V2_03_difficult,,,,1660,1413394979555760384,,1413394979755760384,20,False,39
,,,,63,,,INSUFFICIENT_TRACKS,16,,,,,,,,,,Global-DoF,V2_03_difficult:1413394979555760384:1413394979755760384,,formal_public_module_evidence,,,,,,,,V2_03_difficult,,,,1660,1413394979555760384,,1413394979755760384,20,False,39
,,,,63,,,INSUFFICIENT_TRACKS,16,,,,,,,,,,DPR-Exact-Block,V2_03_difficult:1413394979555760384:1413394979755760384,,formal_public_module_evidence,,,,,,,,V2_03_difficult,,,,1660,1413394979555760384,,1413394979755760384,20,False,39
,,,,63,,,INSUFFICIENT_TRACKS,16,,,,,,,,,,DUC-K16,V2_03_difficult:1413394979555760384:1413394979755760384,,formal_public_module_evidence,,,,,,,,V2_03_difficult,,,,1660,1413394979555760384,,1413394979755760384,20,False,39
,,,,63,,,INSUFFICIENT_TRACKS,16,,,,,,,,,,Permuted-K16,V2_03_difficult:1413394979555760384:1413394979755760384,,formal_public_module_evidence,,,,,,,,V2_03_difficult,,,,1660,1413394979555760384,,1413394979755760384,20,False,39
,,,,63,,,INSUFFICIENT_TRACKS,48,,,,,,,,,,Raw,V2_03_difficult:1413394979555760384:1413394979755760384,,formal_public_module_evidence,,,,,,,,V2_03_difficult,,,,1660,1413394979555760384,,1413394979755760384,20,False,39
,,,,63,,,INSUFFICIENT_TRACKS,48,,,,,,,,,,Global-DoF,V2_03_difficult:1413394979555760384:1413394979755760384,,formal_public_module_evidence,,,,,,,,V2_03_difficult,,,,1660,1413394979555760384,,1413394979755760384,20,False,39
,,,,63,,,INSUFFICIENT_TRACKS,48,,,,,,,,,,DPR-Exact-Block,V2_03_difficult:1413394979555760384:1413394979755760384,,formal_public_module_evidence,,,,,,,,V2_03_difficult,,,,1660,1413394979555760384,,1413394979755760384,20,False,39
,,,,63,,,INSUFFICIENT_TRACKS,48,,,,,,,,,,DUC-K16,V2_03_difficult:1413394979555760384:1413394979755760384,,formal_public_module_evidence,,,,,,,,V2_03_difficult,,,,1660,1413394979555760384,,1413394979755760384,20,False,39
,,,,63,,,INSUFFICIENT_TRACKS,48,,,,,,,,,,Permuted-K16,V2_03_difficult:1413394979555760384:1413394979755760384,,formal_public_module_evidence,,,,,,,,V2_03_difficult,,,,1660,1413394979555760384,,1413394979755760384,20,False,39
,,,,126,,,INSUFFICIENT_TRACKS,16,,,,,,,,,,Raw,V2_03_difficult:1413394980055760384:1413394980255760384,,formal_public_module_evidence,,,,,,,,V2_03_difficult,,,,1670,1413394980055760384,,1413394980255760384,59,False,65
,,,,126,,,INSUFFICIENT_TRACKS,16,,,,,,,,,,Global-DoF,V2_03_difficult:1413394980055760384:1413394980255760384,,formal_public_module_evidence,,,,,,,,V2_03_difficult,,,,1670,1413394980055760384,,1413394980255760384,59,False,65
,,,,126,,,INSUFFICIENT_TRACKS,16,,,,,,,,,,DPR-Exact-Block,V2_03_difficult:1413394980055760384:1413394980255760384,,formal_public_module_evidence,,,,,,,,V2_03_difficult,,,,1670,1413394980055760384,,1413394980255760384,59,False,65
,,,,126,,,INSUFFICIENT_TRACKS,16,,,,,,,,,,DUC-K16,V2_03_difficult:1413394980055760384:1413394980255760384,,formal_public_module_evidence,,,,,,,,V2_03_difficult,,,,1670,1413394980055760384,,1413394980255760384,59,False,65
,,,,126,,,INSUFFICIENT_TRACKS,16,,,,,,,,,,Permuted-K16,V2_03_difficult:1413394980055760384:1413394980255760384,,formal_public_module_evidence,,,,,,,,V2_03_difficult,,,,1670,1413394980055760384,,1413394980255760384,59,False,65
,,,,126,,,INSUFFICIENT_TRACKS,48,,,,,,,,,,Raw,V2_03_difficult:1413394980055760384:1413394980255760384,,formal_public_module_evidence,,,,,,,,V2_03_difficult,,,,1670,1413394980055760384,,1413394980255760384,59,False,65
,,,,126,,,INSUFFICIENT_TRACKS,48,,,,,,,,,,Global-DoF,V2_03_difficult:1413394980055760384:1413394980255760384,,formal_public_module_evidence,,,,,,,,V2_03_difficult,,,,1670,1413394980055760384,,1413394980255760384,59,False,65
,,,,126,,,INSUFFICIENT_TRACKS,48,,,,,,,,,,DPR-Exact-Block,V2_03_difficult:1413394980055760384:1413394980255760384,,formal_public_module_evidence,,,,,,,,V2_03_difficult,,,,1670,1413394980055760384,,1413394980255760384,59,False,65
,,,,126,,,INSUFFICIENT_TRACKS,48,,,,,,,,,,DUC-K16,V2_03_difficult:1413394980055760384:1413394980255760384,,formal_public_module_evidence,,,,,,,,V2_03_difficult,,,,1670,1413394980055760384,,1413394980255760384,59,False,65
,,,,126,,,INSUFFICIENT_TRACKS,48,,,,,,,,,,Permuted-K16,V2_03_difficult:1413394980055760384:1413394980255760384,,formal_public_module_evidence,,,,,,,,V2_03_difficult,,,,1670,1413394980055760384,,1413394980255760384,59,False,65
,,,,159,,,INSUFFICIENT_TRACKS,16,,,,,,,,,,Raw,V2_03_difficult:1413394980555760384:1413394980755760384,,formal_public_module_evidence,,,,,,,,V2_03_difficult,,,,1680,1413394980555760384,,1413394980755760384,47,False,69
,,,,159,,,INSUFFICIENT_TRACKS,16,,,,,,,,,,Global-DoF,V2_03_difficult:1413394980555760384:1413394980755760384,,formal_public_module_evidence,,,,,,,,V2_03_difficult,,,,1680,1413394980555760384,,1413394980755760384,47,False,69
,,,,159,,,INSUFFICIENT_TRACKS,16,,,,,,,,,,DPR-Exact-Block,V2_03_difficult:1413394980555760384:1413394980755760384,,formal_public_module_evidence,,,,,,,,V2_03_difficult,,,,1680,1413394980555760384,,1413394980755760384,47,False,69
,,,,159,,,INSUFFICIENT_TRACKS,16,,,,,,,,,,DUC-K16,V2_03_difficult:1413394980555760384:1413394980755760384,,formal_public_module_evidence,,,,,,,,V2_03_difficult,,,,1680,1413394980555760384,,1413394980755760384,47,False,69
,,,,159,,,INSUFFICIENT_TRACKS,16,,,,,,,,,,Permuted-K16,V2_03_difficult:1413394980555760384:1413394980755760384,,formal_public_module_evidence,,,,,,,,V2_03_difficult,,,,1680,1413394980555760384,,1413394980755760384,47,False,69
,,,,159,,,INSUFFICIENT_TRACKS,48,,,,,,,,,,Raw,V2_03_difficult:1413394980555760384:1413394980755760384,,formal_public_module_evidence,,,,,,,,V2_03_difficult,,,,1680,1413394980555760384,,1413394980755760384,47,False,69
,,,,159,,,INSUFFICIENT_TRACKS,48,,,,,,,,,,Global-DoF,V2_03_difficult:1413394980555760384:1413394980755760384,,formal_public_module_evidence,,,,,,,,V2_03_difficult,,,,1680,1413394980555760384,,1413394980755760384,47,False,69
,,,,159,,,INSUFFICIENT_TRACKS,48,,,,,,,,,,DPR-Exact-Block,V2_03_difficult:1413394980555760384:1413394980755760384,,formal_public_module_evidence,,,,,,,,V2_03_difficult,,,,1680,1413394980555760384,,1413394980755760384,47,False,69
,,,,159,,,INSUFFICIENT_TRACKS,48,,,,,,,,,,DUC-K16,V2_03_difficult:1413394980555760384:1413394980755760384,,formal_public_module_evidence,,,,,,,,V2_03_difficult,,,,1680,1413394980555760384,,1413394980755760384,47,False,69
,,,,159,,,INSUFFICIENT_TRACKS,48,,,,,,,,,,Permuted-K16,V2_03_difficult:1413394980555760384:1413394980755760384,,formal_public_module_evidence,,,,,,,,V2_03_difficult,,,,1680,1413394980555760384,,1413394980755760384,47,False,69
0.6277866094565862,0.007038,0.07499999999999996,0.875,235,0.7256716739875895,6.0,,16,2.7075617462516988,0.8518636475326257,2.927629285180102,3.3906787499456272,True,1.1659829925360863,1.359516338883407,6,0.290404379641501,Raw,V2_03_difficult:1413394981055760384:1413394981255760384,0.041077,formal_public_module_evidence,0.03229533999290568,0.14990402219749943,0.13618983571062915,0.4030097381977076,0.8621052676271719,1,0,V2_03_difficult,5,OK,True,1690,1413394981055760384,1.6137095502694765e-10,1413394981255760384,89,True,98
0.4201472446783418,0.002073,0.07499999999999996,0.875,235,0.8931343679847255,6.0,,16,2.7075617462516988,0.8518636475326257,2.927629285180102,3.2470444979104944,True,1.1659829925360863,1.359516338883407,6,0.290404379641501,Global-DoF,V2_03_difficult:1413394981055760384:1413394981255760384,0.041077,formal_public_module_evidence,0.03229533999290568,0.14990402219749943,0.13618983571062915,0.4030097381977076,0.8621052676271719,1,0,V2_03_difficult,5,OK,True,1690,1413394981055760384,1.6137095502694765e-10,1413394981255760384,89,True,98
0.3047168586508282,0.458745,0.07499999999999996,0.875,235,1.0024150562322143,6.0,,16,2.7075617462516988,0.8518636475326257,2.927629285180102,3.1965301518271096,True,1.1659829925360863,1.359516338883407,6,0.290404379641501,DPR-Exact-Block,V2_03_difficult:1413394981055760384:1413394981255760384,0.041077,formal_public_module_evidence,0.03229533999290568,0.14990402219749943,0.13618983571062915,0.4030097381977076,0.8621052676271719,1,0,V2_03_difficult,5,OK,True,1690,1413394981055760384,1.6137095502694765e-10,1413394981255760384,89,True,98
0.0497612168092036,0.181943,0.033333333333333326,0.9166666666666666,235,1.2935207787806309,6.0,,16,2.7075617462516988,0.8518636475326257,2.927629285180102,3.146264953398896,True,1.1659829925360863,1.359516338883407,6,0.290404379641501,DUC-K16,V2_03_difficult:1413394981055760384:1413394981255760384,0.041077,formal_public_module_evidence,0.03229533999290568,0.14990402219749943,0.13618983571062915,0.4030097381977076,0.8621052676271719,1,0,V2_03_difficult,5,OK,True,1690,1413394981055760384,1.6137095502694765e-10,1413394981255760384,89,True,98
0.08349789766502236,0.06897,0.033333333333333326,0.9166666666666666,235,1.2506095915202822,6.0,,16,2.7075617462516988,0.8518636475326257,2.927629285180102,3.148591101943852,True,1.1659829925360863,1.359516338883407,6,0.290404379641501,Permuted-K16,V2_03_difficult:1413394981055760384:1413394981255760384,0.041077,formal_public_module_evidence,0.03229533999290568,0.14990402219749943,0.13618983571062915,0.4030097381977076,0.8621052676271719,1,0,V2_03_difficult,5,OK,True,1690,1413394981055760384,1.6137095502694765e-10,1413394981255760384,89,True,98
0.2663816228912012,0.005634,0.008333333333333415,0.9583333333333334,235,0.8779964791472018,6.000000000000002,,48,2.161284305498327,0.9370146632509023,2.9218320815379895,3.0129974414439515,True,1.0705092434637904,1.145990040341417,6,0.018201897699257175,Raw,V2_03_difficult:1413394981055760384:1413394981255760384,0.038697,formal_public_module_evidence,0.014801566307116043,0.029108817329023033,0.05771282662489868,0.5993246126409997,1.371389243820073,4,0,V2_03_difficult,4,OK,True,1690,1413394981055760384,1.1726232568731234e-09,1413394981255760384,89,True,98
0.20184310175363002,0.002019,0.008333333333333415,0.9583333333333334,235,0.9365295777570152,6.000000000000002,,48,2.161284305498327,0.9370146632509023,2.9218320815379895,2.9959588956769863,True,1.0705092434637904,1.145990040341417,6,0.018201897699257175,Global-DoF,V2_03_difficult:1413394981055760384:1413394981255760384,0.038697,formal_public_module_evidence,0.014801566307116043,0.029108817329023033,0.05771282662489868,0.5993246126409997,1.371389243820073,4,0,V2_03_difficult,4,OK,True,1690,1413394981055760384,1.1726232568731234e-09,1413394981255760384,89,True,98
0.17884441851984112,1.295631,0.008333333333333415,0.9583333333333334,235,0.9583181183332892,6.000000000000002,,48,2.161284305498327,0.9370146632509023,2.9218320815379895,2.9911362553073833,True,1.0705092434637904,1.145990040341417,6,0.018201897699257175,DPR-Exact-Block,V2_03_difficult:1413394981055760384:1413394981255760384,0.038697,formal_public_module_evidence,0.014801566307116043,0.029108817329023033,0.05771282662489868,0.5993246126409997,1.371389243820073,4,0,V2_03_difficult,4,OK,True,1690,1413394981055760384,1.1726232568731234e-09,1413394981255760384,89,True,98
0.1972140087575242,0.320103,0.008333333333333415,0.9583333333333334,235,0.940874909980042,6.000000000000002,,48,2.161284305498327,0.9370146632509023,2.9218320815379895,2.9949366615882655,True,1.0705092434637904,1.145990040341417,6,0.018201897699257175,DUC-K16,V2_03_difficult:1413394981055760384:1413394981255760384,0.038697,formal_public_module_evidence,0.014801566307116043,0.029108817329023033,0.05771282662489868,0.5993246126409997,1.371389243820073,4,0,V2_03_difficult,4,OK,True,1690,1413394981055760384,1.1726232568731234e-09,1413394981255760384,89,True,98
0.2123142936933442,0.104798,0.008333333333333415,0.9583333333333334,235,0.9267741613465345,6.000000000000002,,48,2.161284305498327,0.9370146632509023,2.9218320815379895,2.998368159792118,True,1.0705092434637904,1.145990040341417,6,0.018201897699257175,Permuted-K16,V2_03_difficult:1413394981055760384:1413394981255760384,0.038697,formal_public_module_evidence,0.014801566307116043,0.029108817329023033,0.05771282662489868,0.5993246126409997,1.371389243820073,4,0,V2_03_difficult,4,OK,True,1690,1413394981055760384,1.1726232568731234e-09,1413394981255760384,89,True,98
6.047640956285269,0.006276,0.033333333333333326,0.9166666666666666,260,0.4836594276575369,6.0,,16,2.089311855119225,0.6954562730017876,0.5497101941545187,424.22521083706994,True,14.30534633871963,204.64293387071913,6,0.006155660392268891,Raw,V2_03_difficult:1413394981555760384:1413394981755760384,0.038606,formal_public_module_evidence,0.02374187777223774,0.05602665097769785,0.08288976978486962,0.20011321155197587,0.6124750368462051,0,0,V2_03_difficult,4,OK,True,1700,1413394981555760384,3.8460518139896204e-10,1413394981755760384,108,True,118
5.840001591507025,0.001953,0.033333333333333326,0.9166666666666666,260,0.5952731417323531,6.0,,16,2.089311855119225,0.6954562730017876,0.5497101941545187,345.09902994200866,True,14.30534633871963,204.64293387071913,6,0.006155660392268891,Global-DoF,V2_03_difficult:1413394981555760384:1413394981755760384,0.038606,formal_public_module_evidence,0.02374187777223774,0.05602665097769785,0.08288976978486962,0.20011321155197587,0.6124750368462051,0,0,V2_03_difficult,4,OK,True,1700,1413394981555760384,3.8460518139896204e-10,1413394981755760384,108,True,118
5.864117004904731,0.495923,0.033333333333333326,0.9166666666666666,260,0.5810895922814945,6.0,,16,2.089311855119225,0.6954562730017876,0.5497101941545187,353.4660801999373,True,14.30534633871963,204.64293387071913,6,0.006155660392268891,DPR-Exact-Block,V2_03_difficult:1413394981555760384:1413394981755760384,0.038606,formal_public_module_evidence,0.02374187777223774,0.05602665097769785,0.08288976978486962,0.20011321155197587,0.6124750368462051,0,0,V2_03_difficult,4,OK,True,1700,1413394981555760384,3.8460518139896204e-10,1413394981755760384,108,True,118
5.870291689485576,0.179162,0.033333333333333326,0.9166666666666666,260,0.5775126020939276,6.0,,16,2.089311855119225,0.6954562730017876,0.5497101941545187,355.64117809368344,True,14.30534633871963,204.64293387071913,6,0.006155660392268891,DUC-K16,V2_03_difficult:1413394981555760384:1413394981755760384,0.038606,formal_public_module_evidence,0.02374187777223774,0.05602665097769785,0.08288976978486962,0.20011321155197587,0.6124750368462051,0,0,V2_03_difficult,4,OK,True,1700,1413394981555760384,3.8460518139896204e-10,1413394981755760384,108,True,118
5.693673221350365,0.069391,0.033333333333333326,0.9166666666666666,260,0.6890740446673838,6.0,,16,2.089311855119225,0.6954562730017876,0.5497101941545187,298.4479725516576,True,14.30534633871963,204.64293387071913,6,0.006155660392268891,Permuted-K16,V2_03_difficult:1413394981555760384:1413394981755760384,0.038606,formal_public_module_evidence,0.02374187777223774,0.05602665097769785,0.08288976978486962,0.20011321155197587,0.6124750368462051,0,0,V2_03_difficult,4,OK,True,1700,1413394981555760384,3.8460518139896204e-10,1413394981755760384,108,True,118
3.6884944330678775,0.006168,0.033333333333333326,0.9166666666666666,260,4.566882056017775,5.999999999999998,,48,1.7752975127216866,2.1370264518760114,0.569157197707675,43.3413098976157,True,13.513140343780869,182.60496195071812,6,0.02693064844528814,Raw,V2_03_difficult:1413394981555760384:1413394981755760384,0.037867,formal_public_module_evidence,0.015750401450336682,0.042607204236614515,0.06954919770143153,0.5631588108045759,1.2033677097228581,3,0,V2_03_difficult,5,OK,True,1700,1413394981555760384,1.697580800612645e-09,1413394981755760384,108,True,118
3.623955911930306,0.002054,0.033333333333333326,0.9166666666666666,260,4.871340859752294,5.999999999999998,,48,1.7752975127216866,2.1370264518760114,0.569157197707675,40.90681078609068,True,13.513140343780869,182.60496195071812,6,0.02693064844528814,Global-DoF,V2_03_difficult:1413394981555760384:1413394981755760384,0.037867,formal_public_module_evidence,0.015750401450336682,0.042607204236614515,0.06954919770143153,0.5631588108045759,1.2033677097228581,3,0,V2_03_difficult,5,OK,True,1700,1413394981555760384,1.697580800612645e-09,1413394981755760384,108,True,118
3.5541131771427796,1.256076,0.033333333333333326,0.9166666666666666,260,5.223731349940676,5.999999999999998,,48,1.7752975127216866,2.1370264518760114,0.569157197707675,38.44789475426444,True,13.513140343780869,182.60496195071812,6,0.02693064844528814,DPR-Exact-Block,V2_03_difficult:1413394981555760384:1413394981755760384,0.037867,formal_public_module_evidence,0.015750401450336682,0.042607204236614515,0.06954919770143153,0.5631588108045759,1.2033677097228581,3,0,V2_03_difficult,5,OK,True,1700,1413394981555760384,1.697580800612645e-09,1413394981755760384,108,True,118
3.5814131004720275,0.313942,0.033333333333333326,0.9166666666666666,260,5.083052877382793,5.999999999999998,,48,1.7752975127216866,2.1370264518760114,0.569157197707675,39.388058706147135,True,13.513140343780869,182.60496195071812,6,0.02693064844528814,DUC-K16,V2_03_difficult:1413394981555760384:1413394981755760384,0.037867,formal_public_module_evidence,0.015750401450336682,0.042607204236614515,0.06954919770143153,0.5631588108045759,1.2033677097228581,3,0,V2_03_difficult,5,OK,True,1700,1413394981555760384,1.697580800612645e-09,1413394981755760384,108,True,118
3.6247918016058582,0.105739,0.033333333333333326,0.9166666666666666,260,4.867270657578511,5.999999999999998,,48,1.7752975127216866,2.1370264518760114,0.569157197707675,40.93732179220259,True,13.513140343780869,182.60496195071812,6,0.02693064844528814,Permuted-K16,V2_03_difficult:1413394981555760384:1413394981755760384,0.037867,formal_public_module_evidence,0.015750401450336682,0.042607204236614515,0.06954919770143153,0.5631588108045759,1.2033677097228581,3,0,V2_03_difficult,5,OK,True,1700,1413394981555760384,1.697580800612645e-09,1413394981755760384,108,True,118
1.518380841771181,0.006019,0.11666666666666659,0.8333333333333334,257,7.009230011999239,6.0,,16,0.6876863518402427,2.6474950447544257,0.4893084465770968,8.349932949353741,True,5.656494464117178,31.995929622588278,6,0.24413188311311496,Raw,V2_03_difficult:1413394982055760384:1413394982255760384,0.037826,formal_public_module_evidence,0.021985993929867553,0.1642361198934682,0.09953082035389146,0.39232966101842504,1.0,2,0,V2_03_difficult,5,OK,True,1710,1413394982055760384,5.921145083143606e-08,1413394982255760384,85,True,105
1.3107414769929364,0.001961,0.11666666666666659,0.8333333333333334,257,8.62674463015291,6.0,,16,0.6876863518402427,2.6474950447544257,0.4893084465770968,7.701667058638144,True,5.656494464117178,31.995929622588278,6,0.24413188311311496,Global-DoF,V2_03_difficult:1413394982055760384:1413394982255760384,0.037826,formal_public_module_evidence,0.021985993929867553,0.1642361198934682,0.09953082035389146,0.39232966101842504,1.0,2,0,V2_03_difficult,5,OK,True,1710,1413394982055760384,5.921145083143606e-08,1413394982255760384,85,True,105
0.695041589070157,0.483779,0.033333333333333326,0.9166666666666666,257,15.967686819107687,6.0,,16,0.6876863518402427,2.6474950447544257,0.4893084465770968,6.6122365808255905,True,5.656494464117178,31.995929622588278,6,0.24413188311311496,DPR-Exact-Block,V2_03_difficult:1413394982055760384:1413394982255760384,0.037826,formal_public_module_evidence,0.021985993929867553,0.1642361198934682,0.09953082035389146,0.39232966101842504,1.0,2,0,V2_03_difficult,5,OK,True,1710,1413394982055760384,5.921145083143606e-08,1413394982255760384,85,True,105
0.4766035850081607,0.185085,0.033333333333333326,0.9166666666666666,257,19.86590827121691,6.0,,16,0.6876863518402427,2.6474950447544257,0.4893084465770968,6.437477030359733,True,5.656494464117178,31.995929622588278,6,0.24413188311311496,DUC-K16,V2_03_difficult:1413394982055760384:1413394982255760384,0.037826,formal_public_module_evidence,0.021985993929867553,0.1642361198934682,0.09953082035389146,0.39232966101842504,1.0,2,0,V2_03_difficult,5,OK,True,1710,1413394982055760384,5.921145083143606e-08,1413394982255760384,85,True,105
0.8421486132862445,0.070888,0.033333333333333326,0.9166666666666666,257,13.78333263489407,6.0,,16,0.6876863518402427,2.6474950447544257,0.4893084465770968,6.78268645281218,True,5.656494464117178,31.995929622588278,6,0.24413188311311496,Permuted-K16,V2_03_difficult:1413394982055760384:1413394982255760384,0.037826,formal_public_module_evidence,0.021985993929867553,0.1642361198934682,0.09953082035389146,0.39232966101842504,1.0,2,0,V2_03_difficult,5,OK,True,1710,1413394982055760384,5.921145083143606e-08,1413394982255760384,85,True,105
0.9414572798720293,0.006036,0.033333333333333326,0.9166666666666666,257,12.55549774269985,6.0,,48,0.6886463577019801,3.543373779704852,0.49103280453691844,6.931750450526008,True,5.673509912112445,32.18871472283817,6,0.032449237385521856,Raw,V2_03_difficult:1413394982055760384:1413394982255760384,0.039577,formal_public_module_evidence,0.011162579829637254,0.05593594816789097,0.0587893153783788,0.45681524587199046,1.0,9,0,V2_03_difficult,5,OK,True,1710,1413394982055760384,8.055800039768815e-08,1413394982255760384,85,True,105
0.876918758734458,0.002037,0.033333333333333326,0.9166666666666666,257,13.392530925546508,6.0,,48,0.6886463577019801,3.543373779704852,0.49103280453691844,6.836056799956399,True,5.673509912112445,32.18871472283817,6,0.032449237385521856,Global-DoF,V2_03_difficult:1413394982055760384:1413394982255760384,0.039577,formal_public_module_evidence,0.011162579829637254,0.05593594816789097,0.0587893153783788,0.45681524587199046,1.0,9,0,V2_03_difficult,5,OK,True,1710,1413394982055760384,8.055800039768815e-08,1413394982255760384,85,True,105
0.836421324276613,1.283922,0.033333333333333326,0.9166666666666666,257,13.946025989767348,6.0,,48,0.6886463577019801,3.543373779704852,0.49103280453691844,6.781163924406523,True,5.673509912112445,32.18871472283817,6,0.032449237385521856,DPR-Exact-Block,V2_03_difficult:1413394982055760384:1413394982255760384,0.039577,formal_public_module_evidence,0.011162579829637254,0.05593594816789097,0.0587893153783788,0.45681524587199046,1.0,9,0,V2_03_difficult,5,OK,True,1710,1413394982055760384,8.055800039768815e-08,1413394982255760384,85,True,105
0.8694087119126189,0.321155,0.033333333333333326,0.9166666666666666,257,13.493488081840729,6.0,,48,0.6886463577019801,3.543373779704852,0.49103280453691844,6.825584189917065,True,5.673509912112445,32.18871472283817,6,0.032449237385521856,DUC-K16,V2_03_difficult:1413394982055760384:1413394982255760384,0.039577,formal_public_module_evidence,0.011162579829637254,0.05593594816789097,0.0587893153783788,0.45681524587199046,1.0,9,0,V2_03_difficult,5,OK,True,1710,1413394982055760384,8.055800039768815e-08,1413394982255760384,85,True,105
0.8905370736256629,0.105179,0.033333333333333326,0.9166666666666666,257,13.211383483269977,6.0,,48,0.6886463577019801,3.543373779704852,0.49103280453691844,6.855393755925274,True,5.673509912112445,32.18871472283817,6,0.032449237385521856,Permuted-K16,V2_03_difficult:1413394982055760384:1413394982255760384,0.039577,formal_public_module_evidence,0.011162579829637254,0.05593594816789097,0.0587893153783788,0.45681524587199046,1.0,9,0,V2_03_difficult,5,OK,True,1710,1413394982055760384,8.055800039768815e-08,1413394982255760384,85,True,105
,,,,213,,,INSUFFICIENT_TRACKS,16,,,,,,,,,,Raw,V2_03_difficult:1413394982555760384:1413394982755760384,,formal_public_module_evidence,,,,,,,,V2_03_difficult,,,,1720,1413394982555760384,,1413394982755760384,38,False,77
,,,,213,,,INSUFFICIENT_TRACKS,16,,,,,,,,,,Global-DoF,V2_03_difficult:1413394982555760384:1413394982755760384,,formal_public_module_evidence,,,,,,,,V2_03_difficult,,,,1720,1413394982555760384,,1413394982755760384,38,False,77
,,,,213,,,INSUFFICIENT_TRACKS,16,,,,,,,,,,DPR-Exact-Block,V2_03_difficult:1413394982555760384:1413394982755760384,,formal_public_module_evidence,,,,,,,,V2_03_difficult,,,,1720,1413394982555760384,,1413394982755760384,38,False,77
,,,,213,,,INSUFFICIENT_TRACKS,16,,,,,,,,,,DUC-K16,V2_03_difficult:1413394982555760384:1413394982755760384,,formal_public_module_evidence,,,,,,,,V2_03_difficult,,,,1720,1413394982555760384,,1413394982755760384,38,False,77
,,,,213,,,INSUFFICIENT_TRACKS,16,,,,,,,,,,Permuted-K16,V2_03_difficult:1413394982555760384:1413394982755760384,,formal_public_module_evidence,,,,,,,,V2_03_difficult,,,,1720,1413394982555760384,,1413394982755760384,38,False,77
,,,,213,,,INSUFFICIENT_TRACKS,48,,,,,,,,,,Raw,V2_03_difficult:1413394982555760384:1413394982755760384,,formal_public_module_evidence,,,,,,,,V2_03_difficult,,,,1720,1413394982555760384,,1413394982755760384,38,False,77
,,,,213,,,INSUFFICIENT_TRACKS,48,,,,,,,,,,Global-DoF,V2_03_difficult:1413394982555760384:1413394982755760384,,formal_public_module_evidence,,,,,,,,V2_03_difficult,,,,1720,1413394982555760384,,1413394982755760384,38,False,77
,,,,213,,,INSUFFICIENT_TRACKS,48,,,,,,,,,,DPR-Exact-Block,V2_03_difficult:1413394982555760384:1413394982755760384,,formal_public_module_evidence,,,,,,,,V2_03_difficult,,,,1720,1413394982555760384,,1413394982755760384,38,False,77
,,,,213,,,INSUFFICIENT_TRACKS,48,,,,,,,,,,DUC-K16,V2_03_difficult:1413394982555760384:1413394982755760384,,formal_public_module_evidence,,,,,,,,V2_03_difficult,,,,1720,1413394982555760384,,1413394982755760384,38,False,77
,,,,213,,,INSUFFICIENT_TRACKS,48,,,,,,,,,,Permuted-K16,V2_03_difficult:1413394982555760384:1413394982755760384,,formal_public_module_evidence,,,,,,,,V2_03_difficult,,,,1720,1413394982555760384,,1413394982755760384,38,False,77
,,,,401,,,INSUFFICIENT_TRACKS,16,,,,,,,,,,Raw,V2_03_difficult:1413394983205760512:1413394983605760512,,formal_public_module_evidence,,,,,,,,V2_03_difficult,,,,1730,1413394983205760512,,1413394983605760512,13,False,121
,,,,401,,,INSUFFICIENT_TRACKS,16,,,,,,,,,,Global-DoF,V2_03_difficult:1413394983205760512:1413394983605760512,,formal_public_module_evidence,,,,,,,,V2_03_difficult,,,,1730,1413394983205760512,,1413394983605760512,13,False,121
,,,,401,,,INSUFFICIENT_TRACKS,16,,,,,,,,,,DPR-Exact-Block,V2_03_difficult:1413394983205760512:1413394983605760512,,formal_public_module_evidence,,,,,,,,V2_03_difficult,,,,1730,1413394983205760512,,1413394983605760512,13,False,121
,,,,401,,,INSUFFICIENT_TRACKS,16,,,,,,,,,,DUC-K16,V2_03_difficult:1413394983205760512:1413394983605760512,,formal_public_module_evidence,,,,,,,,V2_03_difficult,,,,1730,1413394983205760512,,1413394983605760512,13,False,121
,,,,401,,,INSUFFICIENT_TRACKS,16,,,,,,,,,,Permuted-K16,V2_03_difficult:1413394983205760512:1413394983605760512,,formal_public_module_evidence,,,,,,,,V2_03_difficult,,,,1730,1413394983205760512,,1413394983605760512,13,False,121
,,,,401,,,INSUFFICIENT_TRACKS,48,,,,,,,,,,Raw,V2_03_difficult:1413394983205760512:1413394983605760512,,formal_public_module_evidence,,,,,,,,V2_03_difficult,,,,1730,1413394983205760512,,1413394983605760512,13,False,121
,,,,401,,,INSUFFICIENT_TRACKS,48,,,,,,,,,,Global-DoF,V2_03_difficult:1413394983205760512:1413394983605760512,,formal_public_module_evidence,,,,,,,,V2_03_difficult,,,,1730,1413394983205760512,,1413394983605760512,13,False,121
,,,,401,,,INSUFFICIENT_TRACKS,48,,,,,,,,,,DPR-Exact-Block,V2_03_difficult:1413394983205760512:1413394983605760512,,formal_public_module_evidence,,,,,,,,V2_03_difficult,,,,1730,1413394983205760512,,1413394983605760512,13,False,121
,,,,401,,,INSUFFICIENT_TRACKS,48,,,,,,,,,,DUC-K16,V2_03_difficult:1413394983205760512:1413394983605760512,,formal_public_module_evidence,,,,,,,,V2_03_difficult,,,,1730,1413394983205760512,,1413394983605760512,13,False,121
,,,,401,,,INSUFFICIENT_TRACKS,48,,,,,,,,,,Permuted-K16,V2_03_difficult:1413394983205760512:1413394983605760512,,formal_public_module_evidence,,,,,,,,V2_03_difficult,,,,1730,1413394983205760512,,1413394983605760512,13,False,121
2.8679849755112143,0.006559,0.11666666666666659,0.8333333333333334,307,18.303050833103125,6.0,,16,0.3141592234067317,4.2782064972489495,0.22937559625710796,22.346459782772243,True,17.948855757955933,322.1614230199079,6,1.0153177604172172,Raw,V2_03_difficult:1413394984205760512:1413394984605760512,0.039142,formal_public_module_evidence,0.01831933622317039,0.2824359373378196,0.07010800877768822,0.13144221285298702,0.834644820736836,1,0,V2_03_difficult,6,OK,True,1740,1413394984205760512,5.685158447206412e-09,1413394984605760512,128,True,170
2.66034561073297,0.002061,0.11666666666666659,0.8333333333333334,307,22.52683179458846,6.0,,16,0.3141592234067317,4.2782064972489495,0.22937559625710796,19.25381509288442,True,17.948855757955933,322.1614230199079,6,1.0153177604172172,Global-DoF,V2_03_difficult:1413394984205760512:1413394984605760512,0.039142,formal_public_module_evidence,0.01831933622317039,0.2824359373378196,0.07010800877768822,0.13144221285298702,0.834644820736836,1,0,V2_03_difficult,6,OK,True,1740,1413394984205760512,5.685158447206412e-09,1413394984605760512,128,True,170
2.1857613999241363,0.494343,0.11666666666666659,0.8333333333333334,307,36.20840715544746,6.0,,16,0.3141592234067317,4.2782064972489495,0.22937559625710796,14.324588870387066,True,17.948855757955933,322.1614230199079,6,1.0153177604172172,DPR-Exact-Block,V2_03_difficult:1413394984205760512:1413394984605760512,0.039142,formal_public_module_evidence,0.01831933622317039,0.2824359373378196,0.07010800877768822,0.13144221285298702,0.834644820736836,1,0,V2_03_difficult,6,OK,True,1740,1413394984205760512,5.685158447206412e-09,1413394984605760512,128,True,170
1.4849845194809028,0.180885,0.07499999999999996,0.875,307,72.97144601679112,6.0,,16,0.3141592234067317,4.2782064972489495,0.22937559625710796,10.54284234793473,True,17.948855757955933,322.1614230199079,6,1.0153177604172172,DUC-K16,V2_03_difficult:1413394984205760512:1413394984605760512,0.039142,formal_public_module_evidence,0.01831933622317039,0.2824359373378196,0.07010800877768822,0.13144221285298702,0.834644820736836,1,0,V2_03_difficult,6,OK,True,1740,1413394984205760512,5.685158447206412e-09,1413394984605760512,128,True,170
0.616170962743611,0.069893,0.008333333333333415,0.9583333333333334,307,596.5861735483663,6.0,,16,0.3141592234067317,4.2782064972489495,0.22937559625710796,8.76910895827754,True,17.948855757955933,322.1614230199079,6,1.0153177604172172,Permuted-K16,V2_03_difficult:1413394984205760512:1413394984605760512,0.039142,formal_public_module_evidence,0.01831933622317039,0.2824359373378196,0.07010800877768822,0.13144221285298702,0.834644820736836,1,0,V2_03_difficult,6,OK,True,1740,1413394984205760512,5.685158447206412e-09,1413394984605760512,128,True,170
0.06495806372726194,0.006006,0.07499999999999996,0.875,307,51.52883046517321,6.000000000000002,,48,0.3373312848745317,7.178358479845738,0.3093767543632986,6.7171252936170065,True,6.9489578665961815,48.28801543172896,6,0.12592207127423694,Raw,V2_03_difficult:1413394984205760512:1413394984605760512,0.039321,formal_public_module_evidence,0.012512249823285193,0.03455152644318648,0.05573659376760714,0.6372321733316144,1.5568438048079491,8,0,V2_03_difficult,9,OK,True,1740,1413394984205760512,2.591047170814421e-07,1413394984605760512,128,True,170
0.1294965848648333,0.001974,0.07499999999999996,0.875,307,54.96408582951809,6.000000000000002,,48,0.3373312848745317,7.178358479845738,0.3093767543632986,6.723094642172195,True,6.9489578665961815,48.28801543172896,6,0.12592207127423694,Global-DoF,V2_03_difficult:1413394984205760512:1413394984605760512,0.039321,formal_public_module_evidence,0.012512249823285193,0.03455152644318648,0.05573659376760714,0.6372321733316144,1.5568438048079491,8,0,V2_03_difficult,9,OK,True,1740,1413394984205760512,2.591047170814421e-07,1413394984605760512,128,True,170
0.4399373291823839,1.285146,0.008333333333333415,0.9583333333333334,307,74.9724513963695,6.000000000000002,,48,0.3373312848745317,7.178358479845738,0.3093767543632986,6.799074582391029,True,6.9489578665961815,48.28801543172896,6,0.12592207127423694,DPR-Exact-Block,V2_03_difficult:1413394984205760512:1413394984605760512,0.039321,formal_public_module_evidence,0.012512249823285193,0.03455152644318648,0.05573659376760714,0.6372321733316144,1.5568438048079491,8,0,V2_03_difficult,9,OK,True,1740,1413394984205760512,2.591047170814421e-07,1413394984605760512,128,True,170
0.30535158518275973,0.322034,0.033333333333333326,0.9166666666666666,307,65.53176502803159,6.000000000000002,,48,0.3373312848745317,7.178358479845738,0.3093767543632986,6.757276312043071,True,6.9489578665961815,48.28801543172896,6,0.12592207127423694,DUC-K16,V2_03_difficult:1413394984205760512:1413394984605760512,0.039321,formal_public_module_evidence,0.012512249823285193,0.03455152644318648,0.05573659376760714,0.6372321733316144,1.5568438048079491,8,0,V2_03_difficult,9,OK,True,1740,1413394984205760512,2.591047170814421e-07,1413394984605760512,128,True,170
0.1853764227635654,0.105481,0.07499999999999996,0.875,307,58.122905271936254,6.000000000000002,,48,0.3373312848745317,7.178358479845738,0.3093767543632986,6.731228387489875,True,6.9489578665961815,48.28801543172896,6,0.12592207127423694,Permuted-K16,V2_03_difficult:1413394984205760512:1413394984605760512,0.039321,formal_public_module_evidence,0.012512249823285193,0.03455152644318648,0.05573659376760714,0.6372321733316144,1.5568438048079491,8,0,V2_03_difficult,9,OK,True,1740,1413394984205760512,2.591047170814421e-07,1413394984605760512,128,True,170
6.038713908992437,0.006146,0.19999999999999996,0.75,978,14.24662110918298,6.000000000000001,,16,1.2616304699746035,3.7744696460804903,0.13649349445694126,423.847758169266,True,77.29403890252328,5974.368449864782,6,0.6146786562035758,Raw,V2_03_difficult:1413394985205760512:1413394985605760512,0.039888,formal_public_module_evidence,0.02112775212045942,0.2217756191913967,0.08240013617120218,0.2511511823952919,0.942309992194097,1,0,V2_03_difficult,5,OK,True,1750,1413394985205760512,2.1956999275545676e-09,1413394985605760512,92,True,273
5.831074544214193,0.002118,0.19999999999999996,0.75,978,17.53430290360982,6.000000000000001,,16,1.2616304699746035,3.7744696460804903,0.13649349445694126,345.4266422829062,True,77.29403890252328,5974.368449864782,6,0.6146786562035758,Global-DoF,V2_03_difficult:1413394985205760512:1413394985605760512,0.039888,formal_public_module_evidence,0.02112775212045942,0.2217756191913967,0.08240013617120218,0.2511511823952919,0.942309992194097,1,0,V2_03_difficult,5,OK,True,1750,1413394985205760512,2.1956999275545676e-09,1413394985605760512,92,True,273
5.514326913240726,0.450144,0.11666666666666659,0.8333333333333334,978,24.06856805595645,6.000000000000001,,16,1.2616304699746035,3.7744696460804903,0.13649349445694126,253.2416293216618,True,77.29403890252328,5974.368449864782,6,0.6146786562035758,DPR-Exact-Block,V2_03_difficult:1413394985205760512:1413394985605760512,0.039888,formal_public_module_evidence,0.02112775212045942,0.2217756191913967,0.08240013617120218,0.2511511823952919,0.942309992194097,1,0,V2_03_difficult,5,OK,True,1750,1413394985205760512,2.1956999275545676e-09,1413394985605760512,92,True,273
5.0351909508511055,0.178034,0.07499999999999996,0.875,978,38.86300312533607,6.000000000000001,,16,1.2616304699746035,3.7744696460804903,0.13649349445694126,159.22686427016356,True,77.29403890252328,5974.368449864782,6,0.6146786562035758,DUC-K16,V2_03_difficult:1413394985205760512:1413394985605760512,0.039888,formal_public_module_evidence,0.02112775212045942,0.2217756191913967,0.08240013617120218,0.2511511823952919,0.942309992194097,1,0,V2_03_difficult,5,OK,True,1750,1413394985205760512,2.1956999275545676e-09,1413394985605760512,92,True,273
5.165885192923233,0.069383,0.11666666666666659,0.8333333333333334,978,34.10174239196222,6.000000000000001,,16,1.2616304699746035,3.7744696460804903,0.13649349445694126,180.55969463434243,True,77.29403890252328,5974.368449864782,6,0.6146786562035758,Permuted-K16,V2_03_difficult:1413394985205760512:1413394985605760512,0.039888,formal_public_module_evidence,0.02112775212045942,0.2217756191913967,0.08240013617120218,0.2511511823952919,0.942309992194097,1,0,V2_03_difficult,5,OK,True,1750,1413394985205760512,2.1956999275545676e-09,1413394985605760512,92,True,273
3.9262867893974067,0.005961,0.11666666666666659,0.8333333333333334,978,33.71417319058127,5.999999999999999,,48,0.9360972372119094,5.8063907197657025,0.16979558073749818,56.07409524179682,True,41.35124599465418,1709.925545310403,6,0.1222055704535907,Raw,V2_03_difficult:1413394985205760512:1413394985605760512,0.038236,formal_public_module_evidence,0.010873896761929402,0.04240180799921957,0.05432772547991447,0.42219406622698025,1.325889831511393,4,0,V2_03_difficult,6,OK,True,1750,1413394985205760512,6.887629902078141e-08,1413394985605760512,92,True,273
3.861748268259835,0.002,0.11666666666666659,0.8333333333333334,978,35.96178473662003,5.999999999999999,,48,0.9360972372119094,5.8063907197657025,0.16979558073749818,52.96874002187249,True,41.35124599465418,1709.925545310403,6,0.1222055704535907,Global-DoF,V2_03_difficult:1413394985205760512:1413394985605760512,0.038236,formal_public_module_evidence,0.010873896761929402,0.04240180799921957,0.05432772547991447,0.42219406622698025,1.325889831511393,4,0,V2_03_difficult,6,OK,True,1750,1413394985205760512,6.887629902078141e-08,1413394985605760512,92,True,273
3.5987343532807303,1.285583,0.033333333333333326,0.9166666666666666,978,46.780701394539086,5.999999999999999,,48,0.9360972372119094,5.8063907197657025,0.16979558073749818,42.23529112953747,True,41.35124599465418,1709.925545310403,6,0.1222055704535907,DPR-Exact-Block,V2_03_difficult:1413394985205760512:1413394985605760512,0.038236,formal_public_module_evidence,0.010873896761929402,0.04240180799921957,0.05432772547991447,0.42219406622698025,1.325889831511393,4,0,V2_03_difficult,6,OK,True,1750,1413394985205760512,6.887629902078141e-08,1413394985605760512,92,True,273
3.7290772009545816,0.311653,0.11666666666666659,0.8333333333333334,978,41.06383909440035,5.999999999999999,,48,0.9360972372119094,5.8063907197657025,0.16979558073749818,47.193669436684225,True,41.35124599465418,1709.925545310403,6,0.1222055704535907,DUC-K16,V2_03_difficult:1413394985205760512:1413394985605760512,0.038236,formal_public_module_evidence,0.010873896761929402,0.04240180799921957,0.05432772547991447,0.42219406622698025,1.325889831511393,4,0,V2_03_difficult,6,OK,True,1750,1413394985205760512,6.887629902078141e-08,1413394985605760512,92,True,273
3.868088842863765,0.10401,0.11666666666666659,0.8333333333333334,978,35.73448771596456,5.999999999999999,,48,0.9360972372119094,5.8063907197657025,0.16979558073749818,53.264841478422646,True,41.35124599465418,1709.925545310403,6,0.1222055704535907,Permuted-K16,V2_03_difficult:1413394985205760512:1413394985605760512,0.038236,formal_public_module_evidence,0.010873896761929402,0.04240180799921957,0.05432772547991447,0.42219406622698025,1.325889831511393,4,0,V2_03_difficult,6,OK,True,1750,1413394985205760512,6.887629902078141e-08,1413394985605760512,92,True,273
,,,,274,,,INSUFFICIENT_TRACKS,16,,,,,,,,,,Raw,V2_03_difficult:1413394986205760512:1413394986605760512,,formal_public_module_evidence,,,,,,,,V2_03_difficult,,,,1760,1413394986205760512,,1413394986605760512,59,False,132
,,,,274,,,INSUFFICIENT_TRACKS,16,,,,,,,,,,Global-DoF,V2_03_difficult:1413394986205760512:1413394986605760512,,formal_public_module_evidence,,,,,,,,V2_03_difficult,,,,1760,1413394986205760512,,1413394986605760512,59,False,132
,,,,274,,,INSUFFICIENT_TRACKS,16,,,,,,,,,,DPR-Exact-Block,V2_03_difficult:1413394986205760512:1413394986605760512,,formal_public_module_evidence,,,,,,,,V2_03_difficult,,,,1760,1413394986205760512,,1413394986605760512,59,False,132
,,,,274,,,INSUFFICIENT_TRACKS,16,,,,,,,,,,DUC-K16,V2_03_difficult:1413394986205760512:1413394986605760512,,formal_public_module_evidence,,,,,,,,V2_03_difficult,,,,1760,1413394986205760512,,1413394986605760512,59,False,132
,,,,274,,,INSUFFICIENT_TRACKS,16,,,,,,,,,,Permuted-K16,V2_03_difficult:1413394986205760512:1413394986605760512,,formal_public_module_evidence,,,,,,,,V2_03_difficult,,,,1760,1413394986205760512,,1413394986605760512,59,False,132
,,,,274,,,INSUFFICIENT_TRACKS,48,,,,,,,,,,Raw,V2_03_difficult:1413394986205760512:1413394986605760512,,formal_public_module_evidence,,,,,,,,V2_03_difficult,,,,1760,1413394986205760512,,1413394986605760512,59,False,132
,,,,274,,,INSUFFICIENT_TRACKS,48,,,,,,,,,,Global-DoF,V2_03_difficult:1413394986205760512:1413394986605760512,,formal_public_module_evidence,,,,,,,,V2_03_difficult,,,,1760,1413394986205760512,,1413394986605760512,59,False,132
,,,,274,,,INSUFFICIENT_TRACKS,48,,,,,,,,,,DPR-Exact-Block,V2_03_difficult:1413394986205760512:1413394986605760512,,formal_public_module_evidence,,,,,,,,V2_03_difficult,,,,1760,1413394986205760512,,1413394986605760512,59,False,132
,,,,274,,,INSUFFICIENT_TRACKS,48,,,,,,,,,,DUC-K16,V2_03_difficult:1413394986205760512:1413394986605760512,,formal_public_module_evidence,,,,,,,,V2_03_difficult,,,,1760,1413394986205760512,,1413394986605760512,59,False,132
,,,,274,,,INSUFFICIENT_TRACKS,48,,,,,,,,,,Permuted-K16,V2_03_difficult:1413394986205760512:1413394986605760512,,formal_public_module_evidence,,,,,,,,V2_03_difficult,,,,1760,1413394986205760512,,1413394986605760512,59,False,132
,,,,620,,,INSUFFICIENT_TRACKS,16,,,,,,,,,,Raw,V2_03_difficult:1413394987205760512:1413394987605760512,,formal_public_module_evidence,,,,,,,,V2_03_difficult,,,,1770,1413394987205760512,,1413394987605760512,28,False,260
,,,,620,,,INSUFFICIENT_TRACKS,16,,,,,,,,,,Global-DoF,V2_03_difficult:1413394987205760512:1413394987605760512,,formal_public_module_evidence,,,,,,,,V2_03_difficult,,,,1770,1413394987205760512,,1413394987605760512,28,False,260
,,,,620,,,INSUFFICIENT_TRACKS,16,,,,,,,,,,DPR-Exact-Block,V2_03_difficult:1413394987205760512:1413394987605760512,,formal_public_module_evidence,,,,,,,,V2_03_difficult,,,,1770,1413394987205760512,,1413394987605760512,28,False,260
,,,,620,,,INSUFFICIENT_TRACKS,16,,,,,,,,,,DUC-K16,V2_03_difficult:1413394987205760512:1413394987605760512,,formal_public_module_evidence,,,,,,,,V2_03_difficult,,,,1770,1413394987205760512,,1413394987605760512,28,False,260
,,,,620,,,INSUFFICIENT_TRACKS,16,,,,,,,,,,Permuted-K16,V2_03_difficult:1413394987205760512:1413394987605760512,,formal_public_module_evidence,,,,,,,,V2_03_difficult,,,,1770,1413394987205760512,,1413394987605760512,28,False,260
,,,,620,,,INSUFFICIENT_TRACKS,48,,,,,,,,,,Raw,V2_03_difficult:1413394987205760512:1413394987605760512,,formal_public_module_evidence,,,,,,,,V2_03_difficult,,,,1770,1413394987205760512,,1413394987605760512,28,False,260
,,,,620,,,INSUFFICIENT_TRACKS,48,,,,,,,,,,Global-DoF,V2_03_difficult:1413394987205760512:1413394987605760512,,formal_public_module_evidence,,,,,,,,V2_03_difficult,,,,1770,1413394987205760512,,1413394987605760512,28,False,260
,,,,620,,,INSUFFICIENT_TRACKS,48,,,,,,,,,,DPR-Exact-Block,V2_03_difficult:1413394987205760512:1413394987605760512,,formal_public_module_evidence,,,,,,,,V2_03_difficult,,,,1770,1413394987205760512,,1413394987605760512,28,False,260
,,,,620,,,INSUFFICIENT_TRACKS,48,,,,,,,,,,DUC-K16,V2_03_difficult:1413394987205760512:1413394987605760512,,formal_public_module_evidence,,,,,,,,V2_03_difficult,,,,1770,1413394987205760512,,1413394987605760512,28,False,260
,,,,620,,,INSUFFICIENT_TRACKS,48,,,,,,,,,,Permuted-K16,V2_03_difficult:1413394987205760512:1413394987605760512,,formal_public_module_evidence,,,,,,,,V2_03_difficult,,,,1770,1413394987205760512,,1413394987605760512,28,False,260
,,,,1200,,,INSUFFICIENT_TRACKS,16,,,,,,,,,,Raw,V2_03_difficult:1413394988205760512:1413394988605760512,,formal_public_module_evidence,,,,,,,,V2_03_difficult,,,,1780,1413394988205760512,,1413394988605760512,21,False,178
,,,,1200,,,INSUFFICIENT_TRACKS,16,,,,,,,,,,Global-DoF,V2_03_difficult:1413394988205760512:1413394988605760512,,formal_public_module_evidence,,,,,,,,V2_03_difficult,,,,1780,1413394988205760512,,1413394988605760512,21,False,178
,,,,1200,,,INSUFFICIENT_TRACKS,16,,,,,,,,,,DPR-Exact-Block,V2_03_difficult:1413394988205760512:1413394988605760512,,formal_public_module_evidence,,,,,,,,V2_03_difficult,,,,1780,1413394988205760512,,1413394988605760512,21,False,178
,,,,1200,,,INSUFFICIENT_TRACKS,16,,,,,,,,,,DUC-K16,V2_03_difficult:1413394988205760512:1413394988605760512,,formal_public_module_evidence,,,,,,,,V2_03_difficult,,,,1780,1413394988205760512,,1413394988605760512,21,False,178
,,,,1200,,,INSUFFICIENT_TRACKS,16,,,,,,,,,,Permuted-K16,V2_03_difficult:1413394988205760512:1413394988605760512,,formal_public_module_evidence,,,,,,,,V2_03_difficult,,,,1780,1413394988205760512,,1413394988605760512,21,False,178
,,,,1200,,,INSUFFICIENT_TRACKS,48,,,,,,,,,,Raw,V2_03_difficult:1413394988205760512:1413394988605760512,,formal_public_module_evidence,,,,,,,,V2_03_difficult,,,,1780,1413394988205760512,,1413394988605760512,21,False,178
,,,,1200,,,INSUFFICIENT_TRACKS,48,,,,,,,,,,Global-DoF,V2_03_difficult:1413394988205760512:1413394988605760512,,formal_public_module_evidence,,,,,,,,V2_03_difficult,,,,1780,1413394988205760512,,1413394988605760512,21,False,178
,,,,1200,,,INSUFFICIENT_TRACKS,48,,,,,,,,,,DPR-Exact-Block,V2_03_difficult:1413394988205760512:1413394988605760512,,formal_public_module_evidence,,,,,,,,V2_03_difficult,,,,1780,1413394988205760512,,1413394988605760512,21,False,178
,,,,1200,,,INSUFFICIENT_TRACKS,48,,,,,,,,,,DUC-K16,V2_03_difficult:1413394988205760512:1413394988605760512,,formal_public_module_evidence,,,,,,,,V2_03_difficult,,,,1780,1413394988205760512,,1413394988605760512,21,False,178
,,,,1200,,,INSUFFICIENT_TRACKS,48,,,,,,,,,,Permuted-K16,V2_03_difficult:1413394988205760512:1413394988605760512,,formal_public_module_evidence,,,,,,,,V2_03_difficult,,,,1780,1413394988205760512,,1413394988605760512,21,False,178
,,,,353,,,INSUFFICIENT_TRACKS,16,,,,,,,,,,Raw,V2_03_difficult:1413394989205760512:1413394989605760512,,formal_public_module_evidence,,,,,,,,V2_03_difficult,,,,1790,1413394989205760512,,1413394989605760512,50,False,180
,,,,353,,,INSUFFICIENT_TRACKS,16,,,,,,,,,,Global-DoF,V2_03_difficult:1413394989205760512:1413394989605760512,,formal_public_module_evidence,,,,,,,,V2_03_difficult,,,,1790,1413394989205760512,,1413394989605760512,50,False,180
,,,,353,,,INSUFFICIENT_TRACKS,16,,,,,,,,,,DPR-Exact-Block,V2_03_difficult:1413394989205760512:1413394989605760512,,formal_public_module_evidence,,,,,,,,V2_03_difficult,,,,1790,1413394989205760512,,1413394989605760512,50,False,180
,,,,353,,,INSUFFICIENT_TRACKS,16,,,,,,,,,,DUC-K16,V2_03_difficult:1413394989205760512:1413394989605760512,,formal_public_module_evidence,,,,,,,,V2_03_difficult,,,,1790,1413394989205760512,,1413394989605760512,50,False,180
,,,,353,,,INSUFFICIENT_TRACKS,16,,,,,,,,,,Permuted-K16,V2_03_difficult:1413394989205760512:1413394989605760512,,formal_public_module_evidence,,,,,,,,V2_03_difficult,,,,1790,1413394989205760512,,1413394989605760512,50,False,180
,,,,353,,,INSUFFICIENT_TRACKS,48,,,,,,,,,,Raw,V2_03_difficult:1413394989205760512:1413394989605760512,,formal_public_module_evidence,,,,,,,,V2_03_difficult,,,,1790,1413394989205760512,,1413394989605760512,50,False,180
,,,,353,,,INSUFFICIENT_TRACKS,48,,,,,,,,,,Global-DoF,V2_03_difficult:1413394989205760512:1413394989605760512,,formal_public_module_evidence,,,,,,,,V2_03_difficult,,,,1790,1413394989205760512,,1413394989605760512,50,False,180
,,,,353,,,INSUFFICIENT_TRACKS,48,,,,,,,,,,DPR-Exact-Block,V2_03_difficult:1413394989205760512:1413394989605760512,,formal_public_module_evidence,,,,,,,,V2_03_difficult,,,,1790,1413394989205760512,,1413394989605760512,50,False,180
,,,,353,,,INSUFFICIENT_TRACKS,48,,,,,,,,,,DUC-K16,V2_03_difficult:1413394989205760512:1413394989605760512,,formal_public_module_evidence,,,,,,,,V2_03_difficult,,,,1790,1413394989205760512,,1413394989605760512,50,False,180
,,,,353,,,INSUFFICIENT_TRACKS,48,,,,,,,,,,Permuted-K16,V2_03_difficult:1413394989205760512:1413394989605760512,,formal_public_module_evidence,,,,,,,,V2_03_difficult,,,,1790,1413394989205760512,,1413394989605760512,50,False,180
,,,,1200,,,INSUFFICIENT_TRACKS,16,,,,,,,,,,Raw,V2_03_difficult:1413394990155760384:1413394990405760512,,formal_public_module_evidence,,,,,,,,V2_03_difficult,,,,1800,1413394990155760384,,1413394990405760512,10,False,250
,,,,1200,,,INSUFFICIENT_TRACKS,16,,,,,,,,,,Global-DoF,V2_03_difficult:1413394990155760384:1413394990405760512,,formal_public_module_evidence,,,,,,,,V2_03_difficult,,,,1800,1413394990155760384,,1413394990405760512,10,False,250
,,,,1200,,,INSUFFICIENT_TRACKS,16,,,,,,,,,,DPR-Exact-Block,V2_03_difficult:1413394990155760384:1413394990405760512,,formal_public_module_evidence,,,,,,,,V2_03_difficult,,,,1800,1413394990155760384,,1413394990405760512,10,False,250
,,,,1200,,,INSUFFICIENT_TRACKS,16,,,,,,,,,,DUC-K16,V2_03_difficult:1413394990155760384:1413394990405760512,,formal_public_module_evidence,,,,,,,,V2_03_difficult,,,,1800,1413394990155760384,,1413394990405760512,10,False,250
,,,,1200,,,INSUFFICIENT_TRACKS,16,,,,,,,,,,Permuted-K16,V2_03_difficult:1413394990155760384:1413394990405760512,,formal_public_module_evidence,,,,,,,,V2_03_difficult,,,,1800,1413394990155760384,,1413394990405760512,10,False,250
,,,,1200,,,INSUFFICIENT_TRACKS,48,,,,,,,,,,Raw,V2_03_difficult:1413394990155760384:1413394990405760512,,formal_public_module_evidence,,,,,,,,V2_03_difficult,,,,1800,1413394990155760384,,1413394990405760512,10,False,250
,,,,1200,,,INSUFFICIENT_TRACKS,48,,,,,,,,,,Global-DoF,V2_03_difficult:1413394990155760384:1413394990405760512,,formal_public_module_evidence,,,,,,,,V2_03_difficult,,,,1800,1413394990155760384,,1413394990405760512,10,False,250
,,,,1200,,,INSUFFICIENT_TRACKS,48,,,,,,,,,,DPR-Exact-Block,V2_03_difficult:1413394990155760384:1413394990405760512,,formal_public_module_evidence,,,,,,,,V2_03_difficult,,,,1800,1413394990155760384,,1413394990405760512,10,False,250
,,,,1200,,,INSUFFICIENT_TRACKS,48,,,,,,,,,,DUC-K16,V2_03_difficult:1413394990155760384:1413394990405760512,,formal_public_module_evidence,,,,,,,,V2_03_difficult,,,,1800,1413394990155760384,,1413394990405760512,10,False,250
,,,,1200,,,INSUFFICIENT_TRACKS,48,,,,,,,,,,Permuted-K16,V2_03_difficult:1413394990155760384:1413394990405760512,,formal_public_module_evidence,,,,,,,,V2_03_difficult,,,,1800,1413394990155760384,,1413394990405760512,10,False,250
5.735741902477196,0.005949,0.3666666666666666,0.5833333333333334,233,0.9707529640477119,6.0,,16,1.6490383500668035,0.9852679656051505,0.40884697087138944,311.5508782103538,True,17.340231514438553,300.683628974328,6,7.506647689470292e-05,Raw,V2_03_difficult:1413394990705760512:1413394990905760512,0.03929,formal_public_module_evidence,0.01879044219977155,0.060308155629682864,0.08187897505273872,0.21978047927949085,0.6536817478537752,0,0,V2_03_difficult,4,OK,True,1810,1413394990705760512,2.495661867739305e-09,1413394990905760512,95,True,136
5.528102537698952,0.002123,0.32499999999999996,0.625,233,1.1947728788279532,6.0,,16,1.6490383500668035,0.9852679656051505,0.40884697087138944,253.68176424995184,True,17.340231514438553,300.683628974328,6,7.506647689470292e-05,Global-DoF,V2_03_difficult:1413394990705760512:1413394990905760512,0.03929,formal_public_module_evidence,0.01879044219977155,0.060308155629682864,0.08187897505273872,0.21978047927949085,0.6536817478537752,0,0,V2_03_difficult,4,OK,True,1810,1413394990705760512,2.495661867739305e-09,1413394990905760512,95,True,136
5.567167052652667,0.482739,0.3666666666666666,0.5833333333333334,233,1.148999533438689,6.0,,16,1.6490383500668035,0.9852679656051505,0.40884697087138944,263.66845801478354,True,17.340231514438553,300.683628974328,6,7.506647689470292e-05,DPR-Exact-Block,V2_03_difficult:1413394990705760512:1413394990905760512,0.03929,formal_public_module_evidence,0.01879044219977155,0.060308155629682864,0.08187897505273872,0.21978047927949085,0.6536817478537752,0,0,V2_03_difficult,4,OK,True,1810,1413394990705760512,2.495661867739305e-09,1413394990905760512,95,True,136
5.567091988993119,0.188547,0.3666666666666666,0.5833333333333334,233,1.149085784785618,6.0,,16,1.6490383500668035,0.9852679656051505,0.40884697087138944,263.64889027980627,True,17.340231514438553,300.683628974328,6,7.506647689470292e-05,DUC-K16,V2_03_difficult:1413394990705760512:1413394990905760512,0.03929,formal_public_module_evidence,0.01879044219977155,0.060308155629682864,0.08187897505273872,0.21978047927949085,0.6536817478537752,0,0,V2_03_difficult,4,OK,True,1810,1413394990705760512,2.495661867739305e-09,1413394990905760512,95,True,136
5.427139359819314,0.070185,0.32499999999999996,0.625,233,1.321700659343006,6.0,,16,1.6490383500668035,0.9852679656051505,0.40884697087138944,229.61432149045262,True,17.340231514438553,300.683628974328,6,7.506647689470292e-05,Permuted-K16,V2_03_difficult:1413394990705760512:1413394990905760512,0.03929,formal_public_module_evidence,0.01879044219977155,0.060308155629682864,0.08187897505273872,0.21978047927949085,0.6536817478537752,0,0,V2_03_difficult,4,OK,True,1810,1413394990705760512,2.495661867739305e-09,1413394990905760512,95,True,136
0.29311741309806344,0.005884,0.07499999999999996,0.875,233,13.894000382379623,6.000000000000001,,48,0.481944402069992,3.727465678229596,0.43245332128573244,5.809934371413644,True,4.31581967718293,18.62629948595937,6,0.003806578400479932,Raw,V2_03_difficult:1413394990705760512:1413394990905760512,0.038791,formal_public_module_evidence,0.010856591002182947,0.04156508481528654,0.056656751953784355,0.5468849254183705,1.3665024070172092,7,0,V2_03_difficult,5,OK,True,1810,1413394990705760512,1.0587956256612574e-07,1413394990905760512,95,True,136
0.2285788919604921,0.002063,0.07499999999999996,0.875,233,14.820267074538267,6.000000000000001,,48,0.481944402069992,3.727465678229596,0.43245332128573244,5.790685380975442,True,4.31581967718293,18.62629948595937,6,0.003806578400479932,Global-DoF,V2_03_difficult:1413394990705760512:1413394990905760512,0.038791,formal_public_module_evidence,0.010856591002182947,0.04156508481528654,0.056656751953784355,0.5468849254183705,1.3665024070172092,7,0,V2_03_difficult,5,OK,True,1810,1413394990705760512,1.0587956256612574e-07,1413394990905760512,95,True,136
0.17078410355079954,1.282615,0.07499999999999996,0.875,233,15.702036688756564,6.000000000000001,,48,0.481944402069992,3.727465678229596,0.43245332128573244,5.777902113280426,True,4.31581967718293,18.62629948595937,6,0.003806578400479932,DPR-Exact-Block,V2_03_difficult:1413394990705760512:1413394990905760512,0.038791,formal_public_module_evidence,0.010856591002182947,0.04156508481528654,0.056656751953784355,0.5468849254183705,1.3665024070172092,7,0,V2_03_difficult,5,OK,True,1810,1413394990705760512,1.0587956256612574e-07,1413394990905760512,95,True,136
0.1745979454093128,0.313759,0.07499999999999996,0.875,233,15.6422656550536,6.000000000000001,,48,0.481944402069992,3.727465678229596,0.43245332128573244,5.778621020760639,True,4.31581967718293,18.62629948595937,6,0.003806578400479932,DUC-K16,V2_03_difficult:1413394990705760512:1413394990905760512,0.038791,formal_public_module_evidence,0.010856591002182947,0.04156508481528654,0.056656751953784355,0.5468849254183705,1.3665024070172092,7,0,V2_03_difficult,5,OK,True,1810,1413394990705760512,1.0587956256612574e-07,1413394990905760512,95,True,136
0.18690560043565724,0.104905,0.07499999999999996,0.875,233,15.450925932502807,6.000000000000001,,48,0.481944402069992,3.727465678229596,0.43245332128573244,5.781059478594773,True,4.31581967718293,18.62629948595937,6,0.003806578400479932,Permuted-K16,V2_03_difficult:1413394990705760512:1413394990905760512,0.038791,formal_public_module_evidence,0.010856591002182947,0.04156508481528654,0.056656751953784355,0.5468849254183705,1.3665024070172092,7,0,V2_03_difficult,5,OK,True,1810,1413394990705760512,1.0587956256612574e-07,1413394990905760512,95,True,136
